Abortus2308,C_crescentus,G1.evalue,G1.bitscore,G1.pident,G2.evalue,G2.bitscore,G2.pident
BAB_RS10420,CC_0008,1.81e-92,288,38.716,3.86e-84,266,37.832
BAB_RS10425,CC_0156,1.58e-144,411,53.763,6.88e-144,409,53.763
BAB_RS10435,CC_0159,7.77e-81,249,44.18,2.29e-73,230,44.18
BAB_RS15955,CC_3726,3.73e-77,231,53.696,1.01e-89,263,53.696
BAB_RS16005,CC_2169,7.96e-54,172,38.281,6.27e-54,172,38.281
BAB_RS16010,CC_0467,2.64e-63,198,41.516,5.65e-63,197,41.516
BAB_RS16015,CC_2168,0,602,54.476,0,600,54.476
BAB_RS16020,CC_2170,0,749,68.785,0,749,68.785
BAB_RS16025,CC_2172,5.18e-119,341,71.008,3.94e-117,337,71.008
BAB_RS16030,CC_2957,9.07e-14,67,28.054,1.7e-13,66.6,28.959
BAB_RS16035,CC_t49,1.27e-08,40.8,80,1.01e-08,40.8,80
BAB_RS16045,CC_3589,2.63e-154,442,56.782,6.83e-152,436,56.552
BAB_RS16050,CC_3588,8.12e-72,214,54.762,6.27e-72,214,54.762
BAB_RS16055,CC_3587,0,757,68.794,0,769,68.794
BAB_RS16060,CC_0425,1.39e-11,62,29.845,2.21e-12,64.7,30.62
BAB_RS16075,CC_0269,8.53e-61,184,61.074,5.13e-61,184,61.074
BAB_RS16080,CC_0268,7.53e-19,72,44.898,5.7e-19,72,44.898
BAB_RS16085,CC_0267,1.72e-162,475,47.276,7.1e-171,496,48.33
BAB_RS16090,CC_3657,5.05e-37,120,44.604,4.21e-37,120,44.604
BAB_RS16095,CC_0266,1.61e-61,195,41.558,2.99e-58,186,40.909
BAB_RS16100,CC_2933,1.96e-102,298,57.609,6.26e-113,324,57.609
BAB_RS16105,CC_2934,1.19e-68,209,48.954,9.21e-69,209,48.954
BAB_RS16110,CC_2935,1.01e-32,114,38.506,1.06e-33,117,39.227
BAB_RS16120,CC_1773,8.9e-112,326,52.189,1.19e-112,328,54.325
BAB_RS16130,CC_1771,1.63e-76,226,56.373,1.29e-76,226,56.373
BAB_RS16135,CC_1770,4.94e-39,124,51.938,4.18e-39,124,51.938
BAB_RS16145,CC_1603,3.69e-65,223,30.669,3.31e-57,201,29.881
BAB_RS16150,CC_1604,6.72e-37,149,30.361,2.54e-34,140,30.361
BAB_RS16170,CC_3502,1.16e-19,81.3,43.564,1.82e-20,82.4,43.564
BAB_RS16185,CC_2095,6.71e-99,295,44.355,3.13e-102,303,44.892
BAB_RS16190,CC_0085,8.65e-24,101,28.315,2.02e-22,97.4,28.09
BAB_RS16210,CC_3567,5.73e-84,246,53.219,4.49e-84,246,53.219
BAB_RS16235,CC_3487,5.52e-34,118,38.579,3.51e-37,126,37.788
BAB_RS16240,CC_3211,0,1139,54.753,0,1139,54.753
BAB_RS16245,CC_3212,8.33e-84,263,40.71,4.78e-93,286,40.795
BAB_RS16250,CC_3213,1.72e-08,50.8,31.481,4.63e-11,58.2,31.481
BAB_RS16265,CC_0129,0,647,78.218,0,647,78.218
BAB_RS16270,CC_0029,4.42e-30,107,30.952,3.36e-30,107,30.952
BAB_RS16280,CC_0134,8.98e-169,476,60.263,7.01e-169,476,60.263
BAB_RS16295,CC_0123,5.15e-22,82,35.833,1.38e-24,88.2,35.833
BAB_RS16300,CC_0245,4.68e-30,99.8,48.454,3.6e-30,99.8,48.454
BAB_RS16310,CC_2368,2.9e-14,62,33.654,3.55e-14,62,33.654
BAB_RS16315,CC_3661,2.21e-31,109,38.418,1.63e-28,102,38.418
BAB_RS16320,CC_1760,6.17e-47,152,45.509,5.98e-48,154,44.134
BAB_RS16325,CC_1759,1.8e-65,200,55.607,5.72e-76,226,55.607
BAB_RS16330,CC_1758,7.77e-103,334,36.471,1.71e-137,426,36.471
BAB_RS16335,CC_3663,6.49e-70,213,49.027,5.9e-70,213,49.027
BAB_RS16350,CC_3664,5.38e-38,122,56.25,7.6e-38,121,56.25
BAB_RS16355,CC_3666,3.66e-35,122,33.333,4.51e-32,114,32.78
BAB_RS16360,CC_3667,0,1237,66.89,0,1212,66.89
BAB_RS16365,CC_3668,2.17e-32,113,39.247,4.76e-38,127,39.247
BAB_RS16370,CC_3669,6.85e-18,76.3,40.271,9.55e-29,104,39.908
BAB_RS16375,CC_3672,1.83e-78,234,52.137,1.37e-78,234,52.137
BAB_RS16385,CC_3674,2.81e-41,135,43.182,1.87e-41,135,43.182
BAB_RS16390,CC_3044,0,970,76.797,0,931,76.797
BAB_RS16425,CC_0286,8.89e-136,387,61.29,4.84e-138,392,59.271
BAB_RS16430,CC_1596,3.51e-108,313,59.712,1.79e-114,329,59.712
BAB_RS16435,CC_1597,2.39e-123,351,67.491,4.54e-115,330,72.727
BAB_RS16440,CC_1598,1.05e-111,327,59.929,5.09e-117,340,59.929
BAB_RS16460,CC_1846,1.31e-14,68.2,28.729,9.65e-15,68.2,28.729
BAB_RS16475,CC_0252,2.97e-162,481,43.689,6.58e-163,483,42.813
BAB_RS16490,CC_3603,2.44e-73,218,54,1.94e-73,218,54
BAB_RS16500,CC_3464,0,1087,58.89,0,1108,58.896
BAB_RS16505,CC_1478,0,550,50.317,0,549,50.927
BAB_RS16510,CC_0160,0,1032,65.361,0,1034,65.361
BAB_RS16515,CC_2515,3.91e-99,288,53.957,3.09e-99,288,53.957
BAB_RS16530,CC_2516,0,561,75.676,0,583,75.676
BAB_RS16540,CC_1185,0,583,60.209,0,613,59.826
BAB_RS16550,CC_0248,5.49e-95,290,44.337,1.77e-95,291,43.059
BAB_RS16565,CC_0247,3.62e-68,203,71.519,1.13e-85,247,69.942
BAB_RS16570,CC_3467,5.5e-39,127,46.565,4.05e-39,127,46.565
BAB_RS16580,CC_0062,1.14e-71,213,56.25,3.22e-70,209,56.25
BAB_RS16590,CC_0064,9.74e-137,390,53.314,7.49e-137,390,53.314
BAB_RS16595,CC_0065,2.14e-94,295,38.795,8.18e-97,301,38.795
BAB_RS16600,CC_0013,0,725,44.903,0,741,44.3
BAB_RS16610,CC_0012,0,818,51.171,0,841,51.171
BAB_RS16620,CC_0700,2.54e-08,47.8,32.824,1.01e-15,67.4,35.878
BAB_RS16625,CC_1187,1.55e-86,257,48.263,1.09e-86,257,48.263
BAB_RS16630,CC_1188,3.33e-98,291,52.189,2.27e-98,291,52.189
BAB_RS16640,CC_3586,5.54e-40,124,63.736,4.49e-40,124,63.736
BAB_RS16650,CC_1168,2.67e-11,58.2,25,6.41e-13,62.4,24.615
BAB_RS16655,CC_3601,1.58e-15,68.9,31.902,1.69e-15,68.6,31.429
BAB_RS16660,CC_3600,2.55e-108,311,59.184,1.84e-108,311,59.184
BAB_RS16665,CC_3599,3.96e-171,489,51.282,3.12e-171,489,51.282
BAB_RS16670,CC_3597,1.45e-51,162,45.641,2.11e-45,146,45.641
BAB_RS16675,CC_3596,9e-42,134,42.949,8.34e-42,134,42.949
BAB_RS16685,CC_3592,6.38e-43,136,52.817,5.93e-43,136,52.817
BAB_RS16695,CC_3731,2.1e-77,231,53.219,1.62e-77,231,53.219
BAB_RS16705,CC_3733,2.16e-113,330,51.829,1.42e-117,341,51.829
BAB_RS16710,CC_3680,1.59e-58,181,49.528,2.21e-56,176,48.341
BAB_RS16715,CC_0154,2.19e-43,142,46.296,5.64e-43,140,45.963
BAB_RS16720,CC_0153,7.57e-123,355,52.312,6.05e-123,355,52.312
BAB_RS16725,CC_0152,1.79e-110,314,64.557,1.42e-110,314,64.557
BAB_RS16740,CC_0146,4.4e-58,179,50.254,3.08e-58,179,50.254
BAB_RS16745,CC_0145,1.46e-94,286,45.646,5.63e-98,294,45.646
BAB_RS16750,CC_0144,1.56e-72,222,49.104,1.55e-71,219,49.104
BAB_RS16755,CC_0143,3.34e-16,66.6,42.718,4.15e-19,73.9,42.718
BAB_RS16760,CC_1118,1.03e-59,195,48.75,1.5e-62,202,48.75
BAB_RS16770,CC_1119,0,689,59.747,0,689,59.747
BAB_RS16775,CC_1121,2.44e-74,223,51.131,1.88e-74,223,51.131
BAB_RS16780,CC_1120,4.25e-22,84.7,39.496,3.26e-22,84.7,39.496
BAB_RS16790,CC_0659,1.76e-46,148,48.603,9.61e-56,171,48.603
BAB_RS16805,CC_2137,0,1203,67.342,0,1204,67.076
BAB_RS16815,CC_3132,8.58e-118,350,42.667,6.98e-118,350,42.667
BAB_RS16820,CC_1483,9.47e-163,452,71.717,1.78e-153,429,71.717
BAB_RS16825,CC_1482,0,749,61.269,0,758,61.269
BAB_RS16830,CC_3469,9.81e-50,162,41.296,3.08e-45,150,41.296
BAB_RS16860,CC_3579,1.28e-112,326,56.688,9.95e-113,326,56.688
BAB_RS16865,CC_3580,7.34e-119,356,74.894,2.92e-127,377,74.894
BAB_RS16880,CC_2053,3.72e-97,288,44.277,2.95e-97,288,44.277
BAB_RS16905,CC_0822,1.29e-169,483,53.602,8.43e-175,496,53.602
BAB_RS16910,CC_2635,7.68e-29,107,32.34,5.96e-29,107,32.34
BAB_RS16920,CC_2633,3.59e-14,68.9,25.076,2.96e-14,68.9,25.076
BAB_RS16930,CC_1880,1.19e-55,177,43.32,3.54e-55,175,43.32
BAB_RS16935,CC_1881,1.2e-08,43.5,37.879,9.67e-09,43.5,37.879
BAB_RS16945,CC_3223,4.68e-61,192,48.361,9.85e-62,193,49.237
BAB_RS16950,CC_3094,5.78e-155,464,43.339,4.88e-155,464,43.339
BAB_RS16990,CC_2082,3.52e-11,60.8,24.43,1.42e-11,61.6,24.43
BAB_RS17055,CC_0532,2.22e-26,105,26.446,4.82e-23,96.3,26.446
BAB_RS17255,CC_t36,4.25e-09,42,80,3.37e-09,42,80
BAB_RS17260,CC_2340,3.36e-13,55.1,53.191,2.15e-13,55.1,53.191
BAB_RS17265,CC_2342,2e-72,215,58.639,1.47e-72,215,58.639
BAB_RS17270,CC_2343,2.71e-46,139,91.667,2.15e-46,139,91.667
BAB_RS17275,CC_2344,1.41e-37,123,46.099,1.09e-37,123,46.099
BAB_RS17280,CC_2345,2.14e-60,181,54.321,1.69e-60,181,54.321
BAB_RS17285,CC_2346,1.32e-164,467,58.67,1.8e-170,481,58.67
BAB_RS17290,CC_2349,1.27e-28,100,36.62,1.13e-28,100,36.62
BAB_RS17295,CC_2350,1.57e-170,482,58.741,9.59e-166,469,58.741
BAB_RS17380,CC_t04,3.89e-09,42,80,3.09e-09,42,80
BAB_RS17385,CC_0530,6.27e-86,271,34.304,3.68e-80,256,34.681
BAB_RS17390,CC_1203,1.32e-36,133,29.333,7.59e-37,133,29.333
BAB_RS17395,CC_1204,0,570,38.036,0,634,38.327
BAB_RS17410,CC_2603,9.85e-53,179,31.915,3.13e-54,182,31.915
BAB_RS17415,CC_2794,5.04e-58,181,49.744,5.75e-61,189,47.196
BAB_RS17440,CC_0222,1.82e-166,480,51.751,2.28e-176,505,51.751
BAB_RS17460,CC_0966,1.07e-66,223,29.57,7.74e-67,223,29.57
BAB_RS17465,CC_0732,5.54e-08,48.1,39.706,4.52e-08,48.1,39.706
BAB_RS17470,CC_0808,1.45e-50,171,35.777,6.4e-52,175,36.443
BAB_RS17475,CC_0807,0,912,47.647,0,934,47.222
BAB_RS17490,CC_1189,8.96e-89,280,40.133,3.22e-91,286,40.265
BAB_RS17495,CC_3416,6.77e-78,235,53.241,2.14e-74,226,53.431
BAB_RS17500,CC_0289,9.27e-78,246,42.975,5.1e-79,249,43.802
BAB_RS17505,CC_2245,9.56e-41,133,45,8.96e-42,135,45.81
BAB_RS17510,CC_2243,1.16e-156,444,55.759,1.24e-159,452,55.102
BAB_RS17515,CC_2242,1.55e-117,338,56.721,1.23e-117,338,56.721
BAB_RS17520,CC_2241,1.11e-79,242,42.628,7.82e-80,242,42.628
BAB_RS17525,CC_2239,2.71e-37,121,48.837,3.03e-37,121,48.837
BAB_RS17530,CC_2238,6.68e-167,470,57.761,3.28e-164,463,57.761
BAB_RS17540,CC_2237,1.52e-122,355,52.646,1.21e-122,355,52.646
BAB_RS17565,CC_0528,2.74e-114,333,53.709,9.61e-120,347,53.709
BAB_RS17570,CC_0527,3.22e-31,104,48.214,2.49e-31,104,48.214
BAB_RS17580,CC_1227,5.38e-133,378,55.806,6.5e-128,365,55.449
BAB_RS17595,CC_3585,1.04e-32,109,47.482,6.06e-43,135,51.079
BAB_RS17600,CC_1355,2.03e-174,491,60.506,7.54e-166,469,60.506
BAB_RS17645,CC_2166,9.49e-63,197,42.105,5.37e-65,202,42.105
BAB_RS17650,CC_1651,3.47e-105,303,57.6,2.52e-105,303,57.6
BAB_RS17655,CC_3208,3.8e-99,287,54.297,3.1e-99,287,54.297
BAB_RS17685,CC_2020,1.4e-15,75.1,28.058,8e-23,97.1,28.297
BAB_RS17695,CC_1149,2.41e-15,74.3,25.786,1.35e-16,77.8,25.786
BAB_RS17700,CC_1150,1.04e-29,106,33,7.79e-30,106,33
BAB_RS17710,CC_1448,3.11e-27,110,28.084,8.88e-30,117,28.232
BAB_RS17725,CC_2605,2.15e-138,397,61.074,1.84e-134,386,61.074
BAB_RS17735,CC_2619,1.04e-141,413,51.483,6.19e-154,444,51.483
BAB_RS17740,CC_2618,0,759,57.082,0,754,57.082
BAB_RS17745,CC_2617,5.96e-32,118,30.556,3.64e-32,118,30.887
BAB_RS17755,CC_2607,1.05e-107,320,40.931,7.92e-108,320,40.931
BAB_RS17760,CC_2616,9.97e-143,411,47.981,7.8e-143,411,47.981
BAB_RS17775,CC_1407,1.28e-171,508,43.803,0,535,43.803
BAB_RS17780,CC_1406,4.13e-11,55.5,27.778,3.3e-11,55.5,27.778
BAB_RS17785,CC_1405,1.81e-153,444,48.837,8.81e-161,462,48.414
BAB_RS17790,CC_1404,7.1e-86,256,44.637,6.01e-89,263,44.637
BAB_RS17800,CC_1402,8.17e-112,318,66.387,2.37e-116,329,66.387
BAB_RS17805,CC_1401,0,700,65.497,0,701,65.497
BAB_RS17835,CC_0709,2.22e-47,158,52.5,1.18e-47,158,52.5
BAB_RS17840,CC_1642,1.67e-46,143,58.772,1.49e-46,143,58.772
BAB_RS17865,CC_1652,9.63e-19,79,30.841,8.83e-19,79,32.243
BAB_RS17870,CC_1654,0,544,58.628,0,545,58.628
BAB_RS17875,CC_1476,4.95e-142,410,47.907,3.07e-145,418,47.907
BAB_RS17880,CC_2967,6e-46,161,57.364,5.12e-46,161,57.364
BAB_RS17890,CC_0368,4.07e-77,231,52.61,3.28e-77,231,52.61
BAB_RS17895,CC_0367,2.58e-24,84,60.811,1.08e-18,69.3,60.656
BAB_RS17900,CC_0366,3.63e-16,70.1,40,5.18e-30,105,40
BAB_RS17905,CC_0365,1.73e-15,67,48.077,1.83e-32,110,44.231
BAB_RS17910,CC_0379,1.72e-48,155,50,2.55e-45,146,50
BAB_RS17915,CC_1330,1.66e-139,399,56.322,2.59e-145,413,56.322
BAB_RS17935,CC_1336,1.04e-49,164,41.259,8.17e-50,164,41.259
BAB_RS17945,CC_0450,6.82e-157,458,63.2,9.75e-152,444,62.148
BAB_RS17950,CC_2114,4.03e-24,94.4,32.911,4.5e-19,80.5,32.911
BAB_RS17960,CC_2113,3.88e-107,313,52,1.52e-110,322,52
BAB_RS17965,CC_1335,4.9e-56,196,29.545,3.53e-62,213,29.815
BAB_RS17970,CC_1341,3.64e-140,395,65.292,2.81e-140,395,65.292
BAB_RS17980,CC_1342,0,600,46.144,0,600,46.144
BAB_RS17985,CC_3390,4.25e-79,241,50.825,1.63e-84,254,50.645
BAB_RS17990,CC_3389,3.5e-143,415,47.391,2.59e-140,407,47.391
BAB_RS18010,CC_0397,1.12e-62,194,42.57,1.02e-64,199,42.57
BAB_RS18015,CC_3393,7.74e-177,511,51.684,2.46e-176,509,51.684
BAB_RS18025,CC_0297,9.93e-155,441,55.425,1.87e-151,433,55.425
BAB_RS18030,CC_3421,2.83e-74,229,42.216,1.77e-70,219,43.322
BAB_RS18035,CC_0918,6.39e-91,263,64.921,5.55e-91,263,64.921
BAB_RS18045,CC_2772,5.52e-68,212,43.034,4.4e-68,212,43.302
BAB_RS18055,CC_1351,3.26e-25,94.4,33.163,2.63e-25,94.4,33.163
BAB_RS18075,CC_0304,7.49e-23,89.7,28.194,6.24e-23,89.7,28.194
BAB_RS18085,CC_3154,3.72e-177,494,68.044,0,516,68.044
BAB_RS18090,CC_0887,2.35e-62,202,37.466,6.37e-73,229,37.466
BAB_RS18095,CC_2072,6.42e-68,211,45.695,8.93e-82,246,45.695
BAB_RS18100,CC_2070,3.61e-23,81.6,54.321,2.86e-23,81.6,54.321
BAB_RS18110,CC_1682,6.95e-31,101,56.471,6.47e-31,101,56.471
BAB_RS18120,CC_3178,5.81e-76,231,45.704,4.22e-76,231,45.704
BAB_RS18125,CC_2068,0,876,70.016,0,879,70.016
BAB_RS18130,CC_1324,2.29e-72,218,52.033,3.19e-67,205,52.033
BAB_RS18135,CC_1326,8.16e-115,339,46.247,3.21e-116,342,46.247
BAB_RS18140,CC_1313,2.31e-48,160,48.066,1.02e-56,182,47.802
BAB_RS18155,CC_1314,3.67e-144,430,42.687,3.1e-153,453,42.687
BAB_RS18170,CC_1656,1.95e-82,244,55.76,1.58e-82,244,55.76
BAB_RS18175,CC_1658,0,657,65.226,0,632,65.226
BAB_RS18180,CC_1659,7.69e-10,53.1,30.769,2.25e-11,57,30.769
BAB_RS18185,CC_1660,5.87e-178,503,60.538,1.48e-180,509,60.538
BAB_RS18190,CC_1665,1.23e-175,501,53.459,9.92e-176,501,53.459
BAB_RS18195,CC_1427,6.53e-61,200,35.608,4.97e-61,200,35.608
BAB_RS18200,CC_1667,1.24e-59,182,55,5.3e-60,182,55
BAB_RS18210,CC_1668,4.28e-43,132,92.857,1.63e-45,138,91.892
BAB_RS18215,CC_1669,1.78e-48,149,63.866,2.32e-45,141,69.474
BAB_RS18220,CC_1674,5.65e-109,317,57.742,2.23e-108,315,59.459
BAB_RS18225,CC_1675,8.82e-110,313,69.919,9e-119,335,69.919
BAB_RS18230,CC_1677,5.33e-37,116,76.923,4.23e-37,116,76.923
BAB_RS18235,CC_1678,0,555,62.207,0,511,62.207
BAB_RS18240,CC_1679,3.28e-93,282,44.034,1.42e-92,280,48.443
BAB_RS18245,CC_1680,2.11e-64,201,44.518,5.52e-70,215,44.518
BAB_RS18250,CC_1681,5.36e-63,192,44.175,4.12e-63,192,44.175
BAB_RS18255,CC_3411,0,564,59.829,0,583,59.829
BAB_RS18265,CC_3407,6.89e-75,229,50.566,4.72e-72,221,50.566
BAB_RS18270,CC_3406,0,737,70.95,0,719,70.31
BAB_RS18275,CC_3405,2.08e-103,303,53.416,2.04e-106,310,53.416
BAB_RS18280,CC_3403,1.64e-31,110,35.393,1.31e-31,110,35.393
BAB_RS18290,CC_3402,3.23e-95,280,55.986,2.02e-94,277,55.986
BAB_RS18295,CC_3115,2.03e-21,80.5,54.667,1.71e-21,80.5,54.667
BAB_RS18305,CC_3361,9.38e-130,371,60.191,6.87e-130,371,60.191
BAB_RS18310,CC_3364,9.37e-118,339,54.341,7.23e-118,339,54.341
BAB_RS18315,CC_3365,2.5e-61,183,63.768,1.92e-61,183,63.768
BAB_RS18320,CC_3394,8.59e-61,182,57.143,6.72e-58,175,58.333
BAB_RS18325,CC_0217,2.09e-11,60.5,35.238,5.57e-11,60.1,35.238
BAB_RS18330,CC_3395,5.89e-51,160,45.128,4.56e-51,160,45.128
BAB_RS18340,CC_3397,1.4e-61,187,51.596,4.12e-68,203,51.596
BAB_RS18345,CC_3398,8.25e-86,265,37.352,6.41e-90,276,37.352
BAB_RS18350,CC_3399,3.07e-166,474,52.941,2.45e-166,474,52.941
BAB_RS18375,CC_2555,1.45e-139,415,46.286,6.87e-155,454,46.374
BAB_RS18380,CC_0378,1.44e-177,495,65.341,1.08e-177,495,65.341
BAB_RS18385,CC_3320,3.84e-25,94.4,31.282,1.61e-27,100,31.282
BAB_RS18390,CC_0377,1.1e-93,280,50.872,3.65e-110,322,50.872
BAB_RS18395,CC_0376,8.05e-13,60.5,33.103,6.54e-13,60.5,33.103
BAB_RS18400,CC_0375,3.09e-39,131,38.824,1.33e-39,132,38.824
BAB_RS18405,CC_0373,0,745,48.231,0,843,48.19
BAB_RS18410,CC_0303,1.32e-48,162,36.538,8.71e-37,131,36.538
BAB_RS18415,CC_3424,2.29e-42,132,59.649,1.88e-42,132,59.649
BAB_RS18420,CC_1471,0,1277,69.989,0,1287,69.989
BAB_RS18440,CC_0923,2.94e-80,242,45.118,2.3e-80,242,45.118
BAB_RS18455,CC_2620,4.31e-28,96.3,42.373,3.33e-28,96.3,42.373
BAB_RS18460,CC_2371,1.73e-17,76.6,41.228,6.73e-22,88.2,43.86
BAB_RS18465,CC_3210,1.26e-79,261,43.7,2.67e-81,265,43.7
BAB_RS18515,CC_0634,6.68e-60,187,41.322,5.26e-60,187,41.322
BAB_RS18520,CC_0635,1.62e-24,95.9,27.126,1.3e-24,95.9,27.126
BAB_RS18525,CC_1012,4.95e-107,316,47.191,3.97e-107,316,47.191
BAB_RS18530,CC_1010,7.08e-123,354,51.003,5.05e-123,354,51.003
BAB_RS18605,CC_3618,1.91e-71,230,40.355,8.32e-80,251,39.695
BAB_RS18610,CC_3617,2.71e-112,330,48.67,2.32e-123,358,48.67
BAB_RS18635,CC_1631,0,509,69.516,0,509,69.516
BAB_RS18640,CC_1630,1.78e-111,327,47.592,1.45e-111,327,47.592
BAB_RS18680,CC_3123,1.95e-08,49.3,30.769,1.16e-13,63.5,31.638
BAB_RS18690,CC_2202,2.75e-36,120,48.125,2.69e-40,130,48.125
BAB_RS18695,CC_3363,1.54e-25,90.9,40.179,1.23e-25,90.9,40.179
BAB_RS18705,CC_3181,6.39e-10,56.2,21.905,4.95e-10,56.2,21.905
BAB_RS18730,CC_0090,0,518,59.794,0,549,60.87
BAB_RS18750,CC_1777,2.53e-51,162,42.857,2.4e-51,162,42.857
BAB_RS18760,CC_0936,0,738,53.043,0,746,53.043
BAB_RS18765,CC_0949,1.11e-46,146,58.14,1.12e-46,146,58.14
BAB_RS18775,CC_1058,3.09e-15,64.7,37.209,1.99e-15,64.7,37.209
BAB_RS18780,CC_1059,6.32e-19,80.1,39.85,6.09e-19,79.3,39.85
BAB_RS18790,CC_1061,1.15e-50,155,56.028,9.16e-51,155,56.028
BAB_RS18810,CC_1065,1.8e-18,71.6,39.216,1.36e-18,71.6,39.216
BAB_RS18840,CC_2790,2.86e-107,325,52.296,4.98e-117,350,52.296
BAB_RS18845,CC_2788,6.45e-115,339,52.174,6.83e-118,347,52.174
BAB_RS18855,CC_2786,7.32e-39,128,49.265,3.62e-39,128,49.265
BAB_RS18860,CC_2783,9.56e-121,352,54.491,1.19e-114,336,54.491
BAB_RS18880,CC_2781,6.08e-49,150,52.555,4.86e-49,150,52.555
BAB_RS18895,CC_2777,1.68e-41,136,45.946,6.08e-48,152,45.946
BAB_RS18910,CC_2775,1.4e-42,137,53.731,1.63e-42,137,53.731
BAB_RS18920,CC_2773,9.26e-130,414,38.401,5.76e-134,425,38.401
BAB_RS18935,CC_2766,1.98e-102,293,68.981,4.01e-111,315,68.981
BAB_RS18940,CC_2765,5.04e-61,202,33.913,5.19e-74,236,34.565
BAB_RS18950,CC_2762,2.05e-21,91.3,29.178,6.06e-21,89.7,29.178
BAB_RS18955,CC_2761,1.18e-39,129,45.139,9.16e-40,129,45.139
BAB_RS18960,CC_2760,0,602,48.913,0,620,49.155
BAB_RS18965,CC_2759,5.28e-36,119,53.03,2.84e-45,142,53.289
BAB_RS18970,CC_2758,1.8e-108,330,40.55,5.39e-111,336,40.777
BAB_RS18975,CC_2757,5.41e-100,287,64.706,4.08e-100,287,64.706
BAB_RS18980,CC_2755,2.39e-66,217,35.789,2.25e-74,238,35.789
BAB_RS18985,CC_2753,0,610,44.048,0,648,42.333
BAB_RS18995,CC_2482,1.26e-113,361,38.512,9.37e-117,369,39.109
BAB_RS19000,CC_2481,0,771,49.153,0,802,49.208
BAB_RS19005,CC_0093,9.88e-31,114,30.742,1.71e-26,102,30.742
BAB_RS19015,CC_1333,7.24e-61,191,43.165,2.95e-69,213,43.728
BAB_RS19020,CC_1334,0,702,62.745,0,697,62.745
BAB_RS19025,CC_1585,6.99e-21,88.2,29.841,6.95e-19,82.4,29.43
BAB_RS19030,CC_0264,2.32e-132,389,44.99,1.78e-132,389,44.99
BAB_RS19045,CC_2434,5.84e-96,278,55.833,4.73e-96,278,55.833
BAB_RS19060,CC_2433,4.63e-10,48.5,35.938,3.97e-10,48.5,35.938
BAB_RS19080,CC_2534,4.12e-36,132,33.333,1.82e-40,144,33.433
BAB_RS19115,CC_1098,9.99e-12,59.3,41.176,3.17e-11,57.8,41.176
BAB_RS19120,CC_1194,2.1e-96,309,36.452,1.47e-98,315,35.964
BAB_RS19125,CC_1195,2.02e-111,321,54.138,1.61e-111,321,54.138
BAB_RS19130,CC_1196,1.26e-64,192,63.758,9.6e-65,192,63.758
BAB_RS19135,CC_1549,5.38e-85,248,57.82,4.31e-85,248,57.82
BAB_RS19140,CC_1550,3.56e-88,254,64.324,2.93e-88,254,64.324
BAB_RS19145,CC_1552,3.3e-31,105,71.233,6.14e-32,106,67.073
BAB_RS19150,CC_1553,0,667,47.16,0,650,47.16
BAB_RS19155,CC_1555,3.76e-84,244,65.285,3.01e-84,244,65.285
BAB_RS19160,CC_0752,1.15e-28,105,35.354,7.86e-29,105,35.354
BAB_RS19185,CC_1558,1.07e-59,177,64.885,8.45e-60,177,64.885
BAB_RS19190,CC_1559,8.21e-75,226,46.124,7.04e-75,226,46.124
BAB_RS19195,CC_1560,7.68e-51,162,47.945,5.75e-61,188,47.945
BAB_RS19200,CC_1562,3.38e-117,338,54.369,2.87e-117,338,54.369
BAB_RS19205,CC_1564,3.67e-51,164,39.344,8.71e-57,178,40.984
BAB_RS19215,CC_1451,1.73e-84,248,63.776,1.67e-84,248,63.776
BAB_RS19220,CC_0385,5.5e-42,142,34,4e-42,142,34
BAB_RS19225,CC_0388,0,562,63.801,0,562,63.801
BAB_RS19245,CC_3382,1.99e-15,65.9,38.462,1.54e-15,65.9,38.462
BAB_RS19265,CC_0460,7.66e-126,372,44.2,1.27e-129,382,44.95
BAB_RS19270,CC_1541,3.41e-43,158,29.478,2.64e-43,158,29.478
BAB_RS19275,CC_0254,1.2e-58,187,38.047,3.74e-56,180,38.047
BAB_RS19285,CC_1685,9.85e-86,254,55.039,7.31e-86,254,55.039
BAB_RS19290,CC_1686,1.18e-106,312,52.584,9.1e-107,312,52.584
BAB_RS19300,CC_1689,3.32e-63,224,25.992,2.7e-63,224,25.992
BAB_RS19305,CC_1690,2.67e-46,159,29.155,4.47e-42,147,29.155
BAB_RS19310,CC_1691,8e-21,90.1,24.928,4.29e-24,99.4,25.215
BAB_RS19315,CC_1692,9.13e-163,467,55.694,2.3e-165,474,55.694
BAB_RS19320,CC_1693,4.38e-43,137,43.243,3.57e-43,137,43.243
BAB_RS19330,CC_1698,0,542,47.573,0,565,47.504
BAB_RS19340,CC_1699,5.68e-65,191,68.613,4.48e-65,191,68.613
BAB_RS19350,CC_0016,2.64e-39,127,40.667,1.93e-39,127,40.667
BAB_RS19360,CC_2908,1.49e-25,95.1,39.024,1.9e-22,87,39.524
BAB_RS19365,CC_2881,0,746,58.529,0,759,58.529
BAB_RS19370,CC_0417,9.21e-86,253,54.839,1.62e-91,268,54.839
BAB_RS19380,CC_0147,1.54e-21,84.7,38.674,1.17e-27,100,38.674
BAB_RS19385,CC_0030,3.09e-22,88.6,31.25,2.02e-22,88.6,31.25
BAB_RS19395,CC_1096,1.68e-44,149,35.547,1.26e-44,149,35.547
BAB_RS19405,CC_0617,8.09e-24,103,23.577,3.02e-23,102,23.577
BAB_RS19415,CC_1702,5.6e-65,196,56.383,4.19e-65,196,56.383
BAB_RS19420,CC_1703,4.54e-147,416,61.607,3.43e-147,416,61.607
BAB_RS19425,CC_1711,6.65e-26,103,36.444,3.52e-34,125,36.444
BAB_RS19460,CC_1389,3.04e-42,131,60.396,2.41e-42,131,60.396
BAB_RS19560,CC_1424,3.28e-107,317,46.053,2.23e-111,328,46.053
BAB_RS19565,CC_3019,3.33e-08,50.1,33.333,2.36e-08,50.1,33.333
BAB_RS19595,CC_1439,4.86e-78,233,48.319,3.53e-78,233,48.319
BAB_RS19610,CC_1710,0,845,59.41,0,845,59.494
BAB_RS19615,CC_1708,7.11e-80,255,37.259,5.89e-78,249,37.021
BAB_RS19620,CC_1704,2.82e-127,369,50.798,3.05e-131,379,50.909
BAB_RS19625,CC_1892,0,816,63.711,0,816,63.711
BAB_RS19635,CC_1566,0,838,55.453,0,834,54.662
BAB_RS19640,CC_1572,2.43e-92,270,54.545,2.16e-92,270,54.545
BAB_RS19650,CC_1347,3.65e-132,377,59.443,2.81e-132,377,59.443
BAB_RS19655,CC_1352,5.28e-66,209,42.012,7e-75,232,42.012
BAB_RS19670,CC_1511,3.52e-50,174,31.065,2.28e-50,174,31.065
BAB_RS19675,CC_1357,0,616,70.714,0,616,70.714
BAB_RS19680,CC_1358,2.17e-70,206,61.29,1.71e-70,206,61.29
BAB_RS19685,CC_0885,3.3e-25,101,34.146,5.21e-30,114,34.139
BAB_RS19690,CC_0886,1.39e-39,131,40,1.12e-39,131,40
BAB_RS19695,CC_1359,7.92e-44,139,50,6.33e-44,139,50
BAB_RS19700,CC_1360,7.27e-41,132,49.265,5.03e-41,132,49.265
BAB_RS19705,CC_1363,0,894,70.042,0,890,70.042
BAB_RS19710,CC_1365,3.92e-22,84.3,41.228,4.63e-23,86.3,36
BAB_RS19715,CC_1366,1.62e-23,89,32.051,6.98e-24,89.4,32.051
BAB_RS19720,CC_1367,1.7e-12,59.7,30.986,1.09e-16,70.9,30.986
BAB_RS19725,CC_1368,1.28e-125,362,53.495,1.7e-126,363,53.495
BAB_RS19730,CC_1369,6e-125,358,56.698,2.79e-129,369,56.698
BAB_RS19735,CC_1370,6.14e-35,112,60.638,4.56e-35,112,60.638
BAB_RS19740,CC_1371,4.52e-37,122,60.674,3.19e-37,122,59.341
BAB_RS19745,CC_3443,6.24e-29,97.8,51.923,5e-29,97.8,51.923
BAB_RS19750,CC_t19,2.17e-10,45.1,92,1.72e-10,45.1,92
BAB_RS19755,CC_2425,6.11e-82,261,38.32,2.03e-82,262,38.32
BAB_RS19765,CC_0169,1.03e-38,128,42.073,7.78e-39,128,42.073
BAB_RS19780,CC_1374,7.51e-71,222,45.031,1.55e-70,221,45.014
BAB_RS19785,CC_1378,1.44e-134,381,61.889,1.17e-134,381,61.889
BAB_RS19795,CC_1377,1.05e-74,217,68.79,8.29e-75,217,68.79
BAB_RS19800,CC_1376,7.65e-65,192,63.087,6.19e-65,192,63.087
BAB_RS19805,CC_3564,1.66e-31,107,50,6.08e-29,100,46.512
BAB_RS19855,CC_1956,3.69e-59,175,71.2,3.02e-59,175,71.2
BAB_RS19860,CC_1955,1e-97,278,87.117,2.66e-107,302,87.117
BAB_RS19865,CC_1954,7.31e-90,259,69.318,5.66e-90,259,69.318
BAB_RS19870,CC_1952,0,647,77.273,0,647,77.273
BAB_RS19875,CC_1950,1.44e-71,215,55.024,1.9e-71,214,55.024
BAB_RS19880,CC_1947,0,653,72.477,0,653,72.477
BAB_RS19885,CC_1946,0,866,63.793,0,883,63.793
BAB_RS19890,CC_1945,4.05e-130,373,61.329,1.98e-130,374,61.446
BAB_RS19895,CC_1942,3.75e-90,257,76.875,2.98e-90,257,76.875
BAB_RS19900,CC_1941,6.2e-69,206,60.199,1.32e-75,223,60.526
BAB_RS19905,CC_1940,2.24e-40,126,77,7.7e-47,142,77
BAB_RS19910,CC_1939,0,677,54.985,0,687,54.985
BAB_RS19915,CC_1938,0,634,64.024,0,629,64.803
BAB_RS19920,CC_1937,9.13e-124,367,47.575,2.86e-131,385,47.575
BAB_RS19925,CC_1936,1.81e-35,124,39.431,1.82e-40,137,39.271
BAB_RS19930,CC_1934,2.93e-178,511,46.346,2.33e-178,511,46.346
BAB_RS19935,CC_1933,3.36e-48,149,52.593,2.77e-48,149,52.593
BAB_RS19940,CC_1932,1.78e-14,59.7,38.554,1.37e-14,59.7,38.554
BAB_RS19945,CC_1931,0,612,66.743,0,612,66.743
BAB_RS19950,CC_1930,4.37e-137,397,49.061,3.38e-137,397,49.061
BAB_RS19955,CC_1929,1.31e-84,248,60.731,7.42e-91,263,60.731
BAB_RS19960,CC_1926,0,1126,51.986,0,1122,51.986
BAB_RS19990,CC_2511,1.05e-117,330,74.02,8.36e-118,330,74.02
BAB_RS20010,CC_2505,1.42e-44,137,62,1.16e-44,137,62
BAB_RS20015,CC_2503,1.88e-19,72.4,44.928,1.89e-19,72.4,44.928
BAB_RS20020,CC_2500,0,867,59.756,0,863,59.756
BAB_RS20030,CC_3568,7.57e-09,50.8,30.357,7.17e-12,58.9,30.049
BAB_RS20035,CC_2497,9.14e-89,258,58.605,7.16e-89,258,58.605
BAB_RS20040,CC_2492,1.28e-23,82.4,53.165,1e-23,82.4,53.165
BAB_RS20045,CC_2491,5.8e-138,385,73.663,4.57e-138,385,73.663
BAB_RS20050,CC_2490,9.16e-31,102,55.14,7.07e-31,102,55.14
BAB_RS20060,CC_2185,1.02e-52,164,46.369,8.92e-53,164,46.369
BAB_RS20070,CC_2487,0,612,71.594,0,613,71.594
BAB_RS20075,CC_0101,1.43e-88,258,61.502,2.09e-87,254,62.201
BAB_RS20080,CC_2250,2.5e-45,153,30.108,2.78e-45,152,30.108
BAB_RS20110,CC_1418,4.16e-71,223,40.058,3.67e-71,223,40.058
BAB_RS20115,CC_1057,1.54e-47,159,40.541,6.4e-49,162,40.541
BAB_RS20140,CC_1306,2.26e-131,375,57.632,1.8e-131,375,57.632
BAB_RS20145,CC_1307,7.73e-25,93.6,44.828,4.29e-25,93.6,44.828
BAB_RS20150,CC_1308,9.84e-15,59.3,48,9.01e-15,59.3,48
BAB_RS20160,CC_1309,6.59e-61,194,44.444,1.49e-58,187,45.079
BAB_RS20165,CC_0424,1.56e-63,189,57.718,1.27e-63,189,57.718
BAB_RS20170,CC_2084,2.41e-67,202,48.768,1e-61,188,48.768
BAB_RS20185,CC_2011,1.13e-109,314,59.69,9.02e-110,314,59.69
BAB_RS20195,CC_2009,2.59e-40,126,55.238,2.09e-40,126,55.238
BAB_RS20200,CC_2008,9.69e-137,394,52.742,2.32e-131,380,52.742
BAB_RS20205,CC_3359,2.44e-23,100,24.831,2.31e-23,100,24.831
BAB_RS20215,CC_2006,1.01e-109,320,50.147,8.05e-110,320,50.147
BAB_RS20220,CC_2005,1.75e-63,198,47.104,2.32e-58,184,47.104
BAB_RS20225,CC_2004,2.37e-59,184,52.02,2.34e-60,186,52.02
BAB_RS20230,CC_2003,1.4e-16,64.3,53.521,1.11e-10,48.9,53.521
BAB_RS20235,CC_2002,1.17e-17,74.3,40.659,1.13e-11,57.8,40.659
BAB_RS20240,CC_2001,2.87e-81,244,52.041,4.82e-86,256,52.041
BAB_RS20245,CC_1999,0,512,55.439,0,512,55.439
BAB_RS20250,CC_1998,1.24e-93,273,54.331,1.01e-93,273,54.331
BAB_RS20255,CC_1997,3.25e-33,116,33.333,2.58e-33,116,33.333
BAB_RS20265,CC_1996,8.18e-33,127,33.091,1.57e-35,135,34.307
BAB_RS20270,CC_1993,4.35e-72,221,46.786,1.02e-85,255,47.143
BAB_RS20275,CC_1992,1.64e-27,94.4,47.872,1.19e-27,94.4,47.872
BAB_RS20285,CC_1989,8.49e-18,70.5,39.64,6.12e-18,70.5,39.64
BAB_RS20290,CC_1987,8.19e-12,60.5,33.146,2.62e-13,64.3,30.579
BAB_RS20295,CC_2598,0,650,66.807,0,650,66.807
BAB_RS20320,CC_1964,6.61e-128,376,44.196,4.04e-122,361,44.196
BAB_RS20325,CC_2436,0,672,65.669,0,672,65.669
BAB_RS20335,CC_1887,7.27e-29,99,45.37,4.46e-29,99,45.37
BAB_RS20340,CC_1886,3.43e-22,85.5,39.13,6.45e-22,85.1,39.13
BAB_RS20345,CC_1885,1.36e-65,197,51.099,1.24e-65,197,51.099
BAB_RS20350,CC_1884,0,626,71.106,0,654,71.106
BAB_RS20355,CC_1883,1.78e-44,141,59.355,4.29e-49,152,59.355
BAB_RS20360,CC_1882,8.19e-50,154,51.079,6.04e-50,154,51.079
BAB_RS20365,CC_1879,8.79e-38,130,38.739,3.63e-37,128,36.471
BAB_RS20370,CC_1878,6.02e-82,259,35.965,1.79e-70,229,34.071
BAB_RS20375,CC_2455,2.61e-102,305,43.717,3.67e-100,299,43.717
BAB_RS20380,CC_1877,2.27e-176,531,60.128,1.73e-176,531,61.538
BAB_RS20390,CC_1876,3.29e-60,197,36.364,2.44e-60,197,36.364
BAB_RS20395,CC_1875,0,664,46.429,0,664,46.429
BAB_RS20400,CC_1874,4.24e-154,434,61.29,3.63e-154,434,61.29
BAB_RS20420,CC_2897,2.63e-31,107,44.928,2.5e-31,107,44.928
BAB_RS20435,CC_1871,8.52e-64,189,58,6.72e-64,189,58
BAB_RS20445,CC_1870,3.23e-175,493,57.108,2.04e-172,485,57.108
BAB_RS20450,CC_1869,5.49e-75,234,38.965,4.51e-75,234,38.965
BAB_RS20460,CC_1867,1.76e-95,277,59.434,1.75e-95,277,59.434
BAB_RS20465,CC_1865,2.89e-73,230,43.57,7.88e-79,244,43.57
BAB_RS20470,CC_1864,0,801,74.213,0,801,74.213
BAB_RS20475,CC_1862,2.2e-116,330,63.745,1.73e-116,330,63.745
BAB_RS20480,CC_1861,5.5e-46,159,31.608,3.52e-46,159,31.608
BAB_RS20485,CC_1860,0,511,60.546,0,511,60.546
BAB_RS20490,CC_1859,4.97e-47,145,59.091,3.35e-47,145,59.091
BAB_RS20495,CC_2277,2.85e-15,72,25.379,2.14e-15,72,25.379
BAB_RS20505,CC_1221,2.98e-94,275,55.645,6.05e-89,261,55.645
BAB_RS20510,CC_1847,1.17e-159,459,61.111,7.51e-162,465,51.538
BAB_RS20515,CC_1858,5.21e-35,114,53,3.42e-35,114,53
BAB_RS20530,CC_1317,1.44e-24,93.2,35.874,1.03e-24,93.2,35.981
BAB_RS20535,CC_1318,7.67e-70,226,36.547,7.4e-69,224,36.547
BAB_RS20540,CC_1319,2.38e-09,52,51.22,1.03e-10,55.5,43.103
BAB_RS20545,CC_1320,0,1061,59.91,0,1035,59.175
BAB_RS20565,CC_1574,2.55e-68,211,42.053,2.43e-66,206,41.722
BAB_RS20590,CC_0018,3.6e-164,459,68.693,2.9e-164,459,68.693
BAB_RS20625,CC_t02,1.06e-12,50.8,92,8.38e-13,50.8,92
BAB_RS20760,CC_1503,9.2e-38,121,51.327,8.69e-38,121,51.327
BAB_RS20765,CC_1825,4.13e-46,158,61.017,1.58e-46,159,61.017
BAB_RS20775,CC_1824,3.19e-70,210,54.455,2.46e-70,210,54.455
BAB_RS20780,CC_1823,6.46e-45,154,35.913,1.26e-47,161,36.025
BAB_RS20785,CC_1480,6.15e-34,132,25.287,1.23e-34,134,25.287
BAB_RS20790,CC_1822,1.37e-80,240,48.649,3.75e-86,254,48.649
BAB_RS20795,CC_1821,6.08e-80,239,45.489,4.75e-80,239,45.489
BAB_RS20805,CC_1980,7.36e-90,269,45.11,5.93e-90,269,45.11
BAB_RS20810,CC_3033,1.3e-11,61.2,27.397,4.9e-12,62,27.397
BAB_RS20820,CC_1977,7.32e-47,153,40.777,2.85e-49,159,39.565
BAB_RS20825,CC_1969,0,684,68.737,0,684,68.737
BAB_RS20830,CC_1968,3.86e-61,179,77.679,3.07e-61,179,77.679
BAB_RS20835,CC_1965,1.05e-113,342,45,1.9e-119,356,45.984
BAB_RS20845,CC_2305,1.41e-46,151,42.439,2.65e-48,155,42.439
BAB_RS20850,CC_2303,6.63e-55,172,47.345,5.15e-55,172,47.345
BAB_RS20860,CC_2302,2.55e-174,494,53.304,1.77e-169,482,53.304
BAB_RS20865,CC_2300,0,643,66.519,0,622,66.519
BAB_RS20875,CC_3619,1.58e-31,126,26.162,1.95e-30,122,25.65
BAB_RS20890,CC_2622,0,863,58.366,0,828,58.366
BAB_RS20895,CC_3113,1.76e-84,255,48.101,9.11e-92,273,48.101
BAB_RS20900,CC_2318,1.03e-71,226,38.211,7.75e-72,226,38.211
BAB_RS20905,CC_2319,1.65e-69,213,48.971,9.3e-72,219,48.971
BAB_RS20910,CC_2320,6.34e-31,115,26.935,4.74e-31,115,26.935
BAB_RS20930,CC_3524,7.6e-44,135,57.944,5.98e-44,135,57.944
BAB_RS20950,CC_3224,1.02e-50,165,40.154,2.88e-52,169,40.076
BAB_RS20960,CC_1551,6.43e-10,52.8,33.735,5.32e-10,52.4,33.735
BAB_RS20980,CC_0526,3.84e-18,73.9,32.468,3.12e-18,73.9,32.468
BAB_RS20985,CC_2580,3.72e-63,187,72.881,3.07e-72,209,74.046
BAB_RS20995,CC_1078,4.57e-113,358,48.284,4.6e-114,360,48.284
BAB_RS21000,CC_0638,3.2e-120,352,48.99,5.35e-124,362,48.99
BAB_RS21005,CC_0869,1.03e-18,83.6,27.961,6.25e-19,83.6,27.961
BAB_RS21015,CC_1889,1.75e-81,285,34.515,5.67e-101,339,31.603
BAB_RS21020,CC_2271,5.18e-27,97.4,43.972,6.26e-33,112,43.972
BAB_RS21030,CC_1452,1.79e-09,54.3,38.211,2.65e-12,62.4,40.65
BAB_RS21035,CC_2674,1.1e-68,209,45.714,8.76e-69,209,45.714
BAB_RS21040,CC_0791,1.05e-83,243,60.302,8.32e-84,243,60.302
BAB_RS21050,CC_3105,9.53e-37,134,31.269,1.25e-30,116,31.269
BAB_RS21055,CC_0835,7.86e-112,338,48.78,2.87e-112,338,48.78
BAB_RS21060,CC_1426,1.57e-177,492,72.171,1.21e-177,492,72.171
BAB_RS21070,CC_1425,7.63e-98,286,48.421,6.08e-98,286,48.421
BAB_RS21080,CC_3724,1.34e-167,480,49.901,1.1e-167,480,49.901
BAB_RS21115,CC_2448,1.61e-37,134,42.18,1.21e-37,134,42.18
BAB_RS21120,CC_1657,2.11e-110,321,54.341,3.28e-106,310,54.341
BAB_RS21130,CC_1747,2.1e-96,281,53.64,1.68e-96,281,53.64
BAB_RS21140,CC_2653,3.51e-40,132,42.246,1.3e-43,140,42.246
BAB_RS21150,CC_0464,0,785,58.257,0,785,58.257
BAB_RS21160,CC_0463,1.8e-19,73.9,43.75,9.82e-20,73.9,43.75
BAB_RS21165,CC_0462,3.15e-42,134,50.725,9.46e-50,153,50.725
BAB_RS21170,CC_0459,1.35e-77,229,57.219,1.06e-77,229,57.219
BAB_RS21175,CC_0457,1.32e-48,150,60.484,1.05e-48,150,60.484
BAB_RS21180,CC_2171,7.65e-26,104,29.749,1.38e-25,104,29.749
BAB_RS21210,CC_3371,2.42e-09,51.6,29.496,1.59e-09,51.6,29.496
BAB_RS21225,CC_t30,1.48e-13,53.5,100,1.17e-13,53.5,100
BAB_RS21245,CC_1957,4.79e-141,399,61.18,3.92e-141,399,61.18
BAB_RS21265,CC_1588,3.54e-160,451,60.784,2.76e-160,451,60.784
BAB_RS21270,CC_1587,8.47e-171,477,68.333,3.55e-175,488,68.333
BAB_RS21275,CC_1584,6.05e-68,201,63.19,4.43e-68,201,63.19
BAB_RS21285,CC_1581,1.77e-45,144,44.099,1.4e-45,144,44.099
BAB_RS21295,CC_1580,0,1143,62.268,0,1144,62.583
BAB_RS21300,CC_0106,1.99e-21,85.5,33.81,1.8e-23,90.9,33.81
BAB_RS21320,CC_1468,8.6e-69,203,67.262,1.09e-66,197,66.071
BAB_RS21325,CC_2590,0,1434,73.271,0,1439,73.271
BAB_RS21330,CC_1959,5.22e-24,84.3,48.864,4.19e-24,84.3,48.864
BAB_RS21335,CC_1960,0,1144,70.291,0,1125,70.291
BAB_RS21340,CC_1961,0,674,80.529,0,697,80.529
BAB_RS21345,CC_1963,2.98e-124,347,77.941,2.38e-124,347,77.941
BAB_RS21350,CC_1746,1.34e-136,397,57.179,4.37e-137,398,57.431
BAB_RS21355,CC_1745,7.36e-42,128,79.452,6.14e-42,128,79.452
BAB_RS21370,CC_1743,0,548,62.115,0,560,62.115
BAB_RS21375,CC_1742,4.23e-136,416,37.864,4.91e-140,426,38.227
BAB_RS21380,CC_1741,0,536,55.785,0,536,55.785
BAB_RS21385,CC_1740,5.63e-97,290,46.61,4.27e-97,290,46.61
BAB_RS21390,CC_1739,3.26e-79,241,48.052,9.14e-87,260,48.052
BAB_RS21395,CC_1738,3.26e-86,266,43.557,2.23e-88,271,43.814
BAB_RS21400,CC_1737,2.23e-47,149,50.667,1.75e-47,149,50.667
BAB_RS21405,CC_3175,6.9e-33,117,38.342,6.19e-33,117,38.342
BAB_RS21410,CC_1736,5e-24,88.2,34.815,3.86e-24,88.2,34.815
BAB_RS21415,CC_1735,4.75e-174,482,68.308,3.8e-174,482,68.308
BAB_RS21425,CC_1731,1.06e-178,506,54.545,8.05e-179,506,54.545
BAB_RS21430,CC_1729,1.57e-149,429,55.531,2.73e-155,443,56.579
BAB_RS21435,CC_1727,0,584,65.351,0,587,64.912
BAB_RS21440,CC_1726,1.12e-160,450,68.955,3.2e-161,451,68.955
BAB_RS21445,CC_1725,1.96e-12,55.8,38.462,1.43e-12,55.8,38.462
BAB_RS21450,CC_1925,1.78e-45,146,47.024,9.69e-51,159,46.597
BAB_RS21455,CC_1724,0,626,73.585,0,626,73.585
BAB_RS21460,CC_1429,8.85e-124,352,68.182,2.47e-121,345,68.182
BAB_RS21465,CC_1720,0,811,73.273,0,810,73.273
BAB_RS21480,CC_1893,1.45e-69,211,52.049,1.16e-79,237,52.049
BAB_RS21485,CC_1894,1.31e-54,194,28.893,4.77e-49,178,28.893
BAB_RS21490,CC_1898,3.49e-111,324,50.595,4.38e-108,316,50.595
BAB_RS21495,CC_1899,3.05e-113,323,64.615,5.79e-116,330,64.615
BAB_RS21500,CC_0014,3.68e-61,184,61.392,3.29e-61,184,61.392
BAB_RS21505,CC_3209,5.51e-95,288,45.387,6.46e-92,279,45.387
BAB_RS21510,CC_1902,4.35e-104,298,66.116,1.94e-107,306,67.347
BAB_RS21515,CC_1904,5.96e-41,157,30.492,2.27e-45,171,33.333
BAB_RS21520,CC_1905,2.22e-167,477,53.782,4.98e-170,484,53.992
BAB_RS21525,CC_1906,0,645,69.464,0,645,69.464
BAB_RS21530,CC_1909,4.16e-54,181,35.227,3.33e-54,181,35.227
BAB_RS21535,CC_1910,3.86e-55,177,40.221,2.86e-55,177,40.221
BAB_RS21540,CC_1911,3.53e-73,222,44.358,2.65e-73,222,44.358
BAB_RS21545,CC_1912,1.69e-44,140,47.368,1.36e-44,140,47.368
BAB_RS21550,CC_1913,2.32e-72,225,40.116,1.64e-77,238,40.116
BAB_RS21555,CC_1915,9.1e-162,485,37.612,1.29e-167,499,37.612
BAB_RS21560,CC_1916,1.58e-84,259,38.421,1.2e-72,229,37.705
BAB_RS21565,CC_1918,2.8e-36,127,38.61,8.78e-28,104,38.247
BAB_RS21570,CC_1919,4.13e-76,228,49.78,3.35e-76,228,49.78
BAB_RS21575,CC_1920,1.3e-71,212,58.621,1.05e-71,212,58.621
BAB_RS21580,CC_1921,9.31e-94,272,54.701,2.23e-85,251,54.701
BAB_RS21585,CC_1922,2.66e-115,332,57.566,4.38e-118,339,57.047
BAB_RS21590,CC_1923,4.51e-128,361,71.084,1.71e-133,374,71.084
BAB_RS21605,CC_2158,1.8e-36,119,48.507,1.26e-36,119,48.507
BAB_RS21610,CC_2157,6.7e-34,120,36.214,5.56e-34,120,36.214
BAB_RS21615,CC_2156,1.12e-138,398,52.577,7.52e-146,416,52.577
BAB_RS21620,CC_2470,1.93e-52,160,56.338,1.58e-52,160,56.338
BAB_RS21625,CC_2468,0,1142,72.617,0,1142,72.617
BAB_RS21630,CC_2467,5.49e-55,164,69.369,4.47e-55,164,69.369
BAB_RS21635,CC_2161,3.62e-97,296,42.155,2.6e-96,294,40.381
BAB_RS21645,CC_2167,2.93e-36,119,49.315,2.12e-36,119,49.315
BAB_RS21650,CC_3108,1.53e-152,438,55.504,7.47e-146,421,55.714
BAB_RS21685,CC_2654,1.91e-78,226,69.863,1.48e-78,226,69.863
BAB_RS21695,CC_2122,1e-50,158,48.925,8.24e-51,158,48.925
BAB_RS21700,CC_1763,1.92e-97,297,37.668,1.45e-97,297,37.668
BAB_RS21705,CC_1975,0,801,73.922,0,801,73.922
BAB_RS21710,CC_2179,0,748,57.292,0,748,57.292
BAB_RS21715,CC_2374,0,850,60.955,0,863,60.955
BAB_RS21735,CC_3703,1.26e-12,63.5,27.536,1.05e-12,63.5,27.536
BAB_RS21740,CC_2520,1.93e-60,189,43.83,1.39e-60,189,43.83
BAB_RS21755,CC_2522,0,749,88.089,0,749,88.089
BAB_RS21765,CC_2529,0,1149,65.424,0,1122,65.593
BAB_RS21770,CC_1087,0,519,74.203,0,546,74.148
BAB_RS21775,CC_0201,2.65e-50,160,50.463,1.69e-44,145,50.467
BAB_RS21785,CC_1283,0,521,62.673,0,539,63.318
BAB_RS21790,CC_1282,2.61e-113,339,45.532,2.19e-125,370,45.532
BAB_RS21795,CC_1273,1.44e-68,200,75.2,2.96e-68,199,75.2
BAB_RS21800,CC_1272,0,532,75.668,0,532,75.668
BAB_RS21805,CC_1271,3.15e-77,221,80.62,2.5e-77,221,80.62
BAB_RS21810,CC_1270,5.42e-74,213,87.705,1.56e-68,199,87.611
BAB_RS21815,CC_1269,2.85e-64,194,52.332,2.23e-64,194,52.332
BAB_RS21820,CC_1268,0,536,60.364,0,536,60.364
BAB_RS21825,CC_1267,2.09e-52,161,55.034,9.78e-53,161,54.248
BAB_RS21830,CC_1266,3.42e-22,77.8,61.905,2.55e-22,77.8,61.905
BAB_RS21835,CC_1265,1.64e-87,253,69.036,5.85e-85,246,74.85
BAB_RS21840,CC_1264,1.46e-48,148,69.492,1.34e-46,143,70.339
BAB_RS21845,CC_1263,1.06e-70,209,59.322,8.43e-71,209,59.322
BAB_RS21850,CC_1262,9.74e-62,182,66.667,7.73e-62,182,66.667
BAB_RS21855,CC_1261,6.48e-48,145,70.297,5.14e-48,145,70.297
BAB_RS21860,CC_1260,4.98e-98,278,69.945,3.95e-98,278,69.945
BAB_RS21865,CC_1259,7.23e-36,115,56.863,5.79e-36,115,56.863
BAB_RS21870,CC_1258,7.39e-72,207,81.148,5.86e-72,207,81.148
BAB_RS21875,CC_1257,2.23e-31,102,64.557,1.75e-31,102,64.557
BAB_RS21880,CC_1256,1.54e-24,83.6,66.129,1.16e-24,83.6,66.129
BAB_RS21885,CC_1255,4.69e-83,237,82.222,3.88e-83,237,82.222
BAB_RS21890,CC_1254,1.64e-128,360,75.688,6.08e-129,361,72.65
BAB_RS21895,CC_1253,5.99e-51,155,62.903,4.65e-51,155,62.903
BAB_RS21900,CC_1252,3.05e-44,135,75.904,3.45e-50,150,77.174
BAB_RS21905,CC_1251,9.21e-141,394,75.18,5.54e-141,394,75.18
BAB_RS21910,CC_1250,1.92e-46,141,75.269,1.54e-46,141,75.269
BAB_RS21915,CC_1249,1.75e-88,256,62.136,1.43e-88,256,62.136
BAB_RS21920,CC_1248,1.93e-108,310,65.766,9.02e-109,310,65.766
BAB_RS21925,CC_1247,9.84e-65,187,90.196,7.81e-65,187,90.196
BAB_RS21935,CC_3200,0,1032,71.879,0,1013,71.879
BAB_RS21940,CC_3201,1.13e-87,250,75.159,9.06e-88,250,75.159
BAB_RS21945,CC_3202,5.06e-73,210,84.553,4.02e-73,210,84.553
BAB_RS21955,CC_0503,0,2040,71.51,0,2040,71.51
BAB_RS21960,CC_0502,0,2100,75.092,0,2100,75.092
BAB_RS21965,CC_0497,6.23e-38,122,65.354,1.86e-37,120,70.079
BAB_RS21970,CC_0496,6.53e-55,168,50.581,5.18e-55,168,50.581
BAB_RS21975,CC_0640,4.43e-93,270,65.502,8.59e-95,274,65.502
BAB_RS21980,CC_0641,3.56e-67,197,63.121,2.85e-67,197,63.121
BAB_RS21985,CC_3205,7.29e-86,247,67.63,6.12e-86,247,67.63
BAB_RS21990,CC_3206,1.65e-15,61.2,45.161,6.35e-12,52.4,45.902
BAB_RS22000,CC_3199,0,637,80.808,0,635,80.808
BAB_RS22005,CC_t16,4.8e-08,39.3,87.5,3.81e-08,39.3,87.5
BAB_RS22015,CC_1239,1.23e-42,144,37.5,1.43e-45,152,37.5
BAB_RS22020,CC_2626,2.54e-31,107,39.568,2.22e-31,107,39.568
BAB_RS22025,CC_2627,2.11e-19,80.5,35,1.51e-19,80.5,35
BAB_RS22030,CC_2640,4.43e-08,48.9,30.435,4.12e-08,48.9,30.435
BAB_RS22040,CC_2643,9.73e-69,204,53.179,7.76e-69,204,53.179
BAB_RS22050,CC_2651,6.21e-96,280,49.425,5.01e-96,280,49.425
BAB_RS22055,CC_1229,1.62e-14,68.9,36.752,1.66e-14,68.9,36.752
BAB_RS22060,CC_1388,1.69e-21,82.8,34.711,9.52e-22,83.6,34.711
BAB_RS22065,CC_1387,1.94e-20,77.8,61.017,5.16e-21,77.8,61.017
BAB_RS22070,CC_1315,1.51e-76,223,60.588,1.14e-76,223,60.588
BAB_RS22090,CC_1386,1.36e-130,392,43.002,1.21e-137,410,43.002
BAB_RS22100,CC_1384,9.49e-136,385,61.538,5.82e-122,350,61.538
BAB_RS22105,CC_1383,2.18e-104,313,46.366,1.09e-127,373,45.833
BAB_RS22110,CC_1382,0,563,64.646,0,563,64.646
BAB_RS22135,CC_3690,1.13e-19,73.9,50.538,1.04e-19,73.9,50.538
BAB_RS22140,CC_2675,1.8e-76,228,50.224,6.1e-80,236,50.224
BAB_RS22145,CC_2677,1.22e-125,356,63.813,9.7e-126,356,63.813
BAB_RS22150,CC_2680,1.87e-62,192,52.222,3.21e-62,191,52.222
BAB_RS22260,CC_0372,4.94e-80,239,51.172,4.03e-80,239,51.172
BAB_RS22300,CC_2694,0,528,58.42,0,528,58.42
BAB_RS22305,CC_1350,0,504,65.067,0,504,65.067
BAB_RS22310,CC_1354,2.53e-96,283,58.503,9.73e-108,311,58.503
BAB_RS22325,CC_2960,3.67e-29,111,25.776,2.74e-29,111,25.776
BAB_RS22345,CC_3000,2.05e-16,78.6,31.683,3.29e-25,103,31.683
BAB_RS22355,CC_1991,1.84e-143,431,43.34,4.62e-132,401,42.589
BAB_RS22405,CC_1701,1.65e-26,98.6,34.146,2.01e-26,97.8,34.146
BAB_RS22410,CC_t13,4.12e-08,39.3,76,3.27e-08,39.3,76
BAB_RS22455,CC_1193,7.11e-54,172,41.102,5.51e-54,172,41.102
BAB_RS22460,CC_1192,4.11e-64,204,47.312,2.99e-44,152,44.318
BAB_RS22465,CC_1191,1.73e-14,68.6,28.384,1.36e-14,68.6,28.87
BAB_RS22470,CC_1750,2.97e-44,164,27.69,1e-44,165,27.727
BAB_RS22480,CC_0188,3.16e-38,142,35.51,9.11e-39,142,35.51
BAB_RS22600,CC_2162,3.14e-153,437,54.115,2.58e-153,437,54.115
BAB_RS22610,CC_2120,0,532,73.746,0,512,73.746
BAB_RS22620,CC_0131,0,636,51.177,0,636,51.177
BAB_RS22625,CC_1557,6.18e-34,120,35.537,1.02e-29,108,35.537
BAB_RS22640,CC_2101,2.86e-67,201,55.435,2.21e-67,201,55.435
BAB_RS22645,CC_2100,0,874,69.06,0,874,69.06
BAB_RS22650,CC_2098,1.27e-67,210,45.172,2.75e-60,191,45.172
BAB_RS22655,CC_2097,6.58e-87,259,57.447,5.17e-87,259,57.447
BAB_RS22660,CC_1477,0,564,70.229,0,564,70.229
BAB_RS22685,CC_2126,9.17e-54,165,48.538,7.24e-54,165,48.538
BAB_RS22690,CC_2124,1.72e-145,405,73.004,1.44e-145,405,73.004
BAB_RS22700,CC_1230,2.32e-53,179,37.643,3.66e-46,160,37.643
BAB_RS22710,CC_2102,4.06e-34,115,50,7.87e-40,130,40.957
BAB_RS22720,CC_1530,9.48e-08,41.2,47.368,3.48e-11,49.3,47.368
BAB_RS22755,CC_1528,0,881,53.73,0,875,53.613
BAB_RS22770,CC_3503,1.97e-53,166,47.674,9.53e-54,166,47.674
BAB_RS22775,CC_1526,2.94e-61,192,39.416,2.36e-61,192,39.416
BAB_RS22780,CC_1525,0,540,48.852,0,527,48.852
BAB_RS22790,CC_1522,0,582,55.497,0,596,45.771
BAB_RS22795,CC_1983,1.07e-118,359,46.004,7.26e-127,380,45.893
BAB_RS22800,CC_1984,3.68e-77,234,47.303,9.85e-79,238,45.525
BAB_RS22805,CC_1985,1.61e-74,226,47.122,1.27e-74,226,47.122
BAB_RS22810,CC_2540,6.19e-146,427,59.91,8.75e-133,393,65.296
BAB_RS22815,CC_2541,3.14e-96,292,41.274,1.99e-96,293,41.274
BAB_RS22820,CC_2542,3.66e-35,126,31.556,2.78e-35,126,31.556
BAB_RS22825,CC_2543,1.43e-108,315,55.519,8.1e-101,296,55.519
BAB_RS22830,CC_2545,1.13e-102,300,52.381,4.77e-97,286,52.381
BAB_RS22835,CC_2546,0,556,62.635,0,558,62.635
BAB_RS22840,CC_2551,1.52e-95,286,46.499,7.99e-95,284,46.499
BAB_RS22845,CC_2552,6.86e-131,378,51.226,5.52e-131,378,51.226
BAB_RS22850,CC_2556,2.56e-158,454,53.978,1.1e-157,452,53.118
BAB_RS22855,CC_2557,7.33e-86,261,50.368,2.49e-85,259,50.368
BAB_RS22860,CC_2558,3.4e-101,308,42.484,8.66e-102,309,41.949
BAB_RS22865,CC_2559,2.42e-139,407,51.078,4e-143,416,51.096
BAB_RS22870,CC_2560,4.29e-105,326,39.959,2.91e-106,329,39.171
BAB_RS22880,CC_2562,5.08e-99,292,55.911,9.3e-107,311,55.911
BAB_RS22895,CC_2567,1.28e-77,232,52.814,9.18e-78,232,52.814
BAB_RS22900,CC_2134,7.33e-46,150,41.969,6.36e-46,150,41.969
BAB_RS22925,CC_2140,2.01e-117,337,58.966,1.34e-123,353,59.31
BAB_RS22930,CC_2141,1.81e-88,266,45.912,4.12e-96,285,45.912
BAB_RS22940,CC_1019,2.98e-137,400,47.403,2.42e-132,387,47.403
BAB_RS22950,CC_2148,0,780,67.086,0,758,67.086
BAB_RS22975,CC_3122,9.3e-29,113,27.556,7.18e-29,113,27.556
BAB_RS22980,CC_2394,1.35e-14,70.9,24.834,9.09e-15,70.9,24.834
BAB_RS22985,CC_3005,2.85e-28,93.6,70.423,2.27e-28,93.6,70.423
BAB_RS23045,CC_2294,4.72e-32,115,34.821,3.58e-35,122,35.246
BAB_RS23055,CC_3276,6.08e-56,170,54.545,2.21e-54,166,57.937
BAB_RS23065,CC_3047,0,850,66.324,0,862,67.922
BAB_RS23070,CC_3049,5.18e-129,392,37.842,2.34e-127,387,36.738
BAB_RS23085,CC_2834,1.05e-173,487,64.116,2.94e-180,504,64.116
BAB_RS23095,CC_0331,1.27e-28,102,42.52,1.09e-28,102,42.52
BAB_RS23100,CC_0330,4.69e-12,61.6,30.256,4.18e-12,61.6,30.256
BAB_RS23105,CC_2900,0,1484,65.391,0,1495,65.646
BAB_RS23120,CC_2903,7.7e-36,112,75.362,6.11e-36,112,75.362
BAB_RS23125,CC_1124,5.02e-52,163,43.814,3.83e-52,163,43.814
BAB_RS23130,CC_1534,0,610,72,0,610,72
BAB_RS23145,CC_2352,4.93e-32,117,30.534,3.92e-32,117,30.534
BAB_RS23150,CC_2871,1.77e-150,423,63.889,1.51e-150,423,63.889
BAB_RS23165,CC_3173,9.15e-10,56.2,30.481,7.16e-10,56.2,30.481
BAB_RS23170,CC_2848,1.62e-70,207,63.057,1.29e-70,207,63.057
BAB_RS23195,CC_0190,8.33e-28,97.4,40,7.79e-28,97.4,40
BAB_RS23205,CC_2981,0,1087,75.507,0,1087,75.507
BAB_RS23225,CC_1183,4.07e-81,240,55.502,4.05e-81,240,55.502
BAB_RS23240,CC_2930,2.9e-11,56.2,33,2.16e-11,56.2,33
BAB_RS23245,CC_2931,6.48e-64,196,50,2.98e-68,206,50
BAB_RS23250,CC_2932,2.38e-121,358,44.266,5.98e-120,354,44.266
BAB_RS23265,CC_0493,1.66e-36,121,33.333,1.33e-36,121,33.333
BAB_RS23275,CC_0492,4.29e-76,231,43.345,3.13e-70,216,44.366
BAB_RS23280,CC_0491,1.02e-79,246,42.507,8.27e-80,246,42.507
BAB_RS23285,CC_0490,7.35e-75,226,45.312,4.85e-73,221,45.783
BAB_RS23305,CC_0487,1.33e-155,434,69.231,1.07e-155,434,69.231
BAB_RS23315,CC_0485,3.97e-49,155,42.553,4.74e-49,155,42.781
BAB_RS23320,CC_0484,6.77e-54,170,44.271,3.75e-54,170,44.271
BAB_RS23325,CC_0479,9.09e-174,485,65.489,9.67e-172,479,65.489
BAB_RS23345,CC_0474,1.34e-75,229,48.162,1.23e-67,209,48.162
BAB_RS23350,CC_0473,0,555,63.194,0,533,63.194
BAB_RS23355,CC_0472,6.51e-57,174,51.667,2.06e-65,195,51.667
BAB_RS23370,CC_0471,6.45e-47,147,46.575,5.15e-47,147,46.575
BAB_RS23375,CC_0187,3.5e-53,176,36.254,9.37e-55,180,36.127
BAB_RS23385,CC_0506,2.5e-122,349,61.512,5.38e-132,373,61.856
BAB_RS23405,CC_0408,1.18e-96,293,41.262,9.16e-97,293,41.262
BAB_RS23410,CC_0407,3.11e-52,164,50,2.57e-52,164,50
BAB_RS23415,CC_0406,2.12e-60,185,57.143,1.43e-60,185,57.143
BAB_RS23420,CC_2826,4.01e-107,313,51.438,1.39e-108,317,51.411
BAB_RS23425,CC_2827,3.26e-16,74.3,28.346,1.61e-16,75.1,28.519
BAB_RS23440,CC_0405,1.01e-31,109,41.772,3.2e-35,118,41.772
BAB_RS23450,CC_1409,1.48e-27,101,37.654,1.95e-27,101,37.654
BAB_RS23455,CC_0418,1.08e-32,111,42.282,1.06e-32,111,42.282
BAB_RS23460,CC_1158,6.87e-61,193,39.203,5.55e-61,193,39.203
BAB_RS23470,CC_3641,1.1e-26,103,27.113,5.39e-25,99,27.113
BAB_RS23475,CC_1895,1.79e-43,161,35.211,5.71e-44,162,31.646
BAB_RS23485,CC_0805,2.57e-62,186,56.954,2.07e-62,186,56.954
BAB_RS23570,CC_2314,3.66e-79,237,50,2.82e-79,237,50
BAB_RS23575,CC_0897,2.72e-156,442,58.713,2.08e-156,442,58.713
BAB_RS23585,CC_0903,3.58e-48,145,85.185,2.9e-48,145,85.185
BAB_RS23600,CC_1035,2.39e-49,157,48.125,1.1e-49,157,49.342
BAB_RS23605,CC_3470,1.31e-26,99.8,36.269,1.25e-26,99.8,36.269
BAB_RS23610,CC_3035,9.35e-140,388,80.519,7.39e-140,388,80.519
BAB_RS23620,CC_3611,2.39e-135,389,52.344,1.96e-135,389,52.344
BAB_RS23660,CC_3135,6.57e-60,190,43.162,6.07e-60,190,43.162
BAB_RS23675,CC_3134,2.65e-130,376,52.989,2.11e-130,376,52.989
BAB_RS23680,CC_3137,5.47e-57,187,33.718,4.35e-57,187,33.718
BAB_RS23695,CC_1764,6.89e-41,149,28.384,6.87e-41,149,28.384
BAB_RS23775,CC_1816,1.63e-43,151,38.115,1.15e-38,138,38.115
BAB_RS23780,CC_0859,2.7e-18,81.3,28.755,3.54e-18,80.5,28.755
BAB_RS23785,CC_0861,5.21e-66,208,47.917,2.21e-77,237,44.308
BAB_RS23790,CC_0860,1.04e-119,358,41.414,8.64e-120,358,41.414
BAB_RS23815,CC_r02,4.47e-51,191,40.27,3.21e-51,191,40.27
BAB_RS23845,CC_3140,0,584,60.97,0,558,60.97
BAB_RS23850,CC_2195,2.24e-39,130,38.919,1.83e-39,130,38.919
BAB_RS23855,CC_2196,4.04e-26,95.9,41.135,1.76e-27,99.8,40.94
BAB_RS23860,CC_2200,1.97e-89,257,67.797,1.54e-89,257,67.797
BAB_RS23865,CC_2201,7.33e-46,148,51.445,1.22e-46,150,47.317
BAB_RS23870,CC_2205,2.36e-82,246,47.959,1.8e-82,246,47.959
BAB_RS23880,CC_0935,3.38e-39,128,44.242,2.95e-39,128,44.242
BAB_RS23885,CC_3098,1.58e-148,416,72.792,1.64e-145,408,73.993
BAB_RS23890,CC_0453,2.69e-98,291,53.968,6.62e-106,311,53.968
BAB_RS23905,CC_0057,1.06e-39,127,52.033,8.03e-40,127,52.033
BAB_RS23920,CC_3477,1.36e-91,268,55.253,1.08e-91,268,55.253
BAB_RS23930,CC_3475,1.22e-53,167,54.545,1.03e-53,167,54.545
BAB_RS23965,CC_2335,2.54e-40,130,50,4.58e-34,114,50
BAB_RS23995,CC_3713,8.68e-55,167,59.155,6.8e-55,167,59.155
BAB_RS24030,CC_3103,0,607,67.991,0,607,67.991
BAB_RS24040,CC_3215,0,625,59.393,0,611,59.393
BAB_RS24045,CC_3216,0,562,71.32,0,558,71.762
BAB_RS24060,CC_0117,0,572,62.387,0,572,62.67
BAB_RS24065,CC_3226,0,881,71.074,0,866,71.074
BAB_RS24070,CC_3227,5.72e-19,85.5,33.333,1.53e-28,112,35.185
BAB_RS24075,CC_3228,3.53e-19,84.7,35.537,6.29e-20,85.9,34.921
BAB_RS24085,CC_3229,2.74e-46,147,56.557,1.9e-46,147,56.557
BAB_RS24090,CC_3230,3.82e-176,497,58.213,3.01e-178,502,56.092
BAB_RS24100,CC_3232,1.25e-45,144,57.5,8.64e-46,144,57.5
BAB_RS24105,CC_3233,1.08e-74,223,51.965,8.43e-75,223,51.965
BAB_RS24110,CC_3234,9.71e-30,102,42.963,7.6e-30,102,42.963
BAB_RS24115,CC_3236,3.9e-162,454,68.882,3.1e-162,454,68.882
BAB_RS24120,CC_3237,7e-41,135,49.029,4.48e-42,137,49.029
BAB_RS24125,CC_3238,3.55e-43,138,50,1.39e-43,139,50
BAB_RS24130,CC_3295,1.56e-37,124,48.026,1.25e-37,124,48.026
BAB_RS24140,CC_3264,5.11e-20,81.6,31.771,2.34e-18,77,32.195
BAB_RS24150,CC_0721,1.19e-55,171,40.323,9.51e-56,171,40.323
BAB_RS24155,CC_3269,5.1e-90,264,50.394,3.94e-90,264,50.394
BAB_RS24170,CC_3274,0,576,52.249,0,555,52.166
BAB_RS24175,CC_3275,2.35e-31,101,61.972,1.94e-31,101,61.972
BAB_RS24180,CC_3243,1.61e-100,290,59.6,1.51e-107,307,59.6
BAB_RS24185,CC_1776,9.58e-19,78.6,28.571,8.7e-19,78.6,28.571
BAB_RS24200,CC_0347,3.27e-103,299,62.403,1.24e-97,285,62.403
BAB_RS24205,CC_3244,3.57e-107,309,56.985,2.86e-107,309,56.985
BAB_RS24210,CC_3245,6.05e-21,83.6,36.552,5.19e-21,83.6,36.552
BAB_RS24215,CC_3247,1.29e-16,67,40,7.53e-17,67.4,32.456
BAB_RS24225,CC_3620,0,761,58.97,0,749,59.014
BAB_RS24230,CC_3248,0,507,72.836,0,507,72.836
BAB_RS24235,CC_3249,3.71e-164,463,61.266,8.3e-169,474,61.266
BAB_RS24255,CC_2312,8.68e-42,140,42.079,1.79e-43,144,42.079
BAB_RS24260,CC_2103,3.11e-26,93.6,38.889,2.87e-26,93.6,38.889
BAB_RS24265,CC_3292,3.62e-67,203,48.035,2.27e-70,211,48.472
BAB_RS24270,CC_3293,2.24e-93,278,50.613,2.02e-99,293,50.613
BAB_RS24290,CC_3291,3.39e-09,44.7,42.857,3.18e-09,44.7,42.857
BAB_RS24300,CC_3284,1.74e-73,214,73.684,3.75e-64,191,73.684
BAB_RS24305,CC_3283,5.43e-124,358,51.811,4.15e-116,338,51.811
BAB_RS24310,CC_3321,2.94e-19,68.6,73.171,2.33e-19,68.6,73.171
BAB_RS24320,CC_2051,2.03e-153,442,49.263,1.09e-157,452,49.263
BAB_RS24335,CC_3319,7.37e-25,86.3,53.012,1.02e-17,67.8,53.012
BAB_RS24340,CC_2631,2.74e-132,397,45.641,2.54e-160,469,45.932
BAB_RS24370,CC_0877,8.93e-22,91.3,36.527,4.18e-22,91.3,36.527
BAB_RS24390,CC_0653,2.65e-72,214,60.947,2.04e-72,214,60.947
BAB_RS24395,CC_0654,1.74e-50,152,65.179,1.39e-50,152,65.179
BAB_RS24400,CC_0656,5.05e-17,68.2,47.561,2.93e-17,68.2,47.561
BAB_RS24405,CC_0657,0,633,46.31,0,634,46.31
BAB_RS24410,CC_0510,0,564,70.466,0,564,70.466
BAB_RS24420,CC_1721,2e-29,95.5,72.881,1.62e-29,95.5,72.881
BAB_RS24425,CC_0325,1.18e-44,147,40.291,9.4e-46,149,39.815
BAB_RS24430,CC_2069,1.96e-70,217,50.943,3.23e-71,219,50.943
BAB_RS24435,CC_0851,2.25e-54,182,36.056,1.56e-49,169,35.753
BAB_RS24440,CC_3384,1.31e-101,294,56.641,1.05e-101,294,56.641
BAB_RS24500,CC_2661,7.33e-16,71.2,32.143,5.99e-16,71.2,32.143
BAB_RS24505,CC_0396,8.8e-10,50.8,31.008,7.08e-10,50.8,31.008
BAB_RS24510,CC_3445,7.08e-19,72.8,50,3.6e-19,72.8,50
BAB_RS24515,CC_3447,0,722,75.693,0,710,75.705
BAB_RS24520,CC_3448,1.13e-116,334,57.192,6.43e-109,314,57.192
BAB_RS24525,CC_3449,0,814,77.8,0,814,77.8
BAB_RS24530,CC_3450,1.47e-47,150,48.538,1.15e-47,150,48.538
BAB_RS24540,CC_0346,0,651,49.18,0,667,49.18
BAB_RS24545,CC_3614,6.05e-100,286,63.889,4.8e-100,286,63.889
BAB_RS24555,CC_3749,0,1048,59.018,0,1056,59.018
BAB_RS24560,CC_3745,1.81e-80,237,59.898,2.84e-84,246,58.333
BAB_RS24570,CC_3546,2.11e-36,115,57.955,1.57e-36,115,57.955
BAB_RS24575,CC_3581,0,882,69.854,0,887,67.597
BAB_RS24585,CC_2509,2.13e-109,318,55.975,1.5e-107,313,55.975
BAB_RS24590,CC_0102,2.42e-93,286,41.556,1.77e-93,286,41.556
BAB_RS24595,CC_0100,5.94e-46,167,30.891,9.27e-44,161,30.297
BAB_RS24600,CC_0086,0,672,66.352,0,684,65.974
BAB_RS24605,CC_2954,4.83e-44,156,29.073,4.12e-44,156,29.073
BAB_RS24610,CC_0088,0,1185,43.73,0,1176,44.414
BAB_RS24615,CC_3457,5.47e-33,116,33.333,2.26e-33,117,33.632
BAB_RS24620,CC_3456,9.03e-45,149,43.75,1.65e-44,149,43.75
BAB_RS24625,CC_3455,1.33e-76,226,58.947,1.02e-80,236,58.947
BAB_RS24630,CC_3652,6.61e-45,141,64.865,2.31e-43,137,66.019
BAB_RS24640,CC_3653,7.68e-178,507,58.422,2.3e-161,465,59.346
BAB_RS24655,CC_0256,2.09e-23,94,32.168,1.66e-27,104,32.168
BAB_RS24665,CC_1302,0,647,64.6,0,648,64.6
BAB_RS24675,CC_1700,2.39e-11,56.6,60.465,8.89e-12,56.6,60.465
BAB_RS24685,CC_3440,1.1e-43,140,46.429,8.44e-44,140,46.429
BAB_RS24690,CC_3435,5.51e-134,390,49.556,2.1e-134,392,49.556
BAB_RS24695,CC_3434,3.13e-34,128,29.353,5.78e-36,132,29.851
BAB_RS24705,CC_3433,3.08e-32,110,38.69,2.24e-32,110,38.69
BAB_RS24710,CC_3432,9.16e-39,123,59.574,6.68e-39,123,59.574
BAB_RS24715,CC_3431,4.64e-53,167,46.073,3.55e-53,167,46.073
BAB_RS24720,CC_3430,5.24e-158,449,58.252,1.36e-168,476,58.252
BAB_RS24725,CC_0314,3.25e-130,375,60.165,1.92e-134,386,60.165
BAB_RS24730,CC_0315,1.91e-143,407,68.278,6.81e-149,420,67.868
BAB_RS24745,CC_0317,3.48e-25,94.4,35.714,2.27e-25,94.4,35.714
BAB_RS24750,CC_0318,2e-45,138,74.157,1.59e-45,138,74.157
BAB_RS24755,CC_0319,1.15e-31,108,54.455,4.58e-31,106,53.333
BAB_RS24760,CC_t03,2.24e-10,45.4,70,1.78e-10,45.4,70
BAB_RS24785,CC_1732,8.59e-83,261,37.029,2.86e-88,275,37.029
BAB_RS24830,CC_3034,1.09e-54,190,38.971,5.22e-55,191,38.971
BAB_RS24840,CC_0878,0,1203,69.591,0,1212,69.591
BAB_RS24845,CC_0876,2.88e-18,80.1,64.912,1.86e-18,80.9,64.912
BAB_RS24850,CC_0875,3.74e-60,191,40.074,3.19e-60,191,40.074
BAB_RS24855,CC_0856,5.28e-156,440,60.563,4.49e-156,440,60.563
BAB_RS24860,CC_0849,0,709,52.727,0,709,52.727
BAB_RS24865,CC_0843,6.29e-178,500,60.849,1.02e-171,484,60.849
BAB_RS24870,CC_0840,6.16e-97,281,56.356,4.97e-97,281,56.356
BAB_RS24880,CC_0827,2.8e-42,134,44.366,2.28e-42,134,44.366
BAB_RS24885,CC_0828,2.73e-90,266,50,1.68e-87,259,50
BAB_RS24890,CC_0829,8.76e-41,126,69.512,6.64e-41,126,69.512
BAB_RS24895,CC_0830,9.28e-43,144,41.429,8.29e-43,143,41.429
BAB_RS24900,CC_0831,1.65e-84,253,50.903,3.14e-85,254,49.324
BAB_RS24905,CC_0403,7.35e-112,332,47.229,7.29e-108,321,48.02
BAB_RS24920,CC_0075,7.65e-29,116,30.521,3.59e-35,134,32.843
BAB_RS24935,CC_0072,6.03e-89,266,51.935,4.9e-89,266,51.935
BAB_RS24940,CC_0071,7.03e-125,360,55.525,1.49e-129,372,55.801
BAB_RS24945,CC_0070,2.03e-100,296,50.765,3.34e-94,280,50.765
BAB_RS24950,CC_0069,1.48e-25,88.6,56.667,1.63e-25,88.2,56.667
BAB_RS24960,CC_3423,3.9e-81,238,57.895,3.11e-81,238,57.895
BAB_RS24975,CC_3704,0,735,52.606,0,709,69.052
BAB_RS24980,CC_1338,4.82e-129,379,47.717,5.13e-137,399,48.233
BAB_RS24985,CC_3649,1.13e-89,266,48.399,8.5e-90,266,48.399
BAB_RS24990,CC_0107,2.92e-109,324,44.66,1.23e-106,317,44.66
BAB_RS24995,CC_0687,2.89e-21,77.8,73.913,1.2e-21,77.8,73.913
BAB_RS25000,CC_3526,1.71e-148,412,75.385,1.36e-148,412,75.385
BAB_RS25005,CC_3527,0,877,72.712,0,890,72.788
BAB_RS25010,CC_3528,3.67e-17,69.7,33.065,4.43e-21,79.7,33.065
BAB_RS25015,CC_3529,2.57e-19,75.1,35.772,3.16e-23,85.1,35.772
BAB_RS25025,CC_0196,0,652,69.083,0,653,69.083
BAB_RS25030,CC_0197,4.14e-53,161,65.517,1.18e-52,160,65.517
BAB_RS25060,CC_3070,1.16e-44,146,43.119,9.76e-45,146,43.119
BAB_RS25065,CC_0198,3.36e-94,273,56.652,2.68e-94,273,56.652
BAB_RS25070,CC_3651,1.4e-31,110,40,1.14e-31,110,40
BAB_RS25075,CC_0344,1.57e-81,246,47.475,1.21e-81,246,47.475
BAB_RS25085,CC_0342,0,562,63.537,0,576,63.537
BAB_RS25100,CC_1618,6.41e-25,89.7,42.857,2.75e-26,92.8,46.296
BAB_RS25105,CC_0340,4.53e-163,461,63.21,1.94e-163,462,63.21
BAB_RS25110,CC_0339,0,1301,63.142,0,1309,62.941
BAB_RS25115,CC_0338,4.37e-172,475,80,2.96e-162,450,80
BAB_RS25120,CC_0337,0,566,72.292,0,566,72.292
BAB_RS25125,CC_3655,1.91e-171,475,73.981,1.51e-171,475,73.981
BAB_RS25130,CC_3531,4.97e-105,312,44.92,3.65e-105,312,44.92
BAB_RS25140,CC_3686,8.56e-81,243,47.312,5.16e-72,221,47.312
BAB_RS25145,CC_3684,2.24e-180,507,60.095,1.84e-180,507,60.095
BAB_RS25150,CC_3679,1.71e-106,316,51.14,4.05e-102,304,50.987
BAB_RS25155,CC_3678,1.19e-29,106,36.62,6.83e-30,106,37.821
BAB_RS25160,CC_0519,5.16e-76,228,50,6.66e-82,243,51.575
BAB_RS25175,CC_0833,4.38e-60,179,65.385,3.38e-60,179,65.385
BAB_RS25180,CC_2209,5.98e-12,60.1,30.435,2.87e-16,71.6,30.435
BAB_RS25185,CC_3066,8.58e-139,399,54.95,8.17e-139,399,54.95
BAB_RS25190,CC_3067,5.3e-21,88.6,32.487,1.58e-21,89.7,32.487
BAB_RS25200,CC_3068,0,1103,60.455,0,1074,60.367
BAB_RS25230,CC_t31,3.07e-12,50.1,89.286,2.44e-12,50.1,89.286
BAB_RS25295,CC_0988,4.8e-29,115,26.457,7.69e-33,125,26.419
BAB_RS25310,CC_3625,7.48e-133,378,67.834,5.63e-136,386,67.834
BAB_RS25315,CC_0715,8.11e-157,436,71.28,6.46e-157,436,71.28
BAB_RS25320,CC_0726,1.45e-141,399,69.256,2.74e-139,393,69.256
BAB_RS25325,CC_0727,2.47e-122,345,69.355,1.96e-122,345,69.355
BAB_RS25330,CC_3160,6.54e-17,73.9,30.263,3.06e-14,66.6,30.263
BAB_RS25335,CC_3158,5.12e-16,65.9,37.383,4.06e-16,65.9,37.383
BAB_RS25345,CC_0729,6.5e-81,236,61.026,5.08e-81,236,61.026
BAB_RS25350,CC_0730,4.66e-08,42.4,51.282,8.28e-12,52,46.154
BAB_RS25355,CC_2861,3.95e-20,84.7,30.216,1.55e-26,102,31.408
BAB_RS25365,CC_1215,5.43e-49,152,52.381,4.1e-49,152,52.381
BAB_RS25370,CC_2210,5.51e-28,103,33.906,8.49e-26,97.1,39.259
BAB_RS25375,CC_2211,0,593,65.611,0,593,65.611
BAB_RS25385,CC_2213,3.16e-154,440,55.294,2.41e-151,432,55.294
BAB_RS25395,CC_2214,2.79e-25,93.2,35.714,2.19e-25,93.2,35.714
BAB_RS25400,CC_0520,6.57e-58,183,42.437,5.72e-58,183,42.437
BAB_RS25405,CC_2223,7.16e-123,355,50.562,3.56e-119,346,50.562
BAB_RS25410,CC_2224,1.13e-121,349,57.333,8.74e-122,349,57.333
BAB_RS25420,CC_2220,2.03e-53,165,48.851,1.58e-53,165,48.851
BAB_RS25425,CC_t51,3.19e-09,42.4,80,2.54e-09,42.4,80
BAB_RS25430,CC_3621,2.35e-20,76.3,52.055,8.62e-18,69.7,57.895
BAB_RS25435,CC_0047,1.73e-68,203,54.07,1.38e-68,203,54.07
BAB_RS25440,CC_2219,3.82e-49,159,40.09,6.56e-50,160,40.09
BAB_RS25445,CC_2218,2.45e-37,129,37.895,1.33e-37,129,37.895
BAB_RS25450,CC_2217,2.67e-30,114,34.101,4.12e-41,142,34.043
BAB_RS25455,CC_2216,1.2e-92,268,59.07,9.62e-93,268,59.07
BAB_RS25470,CC_3705,6.51e-23,89.7,38.75,5.95e-25,94.7,37.853
BAB_RS25475,CC_3706,7.07e-80,239,47.388,5.62e-80,239,47.388
BAB_RS25485,CC_3743,6.69e-103,294,65.566,1.24e-109,311,65.179
BAB_RS25490,CC_3744,2.39e-40,131,47.368,2.34e-36,121,47.368
BAB_RS25530,CC_0661,6.64e-30,99.8,58.025,2.57e-31,103,55.682
BAB_RS25545,CC_2726,1.61e-111,352,40.137,4.68e-115,360,40.652
BAB_RS25550,CC_0112,6.39e-96,278,50.407,5.05e-96,278,50.407
BAB_RS25560,CC_0672,0,660,56.033,0,662,56.158
BAB_RS25565,CC_3021,0,503,74.534,0,503,74.534
BAB_RS25570,CC_3010,3.73e-36,123,35.648,5.74e-38,127,36.574
BAB_RS25575,CC_3011,2.03e-19,73.2,42.424,1.41e-19,73.2,42.424
BAB_RS25580,CC_3017,6.44e-139,400,51.523,2.15e-132,384,51.523
BAB_RS25585,CC_3009,8.82e-127,366,54.348,1.21e-118,345,54.348
BAB_RS25590,CC_3008,3.42e-60,184,53.659,2.71e-60,184,53.659
BAB_RS25600,CC_3006,5.36e-82,247,45.847,3.29e-78,237,45.333
BAB_RS25605,CC_2995,7.45e-138,390,60.383,1.13e-126,362,60.383
BAB_RS25615,CC_1839,7.94e-12,52.4,40,6.23e-12,52.4,40
BAB_RS25630,CC_2456,1.7e-59,195,34.19,2.3e-64,208,35.897
BAB_RS25640,CC_1808,1.02e-41,140,40.486,8.04e-42,140,40.486
BAB_RS25665,CC_1634,8.33e-23,98.6,23.966,5.61e-22,95.9,24.37
BAB_RS25725,CC_3751,1.94e-28,110,34.848,1.5e-28,110,34.848
BAB_RS25730,CC_3752,1.49e-90,268,51.049,1.06e-100,293,51.049
BAB_RS25735,CC_3753,1.14e-120,342,64.479,9.13e-121,342,64.479
BAB_RS25740,CC_3754,1.47e-48,155,42.473,1.12e-48,155,42.473
BAB_RS25745,CC_3755,0,730,58.023,0,729,58.023
BAB_RS25750,CC_3756,3.69e-112,334,44.743,2.96e-112,334,44.743
BAB_RS25760,CC_3760,0,709,80.861,0,709,80.861
BAB_RS25770,CC_3761,9.63e-41,132,49.286,6.62e-41,132,49.286
BAB_RS25775,CC_3763,1.18e-99,295,45.401,9.64e-100,295,45.401
BAB_RS25780,CC_0001,1.79e-85,255,49.077,2.92e-86,257,49.254
BAB_RS25785,CC_0002,8.46e-56,172,48.404,6.38e-52,162,47.458
BAB_RS25790,CC_0003,1.64e-56,181,46.332,1.36e-66,206,46.332
BAB_RS25795,CC_0004,3.91e-73,218,58.031,1.81e-73,218,58.031
BAB_RS25800,CC_0005,7.15e-70,211,49.356,5.75e-70,211,49.356
BAB_RS25805,CC_3742,1.3e-44,141,43.038,2.33e-39,128,43.038
BAB_RS25815,CC_3741,1.45e-28,105,32.42,1.01e-26,99.8,32.857
BAB_RS25820,CC_3740,7.81e-35,129,31.638,5.58e-35,129,31.844
BAB_RS25825,CC_3739,4.57e-25,93.6,36.066,3.43e-25,93.6,36.066
BAB_RS25840,CC_3728,0,558,70.276,0,614,70.276
BAB_RS25845,CC_3727,1.2e-88,255,71.751,9.7e-89,255,71.751
BAB_RS25850,CC_3734,4.3e-77,226,55.67,3.31e-77,226,55.67
BAB_RS25860,CC_3735,5.24e-75,223,53.738,1.98e-79,233,53.738
BAB_RS25865,CC_3736,8.76e-96,277,59.746,6.9e-96,277,59.746
BAB_RS25870,CC_3737,6.14e-128,360,69.231,1.54e-120,341,69.231
BAB_RS25875,CC_3738,3.01e-18,70.9,46.296,2.39e-18,70.9,46.296
BAB_RS25885,CC_1214,6.39e-39,125,50.714,2.5e-30,103,47.143
BAB_RS25900,CC_0237,4.24e-112,318,66.524,3.31e-112,318,66.524
BAB_RS25905,CC_0238,3.65e-117,356,40.82,1.57e-117,356,40.82
BAB_RS25910,CC_0239,1.19e-09,50.8,43.038,8.54e-10,50.8,43.038
BAB_RS25915,CC_0240,6.48e-59,176,66.418,5.68e-59,176,66.418
BAB_RS25920,CC_0241,1.35e-28,96.3,54.651,9.48e-29,96.3,54.651
BAB_RS25925,CC_0257,0,691,73.319,0,692,73.319
BAB_RS25930,CC_3484,1.46e-111,355,36.244,2.37e-108,347,35.914
BAB_RS25935,CC_3535,8.81e-44,155,34.444,4.97e-44,155,34.444
BAB_RS25940,CC_3536,3.75e-48,156,42.174,1.5e-50,162,42.259
BAB_RS25945,CC_3537,5.69e-149,467,36.648,2e-143,452,36.19
BAB_RS25950,CC_3538,8.29e-151,481,39.15,0,612,38.345
BAB_RS25955,CC_3539,1.46e-42,132,52.941,1.19e-42,132,52.941
BAB_RS25960,CC_3541,8.08e-114,338,50.698,3.62e-128,375,50.93
BAB_RS25965,CC_3542,5.29e-111,321,57.554,4.28e-111,321,57.554
BAB_RS25970,CC_3543,5.03e-77,232,54.839,2.11e-88,261,54.839
BAB_RS25980,CC_3544,0,600,71.182,0,617,71.182
BAB_RS25985,CC_3545,3e-67,203,49.524,3.85e-56,175,47.143
BAB_RS25995,CC_0251,3.44e-31,112,32.127,2.58e-31,112,32.127
BAB_RS26015,CC_1053,4.37e-72,219,50.612,3.43e-72,220,50.612
BAB_RS26025,CC_1049,4.58e-77,224,72.515,5.4e-88,252,72.515
BAB_RS26035,CC_1046,4.69e-26,87.4,62.121,3.72e-26,87.4,62.121
BAB_RS26040,CC_1045,1.93e-53,161,70.085,1.35e-53,161,70.085
BAB_RS26050,CC_1044,2.96e-162,456,58.424,4.46e-165,462,58.424
BAB_RS26055,CC_1043,0,695,51.256,0,721,51.108
BAB_RS26065,CC_0010,0,995,75.981,0,983,75.039
BAB_RS26070,CC_0011,3.36e-153,434,57.218,1.25e-144,412,56.992
BAB_RS26080,CC_0105,6.26e-67,204,49.784,4.87e-67,204,49.784
BAB_RS26090,CC_0820,4.37e-35,125,32.857,3.44e-35,125,32.857
BAB_RS26095,CC_0141,1.13e-127,364,56.774,9.13e-128,364,56.774
BAB_RS26105,CC_0140,6.13e-32,125,55.856,4.11e-32,125,55.856
BAB_RS26110,CC_0167,1.86e-25,97.1,44.068,1.95e-25,97.1,44.068
BAB_RS26125,CC_1515,2.83e-85,258,42.727,2.23e-85,258,42.727
BAB_RS26130,CC_0290,7.42e-116,347,45.257,6.06e-122,362,45.732
BAB_RS26135,CC_0291,2.96e-149,428,52.262,2.32e-149,428,52.262
BAB_RS26140,CC_0292,3.29e-139,390,76.8,5.79e-140,392,76.8
BAB_RS26145,CC_0293,9.78e-77,228,50,7.44e-77,228,50
BAB_RS26150,CC_0294,2.24e-102,293,64.732,1.79e-102,293,64.732
BAB_RS26170,CC_2873,7.8e-12,57.4,32.258,7.89e-08,46.2,36.986
BAB_RS26175,CC_0059,4.91e-25,95.1,33.486,3.59e-25,95.1,33.486
BAB_RS26180,CC_0058,1.23e-29,103,38,8.8e-30,103,38
BAB_RS26190,CC_0056,4.34e-171,486,61.697,3.73e-171,485,60.652
BAB_RS26195,CC_0055,3.79e-92,274,48.534,2.83e-92,274,48.534
BAB_RS26200,CC_0054,4.61e-40,129,55.556,3.63e-40,129,55.556
BAB_RS26205,CC_0053,2.48e-62,199,45.868,1.56e-59,191,46.8
BAB_RS26210,CC_0052,6.3e-86,272,38.509,1.82e-88,279,38.2
BAB_RS26215,CC_0051,2.72e-46,144,51.88,5.06e-43,135,51.128
BAB_RS26220,CC_0050,7.49e-156,443,59.479,1.5e-156,445,59.479
BAB_RS26225,CC_0049,3.18e-47,154,38.991,2.69e-47,154,38.991
BAB_RS26230,CC_0045,2.48e-34,117,41.176,1.44e-34,117,41.176
BAB_RS26235,CC_0044,0,652,64.535,0,671,64.535
BAB_RS26240,CC_0043,2.67e-39,132,44.503,2.11e-39,132,44.503
BAB_RS26250,CC_0037,7.07e-32,108,42,5.28e-32,108,43.382
BAB_RS26255,CC_0036,1.22e-90,270,44.985,9.26e-91,270,44.985
BAB_RS26260,CC_0035,5.61e-46,139,78.652,4.45e-46,139,78.652
BAB_RS26265,CC_0034,0,1025,72.507,0,1021,71.849
BAB_RS26280,CC_3717,1.78e-107,310,57.143,1.44e-107,310,57.143
BAB_RS26285,CC_3719,0,606,72.099,0,606,72.099
BAB_RS26290,CC_3720,1.14e-78,228,65.432,8.93e-79,228,65.432
BAB_RS26300,CC_2664,7.57e-64,197,43.243,6.21e-64,197,43.243
BAB_RS26305,CC_3721,7.7e-27,97.4,35.135,6.38e-27,97.4,35.135
BAB_RS26310,CC_3722,1.77e-163,457,66.055,1.45e-163,457,66.055
BAB_RS26320,CC_2936,8.9e-68,209,42.066,6.8e-68,209,42.066
BAB_RS26330,CC_2937,1.83e-144,418,49.784,2.48e-139,405,49.784
BAB_RS26340,CC_3707,9.1e-98,287,50.171,7.76e-98,287,50.171
BAB_RS26345,CC_0006,3.83e-105,302,64.341,1.55e-112,321,64.341
BAB_RS26350,CC_0007,5.63e-35,112,65.517,4.62e-35,112,65.517
BAB_RS26385,CC_0950,3.03e-46,155,38.361,1.2e-47,159,38.361
BAB_RS26390,CC_2615,1.43e-41,144,35.252,1.18e-41,144,35.252
BAB_RS26430,CC_1170,3.94e-10,55.5,29.605,3.28e-12,60.8,28.856
BAB_RS26465,CC_3253,1.95e-38,127,45.714,1.59e-38,127,45.714
BAB_RS26470,CC_3252,1.19e-35,122,40.845,4.36e-33,115,40.845
BAB_RS26560,CC_0759,6.34e-38,139,35.391,4.01e-38,139,35.391
BAB_RS26565,CC_0758,2.25e-45,146,42.188,1.7e-45,146,42.188
BAB_RS26570,CC_t06,3.87e-11,47,100,3.07e-11,47,100
BAB_RS26575,CC_0744,1.49e-46,143,62.185,1.16e-46,143,62.185
BAB_RS26580,CC_0743,2.09e-75,229,46.565,4.64e-79,238,46.565
BAB_RS26585,CC_2252,7.89e-65,201,45.749,7.39e-64,198,45.749
BAB_RS26590,CC_2253,3.01e-36,130,29.56,2.35e-36,130,29.56
BAB_RS26600,CC_2258,1.14e-53,164,55.479,8.85e-54,164,55.479
BAB_RS26605,CC_3093,1.25e-44,153,34.203,9.4e-47,159,35.345
BAB_RS26610,CC_3607,0,1196,44.954,0,1231,44.852
BAB_RS26615,CC_3606,2.43e-73,236,37.882,1.81e-76,244,38.193
BAB_RS26635,CC_2423,1.87e-64,204,39.441,5.6e-60,192,40.411
BAB_RS26640,CC_2422,3.29e-44,154,37.611,3.38e-44,154,37.611
BAB_RS26645,CC_2421,1.14e-19,83.2,28.511,3.06e-18,78.6,28.926
BAB_RS26670,CC_2419,2.06e-156,473,35.105,9.51e-158,476,35.105
BAB_RS26690,CC_3322,1.31e-83,259,43.351,3.47e-91,279,43.351
BAB_RS26695,CC_3637,2.72e-121,346,57.762,1.3e-122,349,55.67
BAB_RS26700,CC_0163,4.35e-11,61.6,24.444,3.98e-11,61.2,24.722
BAB_RS26705,CC_2263,2.23e-105,308,54.082,1.69e-105,308,54.082
BAB_RS26715,CC_3375,9.98e-123,352,58.117,1.39e-126,361,60.071
BAB_RS26720,CC_3762,1.96e-22,93.6,29.321,3.56e-26,103,29.321
BAB_RS26735,CC_2952,1.1e-08,50.8,33.607,4.88e-13,63.2,33.607
BAB_RS26740,CC_2953,3.99e-52,179,43.852,2.68e-52,179,43.852
BAB_RS26745,CC_3313,1.18e-170,496,45.854,2.24e-177,513,45.854
BAB_RS26755,CC_1512,7.75e-37,134,46.259,3.12e-37,133,45.033
BAB_RS26760,CC_1495,8.13e-18,75.9,27.751,1.9e-17,74.7,28.5
BAB_RS26770,CC_1060,1.35e-119,343,53.42,1.11e-119,343,53.42
BAB_RS26775,CC_0328,1.66e-21,87.4,31.984,6.07e-18,77.4,31.818
BAB_RS26780,CC_0329,1.19e-31,112,40.659,3.11e-33,116,39.487
BAB_RS26790,CC_0691,1.03e-23,91.3,32.432,7.55e-24,91.3,32.432
BAB_RS26815,CC_2517,2.26e-64,201,40.78,1.76e-64,201,40.78
BAB_RS26825,CC_0360,9.06e-44,154,33.422,7.99e-44,154,33.422
BAB_RS26830,CC_0164,2.41e-41,156,26.478,2.21e-43,162,26.667
BAB_RS26840,CC_0095,6.6e-20,82.8,34.848,7.72e-20,82.8,34.848
BAB_RS26855,CC_2429,1.32e-11,62.8,28.866,1.39e-11,62.4,31.472
BAB_RS26895,CC_3715,1.12e-82,258,41.848,1.91e-87,270,41.848
BAB_RS26910,CC_0772,1.15e-10,57,46.296,9.82e-11,57,46.296
BAB_RS26925,CC_1077,5.03e-60,194,39.216,3.22e-76,236,40.282
BAB_RS26940,CC_0908,6.12e-19,72.8,41.25,4.65e-19,72.8,41.25
BAB_RS26960,CC_0750,8.22e-56,179,33.217,1.63e-60,191,33.217
BAB_RS26970,CC_2063,4.03e-36,125,33.865,3.22e-36,125,33.865
BAB_RS26975,CC_3040,8.72e-104,313,43.908,3.13e-106,319,43.908
BAB_RS26995,CC_2889,2.05e-65,206,37.179,1.65e-65,206,37.179
BAB_RS27005,CC_0468,1.4e-08,53.9,25.391,2.94e-12,65.5,27.917
BAB_RS27015,CC_0713,4.42e-21,90.5,31.667,5.36e-25,102,31.667
BAB_RS27025,CC_2354,3.22e-101,305,39.713,1.64e-93,285,39.713
BAB_RS27060,CC_0953,1.73e-08,46.6,32,1.49e-08,46.6,32
BAB_RS27065,CC_0954,8.06e-44,137,52.273,6.35e-44,137,52.273
BAB_RS27070,CC_0955,3.12e-11,52.8,36.986,1.67e-11,53.1,36.986
BAB_RS27075,CC_2064,1.25e-86,256,54.44,3.21e-90,265,54.44
BAB_RS27085,CC_2582,2.18e-66,210,57.447,1.99e-66,210,57.447
BAB_RS27100,CC_2066,5.13e-55,174,43.612,9.9e-59,183,44.398
BAB_RS27110,CC_0951,1e-74,225,49.793,8.6e-75,225,49.793
BAB_RS27135,CC_1109,4.82e-40,137,35.821,3.65e-40,137,35.821
BAB_RS27165,CC_1210,1.89e-29,101,45.361,4.42e-30,103,45.361
BAB_RS27180,CC_2813,1.16e-22,90.9,31.441,8.52e-23,90.9,31.441
BAB_RS27205,CC_3428,3.07e-72,220,45.489,2.47e-72,220,45.489
BAB_RS27220,CC_0382,1.27e-49,157,46.154,9.02e-50,157,46.154
BAB_RS27230,CC_3513,1.33e-178,508,56.198,7.98e-175,498,56.198
BAB_RS27235,CC_3512,6.49e-43,150,37.234,6.53e-55,182,37.401
BAB_RS27240,CC_3511,5.61e-53,170,51.691,1.12e-63,198,51.691
BAB_RS27245,CC_1103,5.46e-73,232,35.845,4.74e-73,232,35.845
BAB_RS27260,CC_2109,0,662,70.563,0,681,70.563
BAB_RS27270,CC_0685,0,796,77.481,0,778,77.462
BAB_RS27275,CC_0686,3.25e-49,148,77.66,2.53e-49,148,77.66
BAB_RS27280,CC_0705,1.38e-76,233,49.421,1.23e-76,233,49.421
BAB_RS27285,CC_0703,5.66e-72,223,40.656,4.28e-72,223,40.656
BAB_RS27290,CC_0701,0,1033,54.703,0,1023,54.703
BAB_RS27305,CC_0231,2.76e-38,125,53.077,3.51e-47,147,52.778
BAB_RS27310,CC_0230,4.23e-93,289,54.44,7.09e-93,288,54.44
BAB_RS27315,CC_0227,1.63e-50,158,45.161,1.3e-50,158,45.161
BAB_RS27320,CC_3584,1.85e-52,188,32.258,3.16e-59,208,32.949
BAB_RS27340,CC_0204,8.12e-119,363,39.416,9.07e-128,387,39.451
BAB_RS27345,CC_0309,1.41e-103,312,44.575,1.03e-110,330,44.977
BAB_RS27350,CC_0308,1.92e-41,140,38.824,2.28e-43,145,39.844
BAB_RS27355,CC_0307,1.46e-31,102,61.972,1.04e-31,102,61.972
BAB_RS27365,CC_0302,2.92e-74,236,39.071,1.45e-76,241,37.5
BAB_RS27370,CC_0301,2.32e-49,165,35.503,1.81e-49,165,35.503
BAB_RS27380,CC_0695,0,625,53.446,0,625,53.446
BAB_RS27385,CC_2486,4.54e-17,80.1,27.401,4.38e-17,80.1,27.401
BAB_RS27390,CC_0427,3.73e-180,503,63.947,2.95e-180,503,63.947
BAB_RS27405,CC_3562,2.69e-73,233,35.897,2.24e-73,233,35.897
BAB_RS27415,CC_3083,4.42e-144,414,53.155,3.52e-144,414,53.155
BAB_RS27420,CC_3082,4.64e-24,87.4,43.22,2.82e-24,87.4,43.22
BAB_RS27450,CC_3063,2.6e-27,112,30.657,3.43e-28,114,29.684
BAB_RS27455,CC_3062,2.4e-61,196,42.754,2.26e-61,196,41.356
BAB_RS27470,CC_2973,3.67e-53,166,48.02,3.03e-53,166,48.02
BAB_RS27530,CC_2747,4.68e-40,135,40.206,4.27e-40,135,40.206
BAB_RS27535,CC_2748,9.62e-136,384,61.111,7.49e-136,384,61.111
BAB_RS27545,CC_0323,1.63e-69,218,41.975,1.53e-69,218,41.975
BAB_RS27550,CC_0321,1.43e-132,381,58.76,5.98e-139,397,59.189
BAB_RS27580,CC_3133,2.71e-48,156,40.367,1.89e-48,156,40.367
BAB_RS27585,CC_1286,2.94e-45,149,38.645,2.43e-45,149,38.645
BAB_RS27615,CC_3305,9.54e-159,450,64.77,6.11e-159,450,64.77
BAB_RS27620,CC_3304,1.11e-36,119,67.593,1.62e-44,138,70.093
BAB_RS27625,CC_3303,0,659,76.271,0,643,73.941
BAB_RS27635,CC_2096,8.8e-15,67.8,30.857,6.92e-15,67.8,30.857
BAB_RS27640,CC_0942,1.35e-36,120,48.485,2.29e-31,107,43.885
BAB_RS27655,CC_3297,2.09e-28,94.7,86.765,4.09e-28,93.6,86.765
BAB_RS27660,CC_0119,4.88e-13,66.2,26.486,7.3e-13,66.6,25.926
BAB_RS27670,CC_2668,6.01e-44,144,46.226,1.12e-55,174,46.226
BAB_RS27675,CC_2669,8.9e-93,277,49.379,1.7e-98,291,49.379
BAB_RS27685,CC_1278,0,582,56.981,0,611,56.981
BAB_RS27740,CC_2105,9.52e-13,67.4,30.102,2.97e-12,65.9,30.102
BAB_RS27755,CC_0783,2.02e-30,110,35.071,6.54e-31,111,35.071
BAB_RS27765,CC_1419,1.63e-149,421,62.985,1.31e-149,421,62.985
BAB_RS27770,CC_0967,8.23e-109,316,53.947,6.45e-109,316,53.947
BAB_RS27775,CC_1421,0,978,79.368,0,1000,79.368
BAB_RS27780,CC_0785,1.79e-40,140,34.219,1.41e-40,140,34.219
BAB_RS27785,CC_0784,5.55e-56,174,51.295,2.26e-60,184,51.295
BAB_RS27810,CC_1744,1.57e-86,258,47.751,1.22e-86,258,47.751
BAB_RS27820,CC_0957,0,882,78.221,0,879,78.221
BAB_RS27825,CC_0958,3e-77,232,47.104,2.12e-78,235,47.49
BAB_RS27830,CC_0959,0,577,60.392,0,580,60.392
BAB_RS27835,CC_0960,1.47e-178,500,67.929,0,514,68.182
BAB_RS27840,CC_0961,2.97e-149,430,52.863,1.24e-158,453,52.863
BAB_RS27845,CC_0962,8.54e-68,206,47.391,1.96e-65,200,47.391
BAB_RS27850,CC_3143,0,553,62.093,0,553,62.093
BAB_RS27865,CC_1661,1.41e-86,264,43.631,1.02e-86,264,43.631
BAB_RS27870,CC_3573,2.11e-36,120,45.27,1.7e-36,120,45.27
BAB_RS27875,CC_0747,8.84e-09,52.8,27.451,2.19e-10,57.8,28.708
BAB_RS27880,CC_1151,7.46e-114,334,48.649,8.09e-125,362,48.649
BAB_RS27885,CC_1243,0,793,54.714,0,800,54.582
BAB_RS27895,CC_1787,1.77e-26,105,32.39,7.54e-32,120,30.685
BAB_RS27905,CC_1788,0,724,37.767,0,712,37.767
BAB_RS27915,CC_0444,2.63e-81,249,44.543,9.86e-88,265,44.543
BAB_RS27920,CC_0443,3.77e-94,284,44.503,4.96e-97,291,44.503
BAB_RS27930,CC_3630,1.65e-106,308,54.122,1.25e-106,308,54.122
BAB_RS27935,CC_1216,0,579,59.438,0,579,59.438
BAB_RS27945,CC_1117,3.05e-56,182,35.714,2.05e-56,182,35.235
BAB_RS27965,CC_1802,1.98e-38,139,37.826,1.82e-38,139,37.826
BAB_RS27985,CC_3056,3.8e-22,82.8,37.288,2.93e-22,82.8,37.288
BAB_RS28000,CC_0111,6.99e-43,137,45.89,5.39e-43,137,45.89
BAB_RS28005,CC_0110,1.31e-80,244,47.525,1.53e-88,264,48.667
BAB_RS28010,CC_0109,3.44e-65,199,48.899,5.36e-57,177,48.899
BAB_RS28015,CC_0108,2.39e-23,80.5,66.667,1.93e-23,80.5,66.667
BAB_RS28020,CC_0193,4.01e-146,414,61.173,1.37e-151,428,60.833
BAB_RS28030,CC_0980,0,576,54.844,0,624,55.829
BAB_RS28035,CC_0253,4.45e-174,484,69.388,3.51e-174,484,69.388
BAB_RS28040,CC_0915,1.06e-47,148,51.37,8.24e-48,148,51.37
BAB_RS28045,CC_0916,2.48e-36,119,54.348,3.55e-43,135,54.348
BAB_RS28050,CC_3483,9.99e-44,137,48.855,7.71e-44,137,48.855
BAB_RS28055,CC_0195,2.3e-86,250,59.5,1.83e-86,250,59.5
BAB_RS28060,CC_3659,9.8e-74,226,49.645,1.46e-75,231,49.645
BAB_RS28075,CC_3702,0,570,45.387,0,576,45.387
BAB_RS28080,CC_2174,1.72e-54,186,30.435,1.44e-54,186,30.435
BAB_RS28085,CC_0741,0,786,62.562,0,786,62.562
BAB_RS28100,CC_1385,2.17e-65,207,39.073,1.7e-65,207,39.073
BAB_RS28105,CC_3250,0,560,75.358,0,564,75.071
BAB_RS28220,CC_3595,1.86e-38,123,48.76,1.49e-38,123,48.76
BAB_RS28240,CC_0623,5.62e-25,108,24.811,4.35e-25,108,24.811
BAB_RS28245,CC_0621,3e-20,89,33.571,2.63e-20,89,33.571
BAB_RS28250,CC_0620,7.2e-43,157,31.33,5.13e-46,166,31.33
BAB_RS28280,CC_3514,7.73e-50,160,37.768,6.16e-50,160,37.768
BAB_RS28285,CC_3515,6.26e-55,169,46.286,5.05e-55,169,46.286
BAB_RS28295,CC_2372,9.83e-161,449,69.688,4.27e-157,439,69.688
BAB_RS28310,CC_2040,0,931,54.338,0,912,54.338
BAB_RS28315,CC_2041,3.85e-65,199,51.923,3.02e-65,199,51.923
BAB_RS28330,CC_2045,9.57e-27,114,30.619,9.56e-30,123,24.318
BAB_RS28335,CC_0081,2.61e-24,89.4,41.228,2.18e-24,89.4,41.228
BAB_RS28340,CC_2725,4.66e-20,75.9,39.604,3.51e-20,75.9,39.604
BAB_RS28350,CC_1981,1.58e-13,60.1,38.261,1.19e-13,60.1,38.261
BAB_RS28380,CC_1490,7.15e-134,389,54.167,7.39e-134,389,54.167
BAB_RS28390,CC_1487,9.83e-122,361,45.905,4.68e-132,387,45.905
BAB_RS28415,CC_1488,5.23e-99,305,37,5.41e-99,305,37
BAB_RS28450,CC_1110,0,530,68.085,0,550,68.085
BAB_RS28475,CC_0080,0,687,58.124,0,714,58.124
BAB_RS28480,CC_0077,0,567,68.905,0,567,68.905
BAB_RS28485,CC_0076,0,686,51.42,0,717,52.057
BAB_RS28490,CC_0082,4.2e-66,200,50.685,1.11e-58,181,50.685
BAB_RS28500,CC_0084,0,602,54.27,0,597,54.71
BAB_RS28510,CC_3569,2.72e-72,216,50.785,2.21e-72,216,50.785
BAB_RS28545,CC_0494,2.76e-43,145,40.741,2.75e-44,147,41.328
BAB_RS28550,CC_1217,8.77e-114,329,58.784,8.01e-114,329,58.784
BAB_RS28555,CC_2055,0,725,60.535,0,736,60.535
BAB_RS28560,CC_2056,5.08e-42,139,36.797,2.08e-40,135,36.797
BAB_RS28565,CC_2057,1.93e-151,437,50.418,2.7e-153,442,50.418
BAB_RS28575,CC_1047,1.58e-18,83.6,25,7.28e-20,87.4,24.528
BAB_RS28605,CC_3129,4.57e-109,325,44.626,9.53e-114,337,44.626
BAB_RS28615,CC_3130,0,563,59.424,0,563,59.424
BAB_RS28630,CC_3510,6.32e-56,181,37.374,4.69e-56,181,37.374
BAB_RS28635,CC_2246,2.13e-138,406,47.143,5.04e-136,400,46.64
BAB_RS28640,CC_3414,3.34e-163,465,50.985,4.91e-164,467,50.985
BAB_RS28645,CC_3415,1.15e-69,211,46.862,1.91e-63,195,46.862
BAB_RS28650,CC_1213,2.66e-09,49.7,39.474,1.65e-09,50.4,39.474
BAB_RS28690,CC_2796,4.26e-20,76.6,39.45,2.22e-17,69.3,39.45
BAB_RS28730,CC_3106,1.57e-09,55.1,25.439,6.99e-12,62,25.439
BAB_RS28785,CC_3525,1.21e-100,302,43.622,9.66e-101,302,43.622
BAB_RS28795,CC_3355,3.48e-94,283,44.628,2.82e-94,283,44.628
BAB_RS28800,CC_3354,1.27e-43,136,56.303,1e-43,136,56.303
BAB_RS28805,CC_3352,3.46e-78,261,42.289,3.31e-81,268,42.512
BAB_RS28815,CC_0804,0,828,48.289,0,843,48.289
BAB_RS28840,CC_1301,9.99e-100,290,52.985,7.9e-100,290,52.985
BAB_RS28845,CC_1300,1.48e-87,261,45.608,1.97e-85,255,45.608
BAB_RS28850,CC_1299,0,728,61.039,0,721,61.039
BAB_RS28855,CC_1298,0,697,56.082,0,697,56.082
BAB_RS28860,CC_1297,3.69e-53,172,39.015,1.18e-56,180,38.869
BAB_RS28865,CC_1296,1.72e-92,276,47.385,8.48e-93,276,47.385
BAB_RS28875,CC_3697,1.25e-75,230,42.761,9.89e-76,230,42.761
BAB_RS28880,CC_2918,5.69e-26,95.5,35.057,4.59e-26,95.5,35.057
BAB_RS28885,CC_3698,7.93e-33,112,38.728,1.21e-40,132,39.535
BAB_RS28890,CC_1774,1.2e-86,268,37.592,1.67e-72,231,37.592
BAB_RS28900,CC_0964,8.53e-24,102,25.741,5.2e-27,111,26.642
BAB_RS28905,CC_1579,1.3e-16,70.5,36.424,1.01e-23,88.6,35.465
BAB_RS28940,CC_0924,3.21e-18,71.6,40.741,2.81e-20,77,40.741
BAB_RS28945,CC_1242,2.36e-50,164,40.873,1.61e-53,172,42.857
BAB_RS28950,CC_0888,3.1e-20,79,35.172,2.38e-20,79,35.172
BAB_RS28990,CC_1615,9.67e-76,226,51.477,3.29e-75,224,54.68
BAB_RS28995,CC_1614,3.07e-108,325,49.454,1.22e-108,325,49.454
BAB_RS29005,CC_1440,2.39e-70,211,57.619,2.39e-65,198,57.619
BAB_RS29010,CC_1441,8.02e-43,143,37.069,3.36e-43,144,37.069
BAB_RS29015,CC_2369,0,1327,57.626,0,1342,57.626
BAB_RS29045,CC_0419,0,528,55.579,0,513,55.579
BAB_RS29060,CC_3486,1.05e-38,132,33.878,3.55e-41,139,33.878
BAB_RS29065,CC_2929,3.38e-30,112,30.435,2.8e-30,112,30.435
BAB_RS29090,CC_0186,5e-124,364,49.657,2.73e-131,382,49.657
BAB_RS29125,CC_2746,5.73e-15,72.4,26.801,4.05e-17,78.6,26.513
BAB_RS29160,CC_2410,1.73e-34,127,33.227,1.79e-30,116,33.227
BAB_RS29165,CC_2409,2.41e-39,131,41.346,2.01e-39,131,41.346
BAB_RS29170,CC_2408,1.1e-65,201,47.009,8.34e-66,201,47.009
BAB_RS29180,CC_2411,3.8e-39,137,34.94,4.43e-39,137,34.94
BAB_RS29190,CC_2404,7.36e-138,396,59.621,5.87e-138,396,59.621
BAB_RS29195,CC_2403,8.29e-35,124,29.433,6.04e-35,124,29.433
BAB_RS29205,CC_2405,2.88e-71,215,51.142,2.34e-71,215,51.142
BAB_RS29210,CC_2406,7.87e-62,189,46.231,2.74e-62,190,45.813
BAB_RS29215,CC_2407,0,513,66.416,0,513,66.416
BAB_RS29305,CC_2466,2.06e-145,418,52.174,1.53e-145,418,52.174
BAB_RS29320,CC_2463,4.75e-69,201,79.167,3.98e-69,201,79.167
BAB_RS29325,CC_2462,7e-134,390,45.987,5.54e-134,390,45.987
BAB_RS29330,CC_2459,4.16e-25,84.3,74.545,3.3e-25,84.3,74.545
BAB_RS29340,CC_2457,7.51e-38,130,41.441,6.76e-40,135,41.441
BAB_RS29345,CC_1021,4.37e-18,72.4,36.522,9.18e-21,79,38.655
BAB_RS29350,CC_2453,0,703,51.451,0,707,51.451
BAB_RS29355,CC_2451,0,1087,64.916,0,1090,63.688
BAB_RS29365,CC_2447,4.02e-94,283,46.277,4.16e-96,288,46.277
BAB_RS29370,CC_2446,2.1e-55,172,54.974,3.44e-53,166,50.785
BAB_RS29375,CC_2444,5.94e-124,363,47.294,3.84e-124,363,47.294
BAB_RS29380,CC_2443,1.34e-136,387,68.439,7.18e-136,385,68.439
BAB_RS29390,CC_2439,7.96e-40,129,48.052,6.09e-40,129,48.052
BAB_RS29400,CC_2438,2.44e-30,100,53.684,3.86e-26,89.7,53.684
BAB_RS29405,CC_2437,0,657,68.839,0,658,68.839
BAB_RS29415,CC_1974,0,855,65.951,0,855,66.151
BAB_RS29425,CC_2176,2.23e-98,284,67.123,9.14e-105,300,67.123
BAB_RS29430,CC_0836,4.01e-54,191,35.11,6.44e-57,199,35.11
BAB_RS29450,CC_2047,6.75e-106,334,38.943,2.26e-109,343,38.943
BAB_RS29460,CC_2304,1.08e-135,395,50,1.12e-141,410,49.558
BAB_RS29465,CC_0118,0,674,57.002,0,679,57.002
BAB_RS29470,CC_1437,0,622,51.146,0,622,51.146
BAB_RS29475,CC_1845,6.83e-21,77.4,43.373,6.61e-21,77.4,43.373
BAB_RS29480,CC_1844,0,1266,55.288,0,1238,55.202
BAB_RS29490,CC_1843,2.65e-62,191,48.804,2.01e-62,191,48.804
BAB_RS29505,CC_1613,6.31e-50,151,65.385,4.87e-50,151,65.385
BAB_RS29520,CC_3759,1.9e-78,236,52.34,2.04e-78,236,52.34
BAB_RS29555,CC_3262,1.49e-46,146,49.007,1.17e-46,146,49.007
BAB_RS29650,CC_2382,0,524,59.633,1.13e-178,504,59.633
BAB_RS29660,CC_2383,9.14e-109,317,50.476,7.23e-109,317,50.476
BAB_RS29665,CC_1146,2.15e-143,405,61.613,1.59e-143,405,61.613
BAB_RS29670,CC_2435,9.53e-09,47.8,50,1.65e-08,47.8,34.314
BAB_RS29700,CC_0009,2.69e-44,144,42.246,1.55e-44,145,42.246
BAB_RS29715,CC_2412,2.42e-18,83.2,28.382,1.25e-23,98.6,29.659
BAB_RS29730,CC_1769,2.32e-80,237,55.251,1.29e-79,235,55.251
BAB_RS29795,CC_0536,2.62e-68,210,48.536,2.43e-68,210,48.333
BAB_RS29805,CC_0763,7.03e-152,431,60.541,9.94e-158,446,60.541
BAB_RS29810,CC_0762,0,653,62.428,0,653,62.428
BAB_RS29820,CC_0761,1.99e-57,198,38.926,2.58e-67,224,37.805
BAB_RS29870,CC_0015,2.6e-08,48.1,33.333,1.49e-13,62.4,33.333
BAB_RS29880,CC_3521,6.84e-128,367,55.806,2.24e-128,368,55.806
BAB_RS29885,CC_1576,1e-48,167,35.925,3.53e-53,179,36.461
BAB_RS29890,CC_1575,1.31e-15,69.7,31.461,9.26e-18,75.1,32.584
BAB_RS29895,CC_1577,1.35e-86,266,38.557,4.26e-88,270,39.055
BAB_RS29960,CC_1182,7.69e-65,199,50.431,1.22e-73,221,50.431
BAB_RS29965,CC_1181,1e-56,192,39.147,8.17e-59,197,36.013
BAB_RS29970,CC_3714,9.32e-53,176,39.286,2.59e-65,209,38.793
BAB_RS30025,CC_2080,4.84e-08,48.9,41.818,3.57e-08,48.9,41.818
BAB_RS30050,CC_2864,6.64e-26,90.5,45.263,6.05e-26,90.5,45.263
BAB_RS30055,CC_1436,1.14e-80,244,50.489,1.03e-85,257,50.489
BAB_RS30075,CC_0637,1.14e-20,87.8,30.493,9.31e-21,87.8,30.493
BAB_RS30095,CC_0894,2.43e-174,489,61.519,3.2e-162,458,61.519
BAB_RS30105,CC_2183,3.38e-33,112,51.282,2.92e-33,112,51.282
BAB_RS30110,CC_3045,6.32e-41,140,33.457,5.03e-41,140,33.457
BAB_RS30125,CC_1223,9.83e-156,447,54.374,1.75e-159,456,54.374
BAB_RS30290,CC_2494,3.24e-33,125,29.043,1.6e-31,120,29.043
BAB_RS30330,CC_1620,0,710,66.536,0,710,66.536
BAB_RS30345,CC_1619,4.3e-114,338,47.1,1.29e-114,339,47.1
BAB_RS30375,CC_1617,0,655,67.152,0,636,67.152
BAB_RS30385,CC_2187,8.36e-52,172,40.909,6.21e-52,172,40.909
BAB_RS30420,CC_0276,2.89e-48,160,40.86,3.69e-57,183,41.199
BAB_RS30425,CC_3126,2.5e-09,55.8,23.697,2.45e-11,61.6,24.048
BAB_RS30495,CC_t27,6.46e-12,48.9,92,5.13e-12,48.9,92
BAB_RS30520,CC_0260,1.29e-08,52.4,20.736,1.08e-08,52.4,20.736
BAB_RS30525,CC_3492,7.98e-37,143,26.03,1.71e-42,160,26.144
BAB_RS30610,CC_3290,1.71e-47,150,57.724,1.12e-47,150,57.724
BAB_RS30685,CC_1276,1.44e-43,149,41.121,1.16e-43,149,41.232
BAB_RS30760,CC_1412,1.08e-10,57,25.701,1.06e-10,57,25.701
BAB_RS30765,CC_1173,2e-10,57.8,33.929,1.75e-10,57.8,33.929
BAB_RS30885,CC_3174,3.59e-26,104,31.66,6.63e-31,117,32.394
BAB_RS30940,CC_2392,1.09e-16,73.6,32.683,4.74e-19,79.7,34.3
BAB_RS30965,CC_0769,1.04e-11,49.7,70.455,6.58e-17,62.8,70.455
BAB_RS30970,CC_0768,5.85e-14,62,44.444,4.9e-14,62,44.444
BAB_RS30975,CC_0767,1.6e-171,498,44.715,4.65e-174,504,44.175
BAB_RS30980,CC_0766,5.27e-70,211,56.373,2.13e-70,212,56.373
BAB_RS30985,CC_0283,1.31e-103,301,56.552,1.22e-103,301,56.552
BAB_RS30990,CC_0282,3.74e-59,183,44.595,2.8e-59,183,44.595
BAB_RS30995,CC_0810,2.04e-77,233,44.882,1.52e-77,233,44.882
BAB_RS31000,CC_0281,1.14e-123,351,68.794,2.96e-133,375,68.794
BAB_RS31010,CC_0275,9.04e-116,340,50.761,2.15e-123,358,51.015
BAB_RS31020,CC_0278,7.59e-103,296,60.729,5.93e-103,296,60.729
BAB_RS31025,CC_0279,1.27e-112,325,55.184,1.01e-112,325,55.184
BAB_RS31030,CC_0272,3.88e-67,199,57.233,3.05e-67,199,57.233
BAB_RS31045,CC_1343,6.21e-08,43.5,38.462,5.72e-08,43.5,38.462
BAB_RS31055,CC_1034,0,973,79.035,0,995,79.035
BAB_RS31060,CC_3604,4.07e-92,274,52.215,3.75e-107,312,52.215
BAB_RS31065,CC_3605,1.34e-103,299,63.74,6.56e-115,328,63.74
BAB_RS31070,CC_3639,6.36e-59,182,45.022,3.06e-56,176,45.022
BAB_RS31075,CC_3638,1.63e-155,440,58.696,1.22e-155,440,58.696
BAB_RS31080,CC_1055,3.45e-68,211,41.812,2.71e-68,211,41.812
BAB_RS31095,CC_2054,5.51e-56,182,36.392,4.22e-56,182,36.392
BAB_RS31100,CC_0305,1.76e-121,369,37.37,1.39e-121,369,37.37
BAB_RS31105,CC_3550,7.29e-75,226,50.752,5.33e-75,226,50.752
BAB_RS31110,CC_2261,1.22e-54,171,46.009,1.12e-54,171,46.009
BAB_RS31115,CC_t50,1.13e-09,43.5,79.31,9e-10,43.5,79.31
BAB_RS31140,CC_1849,4.64e-125,370,42.605,3.8e-125,370,42.605
BAB_RS31145,CC_0523,1.09e-22,91.3,29.032,3.62e-23,92.4,29.084
BAB_RS31165,CC_1070,0,534,52.998,0,560,53.143
BAB_RS31170,CC_3712,1.93e-149,427,58.5,5.53e-142,407,58.5
BAB_RS31175,CC_3709,6.07e-140,410,47.473,4.59e-140,410,47.473
BAB_RS31180,CC_3708,5.06e-86,254,52.381,3.77e-86,254,52.381
BAB_RS31185,CC_2268,2.29e-101,289,66.505,1.83e-101,289,66.505
BAB_RS31195,CC_0994,7.28e-104,296,67.299,1.39e-108,308,67.299
BAB_RS31205,CC_t10,3.94e-16,60.1,93.333,3.13e-16,60.1,93.333
BAB_RS31290,CC_1122,5.25e-15,75.5,22.553,5.32e-15,75.1,22.553
BAB_RS31325,CC_3142,6.46e-11,56.2,29.193,2.31e-13,62.4,29.193
BAB_RS31355,CC_2128,5.89e-16,73.6,40.152,4.88e-16,73.6,40.152
BAB_RS31375,CC_3136,1.52e-47,158,37.795,1.65e-46,155,38.034
BAB_RS31385,CC_3139,1.2e-20,90.5,30.348,2e-25,104,30.597
BAB_RS31455,CC_t47,1.33e-08,40.8,80,1.06e-08,40.8,80
BAB_RS31475,CC_2625,4.08e-35,116,46.269,3.24e-35,116,46.269
BAB_RS31500,CC_0357,1.27e-12,58.9,34.677,1.4e-15,66.6,35.2
BAB_RS31530,CC_1076,4.32e-19,80.9,29.954,2.46e-19,81.3,30.396
BAB_RS31540,CC_0910,2.43e-104,327,45.733,1.39e-119,366,46.389
BAB_RS31550,CC_1075,5.48e-13,55.8,40.741,6.38e-17,65.9,40.741
BAB_RS31560,CC_1458,9.86e-16,66.6,30.556,7.26e-16,66.6,30.556
BAB_RS31565,CC_1459,2.46e-11,53.5,34,2.05e-11,53.5,34
BAB_RS31575,CC_0899,2.1e-10,59.7,26.4,6.96e-09,55.1,26.4
BAB_RS31580,CC_0902,2.53e-23,98.6,34.351,4.46e-20,89.4,34.351
BAB_RS31605,CC_1573,4.19e-16,74.7,37.19,1.14e-18,81.6,47.297
BAB_RS31615,CC_0905,6.54e-67,224,30.175,2.54e-71,236,30.106
BAB_RS31620,CC_0792,2.46e-47,156,40.214,9.42e-38,131,39.502
BAB_RS31650,CC_2399,2.57e-18,80.9,26.119,1.24e-19,84.3,26.103
BAB_RS31710,CC_0244,1.59e-10,55.5,26.108,1.26e-10,55.5,26.108
BAB_RS31725,CC_0426,1.18e-10,60.1,23.747,3.39e-08,52,24.803
BAB_RS31730,CC_3141,5.71e-169,483,51.527,2.74e-167,478,51.527
BAB_RS31735,CC_0658,2.12e-30,122,27.387,3.69e-37,141,27.758
BAB_RS31800,CC_1172,9.54e-18,82.8,24.95,2.8e-21,93.2,24.95
BAB_RS31805,CC_1833,1.5e-08,52,26.994,1.75e-08,52,26.829
BAB_RS31810,CC_0611,2.06e-62,194,43.966,8.13e-59,184,43.404
BAB_RS31815,CC_0610,1.55e-24,96.3,28.205,4e-27,103,28.205
BAB_RS31820,CC_1792,4.02e-12,63.5,27.751,5.63e-19,84,29.148
BAB_RS31875,CC_1411,3.96e-129,378,44.027,4.25e-128,375,44.027
BAB_RS31950,CC_1772,0,570,72.973,0,543,72.973
BAB_RS32150,CC_1346,6.15e-21,79,45.946,1.41e-18,72.8,45.536
BAB_RS32270,CC_2742,2.39e-61,194,68.421,1.16e-71,221,68.421
BAB_RS32345,CC_2776,3.92e-31,109,41.958,3.56e-31,109,41.958
BAB_RS33465,CC_0313,0,555,54.076,0,555,54.076
