Abortus2308,B_henselae,G1.evalue,G1.bitscore,G1.pident,G2.evalue,G2.bitscore,G2.pident
BAB_RS10420,AYT27_RS00585,0,689,71.457,0,664,68.511
BAB_RS10425,AYT27_RS00590,0,514,67.112,0,509,66.845
BAB_RS10435,AYT27_RS00595,7.83e-144,409,56.757,2.93e-136,390,56.757
BAB_RS15955,AYT27_RS01240,1.68e-121,343,65.726,3.21e-121,343,65.726
BAB_RS15965,AYT27_RS01235,0,738,65.73,0,738,65.73
BAB_RS15970,AYT27_RS01230,0,508,65.782,0,508,65.782
BAB_RS15975,AYT27_RS01225,1.97e-176,491,64.439,3.94e-176,491,64.439
BAB_RS16035,AYT27_RS00485,2.6e-12,48.9,96,5.07e-12,48.9,96
BAB_RS16040,AYT27_RS00480,1.49e-31,105,66.4,1.03e-30,103,70.886
BAB_RS16045,AYT27_RS00475,0,587,66.819,0,584,66.819
BAB_RS16050,AYT27_RS00470,1.38e-87,254,59.804,2.65e-87,254,59.804
BAB_RS16055,AYT27_RS00465,0,999,84.806,0,983,84.806
BAB_RS16060,AYT27_RS01175,1.97e-108,316,54.192,1.4e-99,294,54.192
BAB_RS16075,AYT27_RS01180,2.75e-119,332,80.597,5.38e-119,332,80.597
BAB_RS16080,AYT27_RS01185,7.67e-51,152,63.551,1.51e-50,152,63.551
BAB_RS16085,AYT27_RS01190,0,713,56.825,0,707,57.619
BAB_RS16100,AYT27_RS01210,5.32e-147,410,66.312,1.04e-146,410,66.312
BAB_RS16105,AYT27_RS01215,2.46e-115,326,66.116,4.66e-115,326,66.116
BAB_RS16110,AYT27_RS01220,4.05e-38,126,35.714,9.37e-37,123,35.359
BAB_RS16120,AYT27_RS00605,6.63e-79,240,45.724,1.6e-86,260,45.724
BAB_RS16130,AYT27_RS00615,1.22e-65,197,48.804,2.51e-65,197,48.804
BAB_RS16135,AYT27_RS00620,3.56e-13,59.3,35.577,9.32e-17,70.5,35.577
BAB_RS16145,AYT27_RS00225,0,636,49.761,0,613,49.761
BAB_RS16150,AYT27_RS00230,0,965,36.66,0,942,36.66
BAB_RS16170,AYT27_RS00320,8.28e-27,100,41.803,9.03e-27,100,41.803
BAB_RS16185,AYT27_RS06280,1.37e-143,408,54.301,8.64e-142,404,53.908
BAB_RS16190,AYT27_RS06925,0,671,58.379,0,655,58.379
BAB_RS16210,AYT27_RS03790,1.03e-24,92.8,27.749,1.76e-24,92.8,27.749
BAB_RS16260,AYT27_RS00800,1.76e-26,97.8,33.333,2.76e-26,97.8,33.333
BAB_RS16270,AYT27_RS00110,1.07e-72,216,46.919,2.03e-72,216,46.919
BAB_RS16280,AYT27_RS00105,0,654,77.317,0,654,77.317
BAB_RS16290,AYT27_RS00100,1.69e-63,189,52.41,3.3e-63,189,52.41
BAB_RS16315,AYT27_RS00285,3.68e-53,164,44,2.02e-49,155,44
BAB_RS16335,AYT27_RS00040,2.78e-107,306,63.218,2.23e-111,317,63.602
BAB_RS16360,AYT27_RS00575,0,1484,80.179,0,1484,80.179
BAB_RS16365,AYT27_RS00570,8.68e-65,195,49.735,1.64e-64,195,49.735
BAB_RS16370,AYT27_RS00565,7.12e-42,137,48.421,4.12e-49,157,44.7
BAB_RS16375,AYT27_RS00560,1.32e-92,270,53.586,1.46e-95,278,53.586
BAB_RS16385,AYT27_RS00550,1.03e-50,159,47.799,1.56e-52,165,41.872
BAB_RS16390,AYT27_RS00495,0,1004,77.451,0,963,77.451
BAB_RS16445,AYT27_RS00460,0,3450,57.448,0,3496,57.448
BAB_RS16450,AYT27_RS00455,0,755,80.645,0,755,80.645
BAB_RS16480,AYT27_RS02490,2.53e-56,176,37.681,8.83e-59,184,37.681
BAB_RS16490,AYT27_RS01300,1.1e-117,329,78.325,4.42e-123,343,78.325
BAB_RS16495,AYT27_RS01295,0,683,71.888,0,704,71.888
BAB_RS16500,AYT27_RS00030,0,1417,68.916,0,1417,68.916
BAB_RS16510,AYT27_RS00205,0,1306,79.401,0,1308,79.401
BAB_RS16580,AYT27_RS06895,2.05e-102,289,71.579,3.32e-99,281,71.579
BAB_RS16585,AYT27_RS06890,3.59e-52,160,44.72,1.4e-44,142,44.72
BAB_RS16590,AYT27_RS06885,0,530,70.141,0,530,70.141
BAB_RS16595,AYT27_RS06880,0,642,62.188,0,631,62.188
BAB_RS16610,AYT27_RS00505,0,1251,67.692,0,1249,68.849
BAB_RS16620,AYT27_RS00050,2.17e-31,107,46.203,1.26e-41,134,46.203
BAB_RS16625,AYT27_RS00055,1.56e-140,394,66.182,2.89e-140,394,66.182
BAB_RS16630,AYT27_RS00060,1.12e-163,457,70.684,3.27e-163,456,70.684
BAB_RS16635,AYT27_RS00065,1.42e-21,77.8,40,2.55e-21,77.8,40
BAB_RS16640,AYT27_RS00070,1.23e-51,153,80.22,2.36e-51,153,80.22
BAB_RS16650,AYT27_RS00075,4.43e-52,164,41.237,7.8e-52,164,41.237
BAB_RS16655,AYT27_RS00080,4.44e-48,152,48.734,1.14e-47,152,48.734
BAB_RS16660,AYT27_RS00085,8.97e-147,408,79.592,1.67e-146,408,79.592
BAB_RS16675,AYT27_RS00095,2.76e-82,235,75.974,5.4e-82,235,75.974
BAB_RS16680,AYT27_RS00390,2.25e-29,96.3,51.899,4.5e-29,96.3,51.899
BAB_RS16685,AYT27_RS00395,2.26e-58,174,55.714,4.48e-58,174,55.714
BAB_RS16695,AYT27_RS00400,5.69e-114,323,64.935,1.1e-113,323,64.935
BAB_RS16700,AYT27_RS00185,1.4e-85,250,51.948,2.24e-75,225,51.724
BAB_RS16715,AYT27_RS00280,1.52e-100,287,66.514,6.83e-95,273,66.514
BAB_RS16720,AYT27_RS00275,0,521,74.928,0,521,74.928
BAB_RS16740,AYT27_RS00270,7.98e-104,295,64.486,1.53e-103,295,64.486
BAB_RS16745,AYT27_RS00265,8.76e-168,472,58.376,1.69e-167,472,58.376
BAB_RS16750,AYT27_RS06275,2.39e-107,310,56.552,2.5e-107,311,56.552
BAB_RS16755,AYT27_RS06270,7.44e-45,138,55.738,1.45e-44,138,55.738
BAB_RS16795,AYT27_RS06265,1.48e-36,114,69.136,2.88e-36,114,69.136
BAB_RS16855,AYT27_RS04135,0,519,54.91,0,516,54.603
BAB_RS16925,AYT27_RS02520,2.89e-87,251,59.091,5.59e-87,251,59.091
BAB_RS16930,AYT27_RS02525,1.57e-119,338,61.024,1.14e-114,326,61.024
BAB_RS16935,AYT27_RS02530,4.45e-16,61.2,47.692,8.7e-16,61.2,47.692
BAB_RS16940,AYT27_RS02535,6.6e-111,321,52.366,4.08e-109,317,53.094
BAB_RS16945,AYT27_RS08510,2.31e-74,225,46.127,7.08e-67,207,46.127
BAB_RS17105,AYT27_RS01505,2.31e-155,439,55.584,4.37e-155,439,55.584
BAB_RS17115,AYT27_RS04635,1.5e-19,70.5,47.692,2.69e-19,70.5,47.692
BAB_RS17125,AYT27_RS04640,1.75e-81,244,48.239,6.62e-87,258,48.239
BAB_RS17200,AYT27_RS01500,4.39e-21,77.8,56.338,9.46e-21,77.8,56.338
BAB_RS17255,AYT27_RS01955,1.36e-08,39.7,80,2.65e-08,39.7,80
BAB_RS17260,AYT27_RS07240,2.9e-17,65.5,48.214,7.17e-17,65.5,48.214
BAB_RS17265,AYT27_RS07245,4.87e-74,219,53.883,1.06e-73,219,53.883
BAB_RS17270,AYT27_RS07250,3.97e-46,137,88.889,7.77e-46,137,88.889
BAB_RS17295,AYT27_RS07395,0,602,68.372,0,589,68.372
BAB_RS17305,AYT27_RS07400,2.28e-11,46.6,100,4.46e-11,46.6,100
BAB_RS17380,AYT27_RS00670,1.65e-12,49.7,92,3.23e-12,49.7,92
BAB_RS17390,AYT27_RS00675,7.33e-96,287,41.127,2.06e-93,281,40.845
BAB_RS17395,AYT27_RS00680,0,1347,64.757,0,1287,64.828
BAB_RS17440,AYT27_RS00690,0,697,59.633,0,697,59.633
BAB_RS17485,AYT27_RS00215,7.03e-92,270,46.947,1.42e-91,270,46.947
BAB_RS17505,AYT27_RS00545,6.14e-69,203,59.429,6.77e-71,209,60
BAB_RS17510,AYT27_RS00540,0,527,60.253,0,527,60.253
BAB_RS17520,AYT27_RS00535,6.57e-132,375,54.819,1.27e-131,375,54.819
BAB_RS17540,AYT27_RS01405,0,550,74.722,0,550,74.722
BAB_RS17550,AYT27_RS06220,2.41e-11,50.8,42.045,7.27e-20,73.2,42.045
BAB_RS17565,AYT27_RS02015,5.78e-142,403,54.571,1.12e-141,403,54.571
BAB_RS17595,AYT27_RS02010,3.4e-72,208,75.182,6.6e-72,208,75.182
BAB_RS17640,AYT27_RS03975,1.71e-49,168,29.146,3.18e-49,168,29.146
BAB_RS17645,AYT27_RS02650,1.9e-95,279,49.286,3.61e-95,279,49.286
BAB_RS17650,AYT27_RS02655,4.58e-114,325,57.736,8.96e-114,325,57.736
BAB_RS17655,AYT27_RS06475,2.01e-84,249,48.387,4.21e-84,249,48.387
BAB_RS17665,AYT27_RS08605,0,546,69.315,0,546,69.315
BAB_RS17670,AYT27_RS08610,0,591,69.512,0,622,69.512
BAB_RS17690,AYT27_RS00865,3.4e-29,102,34.043,7.14e-29,102,34.043
BAB_RS17835,AYT27_RS02495,1.72e-52,168,47.239,1.62e-52,168,47.239
BAB_RS17865,AYT27_RS02115,1.46e-61,188,44.091,7.86e-58,179,44.091
BAB_RS17870,AYT27_RS02120,0,715,71.577,0,715,71.577
BAB_RS17885,AYT27_RS02130,6.41e-26,91.3,39.098,9.94e-23,84,39.098
BAB_RS17890,AYT27_RS02135,1.18e-133,373,75.403,2.67e-139,388,75.403
BAB_RS17895,AYT27_RS02140,9.1e-44,132,97.183,1.8e-43,132,97.183
BAB_RS17900,AYT27_RS02145,1.85e-64,193,50.495,3.28e-64,193,50.495
BAB_RS17905,AYT27_RS02150,1.02e-53,163,53.049,2.05e-53,163,53.049
BAB_RS17910,AYT27_RS02200,4.08e-94,270,61.86,2.28e-89,259,61.86
BAB_RS17935,AYT27_RS02190,3.52e-66,205,43.214,9.28e-75,228,43.214
BAB_RS17945,AYT27_RS02180,2.94e-125,371,63.103,3.09e-125,370,63.103
BAB_RS17950,AYT27_RS02175,3.24e-97,281,58.566,2.04e-93,273,57.647
BAB_RS17960,AYT27_RS02170,1.05e-167,467,68.731,2.17e-167,467,68.731
BAB_RS17965,AYT27_RS02165,3.02e-172,498,42.984,2.79e-170,493,43.165
BAB_RS17970,AYT27_RS02160,0,540,83,0,540,83
BAB_RS17980,AYT27_RS02155,0,942,60.438,0,942,60.438
BAB_RS17985,AYT27_RS02205,8.33e-126,359,57.367,1.61e-125,359,57.367
BAB_RS17990,AYT27_RS02210,0,599,60.86,0,590,60.86
BAB_RS18005,AYT27_RS02215,9.74e-28,99,33.516,5.66e-26,95.1,37.405
BAB_RS18025,AYT27_RS02220,0,602,65.412,0,580,65.412
BAB_RS18030,AYT27_RS02225,3.13e-140,396,59.281,1.1e-131,375,59.281
BAB_RS18035,AYT27_RS02235,8.72e-108,304,70.443,1.74e-107,304,70.443
BAB_RS18045,AYT27_RS02240,5.18e-131,371,60.952,1.85e-118,340,59.494
BAB_RS18050,AYT27_RS02245,6.45e-175,479,84.559,1.26e-174,479,84.559
BAB_RS18085,AYT27_RS02250,0,584,78.729,0,603,78.729
BAB_RS18090,AYT27_RS02255,0,533,68.28,0,533,68.28
BAB_RS18100,AYT27_RS02260,9.31e-36,112,66.667,1.82e-35,112,66.667
BAB_RS18125,AYT27_RS02265,0,975,75.238,0,959,75.238
BAB_RS18130,AYT27_RS02270,1.75e-99,286,61.728,4.08e-91,266,61.728
BAB_RS18135,AYT27_RS02275,2.92e-149,426,51.351,2.79e-144,414,51.351
BAB_RS18145,AYT27_RS08565,2.29e-29,99.4,39.831,1.67e-26,92.8,42.857
BAB_RS18150,AYT27_RS00315,1.43e-09,52.4,39.683,1.05e-09,52.4,39.683
BAB_RS18155,AYT27_RS02695,0,947,72.654,0,947,72.654
BAB_RS18160,AYT27_RS02700,5.01e-114,323,64.091,9.05e-114,323,64.091
BAB_RS18165,AYT27_RS02705,8.17e-110,315,60.377,8.07e-119,338,60.377
BAB_RS18170,AYT27_RS02710,7.73e-124,348,64.634,1.53e-123,348,64.634
BAB_RS18175,AYT27_RS02715,0,805,78.512,0,783,78.512
BAB_RS18180,AYT27_RS02720,1.05e-59,181,52.717,3.56e-61,186,52.717
BAB_RS18185,AYT27_RS02725,0,712,78.261,0,716,78.261
BAB_RS18190,AYT27_RS02730,0,707,69,0,707,69
BAB_RS18200,AYT27_RS02740,2.18e-98,279,72.872,4.64e-98,279,72.872
BAB_RS18205,AYT27_RS02745,1.26e-33,122,32.013,1.82e-29,111,32.013
BAB_RS18210,AYT27_RS02750,3.12e-51,151,86.585,6.09e-51,151,86.585
BAB_RS18215,AYT27_RS02755,3.23e-57,171,58.451,1.44e-55,167,71.429
BAB_RS18220,AYT27_RS02770,2.92e-158,441,69.872,2.42e-152,426,69.435
BAB_RS18225,AYT27_RS02775,2.51e-148,410,80,4.91e-148,410,80
BAB_RS18230,AYT27_RS02780,9.83e-46,137,91.026,1.92e-45,137,91.026
BAB_RS18235,AYT27_RS02785,0,628,81.384,0,648,81.384
BAB_RS18240,AYT27_RS02790,1.17e-140,402,59.337,5.4e-136,390,58.982
BAB_RS18250,AYT27_RS02795,8.21e-94,270,61.463,1.62e-93,270,61.463
BAB_RS18255,AYT27_RS02280,0,687,70.488,0,687,70.488
BAB_RS18260,AYT27_RS02285,5.24e-37,123,40,2.46e-36,122,40
BAB_RS18275,AYT27_RS02290,3.16e-125,356,60.351,2.66e-128,365,61.053
BAB_RS18305,AYT27_RS02295,0,528,80.061,0,528,80.061
BAB_RS18310,AYT27_RS02300,3.64e-141,398,57.367,6.95e-141,398,57.367
BAB_RS18315,AYT27_RS02305,4.85e-75,217,67.808,9.54e-75,217,67.808
BAB_RS18320,AYT27_RS06930,9.06e-32,108,37.671,3.47e-31,107,37.671
BAB_RS18325,AYT27_RS02310,1.96e-29,108,28.631,2.36e-29,108,28.631
BAB_RS18330,AYT27_RS02315,7.33e-73,215,53.368,1.39e-72,215,53.368
BAB_RS18335,AYT27_RS02320,0,1122,54.123,0,1122,54.123
BAB_RS18345,AYT27_RS02325,0,637,70.616,0,637,70.616
BAB_RS18350,AYT27_RS02330,0,635,63.715,0,635,63.715
BAB_RS18370,AYT27_RS02350,9.19e-82,240,51.515,1.84e-81,240,51.515
BAB_RS18380,AYT27_RS02355,0,576,70.213,0,576,70.213
BAB_RS18390,AYT27_RS02360,1.36e-141,402,57.803,3.53e-146,414,57.803
BAB_RS18395,AYT27_RS02365,6.31e-50,154,43.03,1.17e-49,154,43.03
BAB_RS18400,AYT27_RS02370,3.13e-75,222,58.696,9.5e-75,222,58.696
BAB_RS18420,AYT27_RS02375,0,1413,77.088,0,1418,77.117
BAB_RS18435,AYT27_RS02415,2.1e-64,198,38.672,5.97e-57,179,38.672
BAB_RS18475,AYT27_RS02410,1.43e-12,49.7,88,2.8e-12,49.7,88
BAB_RS18735,AYT27_RS06030,6.67e-67,203,45.532,2.09e-65,200,53.672
BAB_RS18750,AYT27_RS02405,8.83e-115,321,75.758,1.73e-114,321,75.758
BAB_RS18760,AYT27_RS02400,0,945,63.135,0,945,63.135
BAB_RS18765,AYT27_RS02395,2.52e-61,181,63.235,3.48e-63,187,63.571
BAB_RS18790,AYT27_RS02390,8.7e-58,172,58.209,1.64e-57,172,58.209
BAB_RS18805,AYT27_RS02380,6.59e-26,100,27.852,1.55e-25,100,28.105
BAB_RS18820,AYT27_RS02420,1.26e-45,144,37.356,2.44e-45,144,37.356
BAB_RS18825,AYT27_RS02425,1.87e-53,166,41.294,3.57e-53,166,41.294
BAB_RS18830,AYT27_RS02430,0,852,59.169,0,834,59.169
BAB_RS18930,AYT27_RS02435,7.98e-16,62.4,40.351,1.23e-15,62.4,40.351
BAB_RS18935,AYT27_RS02440,6.05e-123,344,71.946,1.15e-122,344,71.946
BAB_RS18940,AYT27_RS02445,3.48e-151,433,49.078,7.34e-151,433,49.078
BAB_RS18950,AYT27_RS02450,2.53e-27,104,31.068,4.64e-27,103,32.584
BAB_RS18955,AYT27_RS02455,2.9e-39,127,44.604,5.46e-39,127,44.604
BAB_RS18960,AYT27_RS02460,0,698,55.371,0,706,55.371
BAB_RS18965,AYT27_RS02465,4.6e-36,118,48.344,2.46e-46,145,48.344
BAB_RS18970,AYT27_RS02470,0,613,63.022,0,602,64.361
BAB_RS18975,AYT27_RS02475,2.03e-134,373,80.617,3.85e-134,373,80.617
BAB_RS18980,AYT27_RS02480,0,570,61.957,0,570,61.957
BAB_RS18985,AYT27_RS02485,0,1144,58.154,0,1144,58.154
BAB_RS18995,AYT27_RS02500,0,759,50.13,0,759,50.13
BAB_RS19000,AYT27_RS02505,0,1056,57.062,0,1056,57.062
BAB_RS19015,AYT27_RS02510,5.83e-102,295,49.645,1.08e-101,295,49.645
BAB_RS19020,AYT27_RS06250,0,805,67.928,0,783,67.928
BAB_RS19095,AYT27_RS06335,2.2e-11,47,80,4.31e-11,47,80
BAB_RS19100,AYT27_RS06340,1.44e-93,281,40.436,4.42e-82,253,39.062
BAB_RS19120,AYT27_RS02585,0,715,50.963,0,709,50.657
BAB_RS19125,AYT27_RS02590,2.33e-140,394,65.753,1.49e-150,420,65.753
BAB_RS19130,AYT27_RS02595,1.43e-96,271,81.646,2.79e-96,271,81.646
BAB_RS19135,AYT27_RS02600,1.09e-109,310,68.72,2.12e-109,310,68.72
BAB_RS19145,AYT27_RS02605,1.9e-68,198,76.866,2.8e-65,191,76.866
BAB_RS19150,AYT27_RS02610,0,1241,79.467,0,1216,79.467
BAB_RS19155,AYT27_RS02615,5.41e-97,275,68.229,1.06e-96,275,68.229
BAB_RS19180,AYT27_RS02620,4.91e-45,144,38.776,1.14e-35,120,38.776
BAB_RS19185,AYT27_RS02625,8.95e-65,189,66.412,1.74e-64,189,66.412
BAB_RS19190,AYT27_RS02630,4.86e-118,335,67.213,2.96e-122,346,67.213
BAB_RS19195,AYT27_RS02635,2.98e-102,292,63.927,6.35e-105,300,63.927
BAB_RS19200,AYT27_RS02640,9.4e-162,449,71.38,1.77e-161,449,71.38
BAB_RS19205,AYT27_RS02645,6e-103,295,59.149,1.22e-102,295,59.149
BAB_RS19215,AYT27_RS02660,4.63e-92,264,62.255,9.05e-92,264,62.255
BAB_RS19220,AYT27_RS02665,1.8e-68,210,41.549,1.26e-81,244,41.549
BAB_RS19225,AYT27_RS02670,0,698,75.057,0,698,75.057
BAB_RS19240,AYT27_RS02675,6.7e-31,103,44.037,5.4e-30,101,44.762
BAB_RS19265,AYT27_RS02685,0,668,64,0,668,64
BAB_RS19285,AYT27_RS02800,3.31e-150,417,72.826,6.48e-150,417,72.826
BAB_RS19290,AYT27_RS02805,1.22e-134,383,58.912,2.35e-134,383,58.912
BAB_RS19295,AYT27_RS02810,5.99e-102,298,50.877,1.16e-101,298,50.877
BAB_RS19300,AYT27_RS02815,0,841,51.198,0,841,51.198
BAB_RS19305,AYT27_RS02820,1.87e-165,462,61.096,2.83e-157,442,61.096
BAB_RS19310,AYT27_RS02825,3.99e-146,416,52.688,7.68e-146,416,52.688
BAB_RS19320,AYT27_RS02830,8.18e-64,188,56.081,1.59e-63,188,56.081
BAB_RS19330,AYT27_RS02865,0,811,63.43,0,788,63.875
BAB_RS19340,AYT27_RS02870,1.35e-83,237,82.143,2.65e-83,237,82.143
BAB_RS19360,AYT27_RS02875,4.02e-108,304,81.152,9.84e-108,303,80.729
BAB_RS19365,AYT27_RS02880,0,951,66.667,0,942,66.667
BAB_RS19395,AYT27_RS02885,1.79e-119,340,56.794,3.46e-119,340,56.794
BAB_RS19415,AYT27_RS04890,2.02e-80,234,55.051,3.91e-80,234,55.051
BAB_RS19420,AYT27_RS04885,0,516,70.857,0,516,70.857
BAB_RS19425,AYT27_RS04880,6.93e-131,386,58.592,5.42e-131,387,58.592
BAB_RS19455,AYT27_RS04870,5.68e-11,45.8,92,1.11e-10,45.8,92
BAB_RS19460,AYT27_RS04865,3.86e-45,137,60.396,7.55e-45,137,60.396
BAB_RS19465,AYT27_RS04860,3.67e-10,43.5,88,7.18e-10,43.5,88
BAB_RS19565,AYT27_RS02765,1.85e-08,48.9,27.82,2.77e-08,48.9,27.82
BAB_RS19595,AYT27_RS03280,5.17e-111,317,60.996,9.66e-111,317,60.996
BAB_RS19600,AYT27_RS05020,4.49e-112,330,42.716,1.25e-100,301,42.716
BAB_RS19605,AYT27_RS05015,1.47e-36,114,63.636,2.71e-36,114,63.636
BAB_RS19610,AYT27_RS05010,0,1011,69.59,0,1011,69.59
BAB_RS19615,AYT27_RS05005,0,576,58.097,0,557,58.097
BAB_RS19620,AYT27_RS05000,4.89e-155,438,56.919,3.9e-167,469,56.919
BAB_RS19625,AYT27_RS04995,0,991,77.647,0,991,77.647
BAB_RS19635,AYT27_RS04990,0,1155,73.781,0,1137,73.781
BAB_RS19655,AYT27_RS04380,1.21e-133,381,53.235,2.36e-133,381,53.235
BAB_RS19660,AYT27_RS04375,6.25e-28,96.7,41.88,1.76e-24,88.2,41.88
BAB_RS19675,AYT27_RS03890,0,686,76.303,0,686,76.303
BAB_RS19680,AYT27_RS03895,1.92e-81,233,74.324,3.8e-81,233,74.324
BAB_RS19685,AYT27_RS03900,2.11e-111,326,46.575,4.16e-111,326,46.575
BAB_RS19690,AYT27_RS03905,1.63e-89,258,60.976,3.25e-89,258,60.976
BAB_RS19695,AYT27_RS03910,5.9e-68,199,65.734,1.17e-67,199,65.734
BAB_RS19700,AYT27_RS03915,1.71e-75,219,71.233,3.09e-75,219,71.233
BAB_RS19710,AYT27_RS03920,5.29e-59,177,54.902,9.79e-59,177,54.902
BAB_RS19720,AYT27_RS03925,5.29e-57,173,48.851,1.02e-56,173,48.851
BAB_RS19725,AYT27_RS03930,3.19e-172,479,67.246,1.06e-169,473,68.976
BAB_RS19730,AYT27_RS03935,6.06e-175,483,71.914,3.97e-171,474,71.914
BAB_RS19735,AYT27_RS03940,3.26e-55,163,75.49,6.42e-55,163,75.49
BAB_RS19740,AYT27_RS03945,5.77e-70,206,56.044,3.23e-68,202,55.495
BAB_RS19750,AYT27_RS03815,5.64e-13,50.8,100,1.1e-12,50.8,100
BAB_RS19780,AYT27_RS03880,1.52e-136,389,54.783,3.62e-130,374,54.783
BAB_RS19785,AYT27_RS03885,1.69e-138,390,57.097,3.32e-138,390,57.097
BAB_RS19795,AYT27_RS04015,3.33e-96,271,83.333,6.64e-96,271,83.333
BAB_RS19800,AYT27_RS04020,4.55e-97,273,85.43,8.9e-97,273,85.43
BAB_RS19840,AYT27_RS04610,1.83e-12,49.3,96,3.57e-12,49.3,96
BAB_RS19855,AYT27_RS04600,1.19e-69,201,80.165,2.32e-69,201,80.165
BAB_RS19860,AYT27_RS04595,2.3e-127,352,84.456,4.5e-127,352,84.456
BAB_RS19865,AYT27_RS04590,1.16e-103,293,69.036,2.27e-103,293,69.036
BAB_RS19870,AYT27_RS04585,0,706,84.091,0,706,84.091
BAB_RS19875,AYT27_RS04580,7.92e-114,321,71.921,5.66e-114,322,70.335
BAB_RS19880,AYT27_RS04575,0,767,82.299,0,767,82.299
BAB_RS19885,AYT27_RS04570,0,1046,72.622,0,1046,72.622
BAB_RS19890,AYT27_RS04565,0,541,81.977,0,545,81.977
BAB_RS19895,AYT27_RS04560,2.31e-109,304,88.957,4.51e-109,304,88.957
BAB_RS19900,AYT27_RS04555,3.29e-84,244,73.786,5.47e-95,272,73.786
BAB_RS19905,AYT27_RS04550,4.05e-52,155,86.275,9.02e-52,155,86.275
BAB_RS19910,AYT27_RS04545,0,970,72.534,0,970,72.534
BAB_RS19915,AYT27_RS04540,0,815,80.493,0,814,80.493
BAB_RS19920,AYT27_RS04535,0,591,60.95,0,593,60.95
BAB_RS19925,AYT27_RS04530,1.12e-76,229,42.045,2.21e-76,229,42.045
BAB_RS19930,AYT27_RS04525,0,791,66.367,0,791,66.367
BAB_RS19945,AYT27_RS04520,0,719,75.455,0,719,75.455
BAB_RS19950,AYT27_RS04515,0,536,59.953,0,536,59.953
BAB_RS19955,AYT27_RS04510,2.99e-114,322,68.919,5.83e-114,322,68.919
BAB_RS19960,AYT27_RS05025,0,1612,68.761,0,1624,68.761
BAB_RS19990,AYT27_RS04315,1.25e-137,379,85.854,2.44e-137,379,85.854
BAB_RS19995,AYT27_RS04320,1.62e-161,447,80.669,1.15e-153,428,80.97
BAB_RS20005,AYT27_RS04985,2.13e-138,398,50.363,3.85e-130,378,50.363
BAB_RS20010,AYT27_RS04980,1.33e-58,172,70.909,2.6e-58,172,70.909
BAB_RS20015,AYT27_RS04975,8.02e-43,129,76.623,1.57e-42,129,76.623
BAB_RS20020,AYT27_RS04970,0,1107,74.352,0,1095,74.352
BAB_RS20035,AYT27_RS04965,5.36e-126,351,73.973,1.05e-125,351,73.973
BAB_RS20040,AYT27_RS04960,2.99e-32,103,61.538,5.78e-32,103,61.538
BAB_RS20045,AYT27_RS04955,3.36e-159,438,81.102,6.57e-159,438,81.102
BAB_RS20060,AYT27_RS04950,3.02e-88,253,63.187,5.71e-88,253,63.187
BAB_RS20070,AYT27_RS04945,0,740,80.37,0,722,80.37
BAB_RS20075,AYT27_RS04940,8.9e-107,303,63.063,4.02e-103,294,64.151
BAB_RS20080,AYT27_RS03830,6.85e-140,394,64.821,1.4e-150,421,64.821
BAB_RS20085,AYT27_RS03835,0,563,79.825,0,573,79.825
BAB_RS20090,AYT27_RS03840,0,634,74.94,0,634,74.94
BAB_RS20095,AYT27_RS03845,4.79e-158,446,62.051,4.91e-154,437,62.051
BAB_RS20100,AYT27_RS03850,2.92e-56,164,89.13,5.78e-56,164,89.13
BAB_RS20140,AYT27_RS04140,8.86e-156,436,62.069,1.66e-155,436,62.069
BAB_RS20160,AYT27_RS04145,3.92e-156,437,64.417,3.31e-136,387,64.417
BAB_RS20165,AYT27_RS04150,8.65e-95,267,81.818,1.73e-94,267,81.818
BAB_RS20170,AYT27_RS04155,1.51e-85,248,51.707,1.11e-76,227,51.707
BAB_RS20175,AYT27_RS04160,3.32e-36,119,42.636,7e-36,119,42.636
BAB_RS20180,AYT27_RS05415,1.01e-92,270,53.386,1.94e-92,270,53.386
BAB_RS20185,AYT27_RS05390,1.34e-128,361,64.729,2.63e-128,361,64.729
BAB_RS20195,AYT27_RS05085,2.61e-54,160,69.811,5.06e-54,160,69.811
BAB_RS20200,AYT27_RS05090,0,523,62.594,0,505,62.594
BAB_RS20205,AYT27_RS05095,0,857,67.35,0,857,67.35
BAB_RS20210,AYT27_RS05100,2.93e-29,120,23.689,3.91e-29,121,23.689
BAB_RS20230,AYT27_RS02895,1.39e-11,51.2,58.333,5.59e-11,50.8,58.333
BAB_RS20235,AYT27_RS02900,7.11e-21,80.5,35.417,5.58e-22,83.6,43.564
BAB_RS20240,AYT27_RS02905,3.31e-87,256,48.864,1.2e-80,241,48.864
BAB_RS20245,AYT27_RS02910,0,639,72.104,0,639,72.104
BAB_RS20255,AYT27_RS02915,4.07e-70,209,48.325,7.85e-70,209,48.325
BAB_RS20265,AYT27_RS02920,8.47e-77,240,44.656,7.74e-77,241,44.656
BAB_RS20275,AYT27_RS02925,7.12e-54,161,66.667,1.82e-53,161,66.667
BAB_RS20285,AYT27_RS02930,1.51e-59,176,65.891,2.93e-59,176,65.891
BAB_RS20290,AYT27_RS02935,7.69e-84,249,46.296,1.55e-83,249,46.296
BAB_RS20295,AYT27_RS03065,0,705,73.465,0,705,73.465
BAB_RS20300,AYT27_RS08340,1.77e-17,63.9,64.444,3.67e-17,63.9,64.444
BAB_RS20315,AYT27_RS03070,1.19e-15,57.8,100,2.32e-15,57.8,100
BAB_RS20320,AYT27_RS03075,0,629,66.311,0,592,67.946
BAB_RS20325,AYT27_RS03080,0,887,83.367,0,887,83.367
BAB_RS20335,AYT27_RS03085,2.05e-60,178,60.448,3.89e-60,178,60.448
BAB_RS20340,AYT27_RS03090,9.05e-59,175,60.156,1.6e-58,175,60.156
BAB_RS20350,AYT27_RS04115,0,791,84.876,0,796,83.407
BAB_RS20355,AYT27_RS04120,4.69e-59,177,57.143,1.89e-55,168,57.143
BAB_RS20360,AYT27_RS00600,2.01e-53,162,57.333,3.7e-53,162,57.333
BAB_RS20365,AYT27_RS04125,2.06e-69,212,46.919,2.73e-68,209,47.783
BAB_RS20380,AYT27_RS04485,0,931,55.011,0,713,76.351
BAB_RS20390,AYT27_RS04475,2.63e-125,365,48.139,4.98e-125,365,48.139
BAB_RS20395,AYT27_RS04470,0,1088,65.457,0,1088,65.457
BAB_RS20400,AYT27_RS04465,0,552,79.651,0,572,79.651
BAB_RS20435,AYT27_RS04460,2.42e-66,195,62.416,4.86e-66,195,62.416
BAB_RS20445,AYT27_RS04455,0,642,72.222,0,630,72.222
BAB_RS20460,AYT27_RS04450,2.35e-145,400,82.96,4.64e-145,400,82.96
BAB_RS20465,AYT27_RS04445,2.35e-133,383,51.969,4.5e-133,383,51.969
BAB_RS20470,AYT27_RS04440,0,937,86.785,0,937,86.785
BAB_RS20475,AYT27_RS04435,1.32e-149,413,79.283,2.58e-149,413,79.283
BAB_RS20480,AYT27_RS04430,3.5e-135,390,45.588,6.8e-135,390,45.588
BAB_RS20485,AYT27_RS04425,0,612,68.37,0,612,68.37
BAB_RS20490,AYT27_RS04420,2.91e-70,203,74.265,5.44e-70,203,74.265
BAB_RS20500,AYT27_RS04110,1.34e-12,49.7,100,2.63e-12,49.7,100
BAB_RS20505,AYT27_RS03350,9.93e-125,351,65.726,1.07e-116,331,65.2
BAB_RS20510,AYT27_RS03345,0,672,69.456,0,665,69.665
BAB_RS20515,AYT27_RS03820,2.95e-56,167,66.116,5.72e-56,167,66.116
BAB_RS20530,AYT27_RS05435,3.32e-86,251,57.143,9.2e-85,248,58.14
BAB_RS20535,AYT27_RS05430,6.43e-143,412,50.463,5.81e-138,400,50.463
BAB_RS20545,AYT27_RS05420,0,1376,70.088,0,1306,70.088
BAB_RS20625,AYT27_RS03355,1.91e-12,49.3,95.833,3.73e-12,49.3,95.833
BAB_RS20630,AYT27_RS05885,1.46e-33,106,66.667,3.86e-24,83.6,68.421
BAB_RS20645,AYT27_RS03545,4.65e-13,64.7,25,7.15e-16,73.9,25
BAB_RS20685,AYT27_RS07545,2.22e-26,94.4,35.948,4.99e-26,94.4,35.948
BAB_RS20755,AYT27_RS04625,6.14e-08,46.6,41.176,7.31e-08,46.6,41.176
BAB_RS20765,AYT27_RS04340,1.89e-65,207,50.246,3.62e-64,204,48.624
BAB_RS20770,AYT27_RS04345,7.28e-127,367,49.167,1.81e-126,367,49.167
BAB_RS20775,AYT27_RS04350,5.37e-78,229,50.704,1.06e-77,229,50.704
BAB_RS20780,AYT27_RS04355,1.43e-101,300,43.529,1.25e-94,283,43.235
BAB_RS20785,AYT27_RS04360,0,714,63.708,0,714,63.708
BAB_RS20790,AYT27_RS04365,2.1e-130,365,65.234,4e-130,365,65.234
BAB_RS20795,AYT27_RS04370,8.48e-118,334,59.924,1.64e-117,334,59.924
BAB_RS20800,AYT27_RS05210,0,815,63.272,0,803,63.272
BAB_RS20805,AYT27_RS05205,0,510,72.923,0,510,72.923
BAB_RS20820,AYT27_RS05195,1.61e-92,270,50.388,3.15e-92,270,50.388
BAB_RS20825,AYT27_RS05185,0,828,81.663,0,828,81.663
BAB_RS20830,AYT27_RS05180,7.7e-60,175,75,1.51e-59,175,75
BAB_RS20850,AYT27_RS03315,2.02e-86,252,59.545,3.98e-86,252,59.545
BAB_RS20855,AYT27_RS03320,2.5e-47,149,48.701,5.98e-47,149,48.701
BAB_RS20860,AYT27_RS03325,0,606,61.739,0,593,61.739
BAB_RS20865,AYT27_RS03330,0,779,79.556,0,754,79.556
BAB_RS20875,AYT27_RS03335,0,744,63.869,0,736,63.869
BAB_RS20880,AYT27_RS03340,0,557,59.823,0,557,59.823
BAB_RS20890,AYT27_RS03855,0,1190,77.516,0,1179,77.516
BAB_RS20920,AYT27_RS03860,0,648,28.71,0,605,28.054
BAB_RS20985,AYT27_RS04930,1.83e-83,237,82.609,3.58e-83,237,82.609
BAB_RS20990,AYT27_RS04925,7.51e-20,82.4,45.361,3.82e-23,91.3,45.361
BAB_RS20995,AYT27_RS04920,0,710,46.036,0,707,46.036
BAB_RS21010,AYT27_RS05875,7.68e-159,449,55.473,1.79e-160,454,55.473
BAB_RS21035,AYT27_RS06355,7.2e-17,75.5,28.205,4.5e-16,75.1,28.205
BAB_RS21050,AYT27_RS05490,0,588,65.64,0,565,65.64
BAB_RS21055,AYT27_RS05475,0,518,60.369,0,519,60.369
BAB_RS21130,AYT27_RS03825,3.01e-92,270,48.889,5.86e-92,270,48.889
BAB_RS21145,AYT27_RS05080,7.49e-91,270,50,1.41e-90,270,50
BAB_RS21150,AYT27_RS03950,0,1121,78.875,0,1106,78.875
BAB_RS21160,AYT27_RS03955,1.27e-50,152,70.476,2.75e-53,160,70.476
BAB_RS21165,AYT27_RS03960,3.86e-57,171,54.225,9.14e-60,178,54.225
BAB_RS21170,AYT27_RS03965,2.56e-95,273,63.636,4.84e-95,273,63.636
BAB_RS21225,AYT27_RS03970,3.09e-13,51.6,96.429,6.04e-13,51.6,96.429
BAB_RS21265,AYT27_RS05145,0,588,74.797,0,588,74.797
BAB_RS21275,AYT27_RS05150,2.88e-100,282,78.788,5.7e-100,282,78.788
BAB_RS21280,AYT27_RS05155,2.37e-85,246,66.304,1.67e-84,244,68.208
BAB_RS21285,AYT27_RS05160,4.87e-76,220,65.244,9.97e-76,220,65.244
BAB_RS21295,AYT27_RS05165,0,1518,81.971,0,1515,82.043
BAB_RS21320,AYT27_RS05170,1.16e-79,230,68.362,2.71e-73,214,84.746
BAB_RS21325,AYT27_RS05175,0,1555,77.433,0,1546,77.433
BAB_RS21330,AYT27_RS03060,1.28e-42,130,71.111,2.5e-42,130,71.111
BAB_RS21335,AYT27_RS03055,0,1314,79.276,0,1297,79.276
BAB_RS21340,AYT27_RS03050,0,779,87.736,0,779,87.736
BAB_RS21345,AYT27_RS03045,1.39e-138,382,84.689,2.73e-138,382,84.689
BAB_RS21350,AYT27_RS03870,1.72e-173,491,58.465,9.67e-171,484,58.371
BAB_RS21355,AYT27_RS03865,1.19e-50,149,88.462,2.35e-50,149,88.462
BAB_RS21360,AYT27_RS03040,2.33e-49,159,46.073,4.93e-49,159,46.073
BAB_RS21365,AYT27_RS03035,0,627,65.721,0,627,65.721
BAB_RS21370,AYT27_RS03030,0,707,75.33,0,707,75.33
BAB_RS21375,AYT27_RS03025,0,848,56.291,0,841,57.085
BAB_RS21395,AYT27_RS03015,2.19e-175,493,61.168,3.78e-175,493,61.168
BAB_RS21400,AYT27_RS03010,6.4e-59,177,57.051,1.23e-58,177,57.051
BAB_RS21410,AYT27_RS03005,3.6e-76,219,66.443,7.09e-76,219,66.443
BAB_RS21415,AYT27_RS03000,0,529,79.56,0,529,79.56
BAB_RS21425,AYT27_RS02995,0,810,79.877,0,810,79.877
BAB_RS21430,AYT27_RS02990,0,599,66.741,0,574,66.071
BAB_RS21435,AYT27_RS02985,0,719,74.837,0,707,74.837
BAB_RS21440,AYT27_RS02980,0,534,75.723,0,533,75.723
BAB_RS21445,AYT27_RS02975,1.53e-39,124,57.843,2.72e-43,134,57.843
BAB_RS21455,AYT27_RS02965,0,677,76.794,0,661,76.794
BAB_RS21460,AYT27_RS02960,2.5e-154,427,73.091,3.43e-142,397,73.091
BAB_RS21465,AYT27_RS02955,0,924,82.657,0,923,82.657
BAB_RS21475,AYT27_RS02950,3.76e-25,90.1,44.444,5.25e-24,88.2,51.282
BAB_RS21480,AYT27_RS02945,1.79e-124,350,66.929,3.5e-124,350,66.929
BAB_RS21485,AYT27_RS02940,3.12e-131,395,34.286,3.12e-124,378,34.286
BAB_RS21510,AYT27_RS04330,4.27e-111,315,62.917,8.14e-111,315,62.917
BAB_RS21515,AYT27_RS03310,1.32e-171,511,38.284,2.01e-156,473,38.156
BAB_RS21520,AYT27_RS03305,0,752,75.906,0,752,75.906
BAB_RS21525,AYT27_RS03300,0,749,80.186,0,749,80.186
BAB_RS21530,AYT27_RS03275,1.71e-155,440,56.01,3.4e-155,440,56.01
BAB_RS21535,AYT27_RS03270,1.86e-98,287,52.174,1.55e-101,296,52.174
BAB_RS21540,AYT27_RS03265,5.03e-129,363,64.151,9.69e-129,363,64.151
BAB_RS21545,AYT27_RS03260,2.36e-72,210,62,4.55e-72,210,62
BAB_RS21550,AYT27_RS03255,1.53e-158,444,60.116,2.96e-158,444,60.116
BAB_RS21555,AYT27_RS03250,0,969,59.023,0,969,59.023
BAB_RS21560,AYT27_RS03245,4.05e-106,313,43.407,3.58e-92,278,43.22
BAB_RS21565,AYT27_RS03240,1.1e-73,222,49.057,2.21e-61,192,44.364
BAB_RS21575,AYT27_RS03235,1.1e-108,305,80.108,2.15e-108,305,80.108
BAB_RS21580,AYT27_RS03230,5.57e-139,385,79.079,5.55e-130,363,79.079
BAB_RS21585,AYT27_RS03225,1.09e-160,446,75.896,3.1e-160,446,75.896
BAB_RS21590,AYT27_RS03220,2.29e-170,466,85.771,4.5e-170,466,85.771
BAB_RS21600,AYT27_RS03215,2.01e-84,250,42.481,2.94e-80,240,43.775
BAB_RS21605,AYT27_RS03210,1.09e-62,186,60.131,2.11e-62,186,60.131
BAB_RS21610,AYT27_RS00950,2.36e-14,66.2,39.815,4.51e-14,66.2,39.815
BAB_RS21620,AYT27_RS03205,5.52e-70,203,68.571,1.08e-69,203,68.571
BAB_RS21625,AYT27_RS03200,0,1113,71.974,0,1135,71.974
BAB_RS21630,AYT27_RS03195,6.33e-43,133,58.095,1.32e-42,133,58.095
BAB_RS21635,AYT27_RS03190,4.33e-148,426,50,1.13e-143,416,50
BAB_RS21650,AYT27_RS03180,0,606,66.287,0,558,66.287
BAB_RS21665,AYT27_RS03170,8.74e-42,130,51.613,1.71e-41,130,51.613
BAB_RS21735,AYT27_RS04310,2.03e-114,326,55.985,3.86e-114,326,55.985
BAB_RS21740,AYT27_RS04305,2.76e-135,379,67.407,5.43e-135,379,67.407
BAB_RS21755,AYT27_RS05130,0,749,86.6,0,749,86.6
BAB_RS21765,AYT27_RS05215,0,1341,73.19,0,1317,73.364
BAB_RS21770,AYT27_RS05220,0,614,87.021,0,614,87.021
BAB_RS21780,AYT27_RS00385,2.47e-61,185,51.149,7.86e-66,197,50.777
BAB_RS21785,AYT27_RS05225,0,704,76.389,0,697,76.941
BAB_RS21790,AYT27_RS05230,0,546,60.793,0,546,60.793
BAB_RS21795,AYT27_RS05235,5.8e-79,226,80.741,9.73e-77,221,81.679
BAB_RS21800,AYT27_RS05240,0,588,83.383,0,588,83.383
BAB_RS21805,AYT27_RS05245,3.73e-91,256,93.798,7.29e-91,256,93.798
BAB_RS21810,AYT27_RS05250,2.24e-70,202,88.496,3.83e-70,202,88.496
BAB_RS21815,AYT27_RS05255,1.64e-89,256,64.398,3.18e-89,256,64.398
BAB_RS21820,AYT27_RS05260,0,712,78,0,712,78
BAB_RS21825,AYT27_RS05265,1.57e-76,221,71.429,3.04e-76,221,71.429
BAB_RS21830,AYT27_RS05270,1.91e-29,95.1,72.059,3.91e-29,95.1,72.059
BAB_RS21835,AYT27_RS05275,1.66e-112,314,84.324,3.03e-106,299,87.952
BAB_RS21840,AYT27_RS05280,1e-53,160,70.833,3.08e-49,150,70.833
BAB_RS21845,AYT27_RS05285,4.76e-103,290,77.401,9.31e-103,290,77.401
BAB_RS21850,AYT27_RS05290,1.24e-78,224,81.818,2.42e-78,224,81.818
BAB_RS21855,AYT27_RS05295,7.45e-58,169,79.208,1.46e-57,169,79.208
BAB_RS21860,AYT27_RS05300,1.71e-114,319,80.541,3.34e-114,319,80.541
BAB_RS21865,AYT27_RS05305,2e-56,166,79.808,3.95e-56,166,79.808
BAB_RS21870,AYT27_RS05310,4.01e-81,229,93.443,7.84e-81,229,93.443
BAB_RS21875,AYT27_RS05315,1.51e-45,136,83.544,2.92e-45,136,83.544
BAB_RS21880,AYT27_RS05320,1.64e-29,95.5,71.212,3.2e-29,95.5,71.212
BAB_RS21885,AYT27_RS05325,1.32e-93,262,91.971,2.57e-93,262,91.971
BAB_RS21890,AYT27_RS05330,1.04e-161,442,88.983,2.02e-161,442,88.983
BAB_RS21895,AYT27_RS05335,6.5e-82,232,88.372,1.27e-81,232,88.372
BAB_RS21900,AYT27_RS05340,9.3e-61,176,91.304,1.82e-60,176,91.304
BAB_RS21905,AYT27_RS05345,5.46e-174,477,86.643,1.09e-173,477,86.643
BAB_RS21910,AYT27_RS05350,3.49e-57,167,84.536,6.83e-57,167,84.536
BAB_RS21915,AYT27_RS05355,1.52e-118,331,75.728,2.98e-118,331,75.728
BAB_RS21920,AYT27_RS05360,4.8e-152,419,88.106,1.48e-150,416,88.789
BAB_RS21925,AYT27_RS05365,5.46e-71,202,98.039,1.07e-70,202,98.039
BAB_RS21935,AYT27_RS05375,0,1298,91.066,0,1298,91.066
BAB_RS21940,AYT27_RS05380,4.25e-105,293,88.462,8.3e-105,293,88.462
BAB_RS21945,AYT27_RS05385,4.33e-85,240,95.935,8.46e-85,240,95.935
BAB_RS21955,AYT27_RS03165,0,2568,87.759,0,2568,87.759
BAB_RS21960,AYT27_RS03160,0,2501,87.083,0,2501,87.083
BAB_RS21965,AYT27_RS03155,6.28e-56,166,87.903,7.46e-58,172,88.71
BAB_RS21970,AYT27_RS03150,3.66e-97,274,75,7.16e-97,274,75
BAB_RS21975,AYT27_RS03145,1.23e-132,369,78.261,3.88e-125,351,78.261
BAB_RS21980,AYT27_RS03140,2.24e-90,254,84.507,4.37e-90,254,84.507
BAB_RS21985,AYT27_RS03135,5.09e-94,266,74.432,1e-93,266,74.432
BAB_RS21990,AYT27_RS03130,5.5e-25,84,67.241,1.13e-18,68.9,67.241
BAB_RS21995,AYT27_RS03125,4.92e-11,45.8,92,9.62e-11,45.8,92
BAB_RS22000,AYT27_RS05370,0,704,90.793,0,704,90.793
BAB_RS22005,AYT27_RS03115,4.78e-10,43.1,95.833,9.34e-10,43.1,95.833
BAB_RS22015,AYT27_RS03105,2.18e-109,314,57.5,4.08e-109,314,57.5
BAB_RS22025,AYT27_RS03100,1.85e-60,187,45.045,3.68e-60,187,45.045
BAB_RS22045,AYT27_RS04285,5.24e-31,99.4,66.176,1.05e-30,99.4,66.176
BAB_RS22055,AYT27_RS04275,5.82e-127,357,66.667,1.14e-126,357,66.667
BAB_RS22060,AYT27_RS04270,9.22e-44,139,46.296,2.04e-43,139,46.296
BAB_RS22065,AYT27_RS04265,1.04e-90,259,67.027,2.02e-90,259,67.027
BAB_RS22090,AYT27_RS04025,0,670,57.601,0,645,57.601
BAB_RS22100,AYT27_RS05115,0,509,79.692,3.43e-175,485,79.692
BAB_RS22105,AYT27_RS05120,0,637,70.642,0,637,70.642
BAB_RS22140,AYT27_RS04300,3.14e-98,282,55.745,6.06e-98,282,55.745
BAB_RS22145,AYT27_RS04295,1.57e-157,436,73.978,3.07e-157,436,73.978
BAB_RS22150,AYT27_RS04290,1.34e-99,287,54.545,2.77e-99,287,54.545
BAB_RS22205,AYT27_RS04935,2.57e-39,126,55.34,6.98e-39,126,55.34
BAB_RS22340,AYT27_RS05505,4.15e-13,55.8,32.099,7.62e-13,55.8,32.099
BAB_RS22345,AYT27_RS05510,2.23e-166,499,38.063,9.4e-168,503,37.733
BAB_RS22355,AYT27_RS05520,0,1033,62.366,0,1032,62.366
BAB_RS22360,AYT27_RS05525,0,592,58.127,0,596,58.127
BAB_RS22365,AYT27_RS05530,6.24e-112,323,53.416,1.51e-115,333,53.416
BAB_RS22400,AYT27_RS05535,0,683,63.883,0,683,63.883
BAB_RS22410,AYT27_RS05545,1.51e-10,44.7,92,2.95e-10,44.7,92
BAB_RS22455,AYT27_RS02555,2.61e-47,154,35.686,5.25e-47,154,35.686
BAB_RS22555,AYT27_RS01435,4.18e-38,129,34.123,1.61e-35,122,33.649
BAB_RS22610,AYT27_RS05560,0,588,81.416,0,567,81.416
BAB_RS22625,AYT27_RS05565,1.52e-111,317,64.082,1.95e-102,294,64.082
BAB_RS22635,AYT27_RS05570,0,624,78.82,0,624,78.82
BAB_RS22645,AYT27_RS05575,0,917,72.362,0,917,72.362
BAB_RS22650,AYT27_RS05580,6.26e-94,276,50.526,1.29e-87,261,50.526
BAB_RS22665,AYT27_RS05585,0,544,57.344,0,544,57.344
BAB_RS22675,AYT27_RS05590,9.67e-83,248,46.233,1.99e-82,248,46.233
BAB_RS22680,AYT27_RS05595,9.79e-112,328,45.932,1.74e-106,315,48.387
BAB_RS22685,AYT27_RS05600,7.89e-68,200,52.121,1.51e-67,200,52.121
BAB_RS22690,AYT27_RS05605,1.26e-165,455,79.545,2.47e-165,455,79.545
BAB_RS22695,AYT27_RS05625,2.76e-26,89.7,47,5.3e-26,89.7,47
BAB_RS22710,AYT27_RS05635,1.76e-66,197,56.021,3.3e-66,197,56.021
BAB_RS22720,AYT27_RS05640,1.04e-13,55.5,50.909,1.91e-13,55.5,50.909
BAB_RS22725,AYT27_RS05645,4.37e-16,63.5,46.774,6.59e-16,63.5,46.774
BAB_RS22755,AYT27_RS05650,0,1162,65.965,0,1147,65.848
BAB_RS22765,AYT27_RS05655,3.51e-104,296,61.538,6.28e-99,283,61.538
BAB_RS22770,AYT27_RS05660,7.97e-53,164,44.974,7.31e-52,162,46.667
BAB_RS22775,AYT27_RS05665,3.85e-109,314,55.439,7.62e-109,314,55.439
BAB_RS22780,AYT27_RS05670,0,750,57.99,0,743,57.99
BAB_RS22790,AYT27_RS05680,0,964,65.181,0,964,65.181
BAB_RS22795,AYT27_RS05685,0,696,65.461,0,682,65.25
BAB_RS22800,AYT27_RS05690,1.85e-113,325,61.569,3.74e-113,325,61.569
BAB_RS22805,AYT27_RS05695,3.08e-102,296,49.117,6.12e-102,296,49.117
BAB_RS22810,AYT27_RS05700,0,551,60.465,0,542,60.935
BAB_RS22815,AYT27_RS05705,0,576,65.268,0,553,65.116
BAB_RS22820,AYT27_RS05710,1.44e-75,230,39.493,2.75e-75,230,39.493
BAB_RS22825,AYT27_RS05715,1.9e-152,425,67.638,4.71e-146,410,67.638
BAB_RS22830,AYT27_RS05720,4.27e-149,418,65.815,2.09e-148,417,65.815
BAB_RS22835,AYT27_RS05725,0,679,73.876,0,677,73.876
BAB_RS22840,AYT27_RS05730,2.69e-149,423,57.527,1.72e-140,401,57.527
BAB_RS22845,AYT27_RS05735,6.27e-171,478,64.69,1.22e-170,478,64.69
BAB_RS22850,AYT27_RS05740,3.55e-173,490,54.31,8.45e-175,495,54.31
BAB_RS22855,AYT27_RS05745,0,530,75,0,551,75
BAB_RS22860,AYT27_RS05750,3.89e-171,486,52.452,3.19e-167,477,52.452
BAB_RS22865,AYT27_RS05755,0,592,59.958,0,579,60.86
BAB_RS22870,AYT27_RS05760,0,755,68.914,0,760,68.324
BAB_RS22875,AYT27_RS05765,7.17e-28,96.3,37.681,1.37e-27,96.3,37.681
BAB_RS22880,AYT27_RS05770,7.92e-143,404,64.174,1.55e-142,404,64.174
BAB_RS22890,AYT27_RS05780,5.13e-52,161,61.983,7.93e-52,161,61.983
BAB_RS22895,AYT27_RS06350,3.01e-30,111,29.452,6.99e-30,111,29.452
BAB_RS22930,AYT27_RS05795,7.03e-76,232,40.683,1.69e-82,249,40.683
BAB_RS22940,AYT27_RS05610,0,543,61.806,0,531,61.806
BAB_RS22950,AYT27_RS05800,0,969,85.61,0,974,85.61
BAB_RS22985,AYT27_RS06900,1.55e-14,58.9,43.284,4.55e-14,58.9,43.284
BAB_RS22990,AYT27_RS05810,5.81e-91,261,59.799,1.1e-90,261,59.799
BAB_RS22995,AYT27_RS05815,3.06e-143,405,58.046,5.97e-143,405,58.046
BAB_RS23040,AYT27_RS05850,4.85e-12,48.5,96,9.49e-12,48.5,96
BAB_RS23045,AYT27_RS05855,1.02e-46,152,39.474,1.95e-46,152,39.474
BAB_RS23055,AYT27_RS05860,1.48e-62,185,55.634,2.47e-58,175,59.375
BAB_RS23065,AYT27_RS05865,0,1037,78.487,0,1025,78.487
BAB_RS23070,AYT27_RS05870,0,601,47.766,0,597,47.612
BAB_RS23075,AYT27_RS05880,0,699,60.682,0,726,60.682
BAB_RS23085,AYT27_RS05895,0,602,70.175,0,602,70.175
BAB_RS23105,AYT27_RS05905,0,1969,80.69,0,1948,80.69
BAB_RS23120,AYT27_RS05910,6.04e-36,111,75.758,1.18e-35,111,75.758
BAB_RS23130,AYT27_RS05915,0,655,77.945,0,655,77.945
BAB_RS23145,AYT27_RS05920,6.47e-168,464,68.439,1.26e-167,464,68.439
BAB_RS23150,AYT27_RS05925,0,500,73.418,0,500,73.418
BAB_RS23155,AYT27_RS05930,0,551,59.783,0,562,59.823
BAB_RS23165,AYT27_RS05935,0,505,69.341,0,505,69.341
BAB_RS23170,AYT27_RS05940,1.65e-92,261,79.618,3.23e-92,261,79.618
BAB_RS23180,AYT27_RS00345,4.6e-13,63.9,30.952,1.14e-18,81.3,25.333
BAB_RS23200,AYT27_RS05945,1.42e-14,62.8,36.364,1.53e-14,62.8,36.364
BAB_RS23205,AYT27_RS05950,0,1252,75.945,0,1252,75.945
BAB_RS23220,AYT27_RS05955,7.78e-34,115,33.761,7.74e-26,95.9,39.597
BAB_RS23225,AYT27_RS05960,7.24e-92,265,58.491,1.4e-91,265,58.491
BAB_RS23245,AYT27_RS05965,8.52e-120,337,70.306,1.66e-119,337,70.306
BAB_RS23250,AYT27_RS05970,0,641,74.049,0,640,74.661
BAB_RS23265,AYT27_RS05975,1.93e-64,191,56.688,3.76e-64,191,56.688
BAB_RS23270,AYT27_RS05985,2.45e-25,87,53.846,7.75e-25,86.3,53.846
BAB_RS23275,AYT27_RS05990,2.77e-90,266,50.538,3.26e-90,266,51.852
BAB_RS23280,AYT27_RS05995,3.28e-120,348,47.075,6.3e-120,348,47.075
BAB_RS23285,AYT27_RS06000,6.15e-92,268,52.174,2.78e-89,262,52.227
BAB_RS23305,AYT27_RS06005,0,529,83.495,0,529,83.495
BAB_RS23310,AYT27_RS06010,0,698,70.04,0,687,71.279
BAB_RS23315,AYT27_RS06015,2.69e-110,310,75.789,5.52e-110,310,75.789
BAB_RS23320,AYT27_RS06020,1.94e-78,231,60.204,2.2e-77,229,60.204
BAB_RS23325,AYT27_RS06035,0,614,80.381,0,603,80.381
BAB_RS23345,AYT27_RS06045,2.02e-21,81.6,61.667,8.55e-22,81.6,61.667
BAB_RS23370,AYT27_RS06060,1.24e-67,198,65.101,2.42e-67,198,65.101
BAB_RS23405,AYT27_RS06065,5.88e-174,489,56.618,1.13e-173,489,56.618
BAB_RS23420,AYT27_RS06070,1.68e-172,478,68.249,3.37e-172,478,68.249
BAB_RS23425,AYT27_RS06075,1.29e-100,293,51.186,1.41e-104,304,51.186
BAB_RS23430,AYT27_RS06080,0,717,41.419,0,768,41.419
BAB_RS23435,AYT27_RS06085,0,660,49.928,0,662,49.928
BAB_RS23440,AYT27_RS06440,2.17e-20,79.7,36.196,4.9e-20,79.7,36.196
BAB_RS23460,AYT27_RS06095,2.62e-101,295,49.141,5.11e-101,295,49.141
BAB_RS23470,AYT27_RS06100,2.16e-132,374,63.123,1.77e-133,377,63.123
BAB_RS23535,AYT27_RS06180,2.87e-73,224,44.853,3.77e-73,224,44.853
BAB_RS23570,AYT27_RS06105,9.77e-70,213,44.891,1.89e-69,213,44.891
BAB_RS23575,AYT27_RS06110,0,622,73.048,0,622,73.048
BAB_RS23585,AYT27_RS06115,2.89e-57,167,86.813,5.65e-57,167,86.813
BAB_RS23595,AYT27_RS06140,3.96e-15,68.9,34.737,5.08e-11,57.8,35.443
BAB_RS23600,AYT27_RS06135,2.11e-85,246,60.106,6.61e-83,241,66.258
BAB_RS23605,AYT27_RS06130,2.14e-70,209,50.481,1.13e-75,224,50.481
BAB_RS23610,AYT27_RS06125,1.42e-150,414,86.695,2.79e-150,414,86.695
BAB_RS23615,AYT27_RS06120,1.35e-36,117,54.545,6.98e-43,134,54.545
BAB_RS23620,AYT27_RS06145,0,512,66.216,0,512,66.216
BAB_RS23625,AYT27_RS06150,2.95e-153,428,62.342,5.77e-153,428,62.342
BAB_RS23630,AYT27_RS06155,6.62e-11,45.4,96,1.29e-10,45.4,96
BAB_RS23650,AYT27_RS02005,2.1e-64,220,36.029,1.74e-64,220,36.029
BAB_RS23655,AYT27_RS02055,7.41e-109,337,34.946,2.92e-108,337,35.072
BAB_RS23850,AYT27_RS07590,3.91e-70,208,49.733,7.89e-70,208,49.733
BAB_RS23855,AYT27_RS07595,3.83e-39,128,43.114,8.26e-39,128,43.114
BAB_RS23885,AYT27_RS01975,0,496,78.571,1.6e-174,481,80.935
BAB_RS23890,AYT27_RS01980,3.06e-147,415,60.856,5.76e-147,415,60.856
BAB_RS23895,AYT27_RS07095,1.28e-20,79,35.385,2.35e-20,79,35.385
BAB_RS23900,AYT27_RS05125,6.13e-11,45.4,92,1.2e-10,45.4,92
BAB_RS23905,AYT27_RS01020,1.72e-69,202,70.896,3.29e-69,202,70.896
BAB_RS23910,AYT27_RS07075,4.71e-113,327,49.55,3.38e-109,318,49.55
BAB_RS23920,AYT27_RS07070,7.78e-139,387,70.189,1.53e-138,387,70.189
BAB_RS23925,AYT27_RS07065,1.64e-09,45.1,41.304,2.87e-09,45.1,41.304
BAB_RS23930,AYT27_RS07060,1.07e-101,287,76,2.03e-101,287,76
BAB_RS23935,AYT27_RS07055,1.13e-89,278,36.211,1.11e-89,278,36.478
BAB_RS23945,AYT27_RS07635,1.04e-18,71.2,37.5,4.34e-14,60.1,35.849
BAB_RS23950,AYT27_RS06040,4.75e-12,58.5,29.73,4.86e-12,58.5,29.73
BAB_RS23960,AYT27_RS07630,3.62e-71,218,49.407,9.02e-75,228,47.388
BAB_RS23965,AYT27_RS07625,1.56e-37,123,46.043,5.5e-29,102,46.094
BAB_RS23970,AYT27_RS02580,3.95e-13,63.5,27.928,1.78e-08,50.8,26.829
BAB_RS23985,AYT27_RS08080,1.73e-106,323,46.849,4.77e-103,315,46.849
BAB_RS23990,AYT27_RS08085,1.04e-76,239,39.943,1.75e-77,242,38.442
BAB_RS23995,AYT27_RS07610,1.24e-68,202,64.706,1.37e-68,202,64.706
BAB_RS24015,AYT27_RS07605,4.95e-82,246,76.471,8.31e-85,253,43.293
BAB_RS24025,AYT27_RS01970,4.39e-44,156,37.719,1.03e-43,156,37.719
BAB_RS24030,AYT27_RS01965,0,695,77.049,0,695,77.049
BAB_RS24045,AYT27_RS01960,0,585,70.801,0,580,70.757
BAB_RS24060,AYT27_RS07655,0,639,66.964,0,637,67.72
BAB_RS24065,AYT27_RS07660,0,1022,78.754,0,1002,78.754
BAB_RS24070,AYT27_RS07665,4.84e-66,216,31.47,4.7e-60,201,31.47
BAB_RS24085,AYT27_RS07685,1.56e-72,212,60.116,3.15e-72,212,60.116
BAB_RS24090,AYT27_RS07705,0,577,64.598,0,594,64.598
BAB_RS24095,AYT27_RS07710,4.86e-35,128,28.682,7.33e-08,50.1,33.333
BAB_RS24100,AYT27_RS07715,4.99e-41,130,45.695,2.31e-36,119,45.695
BAB_RS24105,AYT27_RS07720,2.78e-103,295,62.128,5.46e-103,295,62.128
BAB_RS24110,AYT27_RS07725,1.15e-42,134,45.652,2.19e-42,134,45.652
BAB_RS24115,AYT27_RS07730,0,535,83.025,0,535,83.025
BAB_RS24120,AYT27_RS07735,2.15e-73,217,57.561,4.6e-66,199,57.561
BAB_RS24125,AYT27_RS07740,1.85e-83,239,76.582,4.06e-86,247,76.582
BAB_RS24130,AYT27_RS07745,3.15e-37,122,44.172,6.3e-37,122,44.172
BAB_RS24135,AYT27_RS07750,3.89e-112,329,45.098,5.36e-108,319,45.098
BAB_RS24140,AYT27_RS07755,5.19e-41,135,42.529,7.56e-40,133,43.902
BAB_RS24145,AYT27_RS07790,7.12e-50,166,37.77,2.87e-56,184,37.162
BAB_RS24150,AYT27_RS07795,1.29e-117,327,81.72,2.6e-117,327,81.72
BAB_RS24155,AYT27_RS07800,4.37e-136,380,72.243,2.13e-142,397,72.243
BAB_RS24170,AYT27_RS07805,0,669,59.865,0,646,59.797
BAB_RS24175,AYT27_RS07810,2.3e-44,133,82.192,4.49e-44,133,82.192
BAB_RS24180,AYT27_RS07695,3.6e-157,432,82.661,7.05e-157,432,82.661
BAB_RS24190,AYT27_RS01445,1.93e-10,53.5,33.108,3.64e-10,53.5,33.108
BAB_RS24205,AYT27_RS07380,6.79e-136,380,64.469,1.32e-135,380,64.469
BAB_RS24210,AYT27_RS07375,1.53e-49,155,40.722,3.05e-49,155,40.722
BAB_RS24215,AYT27_RS07850,2.19e-35,114,47.414,4.42e-35,114,47.414
BAB_RS24220,AYT27_RS07845,1.3e-30,100,62.921,2.57e-30,100,62.921
BAB_RS24225,AYT27_RS07840,0,1049,75.455,0,1046,75.455
BAB_RS24230,AYT27_RS07835,0,556,79.104,0,556,79.104
BAB_RS24235,AYT27_RS07830,0,514,62.374,0,514,62.374
BAB_RS24265,AYT27_RS07690,1.33e-118,333,69.397,2.64e-118,333,69.397
BAB_RS24300,AYT27_RS07320,4.05e-78,225,76.25,2.97e-77,224,76.25
BAB_RS24305,AYT27_RS07325,4.33e-129,372,50.43,1.15e-119,349,50.284
BAB_RS24310,AYT27_RS07340,6.24e-20,69.3,80.488,1.22e-19,69.3,80.488
BAB_RS24315,AYT27_RS07345,5.9e-39,131,39.894,1.47e-38,131,39.894
BAB_RS24320,AYT27_RS07860,0,649,66.109,0,649,66.109
BAB_RS24325,AYT27_RS07865,6.87e-54,164,60.163,6.41e-54,165,60.163
BAB_RS24335,AYT27_RS07870,5.19e-30,98.2,79.762,1.74e-36,115,79.762
BAB_RS24340,AYT27_RS07890,0,724,60.702,0,724,60.702
BAB_RS24350,AYT27_RS07900,2.49e-79,233,52.404,4.71e-79,233,52.404
BAB_RS24370,AYT27_RS07905,3.76e-162,464,48.879,2.56e-163,468,47.357
BAB_RS24380,AYT27_RS07910,3.08e-125,356,63.441,5.83e-130,369,63.441
BAB_RS24390,AYT27_RS07925,1.19e-92,265,68.947,2.36e-92,265,68.947
BAB_RS24395,AYT27_RS07920,9.4e-67,192,80.357,1.84e-66,192,80.357
BAB_RS24405,AYT27_RS07915,6.78e-127,392,40.754,7.09e-121,376,41.176
BAB_RS24420,AYT27_RS07930,2.76e-35,109,88.136,5.4e-35,109,88.136
BAB_RS24430,AYT27_RS07935,3.63e-129,366,61.745,2.64e-119,342,61.745
BAB_RS24435,AYT27_RS07965,0,655,76.156,0,634,76.156
BAB_RS24460,AYT27_RS04260,3.15e-31,117,26.234,6.25e-31,117,26.234
BAB_RS24470,AYT27_RS04240,4.43e-81,239,49.362,8.25e-81,239,49.362
BAB_RS24475,AYT27_RS04245,1.02e-76,236,46.212,1.18e-76,236,46.212
BAB_RS24480,AYT27_RS04250,2.6e-37,135,35.385,6.36e-42,149,36.28
BAB_RS24485,AYT27_RS04255,1.95e-50,166,36.056,1.75e-60,193,36.056
BAB_RS24510,AYT27_RS07985,8.9e-22,80.9,41.322,1.55e-24,88.6,41.322
BAB_RS24515,AYT27_RS07990,0,815,78.154,0,777,84.464
BAB_RS24520,AYT27_RS07995,5.35e-147,410,66.007,2.29e-139,392,66.007
BAB_RS24525,AYT27_RS08000,0,895,85.49,0,895,85.49
BAB_RS24530,AYT27_RS08005,3.61e-43,139,42.458,7.46e-43,139,42.458
BAB_RS24540,AYT27_RS08020,0,962,64.538,0,962,64.538
BAB_RS24545,AYT27_RS08025,2.88e-127,354,77.064,5.65e-127,354,77.064
BAB_RS24550,AYT27_RS08030,3.24e-40,131,38.728,6.28e-40,131,38.728
BAB_RS24555,AYT27_RS08035,0,1278,69.441,0,1278,69.441
BAB_RS24560,AYT27_RS08040,1.26e-87,254,58.252,2.5e-87,254,58.252
BAB_RS24575,AYT27_RS08055,0,1063,75.115,0,1063,75.115
BAB_RS24580,AYT27_RS08365,4.8e-22,77,74.51,1.53e-16,63.5,63.934
BAB_RS24585,AYT27_RS08360,1.53e-147,415,70.526,1.26e-140,398,70.526
BAB_RS24590,AYT27_RS08355,3.71e-172,487,54.977,6.98e-172,487,54.977
BAB_RS24595,AYT27_RS08350,1.05e-169,490,48.094,2.71e-173,500,48.094
BAB_RS24600,AYT27_RS08345,0,780,69.517,0,756,69.517
BAB_RS24610,AYT27_RS08390,0,1679,53.181,0,1655,53.727
BAB_RS24620,AYT27_RS04040,3.29e-68,208,47.186,5e-66,203,49.289
BAB_RS24625,AYT27_RS04045,4.57e-106,300,70.918,9.24e-106,300,70.918
BAB_RS24630,AYT27_RS08370,6.58e-61,179,74.38,1.46e-61,182,76.852
BAB_RS24635,AYT27_RS08375,6e-37,117,60.215,9.13e-31,102,60.215
BAB_RS24640,AYT27_RS08380,0,704,73.41,0,663,75.514
BAB_RS24650,AYT27_RS08385,8.82e-96,274,58.879,1.76e-95,274,58.879
BAB_RS24685,AYT27_RS00860,3.53e-63,189,50.909,6.71e-63,189,50.909
BAB_RS24690,AYT27_RS00855,0,648,72.562,0,648,72.562
BAB_RS24695,AYT27_RS00850,4e-105,315,42.216,2.8e-104,313,41.953
BAB_RS24705,AYT27_RS00845,2.01e-59,178,52.976,3.72e-59,178,52.976
BAB_RS24710,AYT27_RS00840,3.62e-43,134,53.153,8.46e-43,134,53.153
BAB_RS24715,AYT27_RS00835,3.85e-72,214,55.263,6.63e-72,214,55.263
BAB_RS24720,AYT27_RS00830,0,569,66.427,0,569,66.427
BAB_RS24725,AYT27_RS00825,0,531,68.984,0,513,68.984
BAB_RS24730,AYT27_RS00820,0,516,78.443,0,502,78.679
BAB_RS24750,AYT27_RS00705,5.38e-50,148,79.775,1.05e-49,148,79.775
BAB_RS24755,AYT27_RS00700,2.07e-53,162,66.667,1.31e-49,153,70.476
BAB_RS24760,AYT27_RS00695,2.75e-13,52,80,5.38e-13,52,80
BAB_RS24830,AYT27_RS07050,0,586,44.495,0,575,44.479
BAB_RS24840,AYT27_RS07225,0,1355,76.079,0,1355,76.079
BAB_RS24845,AYT27_RS07105,1.16e-35,123,66.667,7.45e-37,127,64.948
BAB_RS24850,AYT27_RS01010,5.65e-89,263,46.237,1.08e-88,263,46.237
BAB_RS24855,AYT27_RS01015,0,575,78.31,0,575,78.31
BAB_RS24860,AYT27_RS00710,1.55e-60,214,30.297,3.43e-65,229,30.297
BAB_RS24865,AYT27_RS02095,0,684,79.905,0,684,79.905
BAB_RS24870,AYT27_RS02090,3.74e-137,382,67.886,7.27e-137,382,67.886
BAB_RS24890,AYT27_RS02085,7.41e-38,117,65.476,1.4e-37,117,65.476
BAB_RS24895,AYT27_RS02080,8.51e-82,242,52.402,5.15e-84,249,52.402
BAB_RS24900,AYT27_RS02075,8.92e-122,347,59.155,3.61e-119,340,59.155
BAB_RS24920,AYT27_RS08405,2.61e-96,298,39.627,2.54e-90,283,39.627
BAB_RS24925,AYT27_RS08410,1.48e-33,126,30.462,1.74e-34,129,29.97
BAB_RS24940,AYT27_RS08415,6.11e-180,499,68.132,1.21e-179,499,68.132
BAB_RS24945,AYT27_RS00625,2.19e-72,223,36.585,3.8e-64,203,36.254
BAB_RS24955,AYT27_RS08425,1.47e-82,235,78.832,2.88e-82,235,78.832
BAB_RS24975,AYT27_RS08105,0,892,55.886,0,879,56.207
BAB_RS24990,AYT27_RS08110,4.24e-164,464,53.086,3.38e-160,454,53.086
BAB_RS25000,AYT27_RS08245,4.61e-169,463,82.625,9.02e-169,463,82.625
BAB_RS25005,AYT27_RS08250,0,1073,85.455,0,1070,86.12
BAB_RS25010,AYT27_RS08255,2.06e-46,142,53.125,3.93e-46,142,53.125
BAB_RS25015,AYT27_RS08260,2.8e-41,130,48.485,5.51e-41,130,48.485
BAB_RS25030,AYT27_RS08265,7.13e-74,213,81.395,3.76e-72,209,83.2
BAB_RS25065,AYT27_RS08270,5.05e-115,325,67.826,9.38e-115,325,67.826
BAB_RS25070,AYT27_RS08275,2.01e-50,157,47.024,3.75e-50,157,47.024
BAB_RS25075,AYT27_RS08285,4.58e-132,375,57.792,9.26e-132,375,57.792
BAB_RS25085,AYT27_RS08625,0,723,74.359,0,723,74.359
BAB_RS25105,AYT27_RS08630,0,589,71.429,0,557,71.078
BAB_RS25110,AYT27_RS08635,0,1641,76.394,0,1629,76.295
BAB_RS25115,AYT27_RS08640,0,516,89.333,0,518,89.333
BAB_RS25120,AYT27_RS08645,0,694,87.154,0,694,87.154
BAB_RS25125,AYT27_RS08650,0,552,84.375,0,552,84.375
BAB_RS25130,AYT27_RS08655,7.64e-154,436,56.764,1.49e-153,436,56.764
BAB_RS25135,AYT27_RS08660,1.09e-43,139,42.135,7.46e-41,132,42.135
BAB_RS25140,AYT27_RS08665,8.7e-94,275,50.877,1.85e-93,275,50.877
BAB_RS25145,AYT27_RS08670,0,649,71.053,0,649,71.053
BAB_RS25150,AYT27_RS08675,3.82e-178,501,74.608,6.22e-172,486,77.228
BAB_RS25155,AYT27_RS08680,7.61e-90,260,56.054,2.56e-81,239,56.054
BAB_RS25160,AYT27_RS08685,4.72e-110,314,58.964,8.99e-110,314,58.964
BAB_RS25175,AYT27_RS01040,3.42e-60,178,62.406,6.64e-60,178,62.406
BAB_RS25185,AYT27_RS01035,0,513,63.57,6.16e-180,504,63.57
BAB_RS25190,AYT27_RS01030,5.65e-96,283,44.795,1.12e-92,275,48.881
BAB_RS25200,AYT27_RS01025,0,1444,76.159,0,1417,76.159
BAB_RS25230,AYT27_RS07585,1.19e-13,52.8,96.429,2.32e-13,52.8,96.429
BAB_RS25290,AYT27_RS01060,2.48e-91,271,48.387,4.21e-90,269,48.387
BAB_RS25320,AYT27_RS06245,3.03e-139,392,61.935,4.26e-132,374,61.935
BAB_RS25325,AYT27_RS06240,3.38e-119,336,64.516,6.6e-119,336,64.516
BAB_RS25360,AYT27_RS08470,7.35e-105,303,54.417,6.07e-99,288,54.417
BAB_RS25365,AYT27_RS08465,2.78e-57,172,54.305,5.53e-57,172,54.305
BAB_RS25370,AYT27_RS08460,5.23e-51,162,36.638,1.37e-47,154,35.565
BAB_RS25380,AYT27_RS08455,2.52e-12,51.6,38.596,4.85e-12,51.6,38.596
BAB_RS25385,AYT27_RS08450,0,522,60.526,0,512,60.526
BAB_RS25390,AYT27_RS08445,0,569,38.123,5.09e-173,518,37.772
BAB_RS25400,AYT27_RS08440,2.1e-82,243,47.881,3.87e-82,243,47.881
BAB_RS25410,AYT27_RS08475,3.89e-170,471,72.168,7.34e-170,471,72.168
BAB_RS25415,AYT27_RS08395,2.79e-35,127,25.501,5.65e-35,127,25.501
BAB_RS25430,AYT27_RS00870,1.46e-37,117,66.279,2.76e-32,105,66.279
BAB_RS25435,AYT27_RS00880,6.35e-103,289,77.011,1.24e-102,289,77.011
BAB_RS25440,AYT27_RS08515,2.23e-116,330,63.178,1.82e-115,329,63.178
BAB_RS25445,AYT27_RS08070,1.55e-49,160,40,2.27e-49,160,40
BAB_RS25450,AYT27_RS08065,1.38e-107,313,47,2.57e-107,313,47
BAB_RS25455,AYT27_RS08060,2.83e-129,359,78.995,5.54e-129,359,78.995
BAB_RS25470,AYT27_RS08100,5.86e-65,196,49.462,1e-64,196,49.462
BAB_RS25475,AYT27_RS08095,7.88e-127,357,61.94,1.55e-126,357,61.94
BAB_RS25485,AYT27_RS08435,1.75e-107,305,62.667,3.43e-107,305,62.667
BAB_RS25525,AYT27_RS08315,2.3e-86,251,62.189,4.49e-86,251,62.189
BAB_RS25530,AYT27_RS08320,1.07e-57,169,89.888,2.13e-57,168,90.909
BAB_RS25560,AYT27_RS08305,0,786,61.093,0,771,61.254
BAB_RS25565,AYT27_RS08300,0,551,76.923,0,551,76.923
BAB_RS25570,AYT27_RS08295,5.38e-95,271,60.766,1.04e-94,271,60.766
BAB_RS25575,AYT27_RS08290,2.09e-31,102,55.172,3.62e-31,102,55.172
BAB_RS25585,AYT27_RS08555,1.11e-160,452,60.27,2.11e-159,449,60.27
BAB_RS25590,AYT27_RS08550,1.02e-67,202,50.27,2.1e-67,202,50.27
BAB_RS25600,AYT27_RS08545,2.69e-117,336,57.282,1.51e-102,300,57.143
BAB_RS25605,AYT27_RS08540,2.99e-179,494,76.972,3.6e-176,487,76.972
BAB_RS25610,AYT27_RS08535,1.8e-106,310,57.806,3.84e-106,309,57.806
BAB_RS25620,AYT27_RS08525,4.47e-117,340,44.386,4.38e-117,341,43.455
BAB_RS25625,AYT27_RS08520,1.42e-116,339,49.254,2.59e-119,347,47.74
BAB_RS25710,AYT27_RS08495,6.4e-116,334,55.254,4.35e-115,332,55.631
BAB_RS25715,AYT27_RS08490,3.1e-111,320,59.655,1.85e-106,308,59.655
BAB_RS25720,AYT27_RS08485,2.67e-118,335,65.354,9.76e-123,347,65.152
BAB_RS25725,AYT27_RS08480,9.37e-131,374,51.453,1.85e-130,374,51.453
BAB_RS25730,AYT27_RS08690,2.09e-133,376,62.623,4.19e-133,376,62.623
BAB_RS25735,AYT27_RS08695,3.13e-152,421,76.981,6.12e-152,421,76.981
BAB_RS25740,AYT27_RS08700,1.54e-76,225,52.885,3.05e-76,225,52.885
BAB_RS25745,AYT27_RS08705,0,843,65.902,0,837,65.902
BAB_RS25750,AYT27_RS08710,7.11e-172,485,53.687,1.37e-171,485,53.687
BAB_RS25760,AYT27_RS08715,0,780,90.67,0,780,90.67
BAB_RS25780,AYT27_RS00005,3.31e-123,348,60.145,1.32e-114,327,60.145
BAB_RS25785,AYT27_RS00010,2.78e-57,175,50.249,4.45e-57,176,50.761
BAB_RS25790,AYT27_RS00015,3.19e-104,301,55.235,6.33e-104,301,55.235
BAB_RS25795,AYT27_RS00020,1.05e-60,184,47.396,2.01e-60,184,47.396
BAB_RS25800,AYT27_RS00025,5.22e-97,279,56.466,1.02e-96,279,56.466
BAB_RS25805,AYT27_RS00515,9.51e-76,219,64.151,1.49e-67,199,64.151
BAB_RS25810,AYT27_RS00520,1.02e-26,95.1,36.129,9.79e-32,108,36.129
BAB_RS25815,AYT27_RS00525,5.95e-81,238,50.87,3.38e-80,236,52.036
BAB_RS25825,AYT27_RS00530,3.61e-48,152,44.444,7.26e-48,152,44.444
BAB_RS25840,AYT27_RS01070,0,716,81.986,0,716,81.986
BAB_RS25845,AYT27_RS01065,3.62e-108,303,79.459,7.43e-108,303,79.459
BAB_RS25880,AYT27_RS01055,2.12e-167,464,69.775,4.28e-167,464,69.775
BAB_RS25900,AYT27_RS00310,2.17e-142,394,81.277,4.25e-142,394,81.277
BAB_RS25905,AYT27_RS00305,0,715,66.018,0,748,66.018
BAB_RS25910,AYT27_RS00300,3.79e-38,124,43.836,7.18e-38,124,43.836
BAB_RS25915,AYT27_RS00295,3.55e-59,175,67.424,6.89e-59,175,67.424
BAB_RS25920,AYT27_RS00290,9.26e-39,121,63.736,1.72e-38,121,63.736
BAB_RS25925,AYT27_RS00160,0,818,82.833,0,818,82.833
BAB_RS25930,AYT27_RS00155,0,649,44.664,0,642,44.547
BAB_RS25935,AYT27_RS00140,1.3e-51,170,40.741,9.4e-52,170,40.741
BAB_RS25945,AYT27_RS00135,0,955,50,0,964,49.952
BAB_RS25950,AYT27_RS00130,0,1029,46.649,0,1029,46.649
BAB_RS25955,AYT27_RS00125,1.01e-58,172,76.699,1.96e-58,172,76.699
BAB_RS25960,AYT27_RS00170,1.02e-170,482,53.349,1.97e-170,482,53.349
BAB_RS25965,AYT27_RS00175,5.31e-177,487,75.49,1.05e-176,487,75.49
BAB_RS25995,AYT27_RS00255,2.84e-75,225,46.753,5.43e-75,225,46.753
BAB_RS26015,AYT27_RS00250,2.18e-107,307,56.4,4.2e-107,307,56.4
BAB_RS26025,AYT27_RS00245,2.81e-99,280,78.947,5.31e-99,280,78.947
BAB_RS26035,AYT27_RS00405,7.58e-36,111,80.597,1.5e-35,111,80.597
BAB_RS26040,AYT27_RS00410,5.03e-83,235,88.806,9.76e-83,235,88.806
BAB_RS26050,AYT27_RS00415,0,557,72.207,0,557,72.207
BAB_RS26055,AYT27_RS00420,0,1045,64.134,0,1018,64.134
BAB_RS26065,AYT27_RS00325,0,1123,87.402,0,1112,86.772
BAB_RS26070,AYT27_RS00330,0,594,76.064,0,554,76.064
BAB_RS26095,AYT27_RS01245,1.99e-178,491,73.548,3.9e-178,491,73.548
BAB_RS26105,AYT27_RS00220,8.32e-50,174,75.676,1.63e-49,174,75.676
BAB_RS26120,AYT27_RS00445,5.65e-21,78.6,37.931,1.02e-20,78.6,37.931
BAB_RS26125,AYT27_RS01250,0,525,68.966,0,525,68.966
BAB_RS26130,AYT27_RS01255,0,579,60.558,0,579,60.558
BAB_RS26135,AYT27_RS01260,0,623,73.634,0,643,73.634
BAB_RS26140,AYT27_RS01265,1.21e-153,424,80,2.19e-153,424,80
BAB_RS26145,AYT27_RS01270,7.63e-114,322,64.831,1.49e-113,322,64.831
BAB_RS26155,AYT27_RS01280,8.49e-67,207,47.934,2.02e-63,199,53.807
BAB_RS26165,AYT27_RS01285,0,593,68.029,0,593,68.029
BAB_RS26175,AYT27_RS01170,2.8e-50,159,40.517,1.69e-50,161,40.851
BAB_RS26180,AYT27_RS01165,2.03e-44,140,41.935,3.9e-44,140,41.935
BAB_RS26190,AYT27_RS01160,0,659,68.68,0,659,68.68
BAB_RS26195,AYT27_RS01155,5.37e-164,457,68.438,1.18e-163,457,68.438
BAB_RS26200,AYT27_RS01150,1.39e-60,181,54.362,2.73e-60,181,54.362
BAB_RS26205,AYT27_RS01145,8.39e-126,362,52.522,1.09e-117,342,52.959
BAB_RS26210,AYT27_RS01140,9.7e-155,449,44.639,5.48e-162,468,44.639
BAB_RS26215,AYT27_RS01135,2.51e-62,183,65.942,7.45e-59,175,65.217
BAB_RS26220,AYT27_RS01130,0,660,78.759,0,679,78.759
BAB_RS26225,AYT27_RS01125,5.16e-104,296,60.426,1.01e-103,296,60.426
BAB_RS26230,AYT27_RS01120,2.03e-79,233,57.949,3.92e-79,233,57.949
BAB_RS26235,AYT27_RS01115,0,877,81.853,0,877,81.853
BAB_RS26240,AYT27_RS01110,3.1e-66,199,49.746,5.9e-66,199,49.746
BAB_RS26245,AYT27_RS01105,0,1197,65.973,0,1147,70.366
BAB_RS26250,AYT27_RS01100,1.88e-58,174,66.4,8.16e-57,171,66.667
BAB_RS26255,AYT27_RS01095,1.22e-151,424,64.286,2.35e-151,424,64.286
BAB_RS26260,AYT27_RS01085,7.79e-51,150,80.899,1.52e-50,150,80.899
BAB_RS26265,AYT27_RS01080,0,1224,82.553,0,1212,82.553
BAB_RS26270,AYT27_RS01075,3.26e-70,218,43.983,6.22e-70,218,43.983
BAB_RS26280,AYT27_RS00630,6.2e-162,446,76.471,1.21e-161,446,76.471
BAB_RS26285,AYT27_RS00635,0,714,84.691,0,714,84.691
BAB_RS26290,AYT27_RS00640,3.27e-98,277,76.786,6.28e-98,277,76.786
BAB_RS26295,AYT27_RS00645,6.33e-64,189,63.235,1.42e-63,189,63.235
BAB_RS26305,AYT27_RS00650,6.86e-69,204,53.672,1.38e-68,204,53.672
BAB_RS26320,AYT27_RS01045,1.36e-96,282,49.291,2.64e-96,282,49.291
BAB_RS26330,AYT27_RS01050,0,528,56.512,2.68e-179,506,56.512
BAB_RS26340,AYT27_RS01290,5.5e-114,327,55.667,1.07e-113,327,55.667
BAB_RS26350,AYT27_RS00580,4.3e-44,134,74.713,8.4e-44,134,74.713
BAB_RS26570,AYT27_RS03760,1.57e-11,47,100,3.07e-11,47,100
BAB_RS26575,AYT27_RS03765,6.05e-76,216,89.167,1.18e-75,216,89.167
BAB_RS26590,AYT27_RS03770,5.78e-34,122,27.508,1.14e-40,140,27.508
BAB_RS26600,AYT27_RS03775,9.51e-64,189,60.959,1.97e-63,189,60.959
BAB_RS26620,AYT27_RS05555,0,510,55.895,5.13e-160,458,55.895
BAB_RS26625,AYT27_RS00900,1.14e-60,195,33.233,4.82e-60,194,35.862
BAB_RS26635,AYT27_RS06810,1.51e-79,243,40.176,1.21e-75,234,39.883
BAB_RS26640,AYT27_RS08225,1.04e-66,213,46.907,2.68e-66,212,46.907
BAB_RS26645,AYT27_RS08220,1.89e-43,145,30.314,1.17e-43,146,30.314
BAB_RS26650,AYT27_RS08215,3.08e-51,162,41.921,5.85e-51,162,41.921
BAB_RS26660,AYT27_RS08205,1.67e-16,74.7,25.2,1.8e-16,75.1,25.2
BAB_RS26665,AYT27_RS08185,1.04e-13,64.3,27.811,2.25e-13,64.3,27.811
BAB_RS26670,AYT27_RS08180,0,661,41.677,0,661,41.677
BAB_RS26675,AYT27_RS08175,1.43e-20,75.9,36.634,2.47e-20,75.9,36.634
BAB_RS26685,AYT27_RS08125,8.9e-19,77.8,28.07,1.78e-18,77.8,29.333
BAB_RS26690,AYT27_RS00905,7.46e-177,496,57.702,1.48e-176,496,57.702
BAB_RS26695,AYT27_RS00910,2.65e-175,482,78.84,5.17e-175,482,78.84
BAB_RS26705,AYT27_RS00915,3.7e-153,429,64.688,7.19e-153,429,64.688
BAB_RS26725,AYT27_RS00920,6.9e-33,108,47.581,4.36e-31,104,56.977
BAB_RS26750,AYT27_RS00925,7.09e-73,234,33.262,8.58e-70,226,33.974
BAB_RS26760,AYT27_RS06465,2.31e-84,245,54.245,3.21e-81,238,54.726
BAB_RS26770,AYT27_RS06460,9.01e-148,413,65.101,1.76e-147,413,65.101
BAB_RS26825,AYT27_RS06445,0,649,81.698,0,649,81.698
BAB_RS26895,AYT27_RS06435,7.23e-139,400,56.098,4.63e-146,420,56.098
BAB_RS26905,AYT27_RS06430,2.23e-73,226,65.455,1.96e-78,240,63.934
BAB_RS27220,AYT27_RS06205,2.66e-92,265,64.062,4.96e-92,265,64.062
BAB_RS27230,AYT27_RS06955,0,692,70.303,0,690,70.303
BAB_RS27260,AYT27_RS06915,0,654,70.842,0,671,70.842
BAB_RS27270,AYT27_RS06905,0,933,89.015,0,907,89.015
BAB_RS27275,AYT27_RS06910,4.94e-57,167,83.673,9.66e-57,167,83.673
BAB_RS27280,AYT27_RS06745,1.38e-114,327,55.435,2.68e-114,327,55.435
BAB_RS27285,AYT27_RS06740,1.34e-119,344,53.659,3.23e-128,366,53.659
BAB_RS27290,AYT27_RS01325,0,1508,73.602,0,1512,73.602
BAB_RS27295,AYT27_RS01330,7.39e-24,90.5,34.615,1.28e-23,90.5,34.615
BAB_RS27305,AYT27_RS01335,7.51e-67,196,65.972,1.38e-66,196,65.972
BAB_RS27310,AYT27_RS01340,5.52e-156,451,65.217,2.12e-153,445,64.045
BAB_RS27315,AYT27_RS01345,3.55e-72,212,56.989,7.01e-72,212,56.989
BAB_RS27345,AYT27_RS01365,0,568,64.76,0,562,64.76
BAB_RS27350,AYT27_RS01370,7.08e-83,246,48.81,1.37e-82,246,48.81
BAB_RS27355,AYT27_RS01375,4.35e-31,100,59.74,8.31e-31,100,59.74
BAB_RS27365,AYT27_RS01385,7.8e-147,422,48.98,1.5e-146,422,48.98
BAB_RS27370,AYT27_RS01390,1.53e-116,337,49.853,2.98e-116,337,49.853
BAB_RS27375,AYT27_RS01395,1.56e-20,73.6,46.575,3.06e-20,73.6,46.575
BAB_RS27380,AYT27_RS01400,0,832,63.884,0,832,63.884
BAB_RS27485,AYT27_RS02575,1.28e-11,63.2,23.636,2.99e-11,63.2,23.636
BAB_RS27545,AYT27_RS06620,2.74e-134,380,54.037,5.34e-134,380,54.037
BAB_RS27550,AYT27_RS06615,0,513,67.123,1.03e-180,502,67.397
BAB_RS27555,AYT27_RS06610,2.48e-100,288,55.696,4.66e-100,288,55.696
BAB_RS27630,AYT27_RS06590,0,594,65.596,0,594,65.596
BAB_RS27640,AYT27_RS06585,2.07e-71,208,72.549,8.04e-71,207,72.549
BAB_RS27655,AYT27_RS00655,9.29e-43,129,90.541,1.29e-34,109,90.541
BAB_RS27670,AYT27_RS06575,2.04e-57,177,50.952,6.31e-64,194,50.952
BAB_RS27675,AYT27_RS06570,1.19e-130,373,54.277,2.28e-130,373,54.277
BAB_RS27680,AYT27_RS06565,3.28e-96,280,55.51,1.62e-100,291,52.593
BAB_RS27735,AYT27_RS05395,9.49e-19,81.3,28.75,1.24e-22,92.8,26.923
BAB_RS27830,AYT27_RS03360,0,703,69.216,0,687,69.216
BAB_RS27865,AYT27_RS06505,1.55e-123,358,47.312,2.82e-123,358,47.312
BAB_RS27880,AYT27_RS01410,7.96e-102,302,41.444,1.56e-101,302,41.444
BAB_RS27995,AYT27_RS08500,9.41e-11,45.1,92,1.84e-10,45.1,92
BAB_RS28010,AYT27_RS06525,8.47e-67,202,46.637,2.56e-59,183,46.637
BAB_RS28015,AYT27_RS06530,2.82e-17,64.3,57.692,5.85e-17,64.3,57.692
BAB_RS28035,AYT27_RS06550,0,595,81.953,0,595,81.953
BAB_RS28075,AYT27_RS00895,0,861,63.244,0,847,63.244
BAB_RS28080,AYT27_RS00890,0,590,65.079,0,590,65.079
BAB_RS28085,AYT27_RS00885,0,1106,88.595,0,1106,88.595
BAB_RS28290,AYT27_RS01420,3.97e-09,40.8,84,7.77e-09,40.8,84
BAB_RS28320,AYT27_RS06225,8.38e-63,194,40.146,1.15e-65,202,40.146
BAB_RS28325,AYT27_RS06230,1.69e-144,405,71.192,3.04e-140,395,71.429
BAB_RS28500,AYT27_RS00115,0,785,69.259,0,776,69.259
BAB_RS28550,AYT27_RS02050,2.02e-140,394,66.555,7.83e-146,409,66.555
BAB_RS28555,AYT27_RS02045,0,879,70.715,0,879,70.715
BAB_RS28560,AYT27_RS02040,6.94e-86,251,54.113,1.56e-79,236,54.113
BAB_RS28565,AYT27_RS02035,0,689,65.44,0,689,65.44
BAB_RS28605,AYT27_RS02030,1.29e-165,468,53.318,5.37e-171,483,53.318
BAB_RS28615,AYT27_RS02025,0,748,78.07,0,772,78.07
BAB_RS28635,AYT27_RS06210,0,552,56.735,0,542,56.851
BAB_RS28640,AYT27_RS02065,0,685,70.022,0,672,70.022
BAB_RS28645,AYT27_RS02060,5.3e-89,259,54.508,1.48e-90,264,54.508
BAB_RS28675,AYT27_RS02560,6.6e-45,153,40.345,9.68e-47,159,40.345
BAB_RS28760,AYT27_RS08600,2.54e-18,72.8,36.275,3.85e-15,65.5,37.755
BAB_RS28795,AYT27_RS06520,7.31e-178,494,65.205,1.45e-177,494,65.205
BAB_RS28800,AYT27_RS06515,5.14e-54,161,63.115,1e-53,161,63.115
BAB_RS28805,AYT27_RS06510,0,1307,69.231,0,1280,69.231
BAB_RS28890,AYT27_RS02845,9.78e-152,433,54.94,1.1e-142,410,54.94
BAB_RS28905,AYT27_RS04405,6.39e-52,160,50.581,1.26e-51,160,50.581
BAB_RS28940,AYT27_RS06735,1.29e-26,91.3,40.187,2.41e-26,91.3,40.187
BAB_RS28990,AYT27_RS00810,2.19e-138,384,78.855,1.76e-133,373,79.724
BAB_RS28995,AYT27_RS00805,1.63e-167,476,68.196,1.55e-167,477,58.734
BAB_RS29005,AYT27_RS03285,1.3e-34,119,33.617,2.08e-30,109,33.617
BAB_RS29030,AYT27_RS06655,1.11e-24,97.4,38.776,7.01e-27,104,45.37
BAB_RS29040,AYT27_RS06645,1.49e-77,235,46.183,3.08e-72,222,47.561
BAB_RS29045,AYT27_RS01985,0,560,55.579,0,548,55.579
BAB_RS29100,AYT27_RS02110,0,673,56.441,0,640,56.441
BAB_RS29105,AYT27_RS00955,4.52e-130,372,55.301,8.77e-130,372,55.301
BAB_RS29110,AYT27_RS00960,1.94e-98,286,54.77,6.51e-98,286,54.77
BAB_RS29115,AYT27_RS00965,1.46e-121,346,57.143,2.87e-121,346,57.143
BAB_RS29120,AYT27_RS00970,3.57e-134,389,45.047,7.11e-134,389,45.047
BAB_RS29240,AYT27_RS03295,2.1e-91,266,49.603,4.05e-91,266,49.603
BAB_RS29260,AYT27_RS05445,1.98e-11,47,96,3.87e-11,47,96
BAB_RS29295,AYT27_RS05440,5.17e-09,40.8,83.333,1.01e-08,40.8,83.333
BAB_RS29320,AYT27_RS04010,8.53e-66,191,75.833,1.64e-65,191,75.833
BAB_RS29330,AYT27_RS04165,4.94e-31,98.2,87.273,9.66e-31,98.2,87.273
BAB_RS29350,AYT27_RS04180,0,837,52.71,0,837,52.71
BAB_RS29355,AYT27_RS04185,0,1281,71.363,0,1278,72.771
BAB_RS29365,AYT27_RS04195,1.22e-134,387,52.658,2.74e-140,402,52.658
BAB_RS29370,AYT27_RS04200,6.29e-70,208,60.317,3.17e-63,192,56.915
BAB_RS29375,AYT27_RS04205,0,585,65.012,0,585,65.012
BAB_RS29380,AYT27_RS04210,0,500,75.399,3.25e-174,482,75.399
BAB_RS29385,AYT27_RS04215,1.43e-116,351,38.534,2.88e-119,359,38.534
BAB_RS29390,AYT27_RS04220,2.1e-75,218,65.385,4.04e-75,218,65.385
BAB_RS29400,AYT27_RS04225,1.8e-45,137,71.579,6.1e-38,119,71.579
BAB_RS29405,AYT27_RS04230,0,773,76.673,0,771,76.673
BAB_RS29415,AYT27_RS04030,0,1044,71.857,0,1063,76.168
BAB_RS29425,AYT27_RS04035,3.78e-111,316,62.009,7.18e-111,316,62.009
BAB_RS29440,AYT27_RS04335,1.01e-11,47.4,96,1.98e-11,47.4,96
BAB_RS29455,AYT27_RS05075,8.37e-110,313,60.729,1.73e-109,313,60.729
BAB_RS29460,AYT27_RS05070,0,601,64.653,0,601,64.653
BAB_RS29465,AYT27_RS05065,0,857,66.227,0,838,66.227
BAB_RS29470,AYT27_RS05030,0,883,62.251,0,897,62.251
BAB_RS29475,AYT27_RS04505,9.9e-32,103,52.809,1.96e-31,103,52.809
BAB_RS29480,AYT27_RS04500,0,1615,65.24,0,1581,65.24
BAB_RS29495,AYT27_RS04495,0,729,56.126,0,729,56.126
BAB_RS29500,AYT27_RS04490,2.97e-67,201,48.756,1.04e-62,190,49.727
BAB_RS29510,AYT27_RS04390,2.26e-155,442,53.708,4.58e-155,442,53.708
BAB_RS29515,AYT27_RS04385,2.5e-137,384,76.132,2.72e-139,390,72.075
BAB_RS29550,AYT27_RS04325,0,748,80.092,0,748,80.092
BAB_RS29570,AYT27_RS03020,6.37e-68,199,66.667,1.26e-67,199,66.667
BAB_RS29580,AYT27_RS04700,1.22e-10,45.1,88,2.07e-10,45.4,88
BAB_RS29725,AYT27_RS01990,0,886,57.998,0,845,57.302
BAB_RS29730,AYT27_RS08325,5.83e-78,231,48.729,1.72e-72,218,48.729
BAB_RS29830,AYT27_RS08570,7.02e-22,80.5,36.792,3.79e-15,63.9,36.792
BAB_RS29835,AYT27_RS08575,3.63e-33,106,55.914,4.5e-26,89.4,55.914
BAB_RS29840,AYT27_RS08580,4.6e-40,129,40.994,8.46e-40,129,40.994
BAB_RS29845,AYT27_RS08585,0,587,61.719,0,578,61.524
BAB_RS29850,AYT27_RS08590,2.44e-52,156,65.766,4.8e-52,156,65.766
BAB_RS29855,AYT27_RS08595,0,1239,64.513,0,1216,64.301
BAB_RS29970,AYT27_RS07975,1.05e-90,271,43.243,1.96e-90,271,43.243
BAB_RS29975,AYT27_RS07980,1.64e-120,362,41.833,3.18e-125,375,42.68
BAB_RS30330,AYT27_RS00945,0,842,77.027,0,842,77.027
BAB_RS30345,AYT27_RS00940,1.36e-159,453,54.079,3.13e-169,478,54.079
BAB_RS30350,AYT27_RS07280,1.53e-17,73.2,31.214,2.78e-17,73.2,31.214
BAB_RS30375,AYT27_RS00935,0,825,83.636,0,806,83.636
BAB_RS30495,AYT27_RS04605,1.81e-12,49.3,96,3.53e-12,49.3,96
BAB_RS30520,AYT27_RS01005,0,521,77.707,0,521,77.707
BAB_RS30525,AYT27_RS01000,0,1178,78.329,0,1178,78.329
BAB_RS30530,AYT27_RS00995,1.68e-45,140,54.198,3.21e-45,140,54.198
BAB_RS30535,AYT27_RS00990,5.21e-37,114,68.493,1.03e-36,114,68.493
BAB_RS30540,AYT27_RS01090,0,546,57.113,0,538,57.113
BAB_RS30965,AYT27_RS06285,7.62e-16,59.3,88.636,2.58e-22,76.3,88.636
BAB_RS30970,AYT27_RS06290,1.05e-40,129,59.483,1.9e-40,129,59.483
BAB_RS30975,AYT27_RS06295,0,727,59.581,0,738,59.581
BAB_RS30980,AYT27_RS06300,6.35e-107,305,73.5,3.12e-106,303,73.5
BAB_RS30985,AYT27_RS00340,3.63e-176,484,81.597,1.91e-168,466,81.597
BAB_RS30995,AYT27_RS00360,2.23e-143,400,65.455,4.54e-143,400,65.455
BAB_RS31000,AYT27_RS00355,2.29e-162,448,75,4.45e-162,448,75
BAB_RS31010,AYT27_RS00260,6.13e-174,486,60.759,1.18e-173,486,60.759
BAB_RS31020,AYT27_RS00365,1.69e-117,332,61.134,3.25e-117,332,61.134
BAB_RS31025,AYT27_RS00370,5.4e-127,361,58.013,1.07e-126,361,58.013
BAB_RS31030,AYT27_RS00375,4.93e-76,221,56,9.69e-76,221,56
BAB_RS31035,AYT27_RS00380,1.03e-175,492,60.506,1.62e-172,484,60.506
BAB_RS31055,AYT27_RS00350,0,1094,86.644,0,1094,86.644
BAB_RS31060,AYT27_RS00165,1.54e-107,313,46.44,3.05e-107,313,46.44
BAB_RS31070,AYT27_RS06305,7.09e-112,316,62.174,1.95e-108,308,62.174
BAB_RS31100,AYT27_RS00240,1.02e-139,415,38.502,2.42e-147,435,38.502
BAB_RS31105,AYT27_RS06310,8.98e-108,309,59.551,1.68e-107,309,59.551
BAB_RS31110,AYT27_RS06315,7.95e-115,322,71.707,1.55e-114,322,71.707
BAB_RS31145,AYT27_RS00035,8.33e-109,313,55.639,1.63e-108,313,55.639
BAB_RS31150,AYT27_RS00930,9.84e-13,65.5,30.488,2.11e-12,65.5,28.502
BAB_RS31165,AYT27_RS00120,0,860,78.958,0,860,78.958
BAB_RS31170,AYT27_RS00190,1.98e-167,474,57.778,6.48e-159,453,58.209
BAB_RS31175,AYT27_RS00195,0,693,63.757,0,702,63.757
BAB_RS31180,AYT27_RS00200,3.24e-136,380,68.627,6.12e-136,380,68.627
BAB_RS31200,AYT27_RS01425,3.69e-08,43.5,24.762,7.14e-08,43.5,24.762
BAB_RS31205,AYT27_RS00715,2.01e-16,59.7,93.333,3.94e-16,59.7,93.333
BAB_RS31235,AYT27_RS06175,3.08e-73,224,48.276,5.08e-73,224,48.276
BAB_RS31245,AYT27_RS06185,1.03e-83,253,41.071,2.14e-83,253,41.071
BAB_RS31260,AYT27_RS06190,1.07e-32,127,26.824,2.12e-32,127,26.824
BAB_RS31435,AYT27_RS07020,3.69e-12,48.5,100,7.21e-12,48.5,100
BAB_RS31440,AYT27_RS07025,1.19e-13,53.1,78.378,2.33e-13,53.1,78.378
BAB_RS31445,AYT27_RS07030,0,961,90.829,0,959,90.829
BAB_RS31455,AYT27_RS07035,5.17e-13,50.8,100,1.01e-12,50.8,100
BAB_RS31460,AYT27_RS07040,6.23e-09,40.4,92,1.22e-08,40.4,92
BAB_RS31465,AYT27_RS07045,0,838,90.342,0,798,90.342
BAB_RS31485,AYT27_RS00975,2.44e-18,79.7,24.555,5.97e-17,76.6,23.754
BAB_RS31495,AYT27_RS00435,1.71e-21,87.4,29.435,5.12e-19,81.6,29.435
BAB_RS31500,AYT27_RS06425,1.24e-46,144,53.968,2.18e-46,144,53.968
BAB_RS31515,AYT27_RS06715,6.85e-17,69.3,36.697,1.2e-16,69.3,36.697
BAB_RS31905,AYT27_RS05775,2.22e-10,50.8,56.818,4.7e-10,50.8,56.818
BAB_RS31945,AYT27_RS01195,3.68e-09,41.6,71.875,7.19e-09,41.6,71.875
BAB_RS31950,AYT27_RS00610,1.92e-162,466,60.212,9.71e-158,456,60.212
BAB_RS31975,AYT27_RS00770,4.28e-70,254,29.508,1.35e-71,261,29.713
BAB_RS32705,AYT27_RS05630,1.04e-12,56.2,75.61,1.97e-12,56.2,75.61
