B_henselae,S_meliloti,G1.evalue,G1.bitscore,G1.pident,G2.evalue,G2.bitscore,G2.pident
AYT27_RS00005,SMc02793,1.27e-116,333,57.875,4.62e-122,345,57.875
AYT27_RS00010,SMc02792,2.95e-60,184,50.256,1.44e-59,181,50.256
AYT27_RS00015,SMc02791,2.45e-91,270,49.638,6.15e-92,270,49.638
AYT27_RS00020,SMc02790,1.1e-59,182,47.396,2.81e-60,182,47.396
AYT27_RS00025,SMc02789,7.23e-82,242,50,1.92e-82,242,50
AYT27_RS00030,SMc02850,0,1297,63.247,0,1309,63.247
AYT27_RS00035,SMc01813,1.55e-101,296,53.612,3.97e-102,296,53.612
AYT27_RS00040,SMc03839,2.62e-93,272,55.939,2.03e-89,261,55.939
AYT27_RS00050,SMc01129,8.12e-41,132,44.218,9.86e-30,102,44.218
AYT27_RS00055,SMc01130,7.63e-124,352,61.029,2e-124,352,61.029
AYT27_RS00060,SMc01131,1.41e-137,392,61.842,4.48e-138,392,61.842
AYT27_RS00065,SMc01133,7.94e-15,62.4,36.145,2.37e-15,62.4,36.145
AYT27_RS00070,SMc01134,1.66e-48,147,73.626,5.1e-49,147,73.626
AYT27_RS00075,SMc01136,2.04e-24,94,30.481,3.89e-28,102,30.964
AYT27_RS00080,SMc01137,5.02e-24,91.7,34.615,5.13e-25,92.4,32.673
AYT27_RS00085,SMc01138,1.41e-124,353,70.082,5.56e-127,357,67.816
AYT27_RS00095,SMc01141,1.16e-71,210,66.883,2.98e-72,210,66.883
AYT27_RS00100,SMc03832,2.05e-58,177,48.795,5.28e-59,177,48.795
AYT27_RS00105,SMc03831,0,654,81.794,0,654,81.794
AYT27_RS00110,SMc03827,1.11e-49,158,42.654,2.04e-56,174,42.654
AYT27_RS00120,SMc00427,0,794,72.553,0,794,72.553
AYT27_RS00125,SMc02761,9.14e-49,148,64.151,2.35e-49,148,64.151
AYT27_RS00130,SMc02760,0,840,42.132,0,853,42.132
AYT27_RS00135,SMc02759,0,679,38.667,0,659,38.542
AYT27_RS00140,SMc02757,1.86e-45,154,39.683,1.27e-45,154,39.683
AYT27_RS00155,SMc02756,0,593,40,0,576,38.206
AYT27_RS00160,SMc02755,0,773,78.788,0,773,78.788
AYT27_RS00165,SMc00410,3.1e-96,286,44.136,9.04e-100,293,44.136
AYT27_RS00170,SMc02763,1.5e-142,412,48.848,2.15e-156,446,48.848
AYT27_RS00175,SMc02764,9.36e-153,427,66.553,2.39e-153,427,66.553
AYT27_RS00185,SMc02882,2.39e-58,182,46.552,5.2e-70,211,46.352
AYT27_RS00190,SMc01161,3.01e-157,449,57.143,1.65e-165,468,57.143
AYT27_RS00195,SMc01156,0,644,58.779,0,638,58.779
AYT27_RS00200,SMc01155,1.02e-124,353,66.275,2.71e-125,353,66.275
AYT27_RS00205,SMc02782,0,1228,75.313,0,1228,75.313
AYT27_RS00215,SMc02219,1.4e-65,205,33.788,3.83e-66,205,33.788
AYT27_RS00220,SMc00420,0,649,64.427,0,686,64.427
AYT27_RS00225,SMc03097,1.05e-101,320,33.545,3.23e-105,328,33.545
AYT27_RS00230,SMc03096,3.32e-91,325,35.78,7.71e-89,316,35.78
AYT27_RS00240,SMc02836,3.25e-160,469,40.669,1.4e-151,445,40.669
AYT27_RS00245,SMc00362,4.65e-76,221,73.239,9.95e-77,221,73.239
AYT27_RS00250,SMc00361,1.15e-86,257,51.915,3.2e-87,257,51.915
AYT27_RS00255,SMc02768,1.72e-70,214,45.69,4.48e-71,214,45.69
AYT27_RS00260,SMc01096,1.38e-163,462,60.411,3.03e-169,475,60.411
AYT27_RS00265,SMc01147,5e-165,466,57.789,1.27e-165,466,57.789
AYT27_RS00270,SMc01146,5.53e-96,276,60.849,1.41e-96,276,60.849
AYT27_RS00275,SMc01143,1.05e-156,441,63.188,2.73e-157,441,63.188
AYT27_RS00280,SMc01142,4.94e-84,246,71.084,1.2e-84,246,71.084
AYT27_RS00285,SMc03835,3.2e-41,135,40.698,8.96e-42,135,40.698
AYT27_RS00290,SMc02754,5.64e-38,120,58.511,1.41e-38,120,58.511
AYT27_RS00295,SMc02753,1.36e-52,160,62.879,3.53e-53,160,62.879
AYT27_RS00300,SMc02752,5.61e-19,75.9,36.585,1.39e-19,75.9,36.585
AYT27_RS00305,SMc04446,0,626,57.292,0,596,57.292
AYT27_RS00310,SMc02560,3.54e-135,377,80.591,6.96e-141,390,80.591
AYT27_RS00315,SMc02564,2.15e-43,138,54.839,6.58e-53,161,55.484
AYT27_RS00320,SMc01242,1.83e-27,103,40.65,8.21e-28,103,40.65
AYT27_RS00325,SMc02857,0,1071,83.438,0,1077,84.069
AYT27_RS00330,SMc02858,0,553,70.185,0,570,71.24
AYT27_RS00340,SMc01726,8.25e-168,465,78.472,2.08e-168,465,78.472
AYT27_RS00345,SMc01584,8.32e-16,73.9,25.347,5.94e-14,66.6,31.707
AYT27_RS00350,SMc00349,0,1043,83.389,0,1043,83.389
AYT27_RS00355,SMc01732,1.71e-150,420,71.174,4.61e-151,420,71.174
AYT27_RS00360,SMc01731,9.08e-118,338,63.704,3.82e-131,370,63.704
AYT27_RS00365,SMc01099,1.79e-116,331,60.729,4.61e-117,331,60.729
AYT27_RS00370,SMc01100,8.77e-123,352,55.449,2.25e-123,352,55.449
AYT27_RS00375,SMc01101,2.53e-84,244,63.953,6.58e-85,244,63.953
AYT27_RS00380,SMc01102,1.32e-155,442,56.633,3.45e-156,442,56.633
AYT27_RS00385,SMc01561,3.37e-66,199,55.056,5.26e-66,197,55.172
AYT27_RS00390,SMc01107,5.88e-21,76.6,41.558,1.55e-21,76.6,41.558
AYT27_RS00395,SMc01106,1.79e-52,160,50.355,4.63e-53,160,50.355
AYT27_RS00400,SMc02843,9.06e-105,301,63.47,3.1e-105,301,63.47
AYT27_RS00405,SMc00363,5.24e-39,120,86.567,1.35e-39,120,86.567
AYT27_RS00410,SMc00364,6.06e-73,211,80.597,1.57e-73,211,80.597
AYT27_RS00415,SMc00365,0,547,72.067,0,547,72.067
AYT27_RS00420,SMc00366,0,1060,64.233,0,1060,64.233
AYT27_RS00425,SMc02509,1.14e-152,427,73.723,8.67e-154,428,71.731
AYT27_RS00430,SMc02508,2.53e-122,349,71.074,4.01e-123,350,71.074
AYT27_RS00435,SMc02507,1.42e-144,405,69.039,3.65e-145,405,69.039
AYT27_RS00440,SMc02506,1.58e-95,281,52.492,5.05e-101,293,52.667
AYT27_RS00445,SM_b20557,8.47e-18,70.9,43.396,5.46e-27,92.8,43.396
AYT27_RS00455,SMc02276,0,706,75.576,0,706,75.576
AYT27_RS00460,SMc04382,0,2798,47.954,0,2765,47.777
AYT27_RS00465,SMc00335,0,923,80.6,0,943,80.6
AYT27_RS00470,SMc00334,1.81e-86,252,58.571,4.59e-87,252,58.571
AYT27_RS00475,SMc00333,0,596,66.515,0,579,66.515
AYT27_RS00480,SMc00332,9.31e-22,81.6,83.333,2.23e-21,79,82.927
AYT27_RS00485,SMc00435,1.8e-12,50.8,100,4.63e-13,50.8,100
AYT27_RS00495,SMc04045,0,957,74.183,0,957,74.183
AYT27_RS00505,SMc01125,0,1112,63.379,0,1169,63.379
AYT27_RS00510,SMc01126,0,1046,67.374,0,1075,67.374
AYT27_RS00515,SMc02788,2.29e-62,187,57.669,4.29e-71,207,62.329
AYT27_RS00520,SMc02787,6.49e-24,90.1,36.025,7.32e-19,75.5,36.025
AYT27_RS00525,SMc02786,5.68e-76,227,47.619,1.48e-76,227,47.619
AYT27_RS00530,SMc02784,5.01e-40,132,40.217,1.18e-40,132,40.217
AYT27_RS00535,SMc02136,1.7e-119,345,52.5,2.05e-121,348,52.5
AYT27_RS00540,SMc02138,1.05e-169,478,59.033,2.57e-177,496,59.033
AYT27_RS00545,SMc02139,4.11e-66,197,56.25,8e-61,182,55.556
AYT27_RS00550,SMc03851,7.21e-47,151,37.569,2.16e-45,145,41.667
AYT27_RS00560,SMc03849,2.6e-92,270,54.043,7.7e-90,262,54.043
AYT27_RS00565,SMc03848,1.69e-45,148,44.651,4.35e-39,130,46.939
AYT27_RS00570,SMc03847,1.4e-54,171,41.148,3.57e-55,171,41.148
AYT27_RS00575,SMc03846,0,1422,77.778,0,1424,77.691
AYT27_RS00580,SMc01152,5.54e-31,102,60.92,2.85e-34,108,60.92
AYT27_RS00585,SMc01167,0,613,65.966,0,628,66.597
AYT27_RS00590,SMc00415,2.54e-174,487,64.439,6.5e-175,487,64.439
AYT27_RS00595,SMc02863,3.58e-125,363,51.752,9.13e-126,363,51.752
AYT27_RS00600,SMc01343,2e-48,150,52.027,5.15e-49,150,52.027
AYT27_RS00605,SM_b21487,1.37e-82,253,42.244,6.6e-76,234,41.914
AYT27_RS00610,SM_b21488,0,756,56.203,0,754,56.203
AYT27_RS00615,SM_b21489,3.32e-56,175,42.654,8.11e-57,175,42.654
AYT27_RS00620,SM_b22024,1.75e-16,70.9,34.579,7.24e-13,58.9,34.579
AYT27_RS00625,SMc03229,8.7e-68,213,38.623,2.19e-68,213,38.623
AYT27_RS00630,SMc00326,7.25e-140,392,70.412,1.84e-140,392,70.412
AYT27_RS00635,SMc00327,0,601,72.414,0,601,72.414
AYT27_RS00640,SMc00328,1.29e-98,279,77.381,3.35e-99,279,77.381
AYT27_RS00645,SMc00329,5.79e-63,188,63.636,1.25e-63,188,63.636
AYT27_RS00650,SMc02848,6.34e-57,176,54.167,4.3e-58,178,48.295
AYT27_RS00655,SMc03934,2.58e-40,125,89.855,7.24e-41,125,89.855
AYT27_RS00665,SMc02728,5.83e-17,79,34.043,3.73e-15,72.4,32.979
AYT27_RS00670,SMc01733,3.01e-13,52.8,100,7.73e-14,52.8,100
AYT27_RS00675,SMc01458,1.35e-83,258,44.218,6.24e-84,257,44.218
AYT27_RS00680,SMc01457,0,1139,56.641,0,1156,56.341
AYT27_RS00690,SMc02163,0,663,58.131,0,663,58.131
AYT27_RS00695,SMc03779,1.23e-11,49.3,73.333,3.15e-12,49.3,73.333
AYT27_RS00700,SMc03770,1.21e-43,138,66.337,9.49e-48,147,63.636
AYT27_RS00705,SMc03772,6.01e-48,145,78.652,1.55e-48,145,78.652
AYT27_RS00710,SMc02437,1.37e-62,222,33.568,2.03e-58,209,33.568
AYT27_RS00715,SMc02915,3.21e-14,55.5,83.333,8.26e-15,55.5,83.333
AYT27_RS00770,SMc01708,4.41e-41,163,38.571,4.75e-52,196,38.571
AYT27_RS00800,SMc01707,5.79e-40,132,38.068,1.44e-40,132,38.068
AYT27_RS00805,SMc00810,8.73e-140,405,60.736,4.58e-148,425,60.36
AYT27_RS00810,SMc00811,3.55e-101,292,59.111,8.57e-102,292,59.111
AYT27_RS00820,SMc03775,3.12e-150,425,72.086,1.21e-165,463,71.515
AYT27_RS00825,SMc03776,8.22e-170,477,65.668,2.19e-170,477,65.668
AYT27_RS00830,SMc03777,0,556,64.407,0,556,64.407
AYT27_RS00835,SMc03778,8.54e-73,216,53.158,2.17e-73,216,53.158
AYT27_RS00840,SMc03780,1.05e-47,149,61.111,2.99e-48,149,61.111
AYT27_RS00845,SMc03781,1.26e-55,170,52.201,3.24e-56,170,52.201
AYT27_RS00850,SMc03782,1.36e-84,264,36.432,6.62e-87,268,36.181
AYT27_RS00855,SMc03783,0,584,65.306,0,584,65.306
AYT27_RS00860,SMc03785,1.03e-60,183,51.852,2.56e-61,183,51.852
AYT27_RS00870,SMc03238,7.72e-25,87,48.235,2.03e-25,87,48.235
AYT27_RS00880,SMc03239,2.07e-102,289,75.862,5.36e-103,289,75.862
AYT27_RS00885,SMc03242,0,1100,88.264,0,1100,88.264
AYT27_RS00890,SMc01261,6.37e-52,179,29.157,2.23e-56,190,29.157
AYT27_RS00895,SMc04403,0,803,56.953,0,791,56.953
AYT27_RS00900,SMc04025,4.63e-48,164,37.799,1.1e-48,165,37.799
AYT27_RS00905,SMc04024,1.63e-134,389,50.746,6.19e-137,394,50.746
AYT27_RS00910,SMc04023,4.44e-150,420,69.178,1.13e-150,420,69.178
AYT27_RS00915,SM_b20830,2.01e-109,320,48.889,5.27e-110,320,48.889
AYT27_RS00920,SMc04017,8.14e-24,86.3,45.977,8.6e-26,89.7,40.171
AYT27_RS00930,SMc04448,1.75e-153,446,47.025,1.29e-153,445,48.024
AYT27_RS00935,SMc00815,0,764,79.032,0,796,79.032
AYT27_RS00940,SMc00403,1.31e-143,414,48.131,1.2e-138,400,48.131
AYT27_RS00945,SMc00394,0,843,76.744,0,843,76.744
AYT27_RS00950,SMc03129,1e-25,99,31.02,2.74e-26,99,31.02
AYT27_RS00955,SM_b20419,2.05e-131,377,55.271,5.29e-132,377,55.271
AYT27_RS00960,SM_b20418,1.13e-110,319,54.064,9.37e-100,290,54.064
AYT27_RS00965,SM_b20417,5.92e-123,351,58.188,1.52e-123,351,58.188
AYT27_RS00970,SM_b20416,7.38e-133,387,46.934,1.09e-133,387,46.604
AYT27_RS01010,SMc02435,3.76e-75,229,40.925,9.46e-81,242,40.925
AYT27_RS01015,SMc02436,0,550,71.875,0,550,71.875
AYT27_RS01020,SMc02510,5.46e-54,164,59.843,1.44e-54,164,59.843
AYT27_RS01025,SMc04458,0,1339,70.374,0,1339,70.374
AYT27_RS01030,SMc02451,3.94e-63,199,40.984,7.89e-64,199,40.984
AYT27_RS01035,SMc02450,0,508,62.836,0,521,62.836
AYT27_RS01040,SMc02448,3.93e-60,179,62.879,9.96e-61,179,62.879
AYT27_RS01045,SMc02827,1.29e-86,258,46.071,3.28e-87,258,46.071
AYT27_RS01050,SMc02825,4.34e-161,461,53.182,5.23e-165,469,53.182
AYT27_RS01055,SMc02567,2.47e-163,456,69.677,6.34e-164,456,69.677
AYT27_RS01065,SMc02575,7.64e-102,289,77.419,1.88e-102,289,77.419
AYT27_RS01070,SMc02577,0,666,76.212,0,666,76.212
AYT27_RS01075,SMc00325,8.5e-57,185,35.241,1.58e-64,203,35.241
AYT27_RS01080,SMc00324,0,1194,80.395,0,1210,80.395
AYT27_RS01085,SMc00323,6.28e-41,127,69.663,1.61e-41,127,69.663
AYT27_RS01090,SMc02910,0,572,54.682,0,592,54.682
AYT27_RS01095,SMc00321,1.83e-126,361,58.176,4.6e-127,361,58.176
AYT27_RS01100,SMc00320,2.81e-54,164,60.156,7.22e-55,164,60.156
AYT27_RS01105,SMc02914,0,1126,66.111,0,1165,67.416
AYT27_RS01110,SMc02913,6.37e-44,144,40.933,1.79e-44,144,40.933
AYT27_RS01115,SMc02912,0,832,76.686,0,836,75.758
AYT27_RS01120,SMc02911,3.87e-74,221,53.631,2.08e-77,227,51.02
AYT27_RS01125,SMc01108,7.41e-93,270,58.929,1.12e-98,284,58.929
AYT27_RS01130,SMc01109,0,645,76.867,0,628,76.867
AYT27_RS01135,SMc01110,8.94e-56,168,63.846,3.29e-60,178,63.504
AYT27_RS01140,SMc01111,9.99e-143,420,42.722,1.42e-138,407,42.722
AYT27_RS01145,SMc01112,4.5e-97,290,50.482,6.38e-105,309,50.482
AYT27_RS01150,SMc01113,9.06e-51,157,47.205,2.48e-51,157,47.205
AYT27_RS01155,SMc01114,1.23e-153,434,64.798,1.94e-156,439,63.314
AYT27_RS01160,SMc01115,0,617,63.778,0,617,63.778
AYT27_RS01165,SMc01117,1.16e-25,94,32.099,3.05e-26,94,32.099
AYT27_RS01170,SMc01118,6.94e-27,100,35.345,5.65e-34,117,35.808
AYT27_RS01175,SMa1737,1.55e-24,99.8,27.333,5.86e-25,99.4,27.333
AYT27_RS01180,SMc02908,2.11e-107,304,73.869,5.44e-108,304,73.869
AYT27_RS01185,SMc02906,9.98e-43,133,57.009,2.54e-43,133,57.009
AYT27_RS01190,SMc02905,0,620,50.469,0,624,51.196
AYT27_RS01195,SMc05021,3.29e-09,43.1,75,8.74e-10,43.1,75
AYT27_RS01210,SMc02899,5.44e-146,409,67.87,1.38e-146,409,67.87
AYT27_RS01215,SMc02898,1.06e-111,318,64.286,2.82e-112,318,64.286
AYT27_RS01220,SMc02897,3.7e-28,103,29.444,1.49e-28,103,29.444
AYT27_RS01225,SMc02831,8.65e-165,463,58.445,6.91e-165,461,58.377
AYT27_RS01230,SMc02830,8.16e-166,466,62.534,4.88e-174,486,61.685
AYT27_RS01235,SMc02829,0,721,64.607,0,721,64.607
AYT27_RS01240,SMc02864,2.82e-111,318,65.726,1.46e-117,332,65.726
AYT27_RS01245,SMc00419,1.99e-167,465,69.132,5.15e-168,465,69.132
AYT27_RS01250,SMc02146,4.56e-160,449,64.174,4.03e-162,453,64
AYT27_RS01255,SMc02144,5.03e-148,422,74.582,1.46e-153,434,74.582
AYT27_RS01260,SMc02143,0,576,68.246,0,568,68.246
AYT27_RS01265,SMc02142,3.64e-141,394,74.297,1.01e-141,394,74.297
AYT27_RS01270,SMc02141,3.39e-96,278,58.369,8.61e-97,278,58.369
AYT27_RS01280,SMc00928,4.26e-10,57,46.429,1.5e-10,57,46.429
AYT27_RS01285,SMc00382,0,596,69.779,0,596,69.779
AYT27_RS01290,SMc01154,3.42e-102,298,50.993,9.1e-103,298,50.993
AYT27_RS01295,SMc02852,0,650,68.122,0,631,68.122
AYT27_RS01300,SMc00342,1.17e-98,282,68.137,2.18e-95,273,68.137
AYT27_RS01315,SMc00257,8.65e-14,66.2,38.938,3.74e-21,84.7,29.603
AYT27_RS01325,SMc00908,0,1437,70.704,0,1419,70.704
AYT27_RS01330,SMc00907,2.35e-13,63.5,30.27,1.8e-15,67.8,29.703
AYT27_RS01335,SMc00905,5.94e-57,172,58.451,1.54e-57,172,58.451
AYT27_RS01340,SMc00904,6.36e-138,406,50.427,7.69e-141,412,50.743
AYT27_RS01345,SMc00902,1.17e-63,192,52.717,2.96e-64,192,52.717
AYT27_RS01365,SMc00897,1.29e-167,476,60.69,0,512,60.69
AYT27_RS01370,SMc00896,3.52e-66,204,41.897,9.21e-67,204,41.897
AYT27_RS01375,SMc00895,6.17e-32,103,63.158,1.53e-32,103,63.158
AYT27_RS01385,SMc00894,1.88e-132,386,46.296,4.8e-133,386,46.296
AYT27_RS01390,SMc00892,1.07e-76,236,40.252,2.7e-82,249,38.663
AYT27_RS01395,SMc00933,2.4e-14,59.3,39.286,6.09e-15,59.3,39.286
AYT27_RS01400,SMc00932,0,689,54.369,0,694,54.502
AYT27_RS01405,SMc02218,0,533,73.278,0,533,73.278
AYT27_RS01410,SM_b20850,3.97e-99,297,40.701,1.01e-99,297,40.701
AYT27_RS01430,SMa0684,4.89e-12,65.1,21.867,1.62e-12,64.7,21.867
AYT27_RS01435,SMc00962,1.74e-66,202,43.119,4.46e-67,202,43.119
AYT27_RS01445,SMc00964,3.32e-36,122,47.594,6.48e-45,143,47.594
AYT27_RS01505,SMc02187,1.23e-153,437,55.729,1.11e-155,440,55.729
AYT27_RS01520,SMa0471,9.19e-13,56.6,46.97,2.67e-13,56.6,46.97
AYT27_RS01555,SMc00178,3.15e-20,78.6,41.86,1.49e-20,78.6,41.86
AYT27_RS01640,SMa5007,2.24e-11,52,46.667,1.22e-11,52,46.667
AYT27_RS01690,SMa1990,7.71e-09,47.4,30.693,2.23e-09,47.4,30.693
AYT27_RS01770,SMc02476,3.18e-26,90.9,49.462,7.25e-27,90.9,49.462
AYT27_RS01775,SMc02477,3.73e-18,70.1,47.826,8.62e-19,70.1,47.826
AYT27_RS01835,SMc04269,6.86e-22,82.8,34.586,2.06e-22,82.8,34.586
AYT27_RS01905,SMc04198,6.6e-10,54.3,45.161,1.89e-10,54.3,45.161
AYT27_RS01955,SMc02207,5.28e-08,39.7,80,1.36e-08,39.7,80
AYT27_RS01960,SMc00640,0,560,68.475,0,560,68.475
AYT27_RS01965,SMc00643,0,647,72.454,0,647,72.454
AYT27_RS01970,SMc00644,1.66e-33,131,32.677,7.66e-34,131,32.677
AYT27_RS01975,SMc00646,1.44e-168,467,74.048,3.79e-169,467,74.048
AYT27_RS01980,SMc00647,5.56e-133,380,57.729,1.47e-133,380,57.729
AYT27_RS01985,SMc01971,0,526,53.586,0,543,53.586
AYT27_RS01990,SM_b20595,0,790,77.183,0,801,77.183
AYT27_RS02010,SMc02250,8.52e-47,145,53.191,5.46e-49,150,53.191
AYT27_RS02015,SMc02245,1.33e-145,414,57.265,3.41e-146,414,57.265
AYT27_RS02020,SMc00841,3.29e-09,42.7,80,8.45e-10,42.7,80
AYT27_RS02025,SMc00762,0,658,67.957,0,636,67.957
AYT27_RS02030,SMc00761,1.04e-151,434,50.935,6.99e-148,423,50.935
AYT27_RS02035,SMc03070,0,657,62.729,0,657,62.729
AYT27_RS02040,SMc03069,5.45e-67,205,49.778,2.07e-75,224,49.778
AYT27_RS02045,SMc03068,0,825,65.017,0,825,65.017
AYT27_RS02050,SMc03059,4.83e-133,377,58.528,3.93e-127,360,58.528
AYT27_RS02055,SMc00838,1.71e-24,105,23.345,1.88e-28,115,23.217
AYT27_RS02060,SMc00826,6.62e-74,223,48.77,6e-75,224,48.77
AYT27_RS02065,SMc00825,0,616,63.676,0,616,63.676
AYT27_RS02070,SM_b20611,2.17e-08,53.5,24.103,4.74e-08,50.4,21.795
AYT27_RS02075,SMc02445,1.13e-103,302,55.017,8.02e-113,324,55.017
AYT27_RS02080,SMc02444,2.82e-69,211,44.262,2.4e-70,213,44.082
AYT27_RS02085,SMc02443,1.48e-28,95.9,54.217,3.94e-29,95.9,54.217
AYT27_RS02090,SMc02440,7.57e-110,314,58.943,4.03e-115,326,58.943
AYT27_RS02095,SMc02438,0,677,80.189,0,677,80.189
AYT27_RS02100,SMa1913,1.47e-75,241,36.623,2.05e-81,255,36.623
AYT27_RS02105,SM_b20614,2.57e-12,67,23.975,9.88e-14,69.7,24.242
AYT27_RS02110,SMc04179,0,676,56.007,0,664,56.007
AYT27_RS02115,SM_b20996,2.66e-45,148,36.866,6.81e-46,148,36.866
AYT27_RS02120,SM_b20995,0,657,66.038,0,657,66.038
AYT27_RS02130,SMc00872,4.36e-21,80.9,40.458,1.18e-21,80.9,40.458
AYT27_RS02135,SMc00871,6.22e-126,355,69.388,1.75e-120,340,69.388
AYT27_RS02140,SMc00870,1.17e-33,107,96.491,2.6e-36,113,96.667
AYT27_RS02145,SMc00869,2.06e-61,187,48.039,1.99e-64,193,48.039
AYT27_RS02150,SMc00868,4.17e-41,133,52.174,4.93e-48,149,52.174
AYT27_RS02155,SMc00851,0,851,57.995,0,851,57.995
AYT27_RS02160,SMc00855,0,536,79.743,0,536,79.743
AYT27_RS02165,SMc00861,2.68e-117,358,34.457,7.44e-118,358,34.457
AYT27_RS02170,SMc00860,1.17e-156,441,66.463,5.8e-165,460,66.463
AYT27_RS02175,SMc00858,7.7e-76,229,52.245,1.31e-78,235,52.245
AYT27_RS02180,SMc00857,4.84e-122,348,57.292,1.27e-122,348,57.292
AYT27_RS02190,SMc00862,1.54e-67,210,40.94,3.74e-59,187,40.94
AYT27_RS02200,SMc00867,1.73e-67,204,54.774,1.31e-71,213,55.276
AYT27_RS02205,SMc00984,3.18e-113,328,54.341,8.27e-114,328,54.341
AYT27_RS02210,SMc00985,0,526,54.721,0,526,54.721
AYT27_RS02215,SMc00987,1.37e-27,99.8,39.157,3.79e-28,99.8,39.157
AYT27_RS02220,SMc00993,0,563,64.103,0,578,64.103
AYT27_RS02225,SMc00988,3.06e-114,331,54.74,6.17e-117,337,54.74
AYT27_RS02235,SMc00069,2.28e-97,279,65.829,5.84e-98,279,65.829
AYT27_RS02240,SMa0116,9.62e-62,196,38.411,2.51e-62,196,38.411
AYT27_RS02245,SMc00005,7.86e-159,440,75.735,2.02e-159,440,75.735
AYT27_RS02250,SMc00007,0,544,72.603,0,543,72.603
AYT27_RS02255,SMc00008,1.47e-176,493,65.768,3.75e-177,493,65.768
AYT27_RS02260,SMc00970,4.2e-34,109,69.737,1.07e-34,109,69.737
AYT27_RS02265,SMc00972,0,904,70.128,0,904,70.128
AYT27_RS02270,SMc00973,7.02e-84,248,53.527,1.82e-84,248,53.527
AYT27_RS02275,SMc00974,7.4e-122,357,44.794,5.1e-128,372,44.794
AYT27_RS02280,SMc00960,0,667,69.231,0,684,69.231
AYT27_RS02285,SMc00071,1.8e-38,127,39.073,3.33e-39,127,38.562
AYT27_RS02290,SMc00450,7.37e-119,343,57,7.41e-116,334,57
AYT27_RS02295,SMc00016,0,512,76.147,0,512,76.147
AYT27_RS02300,SMc00017,1.45e-137,390,56.74,3.8e-138,390,56.74
AYT27_RS02305,SMc00018,7.98e-66,195,60.417,2.02e-66,195,60.417
AYT27_RS02310,SMc00073,2.46e-16,75.1,28.09,2.01e-16,73.9,29.448
AYT27_RS02315,SMc00019,9.75e-70,208,50.794,2.6e-70,208,50.794
AYT27_RS02320,SMc00074,0,1004,50.263,0,1023,50.263
AYT27_RS02325,SMc00451,0,549,60.993,0,549,60.993
AYT27_RS02330,SMc00077,0,610,61.472,0,610,61.472
AYT27_RS02350,SMc00079,5.28e-72,217,46.32,1.34e-72,217,46.32
AYT27_RS02355,SMc00021,0,565,69.786,0,565,69.786
AYT27_RS02360,SMc00452,2.92e-133,383,55.556,3.16e-134,384,55.556
AYT27_RS02365,SMc00022,8.22e-38,125,36.527,2.39e-38,125,36.527
AYT27_RS02370,SMc00023,1.41e-71,216,54.696,1.03e-72,218,54.696
AYT27_RS02375,SMc00025,0,1330,71.833,0,1309,71.833
AYT27_RS02390,SMc00118,1.81e-52,160,56.061,4.8e-53,160,56.061
AYT27_RS02395,SMc00058,1.69e-49,153,55.147,1.23e-47,147,56.154
AYT27_RS02400,SMc00114,0,883,60.26,0,883,60.26
AYT27_RS02405,SMc00043,1.95e-113,319,77.551,5.02e-114,319,77.551
AYT27_RS02410,SMc00125,5.58e-12,49.7,88,1.43e-12,49.7,88
AYT27_RS02415,SMc00026,1.3e-30,113,28.859,3.87e-31,113,28.859
AYT27_RS02420,SMc00128,3.44e-25,93.6,28.324,8.95e-26,93.6,28.324
AYT27_RS02425,SMc00457,8.81e-31,109,30.208,2.23e-31,109,30.208
AYT27_RS02430,SMc00122,0,670,48.86,0,701,48.86
AYT27_RS02440,SMc00458,1.11e-120,339,71.041,2.88e-121,339,71.041
AYT27_RS02445,SMc00129,2.34e-105,319,41.138,6.62e-121,357,41.138
AYT27_RS02450,SMc02361,2.09e-18,80.9,32.961,7.91e-19,80.9,32.961
AYT27_RS02455,SMc02362,5.35e-34,114,42.336,1.3e-34,114,42.336
AYT27_RS02460,SMc02363,0,665,53.625,0,689,53.625
AYT27_RS02465,SMc02364,2.03e-39,128,48.12,1.65e-32,108,46.575
AYT27_RS02470,SMc02365,0,529,53.629,0,528,54.032
AYT27_RS02475,SMc02366,8.3e-115,325,73.874,2.18e-115,325,73.874
AYT27_RS02480,SMc02367,4.06e-152,438,49.676,1.06e-152,438,49.676
AYT27_RS02485,SMc02368,0,969,52.523,0,987,52.523
AYT27_RS02495,SMc02841,1.43e-24,94.4,27.778,6.13e-25,94.4,27.778
AYT27_RS02500,SMc02369,0,584,42.318,0,574,42.683
AYT27_RS02505,SMc02370,0,938,51.932,0,944,51.932
AYT27_RS02510,SMc02375,9.38e-60,189,36.727,2.87e-62,194,37.091
AYT27_RS02520,SM_b20618,8.98e-86,249,59.701,3.85e-90,259,59.701
AYT27_RS02525,SM_b20617,3.25e-125,353,68.11,1.88e-135,378,68.11
AYT27_RS02535,SM_b20616,3.61e-123,353,53.822,9.55e-124,353,53.822
AYT27_RS02540,SM_b20615,0,914,73.524,0,914,73.524
AYT27_RS02555,SMc01510,1.03e-90,267,48.092,2.6e-91,267,48.092
AYT27_RS02560,SMc01511,1.95e-123,358,58.333,1.76e-121,351,58.333
AYT27_RS02565,SMc01512,2.73e-85,256,46.953,2.71e-87,260,46.953
AYT27_RS02570,SMc01513,1.3e-102,303,46.552,3.42e-103,303,46.552
AYT27_RS02575,SMc02726,4.33e-150,452,38.024,1.14e-150,452,38.024
AYT27_RS02585,SMc02403,0,605,46.793,0,619,46.793
AYT27_RS02590,SMc02404,8.76e-139,391,61.433,1.71e-129,366,61.433
AYT27_RS02595,SMc02405,1.43e-76,223,70.667,3.7e-77,223,70.667
AYT27_RS02605,SMc02408,2.63e-62,184,74.074,7.74e-67,194,75
AYT27_RS02610,SMc02659,0,1021,67.881,0,1048,67.881
AYT27_RS02620,SMc02655,2.86e-28,103,31.915,2.13e-32,112,31.915
AYT27_RS02625,SMc02654,4.52e-63,187,65.649,1.21e-63,187,65.649
AYT27_RS02630,SMc02653,2.05e-111,319,64.583,3.11e-107,306,64.583
AYT27_RS02635,SMc02652,5.86e-87,255,53.097,2.29e-84,247,53.097
AYT27_RS02640,SMc02651,3.7e-151,423,67.577,9.92e-152,423,67.577
AYT27_RS02645,SMc02635,1.92e-84,250,52.34,1.96e-85,251,50.407
AYT27_RS02650,SMc01880,1.98e-99,291,53.357,5.21e-100,291,53.357
AYT27_RS02655,SMc01881,9.47e-113,323,56.41,2.42e-113,323,56.41
AYT27_RS02660,SMc02559,1.78e-83,244,58.549,4.49e-84,244,58.549
AYT27_RS02665,SMc02558,6.79e-60,189,37.818,4.78e-46,152,37.818
AYT27_RS02670,SMc01821,2.19e-46,164,28.194,6.15e-47,164,28.194
AYT27_RS02675,SMc02555,4.27e-21,80.1,36.842,1.15e-21,80.5,36.842
AYT27_RS02685,SMc02551,3.02e-173,494,52.789,7.2e-174,494,52.789
AYT27_RS02695,SMc00550,0,885,69.256,0,906,69.256
AYT27_RS02700,SMc00551,2.1e-105,301,60.909,5.41e-106,301,60.909
AYT27_RS02705,SMc00552,3.99e-100,292,58,1.43e-95,279,58
AYT27_RS02710,SMc00553,6.9e-104,299,58.159,1.75e-104,299,58.159
AYT27_RS02715,SMc00554,0,783,76.763,0,783,76.763
AYT27_RS02720,SMc00555,6.94e-61,186,48.241,1.14e-55,171,48.241
AYT27_RS02725,SMc00556,0,722,76.652,0,701,76.652
AYT27_RS02730,SMc00561,0,672,69.102,0,672,69.102
AYT27_RS02740,SMc00565,9.37e-86,249,68.391,1.27e-86,249,68.391
AYT27_RS02745,SMc00566,3.6e-16,75.5,26.667,1.99e-19,83.2,26.667
AYT27_RS02750,SMc00567,7.36e-49,146,81.481,1.89e-49,146,81.481
AYT27_RS02755,SMc00568,3.21e-54,165,74.528,2.04e-56,169,69.167
AYT27_RS02770,SMc00571,1.45e-152,427,68.954,5.96e-156,434,69.231
AYT27_RS02775,SMc00572,7.73e-135,377,71.429,1.99e-135,377,71.429
AYT27_RS02780,SMc00573,4.05e-40,124,80.769,1.04e-40,124,80.769
AYT27_RS02785,SMc00574,0,641,77.088,0,589,77.088
AYT27_RS02790,SMc00575,2.74e-122,356,54.819,1.92e-127,368,54.79
AYT27_RS02795,SMc00577,2.82e-86,252,55.882,7.15e-87,252,55.882
AYT27_RS02800,SMc00579,2.25e-123,350,65.328,5.74e-124,350,65.328
AYT27_RS02805,SMc00580,7.29e-119,344,56.311,4.39e-130,371,55.864
AYT27_RS02810,SMc00581,3.77e-72,223,38.535,9.69e-73,223,38.535
AYT27_RS02815,SMc00582,0,609,42.371,0,612,40.99
AYT27_RS02820,SMc00583,1.25e-123,358,48.493,3.18e-124,358,48.493
AYT27_RS02825,SMc00584,5.95e-100,300,38.649,1.51e-100,300,38.649
AYT27_RS02830,SMc00586,2.45e-50,155,45.578,6.34e-51,155,45.578
AYT27_RS02845,SMc01869,4.36e-160,456,56.047,1.25e-163,464,56.047
AYT27_RS02865,SMc00590,0,772,61.264,0,772,61.264
AYT27_RS02870,SMc00595,9.05e-89,252,86.429,2.33e-89,252,86.429
AYT27_RS02875,SMc00601,8.88e-105,297,75.401,4.46e-99,281,75.401
AYT27_RS02880,SMc00602,0,929,67.712,0,929,67.712
AYT27_RS02885,SMc00608,5.79e-114,328,53.147,1.5e-114,328,53.147
AYT27_RS02895,SMc02067,5.46e-11,51.6,58,5.91e-12,52,60.417
AYT27_RS02900,SMc02066,1.38e-18,76.3,35.211,1.07e-19,77.8,32.54
AYT27_RS02905,SMc02065,3.48e-76,230,46.122,5.86e-79,236,44.882
AYT27_RS02910,SMc02064,0,566,65.012,0,566,65.012
AYT27_RS02915,SMc02062,2.68e-47,152,37.255,6.43e-48,152,37.255
AYT27_RS02920,SMc02060,1.71e-52,180,39.695,6.23e-51,174,38.023
AYT27_RS02925,SMc02058,6.47e-45,140,60.36,1.24e-45,140,60.36
AYT27_RS02930,SMc02056,3.47e-47,146,59.664,7.32e-52,156,60.938
AYT27_RS02935,SMc02055,7.37e-59,187,39.033,1.86e-59,187,39.033
AYT27_RS02940,SMc00234,7.57e-100,315,32,5.73e-109,337,32
AYT27_RS02945,SMc01023,8.14e-105,302,57.874,2.11e-105,302,57.874
AYT27_RS02950,SMc01024,1.48e-13,62,53.571,1.21e-21,81.6,37.662
AYT27_RS02955,SMc01025,0,890,79.336,0,889,79.336
AYT27_RS02960,SMc01027,7.78e-127,360,68.817,1.5e-141,395,68.817
AYT27_RS02965,SMc01028,0,652,76.794,0,667,76.794
AYT27_RS02975,SMc01029,3.97e-21,78.2,41.935,1.83e-19,72.4,42.529
AYT27_RS02980,SMc01030,0,518,79.128,0,520,79.128
AYT27_RS02985,SMc01031,0,704,74.13,0,709,74.13
AYT27_RS02990,SMc01032,0,527,60.754,0,550,61.197
AYT27_RS02995,SMc01035,0,773,77.618,0,773,77.618
AYT27_RS03000,SMc01037,0,513,76.489,0,513,76.489
AYT27_RS03005,SMc01038,6.21e-63,187,61.333,1.56e-63,187,61.333
AYT27_RS03010,SMc01039,3.11e-52,161,50.633,8.15e-53,161,50.633
AYT27_RS03015,SMc01040,3.4e-141,407,52.699,9.61e-142,407,52.699
AYT27_RS03020,SMc00785,4.01e-67,198,70.769,1.03e-67,198,70.769
AYT27_RS03025,SMc01044,0,665,48.045,0,678,48.045
AYT27_RS03030,SMc01045,0,667,70.925,0,667,70.925
AYT27_RS03035,SMc01046,0,590,60.262,0,590,60.262
AYT27_RS03045,SMc01903,8.07e-121,338,75,2.05e-121,338,75
AYT27_RS03050,SMc01904,0,768,86.824,0,768,86.824
AYT27_RS03055,SMc01905,0,1265,77.175,0,1265,77.175
AYT27_RS03060,SMc01906,4.33e-39,122,65.556,1.1e-39,122,65.556
AYT27_RS03065,SMc02053,0,699,71.087,0,699,71.087
AYT27_RS03070,SMc00957,1.67e-08,41.2,70.37,4.3e-09,41.2,70.37
AYT27_RS03075,SMc02050,0,538,57.143,0,546,55.814
AYT27_RS03080,SMc01350,0,872,81.964,0,872,81.964
AYT27_RS03085,SMc01348,5.71e-55,166,58.594,1.48e-55,166,58.594
AYT27_RS03090,SMc01347,2.23e-55,168,65.179,2.38e-56,169,65.179
AYT27_RS03100,SMc01001,1.92e-35,124,35.211,2.34e-41,137,36.564
AYT27_RS03105,SMc01327,1.35e-97,285,54.93,1.63e-104,301,54.93
AYT27_RS03115,SMc01379,1.86e-09,43.1,95.833,4.78e-10,43.1,95.833
AYT27_RS03125,SMc01381,9.08e-11,46.6,92,2.33e-11,46.6,92
AYT27_RS03130,SMc01323,4.35e-15,60.5,60.714,9.13e-21,73.6,61.818
AYT27_RS03135,SMc01322,3.25e-101,286,78.977,8.35e-102,286,78.977
AYT27_RS03140,SMc01321,3.13e-81,233,78.873,8.05e-82,233,78.873
AYT27_RS03145,SMc01320,2.06e-129,362,76.19,5.3e-130,362,76.19
AYT27_RS03150,SMc01319,1.12e-91,262,71.512,2.87e-92,262,71.512
AYT27_RS03155,SMc01318,7.36e-49,150,78.571,1.52e-46,142,78.571
AYT27_RS03160,SMc01317,0,2432,85.245,0,2432,85.245
AYT27_RS03165,SMc01316,0,2459,84.301,0,2459,84.301
AYT27_RS03170,SMc01260,1.84e-37,121,46.774,4.74e-38,121,46.774
AYT27_RS03180,SMc01256,0,626,66.309,0,659,66.309
AYT27_RS03190,SMc00996,1.79e-112,338,41.25,1.35e-116,347,42.355
AYT27_RS03195,SMc02110,1.86e-41,131,57.407,4.51e-42,131,57.407
AYT27_RS03200,SMc02109,0,1087,69.816,0,1090,69.816
AYT27_RS03205,SMc02106,5.01e-56,169,60.87,1.22e-61,182,60.87
AYT27_RS03210,SMc02103,1.3e-55,169,54.248,3.36e-56,169,54.248
AYT27_RS03215,SMc02102,4.82e-69,212,42.023,1.23e-69,212,42.023
AYT27_RS03220,SMc02101,3.05e-162,447,81.818,7.79e-163,447,81.818
AYT27_RS03225,SMc02100,3.1e-159,444,72.638,7e-160,444,72.638
AYT27_RS03230,SMc02099,4.82e-122,344,75.107,4.62e-131,365,75.107
AYT27_RS03235,SMc02098,1.1e-97,278,72.778,2.83e-98,278,72.778
AYT27_RS03240,SMc02096,3e-46,154,41.065,2.56e-50,162,40.602
AYT27_RS03245,SMc02095,6.51e-83,255,36.467,2.04e-87,265,36.565
AYT27_RS03250,SMc02094,0,726,48.06,0,741,48.06
AYT27_RS03255,SMc02093,5.66e-93,279,46.705,5.68e-103,303,46.705
AYT27_RS03260,SMc02092,2.75e-65,194,59.211,7.02e-66,194,59.211
AYT27_RS03265,SMc02091,4.46e-84,250,45.038,1.13e-84,250,45.038
AYT27_RS03270,SMc02090,4.58e-64,201,43.116,2.44e-68,210,42.96
AYT27_RS03275,SMc02089,1.59e-122,358,46.429,2.4e-130,376,46.429
AYT27_RS03280,SMc02121,1.12e-108,312,57.371,2.89e-109,312,57.371
AYT27_RS03285,SMc00138,1.48e-82,245,51.77,1.73e-83,246,51.77
AYT27_RS03290,SMc00139,3.96e-57,180,43.556,4.54e-54,171,43.556
AYT27_RS03295,SMc00140,1.15e-74,225,45.49,3.08e-75,225,45.49
AYT27_RS03300,SMc02087,0,724,76.69,0,724,76.69
AYT27_RS03305,SMc03172,1.27e-84,266,34.096,3.28e-85,266,34.096
AYT27_RS03310,SMc02086,2.56e-100,325,28.911,6.83e-101,325,28.911
AYT27_RS03315,SMc00152,1.47e-87,256,60,3.73e-88,256,60
AYT27_RS03320,SMc00153,4.9e-34,116,39.394,1.05e-34,116,39.394
AYT27_RS03325,SMc00154,0,543,58.315,0,564,58.568
AYT27_RS03330,SMc00155,0,727,73.348,0,727,73.348
AYT27_RS03335,SMc00161,0,713,62.591,0,722,62.591
AYT27_RS03345,SMc00522,0,607,62.702,0,614,63.306
AYT27_RS03350,SMc01331,3.6e-98,285,58.943,1.61e-106,305,58.943
AYT27_RS03355,SM_b21712,1.15e-08,41.2,75,2.95e-09,41.2,75
AYT27_RS03360,SM_b21165,0,737,71.373,0,737,71.373
AYT27_RS03540,SMc02151,6.55e-13,57.4,34.177,1.87e-13,57.4,34.177
AYT27_RS03625,SMa0473,1.78e-25,88.6,50.549,4.92e-26,88.6,50.549
AYT27_RS03760,SMc04060,3e-10,45.4,96,7.72e-11,45.4,96
AYT27_RS03765,SMc04044,1.54e-68,199,83.761,3.95e-69,199,83.761
AYT27_RS03770,SMc04041,1.1e-23,96.3,24.126,5.39e-20,84.3,24.126
AYT27_RS03775,SMc04040,3.48e-51,158,55.102,6.93e-58,174,55.405
AYT27_RS03790,SMc04240,3.15e-27,100,31.25,9.77e-28,100,30.729
AYT27_RS03815,SMc02182,2.19e-12,50.8,100,5.64e-13,50.8,100
AYT27_RS03820,SMc00301,2.83e-47,146,58.824,7.57e-48,146,58.824
AYT27_RS03825,SMc01051,3.24e-90,266,48.507,8.45e-91,266,48.507
AYT27_RS03830,SMc04268,1.31e-111,323,54.074,1.59e-106,309,54.044
AYT27_RS03835,SMc04270,0,540,74.269,0,534,74.269
AYT27_RS03840,SMc04273,0,551,66.271,0,551,66.271
AYT27_RS03845,SMc04275,1.59e-117,345,50.127,7.4e-110,324,49.875
AYT27_RS03850,SMc04278,3.81e-52,155,84.615,9.9e-53,155,84.615
AYT27_RS03855,SMc00169,0,1060,71.505,0,1084,71.791
AYT27_RS03860,SMc00190,9.91e-52,198,22.157,1.08e-56,213,22.378
AYT27_RS03865,SMc01048,5.47e-50,149,87.179,1.42e-50,149,87.179
AYT27_RS03870,SMc01049,1.53e-161,461,57.763,1.45e-163,465,57.763
AYT27_RS03880,SMc01800,3.69e-122,355,48.468,4.21e-120,348,48.468
AYT27_RS03885,SMc01801,8.05e-133,377,55.34,2.06e-133,377,55.34
AYT27_RS03890,SMc01770,0,682,74.194,0,682,74.194
AYT27_RS03895,SMc01771,3.01e-74,217,69.079,7.58e-75,217,69.079
AYT27_RS03900,SMc01772,4.64e-102,305,41.872,1.27e-102,305,41.872
AYT27_RS03905,SMc01773,1.06e-81,239,55.392,2.74e-82,239,55.392
AYT27_RS03910,SMc01777,1.4e-66,197,66.438,3.55e-67,197,66.438
AYT27_RS03915,SMc01778,4.26e-67,199,62.676,1.11e-67,199,62.676
AYT27_RS03920,SMc01781,1.48e-43,139,46.429,4.01e-44,139,46.429
AYT27_RS03925,SMc01783,8.88e-41,134,38.953,2.28e-41,134,38.953
AYT27_RS03930,SMc01784,3.45e-158,445,64.286,8.65e-159,445,64.286
AYT27_RS03935,SMc01785,7.79e-161,449,69.136,8.73e-169,468,69.136
AYT27_RS03940,SMc01786,1.8e-52,158,74.51,4.8e-53,158,74.51
AYT27_RS03945,SMc01787,1.88e-62,188,55.618,5.09e-63,188,55.618
AYT27_RS03950,SMc01010,0,1050,73.252,0,1050,73.252
AYT27_RS03955,SMc01007,1.14e-47,146,65.686,8.47e-45,138,65.686
AYT27_RS03960,SMc01006,9.74e-50,154,48.592,2.52e-51,156,48.592
AYT27_RS03965,SMc01005,1.07e-82,242,60.622,1.01e-91,263,60.622
AYT27_RS03970,SMc01380,1.2e-12,51.6,96.429,3.09e-13,51.6,96.429
AYT27_RS03975,SMc00955,1.03e-44,156,31.915,2.64e-45,156,31.915
AYT27_RS04010,SMc01371,6.96e-63,185,72.5,1.82e-63,185,72.5
AYT27_RS04015,SMc01803,9.19e-88,251,78.065,2.27e-88,251,78.065
AYT27_RS04020,SMc01804,1.68e-94,268,81.169,4.32e-95,268,81.169
AYT27_RS04025,SMc00292,0,561,53.571,0,627,53.571
AYT27_RS04030,SMc01018,0,1012,72.263,0,1027,72.263
AYT27_RS04035,SMc01268,2.1e-103,298,60.829,5.55e-104,298,60.829
AYT27_RS04045,SMc00853,3.59e-28,102,37.143,4.28e-29,103,37.143
AYT27_RS04115,SMc01345,0,741,80.761,0,753,81.264
AYT27_RS04120,SMc01344,4.47e-54,166,55.346,1.11e-54,166,55.346
AYT27_RS04125,SMc01342,7.55e-58,183,41.014,1.4e-58,184,41.014
AYT27_RS04135,SMc02520,0,516,54.545,0,516,54.545
AYT27_RS04140,SMc04235,1.68e-123,356,53.295,4.77e-124,356,53.295
AYT27_RS04145,SMc04214,2.29e-133,380,63.497,6.1e-152,426,63.497
AYT27_RS04150,SMc00131,2.87e-91,260,74.074,7.34e-92,260,74.074
AYT27_RS04155,SMc04210,2.59e-77,228,53.14,6.61e-78,228,53.14
AYT27_RS04160,SMc04211,1.89e-30,107,34.356,5.77e-31,107,34.356
AYT27_RS04165,SMc01369,1.2e-29,96.3,87.273,3.1e-30,96.3,87.273
AYT27_RS04180,SMc01365,0,764,50.875,0,764,50.875
AYT27_RS04185,SMc01364,0,1198,66.976,0,1198,66.86
AYT27_RS04195,SMc01363,6.92e-136,392,51.169,9.93e-130,374,51.169
AYT27_RS04200,SMc01362,4.27e-56,174,53.968,2.98e-62,188,53.535
AYT27_RS04205,SMc01361,0,553,59.953,0,543,59.953
AYT27_RS04210,SMc01360,2.32e-170,473,73.026,5.82e-171,473,73.026
AYT27_RS04215,SMc01359,2.43e-106,327,35.902,3.87e-103,317,35.902
AYT27_RS04220,SMc01355,1.12e-68,203,62.821,2.98e-69,203,62.821
AYT27_RS04225,SMc01353,6.58e-43,132,70.526,1.69e-43,132,70.526
AYT27_RS04230,SMc01352,0,756,76.673,0,770,76.673
AYT27_RS04240,SMc01948,1.59e-78,234,48.511,4.17e-79,234,48.511
AYT27_RS04245,SMc01949,2.59e-76,231,47.51,7.88e-78,233,47.71
AYT27_RS04250,SMc01950,3.65e-39,142,36.223,1.99e-34,127,34.365
AYT27_RS04255,SMc01951,3.9e-55,180,36.056,4.51e-44,149,35.775
AYT27_RS04260,SMc01946,5.98e-33,124,28.125,1.52e-33,124,28.125
AYT27_RS04265,SMc00289,1.44e-82,240,63.102,3.72e-83,240,63.102
AYT27_RS04270,SMc00288,9.14e-20,79,39.286,2.45e-20,79,39.286
AYT27_RS04275,SMc02114,3.7e-107,308,60.976,9.6e-108,308,60.976
AYT27_RS04285,SMc02112,1.87e-29,97.4,67.647,5.55e-30,97.4,67.647
AYT27_RS04290,SMc00299,7.11e-97,282,58.824,1.81e-97,282,58.824
AYT27_RS04295,SMc00298,5.06e-145,405,69.517,1.31e-145,405,69.517
AYT27_RS04300,SMc00297,4.41e-87,255,57.604,1.15e-87,255,57.604
AYT27_RS04305,SMc00482,1.83e-116,333,59.851,4.68e-117,333,59.851
AYT27_RS04310,SMc00483,2.65e-112,322,58.301,6.99e-113,322,58.301
AYT27_RS04315,SMc00485,6.71e-130,361,80.976,1.72e-130,361,80.976
AYT27_RS04320,SMc00534,1.28e-153,429,73.864,3.34e-148,414,73.864
AYT27_RS04330,SMc01183,1.7e-104,300,62.869,1.02e-106,303,63.291
AYT27_RS04335,SMc00303,3.94e-11,47.4,96,1.01e-11,47.4,96
AYT27_RS04340,SMc01187,6.91e-57,184,43.363,2.17e-57,184,43.363
AYT27_RS04345,SMc01188,1.56e-120,352,47.207,3.97e-121,352,47.207
AYT27_RS04350,SMc01189,3.5e-71,214,48.558,9.79e-72,214,48.558
AYT27_RS04355,SMc01190,7.78e-70,219,38.509,2.94e-72,224,38.65
AYT27_RS04360,SMc01192,0,672,60.234,0,672,60.234
AYT27_RS04365,SMc01193,9.38e-114,325,57.812,2.43e-114,325,57.812
AYT27_RS04370,SMc01194,8.6e-112,321,54.647,2.28e-112,321,54.647
AYT27_RS04375,SMc01767,7.78e-18,72,32.031,2.21e-18,72,32.031
AYT27_RS04380,SM_b20752,1.85e-58,190,38.393,5.73e-72,224,38.053
AYT27_RS04385,SMc00247,5.13e-100,290,60,3.22e-100,288,60
AYT27_RS04390,SMc00316,1.9e-134,390,50.384,4.82e-135,390,50.384
AYT27_RS04395,SMa5002,4.49e-13,58.2,31.373,1.05e-13,58.2,31.373
AYT27_RS04420,SMc00302,2.05e-63,187,82.407,5e-64,187,82.407
AYT27_RS04425,SMc00533,0,591,65.842,0,591,65.842
AYT27_RS04430,SMc00532,2.6e-115,341,41.647,6.73e-116,341,41.647
AYT27_RS04435,SMc00531,1.37e-142,397,76.096,3.52e-143,397,76.096
AYT27_RS04440,SMc00530,0,879,82.704,0,879,82.704
AYT27_RS04445,SMc00529,2.7e-114,336,47.781,3.55e-119,347,48.042
AYT27_RS04450,SMc00528,1.58e-132,370,78.539,4.05e-133,370,78.539
AYT27_RS04455,SMc00526,0,634,72.222,0,645,72.222
AYT27_RS04460,SMc00524,4.08e-64,191,58,1.03e-64,191,58
AYT27_RS04465,SMc01333,9.55e-179,496,72.434,0,509,72.434
AYT27_RS04470,SMc01334,0,1032,61.51,0,1032,61.51
AYT27_RS04475,SMc01335,7.04e-90,276,42.7,1.89e-90,276,42.7
AYT27_RS04485,SMc01336,0,671,76,0,830,60.845
AYT27_RS04490,SMc00950,1.49e-41,137,37.278,3.72e-43,140,35.577
AYT27_RS04495,SMc00951,0,640,50.415,0,640,50.415
AYT27_RS04500,SMc04450,0,1413,60.435,0,1413,60.435
AYT27_RS04505,SMc00227,7.27e-25,87.4,49.438,1.96e-25,87.4,49.438
AYT27_RS04510,SMc01376,1.06e-105,302,66.516,2.75e-106,302,66.516
AYT27_RS04515,SMc01935,1.63e-166,471,54.902,4.05e-167,471,54.902
AYT27_RS04520,SMc01934,0,664,70.32,0,664,70.32
AYT27_RS04525,SMc01929,0,710,59.494,0,719,59.494
AYT27_RS04530,SMc01928,1.81e-35,125,36.752,9.54e-47,152,36.752
AYT27_RS04535,SMc01927,0,544,56.757,0,525,56.757
AYT27_RS04540,SMc01926,0,750,75.565,0,763,75.565
AYT27_RS04545,SMc01925,0,950,71.254,0,950,71.254
AYT27_RS04550,SMc01924,7.08e-50,150,82.353,1.03e-50,151,82.353
AYT27_RS04555,SMc01923,7.72e-94,270,67.327,3.43e-77,226,66.492
AYT27_RS04560,SMc01922,8.01e-105,294,85.89,2.07e-105,294,85.89
AYT27_RS04565,SMc01921,0,528,79.42,0,518,79.42
AYT27_RS04570,SMc01920,0,1041,72.294,0,1058,72.294
AYT27_RS04575,SMc01918,0,736,77.931,0,736,77.931
AYT27_RS04580,SMc01917,3.21e-119,338,71.041,2.68e-117,332,75.5
AYT27_RS04585,SMc01915,0,686,81.313,0,686,81.313
AYT27_RS04590,SMc01914,8.89e-99,282,63.682,2.27e-99,282,63.682
AYT27_RS04595,SMc01913,4.16e-123,343,83.158,1.06e-123,343,83.158
AYT27_RS04600,SMc01912,4.16e-63,186,73.554,1.07e-63,186,73.554
AYT27_RS04605,SMc01937,5.13e-11,47.4,92,1.32e-11,47.4,92
AYT27_RS04610,SMc01938,2.95e-12,50.4,100,7.59e-13,50.4,100
AYT27_RS04635,SMc02201,1.19e-21,77,56.923,3.01e-22,77,56.923
AYT27_RS04640,SMa0911,1.59e-16,76.3,29.796,3.86e-16,73.6,29.796
AYT27_RS04700,SMc01243,1.59e-10,46.2,80,4.66e-08,38.5,80
AYT27_RS04865,SMc00287,1.39e-33,109,47.525,3.58e-34,109,47.525
AYT27_RS04875,SMc00617,3.61e-54,171,41.553,9.27e-55,171,41.553
AYT27_RS04880,SMc00616,1.74e-120,352,53.429,1.3e-114,335,53.429
AYT27_RS04885,SMc00615,4.86e-167,468,67.507,8.66e-176,488,67.507
AYT27_RS04890,SMc00614,4.55e-76,225,56.771,3.22e-80,234,56.771
AYT27_RS04920,SMc00471,0,575,39.331,0,578,39.331
AYT27_RS04925,SMc00470,7.83e-08,48.1,38.636,1.5e-15,69.3,33.824
AYT27_RS04930,SMc00469,5.1e-72,210,74.82,1.39e-72,210,74.82
AYT27_RS04935,SMc00514,2.69e-46,147,47.712,6.83e-47,147,47.712
AYT27_RS04940,SMc00511,4.98e-115,325,70.561,1.29e-115,325,70.561
AYT27_RS04945,SMc00508,0,765,83.834,0,785,83.834
AYT27_RS04950,SMc00505,5.96e-82,238,60.44,1.55e-82,238,60.44
AYT27_RS04955,SMc00495,6.21e-160,441,82.677,1.6e-160,441,82.677
AYT27_RS04960,SMc00494,1.55e-30,100,62.821,4.03e-31,100,62.821
AYT27_RS04965,SMc00493,7.61e-127,355,71.818,1.96e-127,355,71.818
AYT27_RS04970,SMc00488,0,1045,71.042,0,1066,70.828
AYT27_RS04975,SMc00487,4.71e-35,111,64.935,1.21e-35,111,64.935
AYT27_RS04980,SMc00538,4.16e-57,169,70,1.08e-57,169,70
AYT27_RS04985,SMc00537,1.83e-115,341,46.988,2.17e-128,372,46.988
AYT27_RS04990,SMc01761,0,1073,67.56,0,1073,67.56
AYT27_RS04995,SMc01756,0,963,74.454,0,963,74.454
AYT27_RS05000,SMc00622,6.95e-152,431,52.756,7.05e-141,402,52.756
AYT27_RS05005,SMc00619,4e-152,441,49.603,1.23e-167,479,49.603
AYT27_RS05010,SMc00618,0,941,65.149,0,941,65.149
AYT27_RS05015,SMc02115,1.59e-39,123,67.089,4.19e-40,123,67.089
AYT27_RS05020,SMc02116,3.45e-82,255,35.589,8.29e-83,255,35.589
AYT27_RS05025,SMc01375,0,1488,64.056,0,1486,64.111
AYT27_RS05030,SMc00228,0,764,53.989,0,764,53.989
AYT27_RS05065,SMa0878,0,763,60.691,0,778,60.691
AYT27_RS05070,SMc00232,7.71e-177,500,56.916,1.45e-180,508,56.125
AYT27_RS05075,SMc00248,1.37e-80,240,55.51,3.03e-88,258,55.102
AYT27_RS05080,SMc01011,6.04e-83,251,44.637,1.47e-83,251,44.637
AYT27_RS05085,SMc02075,1.97e-44,137,69.524,4.04e-51,153,69.524
AYT27_RS05090,SMc02074,5.67e-159,451,53.731,1.48e-159,451,53.731
AYT27_RS05095,SMc02073,0,798,63.419,0,798,63.419
AYT27_RS05100,SMc02072,8.06e-22,98.6,25.344,1.32e-26,112,26.954
AYT27_RS05110,SMc02896,2.93e-138,395,52.691,9.35e-145,410,52.691
AYT27_RS05120,SMc00293,0,574,63.218,0,574,63.218
AYT27_RS05130,SMc00480,0,734,84.864,0,734,84.864
AYT27_RS05135,SMc01217,2.77e-35,134,26.047,1.38e-29,116,26.45
AYT27_RS05140,SMc02161,1.63e-91,279,42.929,3.36e-97,292,42.929
AYT27_RS05145,SMc01206,0,596,75.741,0,596,75.741
AYT27_RS05150,SMc01208,7.4e-99,280,76.786,1.89e-99,280,76.786
AYT27_RS05155,SMc01700,3.15e-66,199,62.025,3.07e-67,200,62.025
AYT27_RS05160,SMc01209,1.95e-66,197,60.87,4.76e-67,197,60.87
AYT27_RS05165,SMc01231,0,1414,77.915,0,1414,77.915
AYT27_RS05170,SMc01233,1.57e-65,196,56.989,3.6e-73,214,59.551
AYT27_RS05175,SMc01235,0,1476,74.431,0,1489,74.431
AYT27_RS05180,SMc00947,9.48e-59,174,74.107,2.44e-59,174,74.107
AYT27_RS05185,SMc00948,0,832,81.237,0,832,81.237
AYT27_RS05195,SMc01277,8.3e-81,241,45.914,2.18e-86,254,45.914
AYT27_RS05205,SMc01275,3.82e-165,461,66.667,9.91e-166,461,66.667
AYT27_RS05210,SMc03900,0,690,57.292,0,701,57.292
AYT27_RS05215,SMc00475,0,1306,70.575,0,1306,70.575
AYT27_RS05220,SMc00760,0,598,83.768,0,598,83.768
AYT27_RS05225,SMc01279,0,702,78.009,0,702,78.009
AYT27_RS05230,SMc01280,1.12e-153,442,52.727,1.48e-154,443,52.727
AYT27_RS05235,SMc01283,3.73e-79,228,83.206,8.44e-82,233,79.433
AYT27_RS05240,SMc01285,0,573,81.899,0,573,81.899
AYT27_RS05245,SMc01286,1.36e-88,251,90.698,3.51e-89,251,90.698
AYT27_RS05250,SMc01287,3.28e-68,199,84.956,1.1e-68,198,84.956
AYT27_RS05255,SMc01288,4.04e-87,252,64.398,1.04e-87,252,64.398
AYT27_RS05260,SMc01289,0,673,73.333,0,673,73.333
AYT27_RS05265,SMc01290,2.75e-71,209,68.667,7.16e-72,209,68.667
AYT27_RS05270,SMc01291,2.51e-28,94,73.438,6.36e-29,94,73.438
AYT27_RS05275,SMc01292,1.59e-104,295,82.081,4.24e-105,295,82.081
AYT27_RS05280,SMc01293,6.63e-58,172,70,1.45e-52,157,70
AYT27_RS05285,SMc01294,5.24e-99,281,73.446,1.35e-99,281,73.446
AYT27_RS05290,SMc01295,1.94e-75,218,76.515,4.99e-76,218,76.515
AYT27_RS05295,SMc01296,8.96e-51,153,69.307,2.3e-51,153,69.307
AYT27_RS05300,SMc01297,1.31e-101,288,75.676,2.86e-107,301,75.676
AYT27_RS05305,SMc01298,4.35e-56,166,77.885,1.11e-56,166,77.885
AYT27_RS05310,SMc01299,3.1e-82,234,95.082,7.98e-83,234,95.082
AYT27_RS05315,SMc01300,1.74e-40,125,77.027,4.41e-41,125,77.027
AYT27_RS05320,SMc01301,9.41e-27,89.7,66.667,2.42e-27,89.7,66.667
AYT27_RS05325,SMc01302,7.01e-80,229,77.372,1.8e-80,229,77.372
AYT27_RS05330,SMc01303,1.05e-150,416,82.278,2.72e-151,416,82.278
AYT27_RS05335,SMc01304,7.31e-75,216,82.946,1.88e-75,216,82.946
AYT27_RS05340,SMc01305,3.62e-60,176,91.304,9.3e-61,176,91.304
AYT27_RS05345,SMc01306,9.42e-165,455,83.453,3.57e-165,455,83.453
AYT27_RS05350,SMc01307,1.92e-52,157,79.381,4.95e-53,157,79.381
AYT27_RS05355,SMc01308,1.35e-114,323,72.816,3.46e-115,323,72.816
AYT27_RS05360,SMc01309,3.52e-125,352,78.037,1.2e-130,364,77.13
AYT27_RS05365,SMc01310,7.13e-69,199,94.118,1.83e-69,199,94.118
AYT27_RS05370,SMc01311,0,706,90.793,0,706,90.793
AYT27_RS05375,SMc01312,0,1193,83.477,0,1193,83.477
AYT27_RS05380,SMc01313,1.03e-99,281,83.333,2.64e-100,281,83.333
AYT27_RS05385,SMc01314,2.8e-82,234,93.496,7.21e-83,234,93.496
AYT27_RS05390,SMc02077,7.26e-119,338,60,1.89e-119,338,60
AYT27_RS05395,SMc00676,1.69e-22,93.2,25.296,2.73e-18,79.7,25.296
AYT27_RS05405,SMc02120,8.48e-25,98.6,29.952,2.08e-25,99,29.952
AYT27_RS05415,SMc02078,5.65e-60,188,41.256,1.47e-60,188,41.256
AYT27_RS05420,SMc02080,0,1227,62.434,0,1238,62.434
AYT27_RS05430,SMc02082,5.15e-92,283,40.191,1.37e-92,283,40.191
AYT27_RS05435,SMc02083,1.56e-75,225,55.656,4.75e-80,235,55.656
AYT27_RS05475,SM_b20880,9.61e-126,372,51.613,5.34e-126,371,51.613
AYT27_RS05490,SMc00936,1.25e-160,456,57.212,4.51e-171,481,57.212
AYT27_RS05505,SMc04174,1.18e-13,58.2,30,2.96e-14,58.2,30
AYT27_RS05510,SMc04176,1.31e-137,426,33.333,1.82e-135,418,34.1
AYT27_RS05520,SMc02265,0,908,54.632,0,914,54.632
AYT27_RS05525,SMa1600,0,549,52.021,0,528,52.021
AYT27_RS05530,SMc02853,1.24e-101,298,50.476,4.59e-106,308,50.476
AYT27_RS05535,SMc03171,5.93e-61,198,49.153,3.05e-68,215,49.153
AYT27_RS05560,SMc04346,0,580,79.941,0,580,79.941
AYT27_RS05565,SMc01407,7.49e-103,296,60.246,1.97e-103,296,60.246
AYT27_RS05570,SMc01414,0,582,75.467,0,596,75.467
AYT27_RS05575,SMc01431,0,898,71.235,0,898,71.235
AYT27_RS05580,SMc01435,4.87e-90,267,45.552,1.31e-90,267,45.552
AYT27_RS05585,SMc01438,1.89e-155,450,49.9,4.67e-164,470,49.9
AYT27_RS05590,SMc01440,7.56e-72,222,47.893,8.66e-78,236,45.548
AYT27_RS05595,SMc01441,3.1e-94,284,46.106,1.43e-100,298,45.028
AYT27_RS05600,SMc01442,1.68e-58,178,52.121,4.59e-59,178,52.121
AYT27_RS05605,SMc01444,2.74e-163,451,77.652,7.05e-164,451,77.652
AYT27_RS05620,SMa1328,6.41e-56,189,29.885,1.67e-56,189,29.885
AYT27_RS05625,SMc01449,1.7e-24,86.7,46.078,5.99e-29,96.7,46.078
AYT27_RS05630,SMc04478,2.58e-25,89.7,69.014,6.01e-26,89.7,69.014
AYT27_RS05635,SMc01450,1.58e-61,186,53.297,3.83e-62,186,53.297
AYT27_RS05640,SMc01451,1.57e-10,48.9,51.923,4.61e-11,48.9,51.923
AYT27_RS05645,SMc01452,4.55e-15,61.6,47.826,1.13e-15,61.6,47.826
AYT27_RS05650,SMc01461,0,1121,64.527,0,1137,64.644
AYT27_RS05655,SM_b20765,2.31e-56,175,43.005,5.79e-57,175,43.005
AYT27_RS05660,SMc01471,2.44e-49,156,41.872,6.45e-50,156,41.872
AYT27_RS05665,SMc01472,4.88e-95,280,48.264,1.26e-95,280,48.264
AYT27_RS05670,SMc01885,0,647,52.554,0,658,52.554
AYT27_RS05680,SMc01878,0,860,60.976,0,876,60.111
AYT27_RS05685,SMc01877,0,636,60.701,0,635,61.011
AYT27_RS05690,SMc01876,4.23e-100,293,52.688,8.12e-102,295,52.688
AYT27_RS05695,SMc01875,5.21e-92,273,47.687,1.48e-92,273,47.687
AYT27_RS05700,SMc01874,0,523,56.48,1.97e-178,513,56.459
AYT27_RS05705,SMc01873,2.34e-173,490,55.765,6.13e-174,490,55.765
AYT27_RS05710,SMc01872,9.24e-65,203,36.786,2.42e-65,203,36.786
AYT27_RS05715,SMc01871,8.27e-155,432,65.696,4.88e-148,414,65.696
AYT27_RS05720,SMc01868,1.65e-127,365,58.413,5.97e-130,369,58.413
AYT27_RS05725,SMc01867,0,651,70.149,0,653,70.149
AYT27_RS05730,SMc01866,2.99e-132,381,53.243,6.53e-141,401,53.243
AYT27_RS05735,SMc01865,2.82e-142,407,55.285,2.16e-147,419,55.285
AYT27_RS05740,SMc01864,7.39e-162,463,54.095,3.15e-176,498,54.095
AYT27_RS05745,SMc01863,0,510,69.399,1.02e-176,491,69.945
AYT27_RS05750,SMc01862,4.13e-141,411,48.172,1.58e-148,428,48.172
AYT27_RS05755,SMc01861,0,574,60.345,0,579,60.345
AYT27_RS05760,SMc01860,0,603,52.89,0,601,55.66
AYT27_RS05765,SMc01859,2.1e-19,75.9,33.333,3.78e-20,76.3,33.333
AYT27_RS05770,SMc01858,1.69e-130,374,59.226,4.28e-131,374,59.226
AYT27_RS05780,SMc01855,5.05e-53,164,58.678,1.38e-53,164,58.678
AYT27_RS05795,SMc01842,3.46e-51,170,36.562,2.08e-62,197,36.562
AYT27_RS05800,SMc04454,0,917,79.964,0,912,79.964
AYT27_RS05810,SMc02275,1.47e-92,267,60.302,3.96e-93,267,60.302
AYT27_RS05815,SM_b21468,2.73e-133,382,60.117,3.62e-146,413,60.117
AYT27_RS05855,SMc01556,1.43e-41,140,41.86,3.57e-48,156,41.86
AYT27_RS05860,SMc00064,2.13e-56,171,56.738,5.55e-57,171,56.738
AYT27_RS05865,SMc01563,0,983,72.899,0,989,73.469
AYT27_RS05870,SMc01567,0,531,44.292,0,546,44.14
AYT27_RS05880,SM_b21536,5.75e-120,363,37.615,1.6e-116,352,37.615
AYT27_RS05885,SMc01036,1.35e-22,80.5,53.659,3.48e-23,80.5,53.659
AYT27_RS05895,SMc01569,0,590,71.134,0,590,71.134
AYT27_RS05905,SMc01215,0,1877,77.692,0,1895,77.692
AYT27_RS05910,SMc01428,2.33e-34,109,72.464,5.99e-35,109,72.464
AYT27_RS05915,SMc01578,0,652,77.525,0,652,77.525
AYT27_RS05920,SMc01225,3.76e-153,428,66,9.71e-154,428,66
AYT27_RS05925,SMc01224,3.65e-168,468,69.649,9.59e-169,468,69.649
AYT27_RS05930,SMa1691,3.91e-141,411,45.671,1.88e-142,413,45.671
AYT27_RS05935,SMc01219,1.3e-136,390,54.441,3.34e-137,390,54.441
AYT27_RS05940,SMc01218,2.74e-89,254,79.487,7.09e-90,254,79.487
AYT27_RS05950,SMc04231,0,1192,73.609,0,1192,73.609
AYT27_RS05955,SMc01586,6.31e-15,67,41.739,1.33e-23,87.8,40.476
AYT27_RS05960,SMc01587,4.85e-89,258,56.132,1.23e-89,258,56.132
AYT27_RS05965,SMc01593,4.05e-109,311,62.281,1.04e-109,311,62.281
AYT27_RS05970,SMc01595,0,552,62.791,0,542,62.132
AYT27_RS05975,SMc02678,3.37e-62,187,53.614,8.66e-63,187,53.614
AYT27_RS05985,SMc03744,6.85e-22,79.3,53.846,1.97e-22,79.3,53.846
AYT27_RS05990,SMc02681,3.67e-76,231,45.802,1.51e-73,223,45.318
AYT27_RS05995,SMc02682,2.51e-102,304,43.978,6.67e-103,304,43.978
AYT27_RS06000,SMc02683,3.83e-86,254,45.736,1.02e-86,254,45.736
AYT27_RS06005,SMc02686,0,514,78.641,0,514,78.641
AYT27_RS06010,SMc00484,0,644,64.4,0,644,64.4
AYT27_RS06015,SMc02692,6.69e-94,270,67.204,7.5e-95,271,67.204
AYT27_RS06020,SMc02693,2.02e-81,239,62.105,1.03e-82,241,62.105
AYT27_RS06030,SMc02636,5.13e-80,236,65.341,1.07e-80,236,65.341
AYT27_RS06035,SMc02695,0,595,77.384,0,595,77.384
AYT27_RS06040,SMa0541,1.14e-30,105,50,2.65e-33,110,39.597
AYT27_RS06045,SMc00189,5.9e-17,69.3,48.333,6.92e-17,69.3,48.333
AYT27_RS06060,SMc00184,2.55e-59,179,59.333,1e-63,188,59.333
AYT27_RS06065,SMc02700,1.59e-148,426,49.877,4.11e-149,426,49.877
AYT27_RS06070,SMc02703,7.54e-167,466,69.677,1.37e-169,471,66.566
AYT27_RS06075,SMc02704,1.21e-95,282,46.667,3.31e-89,265,46.667
AYT27_RS06080,SMc02705,0,680,40,0,655,40
AYT27_RS06085,SMc02706,0,602,44.877,0,603,44.877
AYT27_RS06095,SMc02712,8.01e-98,288,47.811,2.06e-98,288,47.811
AYT27_RS06100,SMc02724,3.09e-92,273,51.761,1.32e-92,273,51.761
AYT27_RS06105,SMc00649,2.9e-47,156,36.029,7.51e-48,156,36.029
AYT27_RS06110,SMc00659,0,542,69.474,0,548,68.367
AYT27_RS06115,SMc00657,2.63e-54,161,82.418,6.76e-55,161,82.418
AYT27_RS06120,SMc00655,7.23e-41,129,60.714,2.84e-36,116,60.714
AYT27_RS06125,SMc00654,2.06e-146,405,84.549,5.29e-147,405,84.549
AYT27_RS06130,SMc00652,2.27e-62,191,46.798,2.16e-57,177,46.798
AYT27_RS06135,SMc00651,2.16e-79,233,58.947,5.68e-80,233,58.947
AYT27_RS06145,SM_b21248,6.25e-32,121,36.145,1.4e-32,122,36.145
AYT27_RS06150,SMa2313,3.45e-19,85.5,30,1.88e-19,85.5,30
AYT27_RS06155,SMc00758,2.58e-10,45.4,96,6.62e-11,45.4,96
AYT27_RS06170,SMc01529,9.06e-89,261,53.086,2.29e-89,261,53.086
AYT27_RS06175,SMc01528,1.07e-116,334,59.559,2.62e-117,334,59.559
AYT27_RS06180,SMc01527,7.86e-120,344,61.092,3.13e-118,338,61.092
AYT27_RS06185,SMc01526,1.63e-130,375,53.913,4.08e-131,375,53.913
AYT27_RS06205,SMc00923,6.2e-90,260,61.856,1.69e-90,260,61.856
AYT27_RS06210,SMc00378,0,514,50,0,515,51.098
AYT27_RS06215,SMc01525,1.67e-97,304,33.65,7e-100,308,33.892
AYT27_RS06225,SMc02234,4.26e-50,163,36.752,1.02e-45,150,36.752
AYT27_RS06230,SMc02232,3.68e-130,370,62.126,3.31e-123,351,62.126
AYT27_RS06240,SMc00729,5.83e-109,312,65.844,9.63e-117,330,65.844
AYT27_RS06245,SMa1389,4.27e-134,380,62.581,2.18e-139,392,62.581
AYT27_RS06250,SMc02377,0,741,66.971,0,783,66.971
AYT27_RS06260,SM_b20003,1.09e-55,177,37.165,2.76e-56,177,37.165
AYT27_RS06270,SMc00418,2.56e-36,118,52.252,6.38e-37,118,52.252
AYT27_RS06275,SMc00416,3.76e-108,314,53.401,2.33e-100,293,53.584
AYT27_RS06280,SMc00876,4.37e-138,395,54.571,7.75e-140,399,54.848
AYT27_RS06285,SMc04434,8.89e-22,75.9,88.636,1.18e-15,58.9,88.636
AYT27_RS06290,SMc01720,3.2e-33,110,53.782,8.1e-34,110,53.782
AYT27_RS06295,SMc01721,0,647,53.289,0,648,53.289
AYT27_RS06300,SMc01722,8.82e-110,311,70.673,2.29e-110,311,70.673
AYT27_RS06305,SMc00407,2.84e-98,283,56.957,7.3e-99,283,56.957
AYT27_RS06310,SMc02837,4.63e-97,283,55.056,7.99e-101,291,55.056
AYT27_RS06315,SMc02838,3.72e-99,284,63.725,9.8e-100,284,63.725
AYT27_RS06340,SMc02400,5.36e-26,105,41.885,7.56e-35,127,41.885
AYT27_RS06350,SMc01854,1.58e-28,108,28.383,3.35e-29,108,28.383
AYT27_RS06355,SMa1846,6.65e-19,86.3,27.612,7.44e-20,86.3,27.273
AYT27_RS06365,SMc03825,2.83e-31,120,26.801,1.93e-30,117,26.404
AYT27_RS06425,SMc04242,3.89e-40,128,47.619,1.01e-40,128,47.619
AYT27_RS06430,SMc03168,4.26e-105,311,51.863,6.43e-110,322,51.183
AYT27_RS06435,SMc03167,0,605,60.202,0,625,60.7
AYT27_RS06440,SMc02982,7.93e-51,160,49.704,2.06e-51,160,49.704
AYT27_RS06445,SMc02983,0,574,74.801,0,595,74.801
AYT27_RS06460,SMc03156,1.31e-124,356,62.034,4.06e-133,376,62.034
AYT27_RS06465,SMc03153,2.2e-77,229,52.174,5.44e-78,229,52.174
AYT27_RS06475,SMc02122,2.43e-114,327,60.967,6.12e-115,327,60.967
AYT27_RS06505,SMc00557,3.11e-74,233,36.461,1.05e-81,250,36.461
AYT27_RS06510,SMc02049,0,967,55.328,0,1002,55.328
AYT27_RS06515,SMc02048,8.03e-47,144,56.897,2.03e-47,144,56.897
AYT27_RS06520,SMc02047,1.65e-101,303,47.632,4.32e-102,303,47.632
AYT27_RS06525,SMc03802,6.61e-57,177,42.922,1.75e-57,177,42.922
AYT27_RS06530,SMc03803,1.83e-21,76.6,63.636,4.3e-22,76.6,63.636
AYT27_RS06550,SMc04410,0,562,76.923,0,562,76.923
AYT27_RS06560,SMc00062,1.26e-12,61.6,39.062,4.78e-13,61.2,39.062
AYT27_RS06565,SMc03157,5.25e-80,239,50.42,4.4e-76,228,50.42
AYT27_RS06570,SMc03159,1.3e-107,316,48.696,3.47e-108,316,48.696
AYT27_RS06575,SMc03158,5.71e-43,142,40.67,4.16e-40,133,40.67
AYT27_RS06585,SMc03927,5.17e-56,171,53.205,6.51e-51,156,54.667
AYT27_RS06610,SMc02977,2.72e-89,262,54.894,2.2e-94,274,54.894
AYT27_RS06615,SMc02978,3.05e-174,486,66.761,4.75e-179,496,66.761
AYT27_RS06620,SMc02979,3.57e-127,364,51.988,9.35e-128,364,51.988
AYT27_RS06730,SMc01579,3.39e-14,66.6,30.275,1.53e-14,66.2,30.412
AYT27_RS06735,SMc01573,2.6e-23,84.3,35.238,6.88e-24,84.3,35.238
AYT27_RS06740,SMc00909,2.68e-117,339,53.191,4.05e-107,312,53.191
AYT27_RS06745,SMc00910,2.39e-87,259,47.51,4.65e-90,265,47.51
AYT27_RS06765,SMa1319,2.52e-12,55.8,43.284,4.98e-18,68.9,50
AYT27_RS06770,SMa1318,2.84e-38,122,52.525,8e-39,122,52.525
AYT27_RS06775,SMa1315,0,1039,61.99,0,1041,61.99
AYT27_RS06785,SMa1311,1.83e-41,144,34.304,2.48e-46,155,34.737
AYT27_RS06790,SMa1310,7.61e-10,49.3,36.765,1.96e-10,49.3,36.765
AYT27_RS06795,SMa1308,1.02e-82,243,52.252,5.64e-79,232,52.252
AYT27_RS06800,SMa1306,1.72e-109,316,58.527,8.03e-115,328,55.319
AYT27_RS06805,SMa1303,4.66e-118,346,54.896,4.23e-126,365,49.242
AYT27_RS06810,SMa1302,1.55e-141,402,60.486,3.7e-142,402,60.486
AYT27_RS06825,SMa0929,0,674,55.109,0,692,53.09
AYT27_RS06840,SMc02710,7.03e-28,110,33.69,1.03e-28,110,33.69
AYT27_RS06880,SMc01123,0,613,62.764,0,643,62.764
AYT27_RS06885,SMc01121,7.91e-170,474,64.407,2.02e-170,474,64.407
AYT27_RS06890,SMc01120,7.66e-45,142,45.395,1.98e-45,142,45.395
AYT27_RS06895,SMc01119,2.24e-98,280,69.474,5.65e-99,280,69.474
AYT27_RS06900,SMc00099,4.24e-18,70.1,47.059,6.96e-19,70.1,47.059
AYT27_RS06905,SMc00913,0,897,85.094,0,899,85.094
AYT27_RS06910,SMc00912,1.05e-56,167,82.653,2.7e-57,167,82.653
AYT27_RS06915,SMc00149,0,587,63.203,0,570,63.203
AYT27_RS06925,SMc03925,0,663,58.41,0,663,58.41
AYT27_RS06930,SMc01834,8.35e-108,303,78.613,2.22e-108,303,78.613
AYT27_RS06955,SMc00919,0,596,63.052,0,599,63.052
AYT27_RS07020,SMc03075,1.43e-11,48.5,100,3.69e-12,48.5,100
AYT27_RS07025,SMc03221,3.25e-10,46.2,75.676,8.81e-11,46.2,75.676
AYT27_RS07030,SMc03220,8.41e-41,159,48.372,2.63e-41,159,48.372
AYT27_RS07035,SMc03074,8.62e-10,44.3,88,2.22e-10,44.3,88
AYT27_RS07050,SMc02432,8.94e-179,521,41.95,2.22e-179,521,41.95
AYT27_RS07060,SMc01506,2.66e-98,280,71.429,6.85e-99,280,71.429
AYT27_RS07065,SMc01505,8.6e-09,44.3,55.556,1.82e-09,44.3,55.556
AYT27_RS07070,SMc01504,9.77e-130,365,65.66,2.5e-130,365,65.66
AYT27_RS07075,SM_b20515,1.43e-28,114,33.333,1.26e-28,114,33.333
AYT27_RS07095,SMc00648,1.76e-14,63.5,30.252,3.87e-15,63.5,30.252
AYT27_RS07105,SMc02434,5.71e-29,106,67.568,2.2e-30,108,68
AYT27_RS07110,SMa0009,9.03e-32,118,26.846,1.85e-34,123,27.425
AYT27_RS07225,SMc02433,0,1279,73.046,0,1297,73.046
AYT27_RS07240,SMc02312,1.51e-13,57.4,48.936,3.04e-14,57.4,48.936
AYT27_RS07245,SMc02311,4.07e-63,193,49.268,9.3e-64,193,49.268
AYT27_RS07250,SMc02310,1e-44,135,87.5,2.57e-45,135,87.5
AYT27_RS07320,SMc04001,5.47e-73,214,74.522,1.46e-73,214,74.522
AYT27_RS07325,SMc04002,3.73e-125,363,50.737,1.83e-131,378,51.445
AYT27_RS07340,SMc04003,1.31e-19,70.1,82.927,3.37e-20,70.1,82.927
AYT27_RS07345,SMc04004,3.88e-36,125,40.816,1.09e-36,125,40.816
AYT27_RS07375,SMc03974,1.74e-50,159,42.105,4.28e-51,159,42.105
AYT27_RS07380,SMc03973,4.67e-130,367,63.636,1.16e-130,367,63.636
AYT27_RS07395,SMc02305,0,572,65.661,0,572,65.661
AYT27_RS07400,SMc02208,9.24e-08,38.9,84,2.38e-08,38.9,84
AYT27_RS07595,SMc00738,2.01e-39,130,40.741,4.6e-40,130,40.741
AYT27_RS07605,SMc00359,3.57e-80,242,72.956,6.85e-81,243,75.325
AYT27_RS07610,SMc00461,1.57e-67,201,61.875,4.26e-67,198,63.816
AYT27_RS07625,SMc02084,9.45e-36,120,47.727,1.78e-36,120,47.727
AYT27_RS07630,SMc02085,2.4e-63,199,46.245,2.21e-60,191,45
AYT27_RS07655,SMc00637,0,613,65.914,0,613,65.914
AYT27_RS07660,SMc04459,0,969,76.077,0,989,76.077
AYT27_RS07665,SMc02940,5.69e-36,136,29.723,8.24e-45,159,31.566
AYT27_RS07685,SMc02942,5.81e-62,187,60.606,1.36e-71,210,60.606
AYT27_RS07690,SMc04094,8.53e-110,313,66.087,2.19e-110,313,66.087
AYT27_RS07695,SMc03969,7.99e-149,412,77.823,2.06e-149,412,77.823
AYT27_RS07705,SMc04461,0,556,61.591,0,537,61.591
AYT27_RS07710,SMc03956,2.13e-24,100,25.445,8.97e-31,116,27.877
AYT27_RS07715,SMc03957,6.83e-28,98.6,40.8,3.75e-33,110,38.926
AYT27_RS07720,SMc03958,6.7e-100,288,58.874,1.74e-100,288,58.874
AYT27_RS07725,SMc03960,1.28e-40,130,49.612,3.39e-41,130,49.612
AYT27_RS07730,SMc03965,0,518,79.635,0,518,79.635
AYT27_RS07735,SMc03966,1.26e-54,171,54.146,1.01e-64,194,54.146
AYT27_RS07740,SMc03967,3.46e-76,223,70.886,8.44e-76,220,70.886
AYT27_RS07745,SMc03989,5.34e-34,116,44.375,1.56e-34,116,44.375
AYT27_RS07750,SMc04381,1.63e-92,280,42.105,4.26e-93,280,42.105
AYT27_RS07755,SMc03996,8.24e-35,120,41.42,2.09e-35,120,41.42
AYT27_RS07790,SMc03995,3.72e-40,143,33.333,4.09e-33,122,33.333
AYT27_RS07795,SMc00357,1.77e-56,174,40.957,4.5e-57,174,40.957
AYT27_RS07800,SMc03994,2.43e-132,372,67.681,5.85e-127,357,67.681
AYT27_RS07805,SMc03991,0,631,59.386,0,650,59.487
AYT27_RS07810,SMc03990,6.41e-38,118,71.233,1.65e-38,118,71.233
AYT27_RS07825,SMc03983,1.72e-169,473,69.883,4.39e-170,473,69.883
AYT27_RS07830,SMc03981,1.62e-172,485,61.209,4.2e-180,503,61.209
AYT27_RS07835,SMc03979,0,516,74.405,0,516,74.405
AYT27_RS07840,SMc03978,0,926,69.697,0,960,69.697
AYT27_RS07845,SMc03977,5.78e-21,77,51.807,1.45e-21,77,51.807
AYT27_RS07850,SMc03976,4.95e-31,105,47.706,1.27e-31,105,47.706
AYT27_RS07860,SMc04005,0,632,65.971,0,632,65.971
AYT27_RS07865,SMc04006,2.22e-54,167,60.305,1.04e-53,163,64.103
AYT27_RS07870,SMc04009,1.23e-22,80.9,62.821,1.56e-17,66.6,62.821
AYT27_RS07890,SMc03866,0,690,59.03,0,696,59.03
AYT27_RS07900,SMc03867,2.23e-70,211,49.754,5.88e-71,211,49.754
AYT27_RS07905,SMc03872,2.79e-138,405,44.072,7.99e-139,405,44.072
AYT27_RS07910,SMc03873,4.26e-121,346,61.455,2.61e-116,333,61.455
AYT27_RS07915,SMc03877,1.48e-115,360,49.041,5.72e-120,371,44.743
AYT27_RS07920,SMc03875,1.59e-64,188,75.893,4.1e-65,188,75.893
AYT27_RS07925,SMc03874,3.16e-93,267,71.429,7.92e-94,267,71.429
AYT27_RS07930,SMc03881,5.52e-36,112,93.22,1.47e-36,112,93.22
AYT27_RS07935,SMc03884,8.81e-93,275,55.219,2.23e-112,323,55.219
AYT27_RS07965,SMc03888,0,624,77.24,0,653,77.24
AYT27_RS07975,SMc00564,5.98e-89,268,41.808,6.97e-95,282,41.954
AYT27_RS07980,SMc00563,2.42e-139,411,45.029,2.32e-144,423,45.328
AYT27_RS07985,SMc02502,3.16e-27,96.3,45.238,1.08e-24,88.2,45.238
AYT27_RS07990,SMc02501,0,791,83.547,0,811,79.882
AYT27_RS07995,SMc02500,1.13e-133,379,65.132,1.54e-144,404,65.789
AYT27_RS08000,SMc02499,0,867,83.562,0,867,83.562
AYT27_RS08005,SMc02498,5.33e-40,132,39.665,1.31e-40,132,39.665
AYT27_RS08020,SMc02496,0,873,62.329,0,899,62.329
AYT27_RS08025,SMc02495,1.19e-120,339,72.477,3.06e-121,339,72.477
AYT27_RS08030,SMc02803,3.83e-14,65.1,32.402,3.09e-16,68.9,33.333
AYT27_RS08035,SMc02804,0,1193,65.45,0,1207,65.45
AYT27_RS08040,SMc02812,3.1e-87,255,56.796,7.63e-88,255,56.796
AYT27_RS08055,SMc04093,0,1049,75.154,0,1069,75.154
AYT27_RS08060,SMc00717,1.04e-113,322,72.603,9.07e-121,338,72.603
AYT27_RS08065,SMc00716,5.29e-81,246,47.099,1.76e-95,282,47.099
AYT27_RS08070,SMc00715,4.69e-49,158,50.331,3.64e-50,159,46.629
AYT27_RS08080,SMc04351,1.65e-177,517,43.053,1.25e-165,485,43.053
AYT27_RS08085,SMc04350,1.05e-65,213,35.171,4.45e-66,213,36.676
AYT27_RS08095,SMc03818,1.01e-113,325,56.716,2.6e-114,325,56.716
AYT27_RS08100,SMc03809,2.54e-50,160,42.64,3.81e-54,168,42.64
AYT27_RS08105,SMc03808,0,784,76.984,0,783,76.984
AYT27_RS08110,SMc03804,9.29e-142,408,52.206,2.5e-149,426,52.206
AYT27_RS08245,SMc02466,6.19e-163,449,80.309,1.59e-163,449,80.309
AYT27_RS08250,SMc02465,0,994,79.708,0,994,79.708
AYT27_RS08255,SMc02464,1.71e-42,134,52,4.33e-43,134,52
AYT27_RS08260,SMc02463,5.85e-31,105,44.615,1.47e-31,105,44.615
AYT27_RS08265,SMc03863,8.46e-70,206,73.611,1.51e-71,209,73.611
AYT27_RS08270,SMc03861,9.96e-110,313,69.058,2.65e-110,313,69.058
AYT27_RS08275,SMc03860,6.38e-43,139,44.118,1.84e-51,159,46.471
AYT27_RS08285,SMc02489,6.19e-127,363,60.726,1.47e-131,374,60.726
AYT27_RS08290,SMc00698,3.55e-26,90.5,52.941,9.24e-27,90.5,52.941
AYT27_RS08295,SMc00699,1.35e-79,233,60,3.08e-80,233,60
AYT27_RS08300,SMc00700,0,548,77.538,0,548,77.538
AYT27_RS08305,SMc00701,0,740,58.882,0,739,58.882
AYT27_RS08315,SMc00703,3.02e-49,157,50.495,1.62e-59,182,50.495
AYT27_RS08320,SMc00704,7.17e-54,160,80.208,4.56e-51,152,80.899
AYT27_RS08325,SM_b21490,2.39e-34,122,40.278,6.71e-41,137,39.548
AYT27_RS08340,SMc02051,6.08e-13,53.9,54.545,1.44e-13,53.9,54.545
AYT27_RS08345,SMc04088,0,674,64.498,0,708,64.498
AYT27_RS08350,SMc04089,2.59e-111,341,34.799,2.03e-113,345,35.165
AYT27_RS08355,SMc04090,2.42e-152,438,51.591,6.55e-153,438,51.591
AYT27_RS08360,SMc04091,7.64e-146,412,74.205,2.28e-155,434,74.205
AYT27_RS08365,SMc04092,3.22e-17,66.6,70.37,1.54e-23,81.3,70.37
AYT27_RS08370,SMc03859,1.29e-55,167,75.728,5.03e-58,171,74.59
AYT27_RS08375,SMc03858,7.12e-41,129,63.83,1.86e-41,129,63.83
AYT27_RS08380,SMc03857,0,628,75.103,0,711,73.45
AYT27_RS08385,SMc04083,2.95e-87,254,55.072,7.9e-88,254,55.072
AYT27_RS08390,SMc04085,0,1372,45.802,0,1372,45.802
AYT27_RS08400,SMc03236,2.06e-101,293,58.723,5.37e-102,293,58.723
AYT27_RS08405,SMc03234,5.41e-89,281,38.283,8.49e-80,255,37.209
AYT27_RS08410,SMc03233,1.99e-22,95.9,32.692,9.28e-27,107,28.387
AYT27_RS08415,SMc03230,1e-167,470,65.479,2.54e-168,470,65.479
AYT27_RS08425,SMc03227,1.38e-71,209,71.739,3.56e-72,209,71.739
AYT27_RS08435,SMc03820,4.66e-100,288,61.333,6.3e-104,296,61.333
AYT27_RS08440,SMc00709,2.23e-82,244,47.737,5.96e-83,244,47.737
AYT27_RS08445,SMc00722,3.29e-135,421,34.279,8.27e-143,439,34.389
AYT27_RS08450,SMc00723,1.18e-176,497,59.091,3.05e-177,497,59.091
AYT27_RS08460,SMc00726,2.49e-48,156,43.787,1.7e-50,160,37.557
AYT27_RS08465,SMc01271,4.31e-37,122,42.759,9.87e-38,122,42.759
AYT27_RS08470,SMc00734,1.36e-74,227,45.62,3.93e-78,235,45.62
AYT27_RS08475,SMc00711,4.85e-156,436,69.408,1.23e-156,436,69.408
AYT27_RS08480,SMc02802,5.19e-77,238,36.471,1.31e-77,238,36.471
AYT27_RS08485,SMc03828,5.12e-115,328,62.357,5.2e-111,317,62.205
AYT27_RS08490,SMc03829,1.35e-104,304,60,8.02e-112,321,60
AYT27_RS08495,SMc03830,1.83e-114,332,51.572,4.59e-115,332,51.572
AYT27_RS08500,SMc03902,4.14e-09,42.4,92,1.06e-09,42.4,92
AYT27_RS08505,SM_b20573,2.75e-09,51.6,28.09,5.73e-10,52,28.022
AYT27_RS08510,SM_b20962,5.65e-74,225,46.718,2.21e-82,245,48.162
AYT27_RS08515,SMc00714,1.26e-97,284,50.973,1.56e-95,277,50.973
AYT27_RS08520,SMc00683,7.07e-97,290,45.455,1.01e-97,290,45.455
AYT27_RS08525,SMc00684,7.6e-109,321,41.867,9.52e-107,314,42.4
AYT27_RS08535,SMc00689,2.06e-85,259,53.555,3.77e-86,261,49.367
AYT27_RS08540,SMc00690,1.39e-172,478,70.978,9.27e-164,454,70.978
AYT27_RS08545,SMc00691,1.02e-108,316,55.195,2.61e-109,316,55.195
AYT27_RS08550,SMc00695,4.07e-66,199,52.632,9.57e-67,199,52.632
AYT27_RS08555,SMc00696,4.36e-160,452,59.626,1.23e-152,431,59.626
AYT27_RS08560,SMc03106,1.18e-18,76.3,34.615,5.57e-19,76.3,34.615
AYT27_RS08570,SMc03184,3.8e-19,75.1,39,8.69e-20,75.1,39
AYT27_RS08575,SMc03183,5.4e-35,112,59.302,1.39e-35,112,59.302
AYT27_RS08580,SMc03182,4.64e-26,94.7,37.037,2.53e-30,104,35.185
AYT27_RS08585,SMc03181,2.66e-171,493,55.146,1.87e-178,509,55.146
AYT27_RS08590,SMc03180,1.63e-51,155,69.369,4.26e-52,155,69.369
AYT27_RS08595,SMc03179,0,1152,61.468,0,1179,61.468
AYT27_RS08600,SMc04336,3.62e-18,74.3,42.424,8.95e-19,74.3,42.424
AYT27_RS08605,SM_b21631,0,556,70.411,0,556,70.411
AYT27_RS08610,SM_b21630,0,627,69.268,0,590,69.268
AYT27_RS08625,SMc02487,0,707,72.009,0,707,72.009
AYT27_RS08630,SMc02483,0,567,67.146,0,583,68.66
AYT27_RS08635,SMc02482,0,1556,73.447,0,1573,73.447
AYT27_RS08640,SMc02481,0,512,87.667,0,512,87.667
AYT27_RS08645,SMc02480,0,651,82.915,0,664,82.915
AYT27_RS08650,SMc02479,0,525,82.5,0,548,82.5
AYT27_RS08655,SMc02478,9.55e-127,368,51.206,2.35e-127,368,51.206
AYT27_RS08660,SMc02475,1.39e-11,57.8,36.842,2.08e-18,74.3,29.05
AYT27_RS08665,SMc03856,3.8e-89,265,50,2.42e-88,261,50
AYT27_RS08670,SMc03855,3.25e-178,501,59.759,0,526,58.824
AYT27_RS08675,SMc03854,7.52e-156,449,70.82,2.54e-156,449,70.82
AYT27_RS08680,SMc03853,7.66e-83,243,59.694,1.29e-86,251,59.694
AYT27_RS08685,SMc00708,3.37e-94,275,52.191,8.76e-95,275,52.191
AYT27_RS08690,SMc02801,2.57e-111,322,54.754,6.51e-112,322,54.754
AYT27_RS08695,SMc02800,2.01e-139,390,73.077,5.14e-140,390,73.077
AYT27_RS08700,SMc02799,1.21e-55,174,45.128,3.09e-56,174,45.128
AYT27_RS08705,SMc02798,0,793,60.94,0,778,60.645
AYT27_RS08710,SMc02797,1.39e-135,394,49.658,3.61e-136,394,49.658
AYT27_RS08715,SMc02796,0,773,88.836,0,773,88.836
