B_henselae,Melitensis16M,G1.evalue,G1.bitscore,G1.pident,G2.evalue,G2.bitscore,G2.pident
AYT27_RS00005,BME_RS10195,1.33e-114,327,60.145,3.31e-123,348,60.145
AYT27_RS00010,BME_RS10190,1.21e-56,174,50.761,6.51e-57,174,50.249
AYT27_RS00015,BME_RS10185,1.07e-103,301,55.235,5.39e-104,301,55.235
AYT27_RS00020,BME_RS10180,1.79e-60,184,47.396,9.34e-61,184,47.396
AYT27_RS00025,BME_RS10175,5.73e-96,277,56.034,2.9e-96,277,56.034
AYT27_RS00030,BME_RS09040,0,1422,69.121,0,1422,69.121
AYT27_RS00035,BME_RS11370,1.46e-107,310,55.263,7.39e-108,310,55.263
AYT27_RS00040,BME_RS09200,2.24e-111,317,63.602,2.78e-107,306,63.218
AYT27_RS00050,BME_RS08915,1.27e-41,134,46.203,2.17e-31,107,46.203
AYT27_RS00055,BME_RS08910,2.71e-141,396,66.545,1.45e-141,396,66.545
AYT27_RS00060,BME_RS16770,3.08e-86,253,73.006,8.32e-87,253,73.006
AYT27_RS00065,BME_RS08900,2.57e-21,77.8,40,1.42e-21,77.8,40
AYT27_RS00070,BME_RS08895,3.3e-50,150,79.121,1.72e-50,150,79.121
AYT27_RS00075,BME_RS08885,2.58e-51,163,41.237,1.46e-51,163,41.237
AYT27_RS00080,BME_RS08880,6.94e-48,153,48.734,2.47e-48,153,48.734
AYT27_RS00085,BME_RS08875,1.68e-146,408,79.592,8.97e-147,408,79.592
AYT27_RS00095,BME_RS08860,5.43e-82,235,75.974,2.76e-82,235,75.974
AYT27_RS00100,BME_RS09245,3.31e-63,189,52.41,1.69e-63,189,52.41
AYT27_RS00105,BME_RS09255,0,658,77.561,0,658,77.561
AYT27_RS00110,BME_RS09265,3.06e-72,215,46.919,1.61e-72,215,46.919
AYT27_RS00115,BME_RS12630,0,775,69.259,0,785,69.259
AYT27_RS00120,BME_RS11355,0,856,78.571,0,856,78.571
AYT27_RS00125,BME_RS10020,1.98e-58,172,76.699,1.01e-58,172,76.699
AYT27_RS00130,BME_RS10025,0,1027,46.438,0,1027,46.438
AYT27_RS00135,BME_RS10030,0,961,49.856,0,953,49.904
AYT27_RS00140,BME_RS10040,9.45e-52,170,40.741,1.3e-51,170,40.741
AYT27_RS00155,BME_RS10045,0,642,45.742,0,649,45.742
AYT27_RS00160,BME_RS10050,0,816,82.618,0,816,82.618
AYT27_RS00165,BME_RS11455,3.07e-107,313,46.44,1.54e-107,313,46.44
AYT27_RS00170,BME_RS10015,1.98e-170,482,53.349,1.02e-170,482,53.349
AYT27_RS00175,BME_RS10010,3.18e-177,488,75.817,1.59e-177,488,75.817
AYT27_RS00185,BME_RS08835,9.17e-75,223,51.515,5.06e-85,249,51.515
AYT27_RS00190,BME_RS11350,6.51e-159,453,58.209,1.98e-167,474,57.778
AYT27_RS00195,BME_RS11345,0,699,63.567,0,690,63.567
AYT27_RS00200,BME_RS11340,6.15e-136,380,68.627,3.24e-136,380,68.627
AYT27_RS00205,BME_RS09030,0,1307,79.276,0,1304,79.276
AYT27_RS00215,BME_RS08100,2.57e-91,269,46.947,1.27e-91,269,46.947
AYT27_RS00220,BME_RS09870,0,716,70.866,0,740,70.866
AYT27_RS00225,BME_RS09395,0,612,49.601,0,634,49.601
AYT27_RS00230,BME_RS09390,0,940,36.66,0,964,36.66
AYT27_RS00240,BME_RS11415,1.26e-148,438,38.676,5.66e-141,418,38.676
AYT27_RS00245,BME_RS09950,5.34e-99,280,78.947,2.81e-99,280,78.947
AYT27_RS00250,BME_RS09960,5.71e-108,310,56.8,2.95e-108,310,56.8
AYT27_RS00255,BME_RS09980,5.58e-75,225,46.753,2.9e-75,225,46.753
AYT27_RS00260,BME_RS11500,1.02e-173,487,60.914,5.26e-174,487,60.914
AYT27_RS00265,BME_RS08790,6.29e-168,473,58.629,3.24e-168,473,58.629
AYT27_RS00270,BME_RS08795,1.53e-103,295,64.486,7.98e-104,295,64.486
AYT27_RS00275,BME_RS08815,0,521,74.928,0,521,74.928
AYT27_RS00280,BME_RS08820,6.87e-95,273,66.514,1.52e-100,287,66.514
AYT27_RS00285,BME_RS09225,2.39e-49,155,44,4.15e-53,164,44
AYT27_RS00290,BME_RS10055,4.08e-39,122,64.835,2.18e-39,122,64.835
AYT27_RS00295,BME_RS10060,6.93e-59,175,67.424,3.55e-59,175,67.424
AYT27_RS00300,BME_RS10065,7.22e-38,124,43.836,3.79e-38,124,43.836
AYT27_RS00305,BME_RS10070,0,750,66.195,0,717,66.195
AYT27_RS00310,BME_RS10075,4.28e-142,394,81.277,2.17e-142,394,81.277
AYT27_RS00315,BME_RS07455,1.05e-09,52.4,39.683,1.43e-09,52.4,39.683
AYT27_RS00320,BME_RS09370,9.08e-27,100,41.803,8.28e-27,100,41.803
AYT27_RS00325,BME_RS09910,0,1111,86.614,0,1123,87.244
AYT27_RS00330,BME_RS09900,0,555,76.33,0,595,76.33
AYT27_RS00340,BME_RS11525,1.92e-168,466,81.597,3.63e-176,484,81.597
AYT27_RS00345,BME_RS02540,1.05e-18,81.3,25.333,4.23e-13,64.3,30.952
AYT27_RS00350,BME_RS11460,0,1094,86.644,0,1094,86.644
AYT27_RS00355,BME_RS11510,4.48e-162,448,75,2.29e-162,448,75
AYT27_RS00360,BME_RS11515,4.56e-143,400,65.455,2.23e-143,400,65.455
AYT27_RS00365,BME_RS11490,3.27e-117,332,61.134,1.69e-117,332,61.134
AYT27_RS00370,BME_RS11485,4.4e-127,362,58.013,2.2e-127,362,58.013
AYT27_RS00375,BME_RS11480,9.74e-76,221,56,4.93e-76,221,56
AYT27_RS00380,BME_RS11475,1.65e-172,484,60.714,1.03e-175,492,60.714
AYT27_RS00385,BME_RS03920,8.82e-66,197,50.777,3.66e-61,185,51.149
AYT27_RS00390,BME_RS08855,4.53e-29,96.3,51.899,2.25e-29,96.3,51.899
AYT27_RS00395,BME_RS08850,4.51e-58,174,55.714,2.26e-58,174,55.714
AYT27_RS00400,BME_RS08840,6.05e-113,321,64.502,3.1e-113,321,64.502
AYT27_RS00405,BME_RS09940,1.51e-35,111,80.597,7.58e-36,111,80.597
AYT27_RS00410,BME_RS09935,9.81e-83,235,88.806,5.03e-83,235,88.806
AYT27_RS00415,BME_RS09925,0,554,71.935,0,554,71.935
AYT27_RS00420,BME_RS09920,0,1011,63.636,0,1038,63.636
AYT27_RS00435,BME_RS11030,5.15e-19,81.6,29.435,1.71e-21,87.4,29.435
AYT27_RS00445,BME_RS09855,1.02e-20,78.6,37.931,5.65e-21,78.6,37.931
AYT27_RS00455,BME_RS09090,0,752,80.415,0,752,80.415
AYT27_RS00460,BME_RS09095,0,3490,57.378,0,3444,57.378
AYT27_RS00465,BME_RS09485,0,985,85.159,0,1001,85.159
AYT27_RS00470,BME_RS09490,2.05e-87,254,59.804,1.06e-87,254,59.804
AYT27_RS00475,BME_RS09495,0,584,67.048,0,588,67.048
AYT27_RS00480,BME_RS09500,1.04e-30,103,70.886,1.49e-31,105,66.4
AYT27_RS00485,BME_RS09505,5.1e-12,48.9,96,2.6e-12,48.9,96
AYT27_RS00495,BME_RS09150,0,961,77.288,0,1002,77.288
AYT27_RS00505,BME_RS08925,0,1251,68.849,0,1253,67.692
AYT27_RS00515,BME_RS10170,1.5e-67,199,64.151,9.51e-76,219,64.151
AYT27_RS00520,BME_RS10165,9.85e-32,108,36.129,1.02e-26,95.1,36.129
AYT27_RS00525,BME_RS10160,2.76e-80,237,52.036,3.49e-81,238,50.87
AYT27_RS00530,BME_RS10150,2.56e-47,150,46.237,1.2e-47,150,46.237
AYT27_RS00535,BME_RS08065,2.8e-130,372,54.925,1.44e-130,372,54.925
AYT27_RS00540,BME_RS08075,0,527,60.253,0,527,60.253
AYT27_RS00545,BME_RS08080,6.81e-71,209,60,6.14e-69,203,59.429
AYT27_RS00550,BME_RS09155,1.57e-52,165,41.872,1.03e-50,159,47.799
AYT27_RS00560,BME_RS09165,1.92e-97,282,54.008,3.29e-94,273,54.008
AYT27_RS00565,BME_RS09170,5.29e-50,159,45.161,1.01e-42,140,47.716
AYT27_RS00570,BME_RS09175,1.71e-64,195,49.735,8.97e-65,195,49.735
AYT27_RS00575,BME_RS09180,0,1485,80.291,0,1486,80.291
AYT27_RS00580,BME_RS09620,8.45e-44,134,74.713,4.3e-44,134,74.713
AYT27_RS00585,BME_RS09615,0,664,68.511,0,689,71.457
AYT27_RS00590,BME_RS09610,0,508,66.578,0,513,66.845
AYT27_RS00595,BME_RS09605,2.95e-136,390,56.757,7.83e-144,409,56.757
AYT27_RS00600,BME_RS05310,6.02e-53,161,58.571,3.25e-53,161,58.571
AYT27_RS00605,BME_RS09420,1.61e-86,260,45.724,6.63e-79,240,45.724
AYT27_RS00610,BME_RS09415,0,772,55.755,0,782,55.755
AYT27_RS00615,BME_RS09410,6.49e-64,194,48.325,3.12e-64,194,48.325
AYT27_RS00620,BME_RS09405,8.63e-16,68.2,34.615,3.07e-12,57,34.615
AYT27_RS00625,BME_RS00825,3.82e-64,203,36.254,2.19e-72,223,36.585
AYT27_RS00630,BME_RS09695,1.22e-161,446,76.471,6.2e-162,446,76.471
AYT27_RS00635,BME_RS09690,0,714,84.691,0,714,84.691
AYT27_RS00640,BME_RS09685,6.31e-98,277,76.786,3.27e-98,277,76.786
AYT27_RS00645,BME_RS09680,1.43e-63,189,63.235,6.33e-64,189,63.235
AYT27_RS00650,BME_RS09670,3.5e-69,205,53.672,1.73e-69,205,53.672
AYT27_RS00655,BME_RS11810,1.3e-34,109,90.541,9.29e-43,129,90.541
AYT27_RS00670,BME_RS08205,3.25e-12,49.7,92,1.65e-12,49.7,92
AYT27_RS00675,BME_RS08195,1.03e-93,282,40.845,3.29e-96,288,41.127
AYT27_RS00680,BME_RS08190,0,1284,64.631,0,1345,64.563
AYT27_RS00690,BME_RS08150,0,695,59.45,0,695,59.45
AYT27_RS00695,BME_RS00985,5.41e-13,52,80,2.75e-13,52,80
AYT27_RS00700,BME_RS00990,5.31e-50,154,71.429,8.16e-54,163,67.48
AYT27_RS00705,BME_RS00995,5.12e-48,144,79.31,2.55e-48,144,79.31
AYT27_RS00710,BME_RS00905,4.45e-65,228,30.297,2.46e-60,214,30.297
AYT27_RS00715,BME_RS11315,3.96e-16,59.7,93.333,2.01e-16,59.7,93.333
AYT27_RS00770,BME_RS16810,7.8e-32,131,32.52,2.32e-32,131,32.52
AYT27_RS00800,BME_RS09275,4.51e-24,92,32.749,2.86e-24,92,32.749
AYT27_RS00805,BME_RS13120,9.81e-167,475,68.196,1.27e-167,477,68.196
AYT27_RS00810,BME_RS13115,1.77e-133,373,79.724,2.19e-138,384,78.855
AYT27_RS00820,BME_RS01015,0,502,78.679,0,516,78.443
AYT27_RS00825,BME_RS01020,0,515,69.251,0,533,69.251
AYT27_RS00830,BME_RS01025,0,565,65.947,0,565,65.947
AYT27_RS00835,BME_RS01030,6.67e-72,214,55.263,3.85e-72,214,55.263
AYT27_RS00840,BME_RS01035,4.05e-42,133,52.252,1.73e-42,133,52.252
AYT27_RS00845,BME_RS01040,1.91e-58,176,51.445,1.06e-58,176,51.445
AYT27_RS00850,BME_RS01050,1.73e-102,309,41.755,2.37e-103,310,42.021
AYT27_RS00855,BME_RS01055,0,648,72.562,0,648,72.562
AYT27_RS00860,BME_RS01060,3.14e-63,189,51.515,1.64e-63,189,51.515
AYT27_RS00865,BME_RS07900,1.41e-28,101,34.043,6.68e-29,101,34.043
AYT27_RS00870,BME_RS00345,2.77e-32,105,66.279,1.46e-37,117,66.279
AYT27_RS00880,BME_RS00340,1.25e-102,289,77.011,6.35e-103,289,77.011
AYT27_RS00885,BME_RS12240,0,1106,88.595,0,1106,88.595
AYT27_RS00890,BME_RS12235,0,588,64.853,0,588,64.853
AYT27_RS00895,BME_RS12230,0,847,63.244,0,861,63.244
AYT27_RS00900,BME_RS10375,4.75e-60,194,35.862,1.67e-60,194,35.862
AYT27_RS00905,BME_RS10310,4.78e-177,497,57.946,2.4e-177,497,57.946
AYT27_RS00910,BME_RS10305,5.2e-175,482,78.84,2.65e-175,482,78.84
AYT27_RS00915,BME_RS10295,7.23e-153,429,64.688,3.7e-153,429,64.688
AYT27_RS00920,BME_RS10275,4.39e-31,104,56.977,6.9e-33,108,47.581
AYT27_RS00925,BME_RS10250,2.81e-69,225,33.761,2.16e-72,233,33.262
AYT27_RS00930,BME_RS11365,1.35e-12,66.2,27.536,6.34e-13,66.2,27.536
AYT27_RS00935,BME_RS14580,0,806,83.636,0,825,83.636
AYT27_RS00940,BME_RS14545,4.49e-24,100,67.143,2.51e-24,100,67.143
AYT27_RS00945,BME_RS14530,0,707,71.047,0,707,71.047
AYT27_RS00950,BME_RS04090,4.53e-14,66.2,39.815,2.36e-14,66.2,39.815
AYT27_RS00955,BME_RS13225,2.35e-129,371,55.014,1.21e-129,371,55.014
AYT27_RS00960,BME_RS17255,1.7e-79,235,64.497,7.84e-80,234,64.497
AYT27_RS00965,BME_RS13235,8.87e-101,292,55.159,3.85e-101,292,55.159
AYT27_RS00970,BME_RS13240,6.78e-134,389,45.433,3.38e-134,389,45.433
AYT27_RS00975,BME_RS11040,3.1e-17,77.4,23.754,1.4e-18,80.5,24.555
AYT27_RS00990,BME_RS14745,1.04e-36,114,68.493,5.21e-37,114,68.493
AYT27_RS00995,BME_RS14740,3.23e-45,140,54.198,1.68e-45,140,54.198
AYT27_RS01000,BME_RS14735,0,1178,78.329,0,1178,78.329
AYT27_RS01005,BME_RS14730,0,519,77.389,0,519,77.389
AYT27_RS01010,BME_RS00915,1.02e-87,260,45.878,5.31e-88,260,45.878
AYT27_RS01015,BME_RS00910,0,575,78.31,0,575,78.31
AYT27_RS01020,BME_RS01840,4.74e-68,199,70.149,2.47e-68,199,70.149
AYT27_RS01025,BME_RS00570,0,1417,76.159,0,1444,76.159
AYT27_RS01030,BME_RS00580,1.13e-92,275,48.881,5.65e-96,283,44.795
AYT27_RS01035,BME_RS00585,1.04e-178,501,63.325,0,510,63.325
AYT27_RS01040,BME_RS00595,3.99e-60,179,62.406,2.05e-60,179,62.406
AYT27_RS01045,BME_RS09655,2.65e-96,282,49.291,1.36e-96,282,49.291
AYT27_RS01050,BME_RS09645,2.03e-180,509,56.733,0,531,56.733
AYT27_RS01055,BME_RS10095,2.28e-167,465,70.096,1.13e-167,465,70.096
AYT27_RS01060,BME_RS00485,5.52e-101,297,49.164,2.56e-102,300,49.164
AYT27_RS01065,BME_RS10130,7.47e-108,303,79.459,3.62e-108,303,79.459
AYT27_RS01070,BME_RS10135,0,716,81.986,0,716,81.986
AYT27_RS01075,BME_RS09705,6.26e-70,218,43.983,3.26e-70,218,43.983
AYT27_RS01080,BME_RS09710,0,1211,82.553,0,1223,82.553
AYT27_RS01085,BME_RS09715,1.53e-50,150,80.899,7.79e-51,150,80.899
AYT27_RS01090,BME_RS14750,6.54e-102,311,57.692,1.02e-104,318,57.692
AYT27_RS01095,BME_RS09720,1.14e-150,422,63.975,5.91e-151,422,63.975
AYT27_RS01100,BME_RS09725,1.12e-55,167,66.667,2.38e-57,171,65.6
AYT27_RS01105,BME_RS09730,0,1144,70.248,0,1194,65.869
AYT27_RS01110,BME_RS09735,5.93e-66,199,49.746,3.1e-66,199,49.746
AYT27_RS01115,BME_RS09740,0,877,81.853,0,877,81.853
AYT27_RS01120,BME_RS09745,3.61e-79,233,57.949,1.86e-79,233,57.949
AYT27_RS01125,BME_RS09750,1.21e-104,299,60.851,6.18e-105,299,60.851
AYT27_RS01130,BME_RS09755,0,671,78.282,0,652,78.282
AYT27_RS01135,BME_RS09760,7.49e-59,175,65.217,2.51e-62,183,65.942
AYT27_RS01140,BME_RS09765,1.1e-161,468,44.639,2.17e-154,448,44.639
AYT27_RS01145,BME_RS09770,3.39e-117,340,52.959,1.49e-125,361,52.522
AYT27_RS01150,BME_RS09775,2.74e-60,181,54.362,1.39e-60,181,54.362
AYT27_RS01160,BME_RS09785,0,655,68.233,0,655,68.233
AYT27_RS01165,BME_RS09795,2.48e-44,140,42.581,1.29e-44,140,42.581
AYT27_RS01170,BME_RS09800,1.7e-50,161,40.851,2.8e-50,159,40.517
AYT27_RS01175,BME_RS09480,1.41e-99,294,54.192,1.97e-108,316,54.192
AYT27_RS01180,BME_RS09465,3.85e-119,333,80.597,1.96e-119,333,80.597
AYT27_RS01185,BME_RS09460,1.52e-50,152,63.551,7.67e-51,152,63.551
AYT27_RS01190,BME_RS09455,0,706,57.619,0,713,56.825
AYT27_RS01195,BME_RS16835,1.73e-09,43.1,75,8.82e-10,43.1,75
AYT27_RS01210,BME_RS09440,1.05e-146,410,66.312,5.32e-147,410,66.312
AYT27_RS01215,BME_RS09435,4.69e-115,326,66.116,2.46e-115,326,66.116
AYT27_RS01220,BME_RS09430,1.63e-36,122,35.359,7.17e-38,125,35.714
AYT27_RS01225,BME_RS09580,5.38e-176,491,64.171,2.68e-176,491,64.171
AYT27_RS01230,BME_RS09585,0,510,66.048,0,510,66.048
AYT27_RS01235,BME_RS09590,0,735,65.73,0,735,65.73
AYT27_RS01240,BME_RS09600,3.22e-121,343,65.726,1.68e-121,343,65.726
AYT27_RS01245,BME_RS09875,1.32e-176,488,73.226,6.71e-177,488,73.226
AYT27_RS01250,BME_RS09850,0,525,68.966,0,525,68.966
AYT27_RS01255,BME_RS09845,0,581,60.757,0,581,60.757
AYT27_RS01260,BME_RS09840,0,640,73.397,0,620,73.397
AYT27_RS01265,BME_RS09835,2.2e-153,424,80,1.21e-153,424,80
AYT27_RS01270,BME_RS09830,1.5e-113,322,64.831,7.63e-114,322,64.831
AYT27_RS01280,BME_RS09820,2.97e-63,199,53.807,2.58e-66,206,48.76
AYT27_RS01285,BME_RS09810,0,587,67.308,0,587,67.308
AYT27_RS01290,BME_RS09635,1.07e-113,327,55.667,5.5e-114,327,55.667
AYT27_RS01295,BME_RS09045,0,705,72.103,0,685,72.103
AYT27_RS01300,BME_RS09050,4.45e-123,343,78.325,1.1e-117,329,78.325
AYT27_RS01325,BME_RS15265,0,1510,73.499,0,1506,73.499
AYT27_RS01330,BME_RS15260,1.28e-23,90.5,34.615,7.39e-24,90.5,34.615
AYT27_RS01335,BME_RS15250,1.39e-66,196,65.972,7.51e-67,196,65.972
AYT27_RS01340,BME_RS15245,1.89e-152,442,63.764,3.61e-155,449,64.928
AYT27_RS01345,BME_RS15240,2.04e-71,211,56.452,1.02e-71,211,56.452
AYT27_RS01365,BME_RS15215,0,555,64.073,0,561,64.073
AYT27_RS01370,BME_RS15210,8.6e-84,249,49.206,4.41e-84,249,49.206
AYT27_RS01375,BME_RS15205,8.35e-31,100,59.74,4.35e-31,100,59.74
AYT27_RS01385,BME_RS15195,2.06e-145,419,48.526,1.06e-145,419,48.526
AYT27_RS01390,BME_RS15190,2.99e-116,337,49.853,1.53e-116,337,49.853
AYT27_RS01395,BME_RS15185,1.07e-19,72,47.761,5.45e-20,72,47.761
AYT27_RS01400,BME_RS15180,0,832,63.884,0,832,63.884
AYT27_RS01405,BME_RS08045,0,550,74.722,0,550,74.722
AYT27_RS01410,BME_RS12035,4.42e-102,304,41.711,2.24e-102,304,41.711
AYT27_RS01420,BME_RS12430,7.81e-09,40.8,84,3.97e-09,40.8,84
AYT27_RS01425,BME_RS11320,1.43e-08,45.4,25,7.35e-09,45.4,25
AYT27_RS01435,BME_RS16115,4.86e-35,121,34.123,1.21e-37,127,34.123
AYT27_RS01445,BME_RS01545,3.66e-10,53.5,33.108,1.93e-10,53.5,33.108
AYT27_RS01500,BME_RS08380,9.51e-21,77.8,56.338,4.39e-21,77.8,56.338
AYT27_RS01505,BME_RS08460,4.39e-155,439,55.584,2.31e-155,439,55.584
AYT27_RS01955,BME_RS08330,2.67e-08,39.7,80,1.36e-08,39.7,80
AYT27_RS01960,BME_RS01690,0,578,70.757,0,585,70.801
AYT27_RS01965,BME_RS01705,0,695,77.049,0,695,77.049
AYT27_RS01970,BME_RS01710,1.82e-44,158,38.158,7.4e-45,158,37.143
AYT27_RS01975,BME_RS01860,1.61e-174,481,80.935,0,496,78.571
AYT27_RS01980,BME_RS01855,4.06e-146,412,60.55,2.14e-146,412,60.55
AYT27_RS01985,BME_RS00110,2.65e-93,288,35.597,1.43e-93,288,35.597
AYT27_RS01990,BME_RS13825,0,845,57.426,0,886,57.998
AYT27_RS02005,BME_RS02080,1.82e-64,220,36.029,2.19e-64,220,36.029
AYT27_RS02010,BME_RS07990,6.64e-72,208,75.182,3.4e-72,208,75.182
AYT27_RS02015,BME_RS08020,1.5e-142,405,54.848,7.67e-143,405,54.848
AYT27_RS02025,BME_RS12745,0,771,78.07,0,748,78.07
AYT27_RS02030,BME_RS12735,5.4e-171,483,53.318,1.29e-165,468,53.318
AYT27_RS02035,BME_RS12695,0,690,65.644,0,690,65.644
AYT27_RS02040,BME_RS12690,1.57e-79,236,54.113,6.94e-86,251,54.113
AYT27_RS02045,BME_RS12685,0,880,70.549,0,880,70.549
AYT27_RS02050,BME_RS12680,7.87e-146,409,66.555,2.02e-140,394,66.555
AYT27_RS02055,BME_RS02075,4.33e-109,339,35.252,1.92e-109,339,35.125
AYT27_RS02060,BME_RS12775,2.43e-89,261,54.098,4.51e-88,257,54.098
AYT27_RS02065,BME_RS12770,0,671,69.803,0,683,69.803
AYT27_RS02075,BME_RS00865,3.74e-120,343,59.507,1.09e-122,349,59.507
AYT27_RS02080,BME_RS00870,2.68e-83,247,51.965,4.76e-81,240,51.965
AYT27_RS02085,BME_RS00875,1.41e-37,117,65.476,7.41e-38,117,65.476
AYT27_RS02090,BME_RS00895,3.21e-136,380,67.48,1.64e-136,380,67.48
AYT27_RS02095,BME_RS00900,0,684,79.905,0,684,79.905
AYT27_RS02110,BME_RS13220,0,585,55.839,0,619,55.839
AYT27_RS02115,BME_RS07730,7.01e-57,177,43.636,1.23e-60,186,43.636
AYT27_RS02120,BME_RS07725,0,717,71.784,0,717,71.784
AYT27_RS02130,BME_RS07710,9.99e-23,84,39.098,6.41e-26,91.3,39.098
AYT27_RS02135,BME_RS07705,2.68e-139,388,75.403,1.18e-133,373,75.403
AYT27_RS02140,BME_RS07700,1.81e-43,132,97.183,9.1e-44,132,97.183
AYT27_RS02145,BME_RS07695,5.94e-64,193,50.495,3.34e-64,193,50.495
AYT27_RS02150,BME_RS07690,2.08e-54,166,53.659,1.02e-54,166,53.659
AYT27_RS02155,BME_RS07625,0,945,60.567,0,945,60.567
AYT27_RS02160,BME_RS07630,0,540,83,0,540,83
AYT27_RS02165,BME_RS07635,2.8e-170,493,43.165,3.02e-172,498,42.984
AYT27_RS02170,BME_RS07640,2.18e-167,467,68.731,1.05e-167,467,68.731
AYT27_RS02175,BME_RS07650,2.05e-93,273,57.647,3.24e-97,281,58.566
AYT27_RS02180,BME_RS07655,2.77e-124,368,62.759,2.73e-124,368,62.759
AYT27_RS02190,BME_RS07665,3.01e-76,232,43.929,1.22e-67,209,43.929
AYT27_RS02200,BME_RS07685,1.08e-90,263,61.468,1.93e-95,274,61.468
AYT27_RS02205,BME_RS07620,1e-125,359,57.367,5.15e-126,359,57.367
AYT27_RS02210,BME_RS07615,0,602,61.075,0,602,61.075
AYT27_RS02215,BME_RS07600,5.7e-26,95.1,37.405,9.74e-28,99,33.516
AYT27_RS02220,BME_RS07580,0,576,65.176,0,598,65.176
AYT27_RS02225,BME_RS07575,6.09e-132,376,58.982,2.09e-139,394,58.982
AYT27_RS02235,BME_RS07570,1.75e-107,304,70.443,8.72e-108,304,70.443
AYT27_RS02240,BME_RS07560,1.27e-118,340,59.494,4.16e-131,371,60.952
AYT27_RS02245,BME_RS07555,1.27e-174,479,84.559,6.45e-175,479,84.559
AYT27_RS02250,BME_RS07520,0,603,78.729,0,584,78.729
AYT27_RS02255,BME_RS07515,0,531,68.011,0,531,68.011
AYT27_RS02260,BME_RS07505,1.83e-35,112,66.667,9.31e-36,112,66.667
AYT27_RS02265,BME_RS07480,0,961,75.397,0,979,75.397
AYT27_RS02270,BME_RS07475,8.25e-90,263,61.317,3.14e-98,283,61.317
AYT27_RS02275,BME_RS07470,7.72e-144,413,51.106,5.75e-149,425,51.106
AYT27_RS02280,BME_RS07350,0,686,70.064,0,686,70.064
AYT27_RS02285,BME_RS07345,2.47e-36,122,40,5.24e-37,123,40
AYT27_RS02290,BME_RS07330,1.42e-131,374,59.396,1.54e-127,362,59.396
AYT27_RS02295,BME_RS07300,0,528,80.061,0,528,80.061
AYT27_RS02300,BME_RS07295,3.63e-141,399,57.68,1.89e-141,399,57.68
AYT27_RS02305,BME_RS07290,9.59e-75,217,67.808,4.85e-75,217,67.808
AYT27_RS02310,BME_RS07280,2.37e-29,108,28.631,1.96e-29,108,28.631
AYT27_RS02315,BME_RS07275,1.49e-73,217,53.886,7.8e-74,217,53.886
AYT27_RS02320,BME_RS07270,0,1123,54.228,0,1123,54.228
AYT27_RS02325,BME_RS07260,0,639,70.853,0,639,70.853
AYT27_RS02330,BME_RS07255,0,635,63.715,0,635,63.715
AYT27_RS02350,BME_RS07235,3.08e-80,237,51.082,1.54e-80,237,51.082
AYT27_RS02355,BME_RS07225,0,575,70.213,0,575,70.213
AYT27_RS02360,BME_RS07215,3.39e-147,417,58.092,1.66e-142,404,58.092
AYT27_RS02365,BME_RS07210,5.67e-50,155,42.424,3.04e-50,155,42.424
AYT27_RS02370,BME_RS07205,9.55e-75,222,58.696,3.13e-75,222,58.696
AYT27_RS02375,BME_RS07185,0,1415,77.002,0,1410,76.975
AYT27_RS02380,BME_RS06825,1.55e-25,100,28.105,6.59e-26,100,27.852
AYT27_RS02390,BME_RS06840,1.65e-57,172,58.209,8.7e-58,172,58.209
AYT27_RS02395,BME_RS06865,3.5e-63,187,63.571,2.52e-61,181,63.235
AYT27_RS02400,BME_RS06870,0,946,63.135,0,946,63.135
AYT27_RS02405,BME_RS06880,1.63e-113,318,75.758,8.26e-114,318,75.758
AYT27_RS02410,BME_RS07130,2.82e-12,49.7,88,1.43e-12,49.7,88
AYT27_RS02415,BME_RS07170,2.22e-56,178,38.672,9.39e-64,196,38.672
AYT27_RS02420,BME_RS06810,4.23e-45,144,37.356,2.16e-45,144,37.356
AYT27_RS02425,BME_RS06805,3.59e-53,166,41.294,1.87e-53,166,41.294
AYT27_RS02430,BME_RS06800,0,834,59.169,0,852,59.169
AYT27_RS02435,BME_RS06735,1.24e-15,62.4,40.351,7.98e-16,62.4,40.351
AYT27_RS02440,BME_RS06730,1.15e-122,344,71.946,6.05e-123,344,71.946
AYT27_RS02445,BME_RS06725,7.38e-151,433,49.078,3.48e-151,433,49.078
AYT27_RS02450,BME_RS06715,5.71e-27,103,32.584,4.46e-27,103,32.584
AYT27_RS02455,BME_RS06710,5.49e-39,127,44.604,2.9e-39,127,44.604
AYT27_RS02460,BME_RS06705,0,706,55.371,0,698,55.371
AYT27_RS02465,BME_RS06700,4.76e-46,144,48.344,1.06e-35,117,48.344
AYT27_RS02470,BME_RS06695,0,605,64.57,0,616,63.221
AYT27_RS02475,BME_RS06690,2.55e-134,374,80.617,1.34e-134,374,80.617
AYT27_RS02480,BME_RS06685,0,574,61.957,0,574,61.957
AYT27_RS02485,BME_RS06680,0,1143,58.256,0,1143,58.256
AYT27_RS02490,BME_RS09060,8.88e-59,184,37.681,2.53e-56,176,37.681
AYT27_RS02495,BME_RS07760,1.93e-53,170,47.853,2.03e-53,170,47.853
AYT27_RS02500,BME_RS06670,0,759,50.13,0,759,50.13
AYT27_RS02505,BME_RS06665,0,1052,56.949,0,1052,56.949
AYT27_RS02510,BME_RS06650,1.09e-101,295,49.645,5.83e-102,295,49.645
AYT27_RS02520,BME_RS08625,2.34e-87,253,59.596,1.2e-87,253,59.596
AYT27_RS02525,BME_RS08620,1.24e-114,326,61.024,1.93e-119,337,61.024
AYT27_RS02530,BME_RS08615,8.75e-16,61.2,47.692,4.45e-16,61.2,47.692
AYT27_RS02535,BME_RS08610,4.11e-109,317,53.094,6.6e-111,321,52.366
AYT27_RS02555,BME_RS03270,5.28e-47,154,35.686,2.61e-47,154,35.686
AYT27_RS02560,BME_RS12805,9.73e-47,159,40.345,6.6e-45,153,40.345
AYT27_RS02575,BME_RS11650,2.98e-11,63.2,23.636,1.51e-11,63.2,23.636
AYT27_RS02580,BME_RS01770,1.78e-08,50.8,26.829,3.84e-13,63.5,27.928
AYT27_RS02585,BME_RS06545,0,706,50.511,0,712,50.511
AYT27_RS02590,BME_RS06540,1.49e-150,420,65.753,2.33e-140,394,65.753
AYT27_RS02595,BME_RS06535,2.81e-96,271,81.646,1.43e-96,271,81.646
AYT27_RS02600,BME_RS06530,2.13e-109,310,68.72,1.09e-109,310,68.72
AYT27_RS02605,BME_RS06520,2.81e-65,191,76.866,1.9e-68,198,76.866
AYT27_RS02610,BME_RS06515,0,1213,79.333,0,1238,79.333
AYT27_RS02615,BME_RS06510,1.06e-96,275,68.229,5.41e-97,275,68.229
AYT27_RS02620,BME_RS06485,1.14e-35,120,38.776,4.91e-45,144,38.776
AYT27_RS02625,BME_RS06480,1.75e-64,189,66.412,8.95e-65,189,66.412
AYT27_RS02630,BME_RS06475,2.98e-122,346,67.213,4.86e-118,335,67.213
AYT27_RS02635,BME_RS06470,6.38e-105,300,63.927,2.98e-102,292,63.927
AYT27_RS02640,BME_RS06465,2.63e-159,443,70.37,1.39e-159,443,70.37
AYT27_RS02645,BME_RS06460,6.51e-102,293,58.723,3.2e-102,293,58.723
AYT27_RS02650,BME_RS07940,3.05e-95,279,49.286,1.6e-95,279,49.286
AYT27_RS02655,BME_RS07935,9.01e-114,325,57.736,4.58e-114,325,57.736
AYT27_RS02660,BME_RS06450,9.1e-92,264,62.255,4.63e-92,264,62.255
AYT27_RS02665,BME_RS06445,5.36e-81,243,41.197,1.84e-68,210,41.197
AYT27_RS02670,BME_RS06440,0,700,75.283,0,700,75.283
AYT27_RS02675,BME_RS06425,2.84e-29,99.8,44.762,3.25e-30,101,44.037
AYT27_RS02685,BME_RS06400,0,668,64,0,668,64
AYT27_RS02695,BME_RS07450,0,949,72.816,0,949,72.816
AYT27_RS02700,BME_RS07445,2.18e-113,322,63.636,1.2e-113,322,63.636
AYT27_RS02705,BME_RS07440,3.79e-118,337,60,3.38e-109,313,60
AYT27_RS02710,BME_RS07435,1.54e-123,348,64.634,7.73e-124,348,64.634
AYT27_RS02715,BME_RS07430,0,783,78.512,0,805,78.512
AYT27_RS02720,BME_RS07425,3.58e-61,186,52.717,1.05e-59,181,52.717
AYT27_RS02725,BME_RS07420,0,714,78.261,0,711,78.261
AYT27_RS02730,BME_RS07415,0,707,69,0,707,69
AYT27_RS02740,BME_RS07405,7.06e-97,276,72.34,3.3e-97,276,72.34
AYT27_RS02745,BME_RS07400,1.8e-27,106,31.488,1.81e-32,119,31.353
AYT27_RS02750,BME_RS07395,6.13e-51,151,86.585,3.12e-51,151,86.585
AYT27_RS02755,BME_RS07390,6.84e-55,166,70.476,2.12e-56,169,57.746
AYT27_RS02770,BME_RS07385,6.45e-152,425,69.103,5.21e-158,440,69.551
AYT27_RS02775,BME_RS07380,4.93e-148,410,80,2.51e-148,410,80
AYT27_RS02780,BME_RS07375,1.93e-45,137,91.026,9.83e-46,137,91.026
AYT27_RS02785,BME_RS07370,0,648,81.384,0,628,81.384
AYT27_RS02790,BME_RS07365,5.43e-136,390,58.982,1.17e-140,402,59.337
AYT27_RS02795,BME_RS07355,1.63e-93,270,61.463,8.21e-94,270,61.463
AYT27_RS02800,BME_RS06380,3.11e-148,413,72.464,1.58e-148,413,72.464
AYT27_RS02805,BME_RS06375,4.54e-135,384,59.215,2.35e-135,384,59.215
AYT27_RS02810,BME_RS06370,5.96e-100,293,50.526,3.05e-100,293,50.526
AYT27_RS02815,BME_RS06365,0,844,51.324,0,844,51.324
AYT27_RS02820,BME_RS06360,2.75e-157,443,61.096,1.75e-165,463,61.096
AYT27_RS02825,BME_RS06355,1.5e-145,416,52.957,7.76e-146,416,52.957
AYT27_RS02830,BME_RS06345,1.6e-63,188,56.081,8.18e-64,188,56.081
AYT27_RS02845,BME_RS13020,1.11e-142,410,54.94,9.78e-152,433,54.94
AYT27_RS02865,BME_RS06335,0,802,63.754,0,816,63.754
AYT27_RS02870,BME_RS06325,2.91e-83,237,82.143,1.48e-83,237,82.143
AYT27_RS02875,BME_RS06305,9.89e-108,303,80.729,4.02e-108,304,81.152
AYT27_RS02880,BME_RS06300,0,942,66.667,0,951,66.667
AYT27_RS02885,BME_RS06270,2.89e-119,340,56.794,1.48e-119,340,56.794
AYT27_RS02895,BME_RS05440,5.62e-11,50.8,58.333,1.39e-11,51.2,58.333
AYT27_RS02900,BME_RS05435,3.83e-22,84.3,39.062,4.65e-21,80.9,39.062
AYT27_RS02905,BME_RS05430,6.97e-80,239,48.485,1.85e-86,255,48.485
AYT27_RS02910,BME_RS05425,0,638,72.104,0,638,72.104
AYT27_RS02915,BME_RS05415,7.17e-71,212,48.804,3.7e-71,212,48.804
AYT27_RS02920,BME_RS05405,7.78e-77,241,44.656,8.47e-77,240,44.656
AYT27_RS02925,BME_RS05395,1.83e-53,161,66.667,7.12e-54,161,66.667
AYT27_RS02930,BME_RS05385,2.94e-59,176,65.891,1.51e-59,176,65.891
AYT27_RS02935,BME_RS05380,3.4e-84,251,46.667,1.68e-84,251,46.667
AYT27_RS02940,BME_RS04220,1.72e-123,376,34.127,1.45e-130,393,34.127
AYT27_RS02945,BME_RS04225,7.74e-124,349,66.535,3.94e-124,349,66.535
AYT27_RS02950,BME_RS04230,5.28e-24,88.2,51.282,3.76e-25,90.1,44.444
AYT27_RS02955,BME_RS04240,0,924,82.841,0,924,82.841
AYT27_RS02960,BME_RS04245,1.59e-142,398,73.091,8.63e-155,429,73.091
AYT27_RS02965,BME_RS04250,0,659,76.555,0,674,76.555
AYT27_RS02975,BME_RS04260,3.32e-42,131,56.863,1.84e-38,121,56.863
AYT27_RS02980,BME_RS04265,0,532,75.434,0,533,75.434
AYT27_RS02985,BME_RS04270,0,709,75.054,0,720,75.054
AYT27_RS02990,BME_RS04275,0,577,65.402,0,596,66.295
AYT27_RS02995,BME_RS04280,0,810,79.877,0,810,79.877
AYT27_RS03000,BME_RS04290,0,529,79.56,0,529,79.56
AYT27_RS03005,BME_RS04295,7.13e-76,219,66.443,3.6e-76,219,66.443
AYT27_RS03010,BME_RS04305,1.58e-59,179,57.692,8.19e-60,179,57.692
AYT27_RS03015,BME_RS04310,3.8e-175,493,61.168,2.19e-175,493,61.168
AYT27_RS03020,BME_RS13665,1.11e-67,199,66.667,5.58e-68,199,66.667
AYT27_RS03025,BME_RS04330,0,839,56.95,0,847,56.159
AYT27_RS03030,BME_RS04335,0,707,75.33,0,707,75.33
AYT27_RS03035,BME_RS04340,0,627,65.721,0,627,65.721
AYT27_RS03040,BME_RS04345,4.63e-59,186,47.273,2.43e-59,186,47.273
AYT27_RS03045,BME_RS04360,6.99e-137,379,84.211,3.54e-137,379,84.211
AYT27_RS03050,BME_RS04365,0,779,87.736,0,779,87.736
AYT27_RS03055,BME_RS04370,0,1299,79.151,0,1314,79.151
AYT27_RS03060,BME_RS04375,2.51e-42,130,71.111,1.28e-42,130,71.111
AYT27_RS03065,BME_RS05375,0,707,73.684,0,707,73.684
AYT27_RS03070,BME_RS05355,2.34e-15,57.8,100,1.19e-15,57.8,100
AYT27_RS03075,BME_RS05350,0,592,67.946,0,633,66.737
AYT27_RS03080,BME_RS05345,0,887,83.367,0,887,83.367
AYT27_RS03085,BME_RS05335,3.91e-60,178,60.448,2.05e-60,178,60.448
AYT27_RS03090,BME_RS05330,1.61e-58,175,60.156,9.05e-59,175,60.156
AYT27_RS03100,BME_RS03675,3.7e-60,187,45.045,1.85e-60,187,45.045
AYT27_RS03105,BME_RS03685,2.49e-107,309,56.786,1.32e-107,309,56.786
AYT27_RS03115,BME_RS03695,9.4e-10,43.1,95.833,4.78e-10,43.1,95.833
AYT27_RS03125,BME_RS03705,9.68e-11,45.8,92,4.92e-11,45.8,92
AYT27_RS03130,BME_RS03710,1.13e-18,68.9,67.241,5.5e-25,84,67.241
AYT27_RS03135,BME_RS03715,1.01e-93,266,74.432,5.09e-94,266,74.432
AYT27_RS03140,BME_RS03720,4.4e-90,254,84.507,2.24e-90,254,84.507
AYT27_RS03145,BME_RS03725,3.2e-124,348,77.826,7.85e-132,367,77.826
AYT27_RS03150,BME_RS03730,7.19e-97,274,75,3.66e-97,274,75
AYT27_RS03155,BME_RS03735,7.5e-58,172,88.71,6.28e-56,166,87.903
AYT27_RS03160,BME_RS03740,0,2501,87.083,0,2501,87.083
AYT27_RS03165,BME_RS03745,0,2571,87.759,0,2571,87.759
AYT27_RS03170,BME_RS04035,1.85e-42,133,52.419,9.4e-43,133,52.419
AYT27_RS03180,BME_RS04050,0,615,68.094,0,663,68.094
AYT27_RS03190,BME_RS04065,1.96e-143,415,50,1.13e-147,425,50
AYT27_RS03195,BME_RS04070,1.65e-42,132,58.095,7.88e-43,132,58.095
AYT27_RS03200,BME_RS04075,0,1135,71.974,0,1113,71.974
AYT27_RS03205,BME_RS04080,1.08e-69,203,68.571,5.52e-70,203,68.571
AYT27_RS03210,BME_RS04095,3.65e-63,187,60.784,1.87e-63,187,60.784
AYT27_RS03215,BME_RS04100,2.96e-80,240,43.775,2.01e-84,250,42.481
AYT27_RS03220,BME_RS04110,7.02e-169,463,84.98,3.56e-169,463,84.98
AYT27_RS03225,BME_RS04115,3.12e-160,446,75.896,1.09e-160,446,75.896
AYT27_RS03230,BME_RS04120,1.54e-127,357,78.243,2.05e-136,379,78.243
AYT27_RS03235,BME_RS04125,5.14e-107,301,79.57,2.61e-107,301,79.57
AYT27_RS03240,BME_RS04135,5.75e-65,201,49.077,3.95e-76,228,49.077
AYT27_RS03245,BME_RS04140,9.14e-91,275,42.938,8.37e-105,310,43.132
AYT27_RS03250,BME_RS04145,0,969,59.148,0,969,59.148
AYT27_RS03255,BME_RS04150,2.98e-158,444,60.116,1.53e-158,444,60.116
AYT27_RS03260,BME_RS04155,3.04e-71,208,61.333,1.57e-71,208,61.333
AYT27_RS03265,BME_RS04160,9.75e-129,363,64.151,5.03e-129,363,64.151
AYT27_RS03270,BME_RS04165,1.56e-101,296,52.174,1.86e-98,287,52.174
AYT27_RS03275,BME_RS04170,3.41e-155,440,56.01,1.71e-155,440,56.01
AYT27_RS03280,BME_RS06075,9.71e-111,317,60.996,5.17e-111,317,60.996
AYT27_RS03285,BME_RS13130,8.58e-31,110,33.617,4.93e-35,120,33.617
AYT27_RS03295,BME_RS05535,1.81e-64,198,41.991,1.28e-65,201,39.608
AYT27_RS03300,BME_RS04175,0,751,80.42,0,751,80.42
AYT27_RS03305,BME_RS04180,0,751,75.906,0,751,75.906
AYT27_RS03310,BME_RS04190,5.79e-98,311,39.053,4.96e-110,342,39.053
AYT27_RS03315,BME_RS04855,4e-86,252,59.545,2.02e-86,252,59.545
AYT27_RS03320,BME_RS04850,2.56e-46,147,48.052,1.16e-46,147,48.052
AYT27_RS03325,BME_RS04845,0,593,61.739,0,607,61.739
AYT27_RS03330,BME_RS04840,0,758,79.778,0,783,79.778
AYT27_RS03335,BME_RS04830,0,737,64.051,0,745,64.051
AYT27_RS03340,BME_RS04825,0,547,59.382,0,552,59.382
AYT27_RS03345,BME_RS05175,0,665,69.665,0,671,69.456
AYT27_RS03350,BME_RS05180,1.08e-116,331,65.2,9.93e-125,351,65.726
AYT27_RS03355,BME_RS05065,3.75e-12,49.3,95.833,1.91e-12,49.3,95.833
AYT27_RS03360,BME_RS15775,1.4e-120,360,66.904,7.26e-127,375,66.904
AYT27_RS03545,BME_RS05050,1.24e-15,73.6,25,9.97e-13,63.9,25
AYT27_RS03760,BME_RS10430,3.09e-11,47,100,1.57e-11,47,100
AYT27_RS03765,BME_RS10425,1.19e-75,216,89.167,6.05e-76,216,89.167
AYT27_RS03770,BME_RS10410,3.84e-40,139,27.184,1.6e-33,121,27.184
AYT27_RS03775,BME_RS10400,1.98e-63,189,60.959,9.51e-64,189,60.959
AYT27_RS03790,BME_RS09330,4.91e-26,97.1,28.272,2.85e-26,97.1,28.272
AYT27_RS03815,BME_RS05920,1.11e-12,50.8,100,5.64e-13,50.8,100
AYT27_RS03820,BME_RS05170,5.75e-56,167,66.116,2.95e-56,167,66.116
AYT27_RS03825,BME_RS04575,3.73e-92,270,48.889,1.9e-92,270,48.889
AYT27_RS03830,BME_RS05590,6.29e-149,417,64.495,1.56e-138,390,64.495
AYT27_RS03835,BME_RS05585,0,573,79.825,0,563,79.825
AYT27_RS03840,BME_RS05580,0,632,74.94,0,632,74.94
AYT27_RS03845,BME_RS05575,1.54e-153,436,61.795,1.87e-157,445,61.795
AYT27_RS03850,BME_RS05570,5.81e-56,164,89.13,2.92e-56,164,89.13
AYT27_RS03855,BME_RS04815,0,1179,77.516,0,1191,77.516
AYT27_RS03860,BME_RS04785,0,603,28.207,0,645,28.789
AYT27_RS03865,BME_RS04350,2.36e-50,149,88.462,1.19e-50,149,88.462
AYT27_RS03870,BME_RS04355,3.91e-168,478,57.692,9.12e-172,486,57.788
AYT27_RS03880,BME_RS05890,3.64e-130,374,54.783,1.52e-136,389,54.783
AYT27_RS03885,BME_RS05885,1.49e-137,389,56.774,7.57e-138,389,56.774
AYT27_RS03890,BME_RS05995,4.78e-104,313,79.235,9.49e-105,314,79.235
AYT27_RS03895,BME_RS05990,3.82e-81,233,74.324,1.92e-81,233,74.324
AYT27_RS03900,BME_RS05985,4.36e-111,326,46.575,2.21e-111,326,46.575
AYT27_RS03905,BME_RS05980,3.27e-89,258,60.976,1.63e-89,258,60.976
AYT27_RS03910,BME_RS05975,9.46e-69,202,66.434,4.75e-69,202,66.434
AYT27_RS03915,BME_RS05970,3.86e-75,219,68.831,2.13e-75,219,68.831
AYT27_RS03920,BME_RS05960,2.35e-59,179,54.902,1.26e-59,179,54.902
AYT27_RS03925,BME_RS05950,1.09e-56,173,48.851,5.58e-57,173,48.851
AYT27_RS03930,BME_RS05945,5e-169,471,68.675,1.7e-171,477,66.957
AYT27_RS03935,BME_RS05940,3.99e-171,474,71.914,6.06e-175,483,71.914
AYT27_RS03940,BME_RS05935,6.46e-55,163,75.49,3.26e-55,163,75.49
AYT27_RS03945,BME_RS05930,3.25e-68,202,55.495,5.77e-70,206,56.044
AYT27_RS03950,BME_RS04555,0,1106,78.875,0,1122,78.875
AYT27_RS03955,BME_RS04540,2.76e-53,160,70.476,1.27e-50,152,70.476
AYT27_RS03960,BME_RS04535,9.19e-60,178,54.225,3.86e-57,171,54.225
AYT27_RS03965,BME_RS04530,4.87e-95,273,63.636,2.56e-95,273,63.636
AYT27_RS03970,BME_RS04510,6.07e-13,51.6,96.429,3.09e-13,51.6,96.429
AYT27_RS03975,BME_RS07945,2.24e-49,169,29.146,1.2e-49,169,29.146
AYT27_RS04010,BME_RS13415,1.65e-65,191,75.833,8.53e-66,191,75.833
AYT27_RS04015,BME_RS05875,4.45e-96,271,83.333,2.22e-96,271,83.333
AYT27_RS04020,BME_RS05870,8.95e-97,273,85.43,4.55e-97,273,85.43
AYT27_RS04025,BME_RS03620,0,648,57.77,0,672,57.77
AYT27_RS04030,BME_RS13510,0,1063,76.168,0,1044,71.857
AYT27_RS04035,BME_RS13520,1.71e-111,317,62.445,8.86e-112,317,62.445
AYT27_RS04040,BME_RS01125,5.03e-66,203,49.289,3.29e-68,208,47.186
AYT27_RS04045,BME_RS01120,9.29e-106,300,70.918,4.57e-106,300,70.918
AYT27_RS04110,BME_RS05185,2.64e-12,49.7,100,1.34e-12,49.7,100
AYT27_RS04115,BME_RS05320,0,795,83.186,0,790,84.65
AYT27_RS04120,BME_RS05315,1.9e-55,168,57.143,4.69e-59,177,57.143
AYT27_RS04125,BME_RS05305,2.6e-68,210,47.783,2.79e-69,211,46.919
AYT27_RS04135,BME_RS08680,0,518,54.812,0,520,55.11
AYT27_RS04140,BME_RS05530,8.2e-154,431,61.755,4.35e-154,431,61.755
AYT27_RS04145,BME_RS05510,4.14e-136,387,64.417,6.71e-156,436,64.417
AYT27_RS04150,BME_RS05505,1.74e-94,267,81.818,8.65e-95,267,81.818
AYT27_RS04155,BME_RS05500,1.03e-76,226,51.707,1.72e-85,248,51.707
AYT27_RS04160,BME_RS05495,1.01e-34,117,41.86,4.37e-35,117,36.306
AYT27_RS04165,BME_RS13425,9.71e-31,98.2,87.273,4.94e-31,98.2,87.273
AYT27_RS04180,BME_RS13445,0,836,52.575,0,836,52.575
AYT27_RS04185,BME_RS13450,0,1280,72.889,0,1284,71.478
AYT27_RS04195,BME_RS13460,2.76e-140,402,52.658,1.22e-134,387,52.658
AYT27_RS04200,BME_RS13465,1.85e-63,192,56.383,3.85e-70,208,59.788
AYT27_RS04205,BME_RS13470,0,585,65.012,0,586,65.012
AYT27_RS04210,BME_RS13475,3.27e-174,482,75.399,0,500,75.399
AYT27_RS04215,BME_RS13480,2.89e-119,359,38.534,1.43e-116,351,38.534
AYT27_RS04220,BME_RS13485,1.24e-74,217,64.744,6.43e-75,217,64.744
AYT27_RS04225,BME_RS13495,6.13e-38,119,71.579,1.8e-45,137,71.579
AYT27_RS04230,BME_RS13500,0,772,76.673,0,774,76.673
AYT27_RS04240,BME_RS01275,8.3e-81,239,49.362,4.43e-81,239,49.362
AYT27_RS04245,BME_RS01270,1.11e-76,236,46.212,9.54e-77,236,46.212
AYT27_RS04250,BME_RS01265,6.4e-42,149,36.28,2.6e-37,135,35.385
AYT27_RS04255,BME_RS01260,5.24e-60,192,36.056,9.91e-50,164,36.056
AYT27_RS04260,BME_RS01285,1e-33,125,26.632,5.02e-34,125,26.632
AYT27_RS04265,BME_RS03635,4.42e-90,259,67.027,2.27e-90,259,67.027
AYT27_RS04270,BME_RS03640,7.7e-44,140,46.296,3.46e-44,140,46.296
AYT27_RS04275,BME_RS03645,2.1e-126,356,66.667,1.06e-126,356,66.667
AYT27_RS04285,BME_RS03655,1.06e-30,99.4,66.176,5.24e-31,99.4,66.176
AYT27_RS04290,BME_RS03565,2.79e-99,287,54.545,1.34e-99,287,54.545
AYT27_RS04295,BME_RS03570,3.09e-157,436,73.978,1.57e-157,436,73.978
AYT27_RS04300,BME_RS03575,2.34e-97,281,55.319,1.2e-97,281,55.319
AYT27_RS04305,BME_RS03960,5.46e-135,379,67.407,2.76e-135,379,67.407
AYT27_RS04310,BME_RS03965,3.88e-114,326,55.985,2.03e-114,326,55.985
AYT27_RS04315,BME_RS05680,6.03e-138,381,86.341,3.07e-138,381,86.341
AYT27_RS04320,BME_RS05675,7.36e-161,446,80.597,3.4e-161,446,80.297
AYT27_RS04325,BME_RS13645,0,748,80.092,0,748,80.092
AYT27_RS04330,BME_RS04195,6.58e-111,315,63.333,3.43e-111,315,63.333
AYT27_RS04335,BME_RS13535,1.99e-11,47.4,96,1.01e-11,47.4,96
AYT27_RS04340,BME_RS04940,4.14e-64,204,48.624,2.06e-65,207,42.491
AYT27_RS04345,BME_RS04935,3.18e-127,369,49.444,1.25e-127,369,49.444
AYT27_RS04350,BME_RS04930,1.06e-77,229,50.704,5.37e-78,229,50.704
AYT27_RS04355,BME_RS04925,9.36e-95,283,43.235,1.17e-101,300,43.529
AYT27_RS04360,BME_RS04920,0,713,63.708,0,713,63.708
AYT27_RS04365,BME_RS04915,4.03e-130,365,65.234,2.1e-130,365,65.234
AYT27_RS04370,BME_RS04910,2.1e-117,334,59.924,1.08e-117,334,59.924
AYT27_RS04375,BME_RS06010,1.77e-24,88.2,41.88,6.25e-28,96.7,41.88
AYT27_RS04380,BME_RS06015,1.07e-133,382,53.235,5.46e-134,382,53.235
AYT27_RS04385,BME_RS13610,3.8e-139,389,72.075,4.27e-137,384,76.132
AYT27_RS04390,BME_RS13605,4.61e-155,442,53.708,2.26e-155,442,53.708
AYT27_RS04405,BME_RS13035,1.27e-51,160,50.581,6.39e-52,160,50.581
AYT27_RS04420,BME_RS05195,1.55e-70,205,75,8.24e-71,205,75
AYT27_RS04425,BME_RS05200,0,612,68.37,0,612,68.37
AYT27_RS04430,BME_RS05205,5.33e-135,391,45.833,2.73e-135,391,45.833
AYT27_RS04435,BME_RS05210,2.6e-149,413,79.283,1.32e-149,413,79.283
AYT27_RS04440,BME_RS05215,0,934,86.588,0,934,86.588
AYT27_RS04445,BME_RS05220,4.53e-133,383,51.969,2.35e-133,383,51.969
AYT27_RS04450,BME_RS05225,4.67e-145,400,82.96,2.35e-145,400,82.96
AYT27_RS04455,BME_RS05240,0,630,72.222,0,642,72.222
AYT27_RS04460,BME_RS05250,2.82e-65,193,61.745,1.4e-65,193,61.745
AYT27_RS04465,BME_RS05270,0,572,79.651,0,552,79.651
AYT27_RS04470,BME_RS05275,0,1088,63.98,0,1088,63.98
AYT27_RS04475,BME_RS05280,1.29e-125,366,48.387,6.76e-126,366,48.387
AYT27_RS04485,BME_RS05290,0,711,76.351,0,901,67.257
AYT27_RS04490,BME_RS13595,1.04e-62,190,49.727,2.97e-67,201,48.756
AYT27_RS04495,BME_RS13590,0,731,56.291,0,731,56.291
AYT27_RS04500,BME_RS13575,0,1580,65.24,0,1615,65.24
AYT27_RS04505,BME_RS13570,3.66e-30,100,53.846,1.88e-30,100,53.846
AYT27_RS04510,BME_RS05705,5.86e-114,322,68.919,2.99e-114,322,68.919
AYT27_RS04515,BME_RS05710,0,535,60.19,0,535,60.19
AYT27_RS04520,BME_RS05715,0,717,75.227,0,717,75.227
AYT27_RS04525,BME_RS05730,0,790,66.367,0,790,66.367
AYT27_RS04530,BME_RS05735,1.29e-76,230,42.045,6.52e-77,230,42.045
AYT27_RS04535,BME_RS05740,0,593,60.95,0,592,60.95
AYT27_RS04540,BME_RS05745,0,816,80.698,0,817,80.698
AYT27_RS04545,BME_RS05750,0,972,72.686,0,972,72.686
AYT27_RS04550,BME_RS05755,9.07e-52,155,86.275,4.05e-52,155,86.275
AYT27_RS04555,BME_RS05760,5.5e-95,272,73.786,3.29e-84,244,73.786
AYT27_RS04560,BME_RS05765,1.91e-108,303,88.344,9.72e-109,303,88.344
AYT27_RS04565,BME_RS05770,0,541,81.686,0,537,81.686
AYT27_RS04570,BME_RS05775,0,1042,72.478,0,1042,72.478
AYT27_RS04575,BME_RS05780,0,767,82.299,0,767,82.299
AYT27_RS04580,BME_RS05785,5.69e-114,322,70.335,7.92e-114,321,71.921
AYT27_RS04585,BME_RS05790,0,704,83.838,0,704,83.838
AYT27_RS04590,BME_RS05795,2.94e-104,295,69.543,1.49e-104,295,69.543
AYT27_RS04595,BME_RS05800,1.15e-126,351,84.456,5.85e-127,351,84.456
AYT27_RS04600,BME_RS05805,2.34e-69,201,80.165,1.19e-69,201,80.165
AYT27_RS04605,BME_RS14705,3.55e-12,49.3,96,1.81e-12,49.3,96
AYT27_RS04610,BME_RS05820,3.59e-12,49.3,96,1.83e-12,49.3,96
AYT27_RS04635,BME_RS08450,1.95e-18,68.2,46.154,1.08e-18,68.2,46.154
AYT27_RS04640,BME_RS08445,3.09e-86,257,47.887,6.36e-81,243,47.887
AYT27_RS04700,BME_RS13675,2.08e-10,45.4,88,1.22e-10,45.1,88
AYT27_RS04860,BME_RS06195,7.22e-10,43.5,88,3.67e-10,43.5,88
AYT27_RS04865,BME_RS06200,7.59e-45,137,60.396,3.86e-45,137,60.396
AYT27_RS04870,BME_RS06205,1.12e-10,45.8,92,5.68e-11,45.8,92
AYT27_RS04875,BME_RS06235,4.42e-72,216,45.982,2.31e-72,216,45.982
AYT27_RS04880,BME_RS06240,1.79e-132,382,57.821,5.1e-133,382,58.31
AYT27_RS04885,BME_RS06245,0,513,70.571,0,513,70.571
AYT27_RS04890,BME_RS06250,3.93e-80,234,55.051,2.02e-80,234,55.051
AYT27_RS04920,BME_RS04320,6.44e-19,86.3,26.923,1.48e-19,86.3,26.923
AYT27_RS04925,BME_RS04715,3.61e-23,91.3,45.361,6.94e-20,82.4,45.361
AYT27_RS04930,BME_RS04720,3.6e-83,237,82.609,1.83e-83,237,82.609
AYT27_RS04935,BME_RS03515,2.02e-67,200,54.217,1.01e-67,200,54.217
AYT27_RS04940,BME_RS05595,9.96e-104,296,64.151,2.98e-107,304,63.063
AYT27_RS04945,BME_RS05600,0,722,80.37,0,739,80.37
AYT27_RS04950,BME_RS05610,5.74e-88,253,63.187,3.02e-88,253,63.187
AYT27_RS04955,BME_RS05625,1.54e-159,439,81.496,7.82e-160,439,81.496
AYT27_RS04960,BME_RS05630,5.81e-32,103,61.538,2.99e-32,103,61.538
AYT27_RS04965,BME_RS05635,1.05e-125,351,73.973,5.36e-126,351,73.973
AYT27_RS04970,BME_RS05650,0,1095,74.352,0,1107,74.352
AYT27_RS04975,BME_RS05655,1.58e-42,129,76.623,8.02e-43,129,76.623
AYT27_RS04980,BME_RS05660,6.02e-59,173,71.818,3.06e-59,173,71.818
AYT27_RS04985,BME_RS05665,1.17e-130,379,50.363,6.86e-139,399,50.363
AYT27_RS04990,BME_RS06035,0,1139,73.913,0,1158,73.913
AYT27_RS04995,BME_RS06045,0,993,77.815,0,993,77.815
AYT27_RS05000,BME_RS06050,1.03e-167,471,57.18,1.25e-155,439,57.18
AYT27_RS05005,BME_RS06055,0,559,58.3,0,578,58.3
AYT27_RS05010,BME_RS06060,0,1011,69.59,0,1011,69.59
AYT27_RS05015,BME_RS06065,7.99e-36,113,63.158,4.32e-36,113,63.158
AYT27_RS05020,BME_RS06070,3.48e-101,303,42.716,9.51e-113,332,42.716
AYT27_RS05025,BME_RS05700,0,1629,68.935,0,1618,68.935
AYT27_RS05030,BME_RS13565,0,897,62.251,0,883,62.251
AYT27_RS05065,BME_RS13560,0,836,66.063,0,855,66.063
AYT27_RS05070,BME_RS13555,0,603,64.877,0,603,64.877
AYT27_RS05075,BME_RS13550,1.74e-109,313,60.729,8.37e-110,313,60.729
AYT27_RS05080,BME_RS04560,1.42e-90,270,50,7.49e-91,270,50
AYT27_RS05085,BME_RS05475,5.09e-54,160,69.811,2.61e-54,160,69.811
AYT27_RS05090,BME_RS05470,2.09e-180,504,62.594,0,522,62.594
AYT27_RS05095,BME_RS05465,0,858,67.692,0,858,67.692
AYT27_RS05100,BME_RS05460,4.77e-29,121,23.689,3.47e-29,120,23.689
AYT27_RS05115,BME_RS03610,1.6e-175,486,79.692,0,511,79.692
AYT27_RS05120,BME_RS03605,0,639,70.872,0,639,70.872
AYT27_RS05125,BME_RS03585,8.48e-11,45.8,96,4.32e-11,45.8,96
AYT27_RS05130,BME_RS03945,0,749,86.6,0,749,86.6
AYT27_RS05145,BME_RS04435,0,588,74.797,0,588,74.797
AYT27_RS05150,BME_RS04425,5.73e-100,282,78.788,2.88e-100,282,78.788
AYT27_RS05155,BME_RS04420,6.07e-85,246,68.786,9.45e-86,247,66.848
AYT27_RS05160,BME_RS04415,1e-75,220,65.244,4.87e-76,220,65.244
AYT27_RS05165,BME_RS04405,0,1513,81.93,0,1516,81.859
AYT27_RS05170,BME_RS04385,4.06e-74,216,85.593,4.63e-80,231,68.182
AYT27_RS05175,BME_RS04380,0,1547,77.433,0,1555,77.433
AYT27_RS05180,BME_RS04875,1.51e-59,175,75,7.7e-60,175,75
AYT27_RS05185,BME_RS04880,0,827,81.663,0,827,81.663
AYT27_RS05195,BME_RS04885,3.77e-91,267,50,1.92e-91,267,50
AYT27_RS05205,BME_RS04900,0,514,73.231,0,514,73.231
AYT27_RS05210,BME_RS04905,0,804,63.272,0,816,63.272
AYT27_RS05215,BME_RS03935,0,1317,73.364,0,1341,73.19
AYT27_RS05220,BME_RS03930,0,614,87.021,0,614,87.021
AYT27_RS05225,BME_RS03915,0,699,77.176,0,706,76.62
AYT27_RS05230,BME_RS03910,0,545,60.793,0,545,60.793
AYT27_RS05235,BME_RS03905,9.78e-77,221,81.679,5.8e-79,226,80.741
AYT27_RS05240,BME_RS03900,0,584,83.086,0,584,83.086
AYT27_RS05245,BME_RS03895,7.33e-91,256,93.798,3.73e-91,256,93.798
AYT27_RS05250,BME_RS03890,3.85e-70,202,88.496,2.24e-70,202,88.496
AYT27_RS05255,BME_RS03885,2.61e-88,254,63.874,1.34e-88,254,63.874
AYT27_RS05260,BME_RS03880,0,714,78.222,0,714,78.222
AYT27_RS05265,BME_RS03875,3.05e-76,221,71.429,1.57e-76,221,71.429
AYT27_RS05270,BME_RS03870,3.93e-29,95.1,72.059,1.91e-29,95.1,72.059
AYT27_RS05275,BME_RS03865,3.05e-106,299,87.952,1.66e-112,314,84.324
AYT27_RS05280,BME_RS03860,3.1e-49,150,70.833,1e-53,160,70.833
AYT27_RS05285,BME_RS03855,3.57e-103,291,77.401,1.81e-103,291,77.401
AYT27_RS05290,BME_RS03850,2.28e-78,224,81.818,1.16e-78,224,81.818
AYT27_RS05295,BME_RS03845,4.94e-58,170,80.198,2.52e-58,170,80.198
AYT27_RS05300,BME_RS03840,6.99e-115,321,81.081,3.56e-115,321,81.081
AYT27_RS05305,BME_RS03835,3.98e-56,166,79.808,2e-56,166,79.808
AYT27_RS05310,BME_RS03830,2.72e-81,231,94.262,1.38e-81,231,94.262
AYT27_RS05315,BME_RS03825,2.93e-45,136,83.544,1.51e-45,136,83.544
AYT27_RS05320,BME_RS03820,3.22e-29,95.5,71.212,1.64e-29,95.5,71.212
AYT27_RS05325,BME_RS03815,2.59e-93,262,91.971,1.32e-93,262,91.971
AYT27_RS05330,BME_RS03810,1.04e-161,443,89.407,5.3e-162,443,89.407
AYT27_RS05335,BME_RS03805,1.28e-81,232,88.372,6.5e-82,232,88.372
AYT27_RS05340,BME_RS03800,1.83e-60,176,91.304,9.3e-61,176,91.304
AYT27_RS05345,BME_RS03795,8.81e-173,475,86.282,3.64e-173,475,86.282
AYT27_RS05350,BME_RS03790,1.89e-56,166,84.536,9.59e-57,166,84.536
AYT27_RS05355,BME_RS03785,4.36e-89,257,70.76,2.22e-89,257,70.76
AYT27_RS05360,BME_RS03780,1.49e-150,416,88.789,4.8e-152,419,88.106
AYT27_RS05365,BME_RS03775,1.07e-70,202,98.039,5.46e-71,202,98.039
AYT27_RS05370,BME_RS03770,0,704,90.793,0,704,90.793
AYT27_RS05375,BME_RS03765,0,1300,91.21,0,1300,91.21
AYT27_RS05380,BME_RS03760,4.28e-104,291,87.821,2.18e-104,291,87.821
AYT27_RS05385,BME_RS03755,8.51e-85,240,95.935,4.33e-85,240,95.935
AYT27_RS05390,BME_RS05485,2.96e-129,363,65.116,1.5e-129,363,65.116
AYT27_RS05395,BME_RS11890,2.57e-22,92,26.923,1.83e-18,80.1,28.75
AYT27_RS05400,BME_RS06085,1.06e-18,80.9,35.833,1.32e-17,77.4,37.037
AYT27_RS05415,BME_RS05490,1.2e-92,271,53.386,6.15e-93,271,53.386
AYT27_RS05420,BME_RS05140,0,1307,70.088,0,1377,70.088
AYT27_RS05430,BME_RS05150,5.84e-138,400,50.463,6.43e-143,412,50.463
AYT27_RS05435,BME_RS05155,9.26e-85,248,58.14,3.32e-86,251,57.143
AYT27_RS05440,BME_RS13390,1.02e-08,40.8,83.333,5.17e-09,40.8,83.333
AYT27_RS05445,BME_RS13355,3.89e-11,47,96,1.98e-11,47,96
AYT27_RS05475,BME_RS04650,0,517,60.138,0,517,60.138
AYT27_RS05490,BME_RS04655,0,562,65.403,0,586,65.403
AYT27_RS05505,BME_RS03380,9.93e-13,55.5,32.099,5.39e-13,55.5,32.099
AYT27_RS05510,BME_RS03375,1.82e-166,500,37.6,1.9e-165,496,37.926
AYT27_RS05520,BME_RS03365,0,1035,62.605,0,1036,62.605
AYT27_RS05525,BME_RS03360,0,592,57.951,0,588,57.951
AYT27_RS05530,BME_RS03355,1.52e-115,333,53.416,6.24e-112,323,53.416
AYT27_RS05535,BME_RS03320,0,682,63.883,0,682,63.883
AYT27_RS05545,BME_RS03310,2.97e-10,44.7,92,1.51e-10,44.7,92
AYT27_RS05555,BME_RS10380,5.16e-160,458,55.895,0,510,55.895
AYT27_RS05560,BME_RS03110,0,566,81.121,0,586,81.121
AYT27_RS05565,BME_RS03095,1.96e-102,294,64.082,1.52e-111,317,64.082
AYT27_RS05570,BME_RS03085,0,624,78.82,0,624,78.82
AYT27_RS05575,BME_RS03075,0,916,72.362,0,916,72.362
AYT27_RS05580,BME_RS03070,9.85e-86,256,49.825,4.66e-92,271,49.825
AYT27_RS05585,BME_RS03055,0,542,57.143,0,542,57.143
AYT27_RS05590,BME_RS03045,1.79e-82,248,46.233,8.68e-83,248,46.233
AYT27_RS05595,BME_RS03040,1.75e-106,315,48.387,9.79e-112,328,45.932
AYT27_RS05600,BME_RS03035,1.52e-67,200,52.121,7.89e-68,200,52.121
AYT27_RS05605,BME_RS03030,2.48e-165,455,79.545,1.26e-165,455,79.545
AYT27_RS05610,BME_RS02780,0,537,62.269,0,549,62.269
AYT27_RS05625,BME_RS03025,5.33e-26,89.7,47,2.76e-26,89.7,47
AYT27_RS05630,BME_RS16100,2.07e-12,56.2,75.61,1.09e-12,56.2,75.61
AYT27_RS05635,BME_RS03010,2.97e-66,197,56.021,1.58e-66,197,56.021
AYT27_RS05640,BME_RS03000,1.92e-13,55.5,50.909,1.04e-13,55.5,50.909
AYT27_RS05645,BME_RS02995,2.2e-16,63.9,46.774,1.12e-16,63.9,46.774
AYT27_RS05650,BME_RS02965,0,1149,65.965,0,1164,66.082
AYT27_RS05655,BME_RS02955,6.31e-99,283,61.538,3.51e-104,296,61.538
AYT27_RS05660,BME_RS02950,2.21e-53,166,46.667,2.68e-54,167,44.974
AYT27_RS05665,BME_RS02945,1.41e-109,316,55.594,7.08e-110,316,55.594
AYT27_RS05670,BME_RS02940,0,744,57.99,0,752,57.99
AYT27_RS05680,BME_RS02930,0,961,65.042,0,961,65.042
AYT27_RS05685,BME_RS02925,0,679,65.065,0,693,65.28
AYT27_RS05690,BME_RS02920,3.76e-113,325,61.569,1.85e-113,325,61.569
AYT27_RS05695,BME_RS02915,1.04e-101,296,48.763,5.2e-102,296,48.763
AYT27_RS05700,BME_RS02910,9.17e-177,509,62.991,9.17e-180,515,59.316
AYT27_RS05705,BME_RS02905,0,554,65.349,0,577,65.501
AYT27_RS05710,BME_RS02900,2.68e-75,230,39.493,1.4e-75,230,39.493
AYT27_RS05715,BME_RS02895,2e-146,410,67.961,7.56e-153,426,67.961
AYT27_RS05720,BME_RS02890,1.43e-149,420,66.134,3.57e-150,421,66.134
AYT27_RS05725,BME_RS02885,0,677,73.876,0,679,73.876
AYT27_RS05730,BME_RS02880,1.21e-138,397,57.258,2.24e-147,418,57.258
AYT27_RS05735,BME_RS02875,1.23e-170,478,64.69,6.27e-171,478,64.69
AYT27_RS05740,BME_RS02870,4.6e-173,491,54.095,1.72e-171,486,54.095
AYT27_RS05745,BME_RS02865,0,551,75,0,530,75
AYT27_RS05750,BME_RS02860,3.21e-167,477,52.452,3.89e-171,486,52.452
AYT27_RS05755,BME_RS02855,0,580,61.075,0,593,60.168
AYT27_RS05760,BME_RS02850,0,758,68.14,0,753,68.727
AYT27_RS05765,BME_RS02845,1.16e-27,96.3,37.681,6.02e-28,96.3,37.681
AYT27_RS05770,BME_RS02840,1.56e-142,404,64.174,7.92e-143,404,64.174
AYT27_RS05775,BME_RS15765,4.72e-10,50.8,56.818,2.22e-10,50.8,56.818
AYT27_RS05780,BME_RS02830,7.98e-52,161,61.983,5.13e-52,161,61.983
AYT27_RS05795,BME_RS02790,1.68e-82,249,40.683,6.45e-76,232,40.683
AYT27_RS05800,BME_RS02770,0,969,85.792,0,969,85.792
AYT27_RS05810,BME_RS02730,8.13e-91,261,59.799,4.28e-91,261,59.799
AYT27_RS05815,BME_RS02725,6.99e-143,405,57.759,3.57e-143,405,57.759
AYT27_RS05850,BME_RS02680,9.54e-12,48.5,96,4.85e-12,48.5,96
AYT27_RS05855,BME_RS02675,2.09e-46,152,39.474,1.09e-46,152,39.474
AYT27_RS05860,BME_RS02665,2.48e-58,175,59.375,1.48e-62,185,55.634
AYT27_RS05865,BME_RS02655,0,1025,78.487,0,1037,78.487
AYT27_RS05870,BME_RS02650,0,600,47.766,0,603,47.92
AYT27_RS05875,BME_RS04695,1.8e-160,454,55.473,7.68e-159,449,55.473
AYT27_RS05880,BME_RS02645,0,721,60.682,0,694,60.682
AYT27_RS05885,BME_RS05060,3.23e-25,86.7,70.175,1.26e-34,109,67.901
AYT27_RS05895,BME_RS02635,0,602,70.175,0,602,70.175
AYT27_RS05905,BME_RS02615,0,1944,80.603,0,1967,80.603
AYT27_RS05910,BME_RS02600,5.9e-35,110,74.242,3e-35,110,74.242
AYT27_RS05915,BME_RS02590,0,653,77.694,0,653,77.694
AYT27_RS05920,BME_RS02575,1.27e-167,464,68.439,6.47e-168,464,68.439
AYT27_RS05925,BME_RS02570,1.46e-175,486,73.734,0,500,73.734
AYT27_RS05930,BME_RS02565,0,562,59.823,0,551,59.783
AYT27_RS05935,BME_RS02555,0,505,69.341,0,505,69.341
AYT27_RS05940,BME_RS02550,3.25e-92,261,79.618,1.65e-92,261,79.618
AYT27_RS05945,BME_RS02520,1.54e-14,62.8,36.364,1.42e-14,62.8,36.364
AYT27_RS05950,BME_RS02515,0,1251,75.945,0,1251,75.945
AYT27_RS05955,BME_RS02500,2.99e-25,94.4,40.268,8.09e-34,115,33.761
AYT27_RS05960,BME_RS02495,9.21e-92,265,58.962,4.73e-92,265,58.962
AYT27_RS05965,BME_RS02475,1.67e-119,337,70.306,8.52e-120,337,70.306
AYT27_RS05970,BME_RS02470,0,641,74.661,0,642,74.049
AYT27_RS05975,BME_RS02455,3.79e-64,191,56.688,1.93e-64,191,56.688
AYT27_RS05985,BME_RS02450,8.25e-24,83.6,52.564,2.68e-24,84.3,52.564
AYT27_RS05990,BME_RS02445,3.28e-90,266,51.852,2.77e-90,266,50.538
AYT27_RS05995,BME_RS02440,1.06e-119,347,47.075,5.47e-120,347,47.075
AYT27_RS06000,BME_RS02435,2.56e-89,262,52.227,5e-92,268,52.174
AYT27_RS06005,BME_RS02415,0,529,83.495,0,529,83.495
AYT27_RS06010,BME_RS02410,0,686,71.069,0,696,69.838
AYT27_RS06015,BME_RS02405,5.55e-110,310,75.789,2.69e-110,310,75.789
AYT27_RS06020,BME_RS02400,1.26e-77,229,60.714,1.05e-78,231,60.714
AYT27_RS06030,BME_RS06895,2.1e-65,200,53.672,6.67e-67,203,45.532
AYT27_RS06035,BME_RS02395,0,602,80.109,0,612,80.109
AYT27_RS06040,BME_RS15950,8.24e-11,55.1,28.767,7.83e-11,55.1,28.767
AYT27_RS06045,BME_RS02375,8.6e-22,81.6,61.667,2.02e-21,81.6,61.667
AYT27_RS06060,BME_RS02350,2.43e-67,198,65.101,1.24e-67,198,65.101
AYT27_RS06065,BME_RS02315,1.28e-174,491,56.618,6.62e-175,491,56.618
AYT27_RS06070,BME_RS02300,3.39e-172,478,68.249,1.68e-172,478,68.249
AYT27_RS06075,BME_RS02295,1.42e-104,304,51.186,1.29e-100,293,51.186
AYT27_RS06080,BME_RS02290,0,767,41.728,0,717,41.789
AYT27_RS06085,BME_RS02285,0,661,49.855,0,658,49.855
AYT27_RS06095,BME_RS02260,5.14e-101,295,49.141,2.62e-101,295,49.141
AYT27_RS06100,BME_RS02250,1.78e-133,377,63.123,2.16e-132,374,63.123
AYT27_RS06105,BME_RS02160,1.38e-70,215,45.255,7.08e-71,215,45.255
AYT27_RS06110,BME_RS02155,0,618,72.796,0,618,72.796
AYT27_RS06115,BME_RS02145,5.68e-57,167,86.813,2.89e-57,167,86.813
AYT27_RS06120,BME_RS02115,7.02e-43,134,54.545,1.35e-36,117,54.545
AYT27_RS06125,BME_RS02120,2.81e-150,414,86.695,1.42e-150,414,86.695
AYT27_RS06130,BME_RS02125,1.13e-75,224,50.481,2.14e-70,209,50.481
AYT27_RS06135,BME_RS02130,6.65e-83,241,66.258,2.11e-85,246,60.106
AYT27_RS06140,BME_RS02135,5.11e-11,57.8,35.443,3.96e-15,68.9,34.737
AYT27_RS06145,BME_RS02110,0,513,66.216,0,513,66.216
AYT27_RS06150,BME_RS02105,1.24e-153,430,62.658,6.31e-154,430,62.658
AYT27_RS06155,BME_RS02100,1.3e-10,45.4,96,6.62e-11,45.4,96
AYT27_RS06175,BME_RS11280,5.11e-73,224,48.276,3.08e-73,224,48.276
AYT27_RS06180,BME_RS02185,1.7e-73,225,44.853,9.93e-74,225,44.853
AYT27_RS06185,BME_RS11270,3.36e-81,248,40.774,1.61e-81,248,40.774
AYT27_RS06190,BME_RS11255,2.13e-32,127,26.824,1.07e-32,127,26.824
AYT27_RS06205,BME_RS15335,3.22e-90,261,63.542,1.72e-90,261,63.542
AYT27_RS06210,BME_RS12765,0,542,56.851,0,552,56.735
AYT27_RS06220,BME_RS08035,7.31e-20,73.2,42.045,2.41e-11,50.8,42.045
AYT27_RS06225,BME_RS12460,1.16e-65,202,40.146,8.38e-63,194,40.146
AYT27_RS06230,BME_RS12465,2.89e-140,395,71.429,2.04e-144,405,71.192
AYT27_RS06240,BME_RS00450,1.4e-119,338,64.919,7.13e-120,338,64.919
AYT27_RS06245,BME_RS00455,4.29e-132,374,61.935,3.03e-139,392,61.935
AYT27_RS06250,BME_RS06645,0,786,68.108,0,807,68.108
AYT27_RS06265,BME_RS08740,2.9e-36,114,69.136,1.48e-36,114,69.136
AYT27_RS06270,BME_RS08780,1.46e-44,138,55.738,7.44e-45,138,55.738
AYT27_RS06275,BME_RS08785,2.51e-107,311,56.552,2.39e-107,310,56.552
AYT27_RS06280,BME_RS09355,2.27e-142,406,54.178,2.75e-144,410,54.57
AYT27_RS06285,BME_RS11545,2.59e-22,76.3,88.636,7.62e-16,59.3,88.636
AYT27_RS06290,BME_RS11540,1.73e-39,126,58.621,9.55e-40,126,58.621
AYT27_RS06295,BME_RS11535,0,735,59.42,0,725,59.42
AYT27_RS06300,BME_RS11530,3.14e-106,303,73.5,6.35e-107,305,73.5
AYT27_RS06305,BME_RS11445,1.96e-108,308,62.174,7.09e-112,316,62.174
AYT27_RS06310,BME_RS11410,5.26e-107,308,59.551,2.8e-107,308,59.551
AYT27_RS06315,BME_RS11405,5.34e-115,323,72.195,2.72e-115,323,72.195
AYT27_RS06335,BME_RS06570,4.33e-11,47,80,2.2e-11,47,80
AYT27_RS06340,BME_RS06575,1.02e-80,249,39.34,3.71e-92,278,40.662
AYT27_RS06350,BME_RS02825,7.03e-30,111,29.452,3.01e-30,111,29.452
AYT27_RS06355,BME_RS04670,2.17e-16,76.3,28.205,3.46e-17,76.3,28.205
AYT27_RS06425,BME_RS11025,2.19e-46,144,53.968,1.24e-46,144,53.968
AYT27_RS06430,BME_RS15635,1.69e-136,391,58.434,8.28e-125,361,58.434
AYT27_RS06435,BME_RS15640,0,663,62.008,0,643,62.008
AYT27_RS06440,BME_RS02280,4.63e-20,79.7,36.196,2.04e-20,79.7,36.196
AYT27_RS06445,BME_RS15710,0,647,81.432,0,647,81.432
AYT27_RS06460,BME_RS10230,1.28e-140,395,63.758,6.3e-141,395,63.758
AYT27_RS06465,BME_RS10240,3.11e-82,241,55.224,2.46e-85,248,54.717
AYT27_RS06475,BME_RS07930,4.24e-84,249,48.387,2.01e-84,249,48.387
AYT27_RS06505,BME_RS12020,2.84e-123,358,47.312,1.55e-123,358,47.312
AYT27_RS06510,BME_RS12935,0,1285,69.447,0,1313,69.447
AYT27_RS06515,BME_RS12930,1.01e-53,161,63.115,5.14e-54,161,63.115
AYT27_RS06520,BME_RS12925,1.81e-177,494,65.205,9.1e-178,494,65.205
AYT27_RS06525,BME_RS12165,2.19e-58,181,46.188,9.19e-66,199,46.188
AYT27_RS06530,BME_RS12170,5.88e-17,64.3,57.692,2.82e-17,64.3,57.692
AYT27_RS06550,BME_RS12190,0,595,81.953,0,595,81.953
AYT27_RS06565,BME_RS11835,9.78e-102,295,53.333,1.97e-97,283,56.327
AYT27_RS06570,BME_RS11830,2.29e-130,373,54.277,1.19e-130,373,54.277
AYT27_RS06575,BME_RS11825,3.46e-63,192,50.476,1.07e-56,175,50.476
AYT27_RS06585,BME_RS11795,8.09e-71,207,72.549,2.07e-71,208,72.549
AYT27_RS06590,BME_RS11785,0,592,65.367,0,592,65.367
AYT27_RS06610,BME_RS11715,4.68e-100,288,55.696,2.48e-100,288,55.696
AYT27_RS06615,BME_RS11710,0,516,68.436,0,522,68.994
AYT27_RS06620,BME_RS11705,4.61e-134,380,54.037,2.35e-134,380,54.037
AYT27_RS06645,BME_RS13165,3.1e-72,222,47.561,1.49e-77,235,46.183
AYT27_RS06655,BME_RS13155,2.07e-28,108,45.37,2.87e-26,102,38.776
AYT27_RS06715,BME_RS11010,1.31e-16,68.9,37.168,7.46e-17,68.9,37.168
AYT27_RS06735,BME_RS13070,2.42e-26,91.3,40.187,1.29e-26,91.3,40.187
AYT27_RS06740,BME_RS15270,3.25e-128,366,53.659,1.34e-119,344,53.659
AYT27_RS06745,BME_RS15275,5.1e-113,324,55.072,2.6e-113,324,55.072
AYT27_RS06810,BME_RS10365,1.27e-75,234,39.883,1.73e-79,243,40.176
AYT27_RS06880,BME_RS08945,0,629,61.996,0,640,61.996
AYT27_RS06885,BME_RS08950,0,534,70.423,0,534,70.423
AYT27_RS06890,BME_RS08955,1.41e-44,142,44.72,3.59e-52,160,44.72
AYT27_RS06895,BME_RS08960,5.46e-99,281,71.053,2.7e-102,289,71.053
AYT27_RS06900,BME_RS02735,4.57e-14,58.9,43.284,1.55e-14,58.9,43.284
AYT27_RS06905,BME_RS15285,0,905,88.826,0,930,88.826
AYT27_RS06910,BME_RS15280,9.71e-57,167,83.673,4.94e-57,167,83.673
AYT27_RS06915,BME_RS15295,0,671,70.842,0,654,70.842
AYT27_RS06925,BME_RS09350,0,654,58.379,0,670,58.379
AYT27_RS06930,BME_RS07285,3.49e-31,107,37.671,9.06e-32,108,37.671
AYT27_RS06955,BME_RS15325,0,693,70.505,0,695,70.505
AYT27_RS07020,BME_RS11085,7.25e-12,48.5,100,3.69e-12,48.5,100
AYT27_RS07025,BME_RS11080,2.35e-13,53.1,78.378,1.19e-13,53.1,78.378
AYT27_RS07030,BME_RS11075,0,1293,89.767,0,1293,89.767
AYT27_RS07035,BME_RS11070,1.02e-12,50.8,100,5.17e-13,50.8,100
AYT27_RS07040,BME_RS11065,1.22e-08,40.4,92,6.23e-09,40.4,92
AYT27_RS07045,BME_RS11060,0,798,90.342,0,838,90.342
AYT27_RS07050,BME_RS00935,0,578,44.19,0,591,44.801
AYT27_RS07055,BME_RS01810,3.57e-90,280,36.786,4.72e-90,278,36.518
AYT27_RS07060,BME_RS01815,1.79e-100,285,75.429,9.4e-101,285,75.429
AYT27_RS07065,BME_RS01820,2.88e-09,45.1,41.304,1.64e-09,45.1,41.304
AYT27_RS07070,BME_RS01825,1.54e-138,387,70.189,7.78e-139,387,70.189
AYT27_RS07075,BME_RS01835,1.23e-108,317,49.55,1.9e-112,326,49.55
AYT27_RS07095,BME_RS01850,2.37e-20,79,35.385,1.28e-20,79,35.385
AYT27_RS07105,BME_RS00920,9.37e-37,127,64.948,1.08e-35,124,66.667
AYT27_RS07225,BME_RS00925,0,1352,75.963,0,1352,75.963
AYT27_RS07240,BME_RS08325,6.82e-17,65.5,48.214,2.75e-17,65.5,48.214
AYT27_RS07245,BME_RS08320,1.07e-73,219,53.883,4.87e-74,219,53.883
AYT27_RS07250,BME_RS08315,7.81e-46,137,88.889,3.97e-46,137,88.889
AYT27_RS07280,BME_RS14555,6.13e-10,53.1,35.789,1.18e-12,60.1,29.518
AYT27_RS07320,BME_RS01440,2.98e-77,224,76.25,4.05e-78,225,76.25
AYT27_RS07325,BME_RS01435,1.11e-118,347,49.716,4.97e-128,370,49.857
AYT27_RS07340,BME_RS15920,1.23e-19,69.3,80.488,6.24e-20,69.3,80.488
AYT27_RS07345,BME_RS01425,2.87e-37,128,39.362,1.11e-37,128,39.362
AYT27_RS07375,BME_RS01525,1.24e-48,154,40.206,6.21e-49,154,40.206
AYT27_RS07380,BME_RS01530,1.33e-135,380,64.469,6.79e-136,380,64.469
AYT27_RS07395,BME_RS08290,0,589,68.372,0,602,68.372
AYT27_RS07400,BME_RS08280,4.49e-11,46.6,100,2.28e-11,46.6,100
AYT27_RS07545,BME_RS05015,4.2e-36,121,36.464,2.29e-36,121,36.464
AYT27_RS07585,BME_RS00545,2.33e-13,52.8,96.429,1.19e-13,52.8,96.429
AYT27_RS07590,BME_RS01895,7.93e-70,208,49.733,3.91e-70,208,49.733
AYT27_RS07595,BME_RS01890,1.32e-38,127,42.515,6.1e-39,127,42.515
AYT27_RS07605,BME_RS01725,7.67e-84,250,50.183,3.01e-82,245,76.471
AYT27_RS07610,BME_RS01745,1.38e-68,202,64.706,1.24e-68,202,64.706
AYT27_RS07625,BME_RS01775,2.08e-28,101,46.094,4.72e-37,122,47.656
AYT27_RS07630,BME_RS01780,9.07e-75,228,47.388,3.62e-71,218,49.407
AYT27_RS07635,BME_RS01800,4.36e-14,60.1,35.849,1.04e-18,71.2,37.5
AYT27_RS07655,BME_RS01675,0,637,67.946,0,639,67.188
AYT27_RS07660,BME_RS01670,0,1004,78.914,0,1023,78.914
AYT27_RS07665,BME_RS01665,4.39e-60,201,31.47,4.84e-66,216,31.47
AYT27_RS07685,BME_RS01650,3.17e-72,212,60.116,1.56e-72,212,60.116
AYT27_RS07690,BME_RS01470,2.66e-118,333,69.397,1.33e-118,333,69.397
AYT27_RS07695,BME_RS01555,7.09e-157,432,82.661,3.6e-157,432,82.661
AYT27_RS07705,BME_RS01645,0,592,64.368,0,574,64.368
AYT27_RS07710,BME_RS01640,7.31e-08,50.1,33.333,6.15e-35,127,28.682
AYT27_RS07715,BME_RS01635,1.95e-36,119,45.695,4.58e-41,130,45.695
AYT27_RS07720,BME_RS01630,5.49e-103,295,62.128,2.78e-103,295,62.128
AYT27_RS07725,BME_RS01625,1.38e-43,137,50,7.17e-44,137,50
AYT27_RS07730,BME_RS01620,0,534,82.716,0,534,82.716
AYT27_RS07735,BME_RS01615,4.62e-66,199,57.561,2.15e-73,217,57.561
AYT27_RS07740,BME_RS01610,4.08e-86,247,76.582,1.85e-83,239,76.582
AYT27_RS07745,BME_RS01605,5.56e-37,122,44.172,2.76e-37,122,44.172
AYT27_RS07750,BME_RS01600,5.39e-108,319,45.098,3.89e-112,329,45.098
AYT27_RS07755,BME_RS01595,7.6e-40,133,43.902,5.19e-41,135,42.529
AYT27_RS07790,BME_RS01590,2.35e-56,184,37.162,5.64e-50,166,37.77
AYT27_RS07795,BME_RS01585,2.61e-117,327,81.72,1.29e-117,327,81.72
AYT27_RS07800,BME_RS01580,3.19e-143,399,72.243,2.1e-137,384,72.243
AYT27_RS07805,BME_RS01565,0,642,59.628,0,667,59.696
AYT27_RS07810,BME_RS01560,4.51e-44,133,82.192,2.3e-44,133,82.192
AYT27_RS07830,BME_RS01500,0,514,62.626,0,514,62.626
AYT27_RS07835,BME_RS01505,0,553,78.806,0,553,78.806
AYT27_RS07840,BME_RS01510,0,1047,75.455,0,1049,75.455
AYT27_RS07845,BME_RS01515,2.59e-30,100,62.921,1.3e-30,100,62.921
AYT27_RS07850,BME_RS01520,4.45e-35,114,47.414,2.19e-35,114,47.414
AYT27_RS07860,BME_RS01420,0,649,65.9,0,649,65.9
AYT27_RS07865,BME_RS01415,6.45e-54,165,60.163,6.87e-54,164,60.163
AYT27_RS07870,BME_RS01405,1.75e-36,115,79.762,5.19e-30,98.2,79.762
AYT27_RS07890,BME_RS01400,0,720,60.535,0,719,60.535
AYT27_RS07895,BME_RS01395,4.97e-08,44.7,40.741,5.08e-12,53.9,45.37
AYT27_RS07900,BME_RS01390,4.73e-79,233,52.404,2.49e-79,233,52.404
AYT27_RS07905,BME_RS01370,4.52e-164,469,47.357,3.95e-163,466,48.879
AYT27_RS07910,BME_RS01360,9.11e-129,366,62.724,1.5e-123,352,62.724
AYT27_RS07915,BME_RS01340,1.52e-120,375,41.176,5.79e-127,392,40.934
AYT27_RS07920,BME_RS01350,1.85e-66,192,80.357,9.4e-67,192,80.357
AYT27_RS07925,BME_RS01355,2.37e-92,265,68.947,1.19e-92,265,68.947
AYT27_RS07930,BME_RS01325,5.43e-35,109,88.136,2.76e-35,109,88.136
AYT27_RS07935,BME_RS01315,2.66e-119,342,61.745,3.63e-129,366,61.745
AYT27_RS07965,BME_RS01310,0,635,76.399,0,656,76.399
AYT27_RS07975,BME_RS14075,1.97e-90,271,43.243,1.05e-90,271,43.243
AYT27_RS07980,BME_RS14080,1.94e-46,167,46.766,1.07e-41,153,44.86
AYT27_RS07985,BME_RS01235,1.56e-24,88.6,41.322,8.9e-22,80.9,41.322
AYT27_RS07990,BME_RS01230,0,778,84.683,0,817,78.343
AYT27_RS07995,BME_RS01225,2.3e-139,392,66.007,5.35e-147,410,66.007
AYT27_RS08000,BME_RS01220,0,895,85.323,0,895,85.323
AYT27_RS08005,BME_RS01215,2.88e-42,137,42.458,1.38e-42,137,42.458
AYT27_RS08020,BME_RS01205,1.04e-106,339,59.333,5.34e-107,339,59.333
AYT27_RS08025,BME_RS01200,1.86e-126,353,77.064,9.4e-127,353,77.064
AYT27_RS08030,BME_RS01195,6.31e-40,131,38.728,3.24e-40,131,38.728
AYT27_RS08035,BME_RS01190,0,1282,69.669,0,1282,69.669
AYT27_RS08040,BME_RS01185,2.87e-87,254,58.252,1.44e-87,254,58.252
AYT27_RS08055,BME_RS01170,0,1059,74.962,0,1059,74.962
AYT27_RS08060,BME_RS00320,5.57e-129,359,78.995,2.83e-129,359,78.995
AYT27_RS08065,BME_RS00325,2.06e-107,313,47,1.1e-107,313,47
AYT27_RS08070,BME_RS00330,2.28e-49,160,40,1.55e-49,160,40
AYT27_RS08080,BME_RS01755,2.87e-103,316,47.123,1.07e-106,323,47.123
AYT27_RS08085,BME_RS01750,1.76e-77,242,38.442,1.04e-76,239,39.943
AYT27_RS08095,BME_RS00300,1.55e-126,357,61.94,7.88e-127,357,61.94
AYT27_RS08100,BME_RS00305,6.17e-65,197,49.462,3.59e-65,197,49.462
AYT27_RS08105,BME_RS00795,0,894,58.223,0,907,57.876
AYT27_RS08110,BME_RS00780,9.27e-162,459,53.333,1.32e-165,468,53.333
AYT27_RS08125,BME_RS10315,1.83e-18,77.8,29.333,9.18e-19,77.8,28.07
AYT27_RS08175,BME_RS10325,2.48e-20,75.9,36.634,1.43e-20,75.9,36.634
AYT27_RS08180,BME_RS10330,0,662,41.796,0,662,41.796
AYT27_RS08185,BME_RS10335,2.56e-13,64.3,27.811,1.19e-13,64.3,27.811
AYT27_RS08205,BME_RS10340,1.65e-16,75.1,25.2,1.34e-16,74.7,25.2
AYT27_RS08215,BME_RS10350,5.88e-51,162,41.921,3.08e-51,162,41.921
AYT27_RS08220,BME_RS10355,1.22e-43,146,30.466,2.3e-43,145,30.466
AYT27_RS08225,BME_RS10360,2.27e-66,212,43.925,9.68e-67,213,46.907
AYT27_RS08245,BME_RS00770,9.07e-169,463,82.625,4.61e-169,463,82.625
AYT27_RS08250,BME_RS00765,0,1074,86.288,0,1075,85.62
AYT27_RS08255,BME_RS00760,1.57e-47,146,53.906,8.16e-48,146,53.906
AYT27_RS08260,BME_RS00755,5.54e-41,130,48.485,2.8e-41,130,48.485
AYT27_RS08265,BME_RS00740,3.78e-72,209,83.2,7.13e-74,213,81.395
AYT27_RS08270,BME_RS00705,9.43e-115,325,67.826,5.05e-115,325,67.826
AYT27_RS08275,BME_RS00700,3.77e-50,157,47.024,2.01e-50,157,47.024
AYT27_RS08285,BME_RS00695,2.31e-130,371,57.468,1.14e-130,371,57.468
AYT27_RS08290,BME_RS00205,6.15e-31,102,55.172,3.53e-31,102,55.172
AYT27_RS08295,BME_RS00210,1.04e-94,271,60.766,5.38e-95,271,60.766
AYT27_RS08300,BME_RS00215,0,551,76.923,0,551,76.923
AYT27_RS08305,BME_RS00220,0,774,61.415,0,788,61.254
AYT27_RS08315,BME_RS00255,8.24e-86,250,62.189,4.19e-86,250,62.189
AYT27_RS08320,BME_RS00250,2.15e-57,168,90.909,1.07e-57,169,89.888
AYT27_RS08325,BME_RS13830,1.29e-72,219,46.614,4.4e-78,233,46.332
AYT27_RS08340,BME_RS05370,3.69e-17,63.9,64.444,1.77e-17,63.9,64.444
AYT27_RS08345,BME_RS01145,0,756,69.517,0,780,69.517
AYT27_RS08350,BME_RS01150,2.72e-173,500,48.094,1.05e-169,490,48.094
AYT27_RS08355,BME_RS01155,4.42e-169,480,54.299,2.34e-169,480,54.299
AYT27_RS08360,BME_RS01160,7.22e-140,396,70.775,8.17e-147,413,70.775
AYT27_RS08365,BME_RS01165,1.54e-16,63.5,63.934,4.8e-22,77,74.51
AYT27_RS08370,BME_RS01115,3.83e-59,176,76.699,6.16e-61,179,75.207
AYT27_RS08375,BME_RS01110,1.67e-26,91.7,60.241,9.3e-33,106,53
AYT27_RS08380,BME_RS01105,0,662,75.514,0,706,73.41
AYT27_RS08385,BME_RS01095,3.47e-97,278,59.155,1.73e-97,278,59.155
AYT27_RS08390,BME_RS01135,0,1654,53.791,0,1677,53.244
AYT27_RS08395,BME_RS00360,5.68e-35,127,25.501,2.79e-35,127,25.501
AYT27_RS08405,BME_RS00850,9.28e-91,284,39.627,2.87e-96,297,39.627
AYT27_RS08410,BME_RS00845,1.63e-34,129,29.97,1.51e-33,126,30.462
AYT27_RS08415,BME_RS00830,1.62e-180,501,68.407,0,501,68.407
AYT27_RS08425,BME_RS00815,2.89e-82,235,78.832,1.47e-82,235,78.832
AYT27_RS08435,BME_RS00290,3.44e-107,305,62.667,1.75e-107,305,62.667
AYT27_RS08440,BME_RS00375,3.31e-82,243,47.881,1.78e-82,243,47.881
AYT27_RS08445,BME_RS00385,6.68e-177,528,38.188,0,574,38.173
AYT27_RS08450,BME_RS00390,1.1e-179,504,60.287,0,518,60.287
AYT27_RS08455,BME_RS00395,4.88e-12,51.6,38.596,2.52e-12,51.6,38.596
AYT27_RS08460,BME_RS00405,1.38e-47,154,35.565,5.23e-51,162,36.638
AYT27_RS08465,BME_RS00410,5.56e-57,172,54.305,2.78e-57,172,54.305
AYT27_RS08470,BME_RS00415,6.1e-99,288,54.417,7.35e-105,303,54.417
AYT27_RS08475,BME_RS00365,8.04e-169,468,71.521,4.23e-169,468,71.521
AYT27_RS08480,BME_RS00055,1.19e-130,374,51.453,5.99e-131,374,51.453
AYT27_RS08485,BME_RS00060,7.18e-124,350,65.53,1.69e-119,338,65.748
AYT27_RS08490,BME_RS00065,1.86e-106,308,59.655,3.1e-111,320,59.655
AYT27_RS08495,BME_RS00070,2.83e-110,320,55.631,4.37e-115,332,55.254
AYT27_RS08500,BME_RS12150,2.23e-10,45.1,96,1.13e-10,45.1,96
AYT27_RS08510,BME_RS08605,7.12e-67,207,46.127,2.31e-74,225,46.127
AYT27_RS08515,BME_RS00335,1.83e-115,329,63.178,2.23e-116,330,63.178
AYT27_RS08520,BME_RS00155,3.35e-119,347,47.74,2.34e-116,338,50.949
AYT27_RS08525,BME_RS00160,5.47e-117,341,43.421,8.28e-117,340,44.357
AYT27_RS08535,BME_RS00170,2.58e-106,310,57.806,9.66e-107,311,57.806
AYT27_RS08540,BME_RS00175,4.51e-177,489,77.287,3.94e-180,496,77.287
AYT27_RS08545,BME_RS00180,2.21e-103,301,57.143,1.94e-117,337,57.282
AYT27_RS08550,BME_RS00190,2.11e-67,202,50.27,1.02e-67,202,50.27
AYT27_RS08555,BME_RS00195,3.98e-160,451,60.541,1.15e-161,454,60.541
AYT27_RS08565,BME_RS07460,1.68e-26,92.8,42.857,2.29e-29,99.4,39.831
AYT27_RS08570,BME_RS13930,3.81e-15,63.9,36.792,7.02e-22,80.5,36.792
AYT27_RS08575,BME_RS13935,4.53e-26,89.4,55.914,3.63e-33,106,55.914
AYT27_RS08580,BME_RS13940,1.08e-39,129,40.994,5.84e-40,129,40.994
AYT27_RS08585,BME_RS13945,0,575,61.143,0,584,61.328
AYT27_RS08590,BME_RS13950,8.64e-53,158,66.667,4.36e-53,158,66.667
AYT27_RS08595,BME_RS13955,0,1216,64.301,0,1239,64.513
AYT27_RS08600,BME_RS12890,3.88e-15,65.5,37.755,2.54e-18,72.8,36.275
AYT27_RS08605,BME_RS07920,0,545,69.315,0,545,69.315
AYT27_RS08610,BME_RS07915,0,619,69.268,0,588,69.268
AYT27_RS08625,BME_RS00685,0,719,73.932,0,719,73.932
AYT27_RS08630,BME_RS00665,0,555,70.833,0,587,71.186
AYT27_RS08635,BME_RS00660,0,1628,76.195,0,1641,76.295
AYT27_RS08640,BME_RS00655,0,516,89,0,514,89
AYT27_RS08645,BME_RS00650,0,694,87.154,0,694,87.154
AYT27_RS08650,BME_RS00645,0,551,84.375,0,551,84.375
AYT27_RS08655,BME_RS00640,3.97e-154,437,56.764,1.95e-154,437,56.764
AYT27_RS08660,BME_RS00635,7.5e-41,132,42.135,1.09e-43,139,42.135
AYT27_RS08665,BME_RS00630,2.33e-92,272,50.526,1.11e-92,272,50.526
AYT27_RS08670,BME_RS00625,0,647,70.813,0,647,70.813
AYT27_RS08675,BME_RS00620,3.63e-170,481,76.568,2.32e-176,496,73.981
AYT27_RS08680,BME_RS00615,3.73e-80,236,55.605,1e-88,257,55.605
AYT27_RS08685,BME_RS00610,9.04e-110,314,58.964,4.72e-110,314,58.964
AYT27_RS08690,BME_RS00050,3.29e-134,379,62.951,1.63e-134,379,62.951
AYT27_RS08695,BME_RS00045,8.65e-152,421,76.981,4.4e-152,421,76.981
AYT27_RS08700,BME_RS00040,3.07e-76,225,52.885,1.54e-76,225,52.885
AYT27_RS08705,BME_RS00035,0,833,65.574,0,840,65.574
AYT27_RS08710,BME_RS00030,5.5e-172,486,53.917,2.84e-172,486,53.917
AYT27_RS08715,BME_RS00020,0,780,90.67,0,780,90.67
