B_henselae,O_anthropi,G1.evalue,G1.bitscore,G1.pident,G2.evalue,G2.bitscore,G2.pident
AYT27_RS00005,OANT_RS04405,2.04e-111,320,61.686,1.03e-123,350,60.949
AYT27_RS00010,OANT_RS04400,2.57e-58,179,50.746,4.53e-59,180,50.746
AYT27_RS00015,OANT_RS04395,1.29e-104,304,55.596,4.16e-105,304,55.596
AYT27_RS00020,OANT_RS04390,1.12e-66,200,51.042,3.72e-67,200,51.042
AYT27_RS00025,OANT_RS04385,1.14e-95,276,54.113,3.64e-96,276,54.113
AYT27_RS00030,OANT_RS00695,0,1410,68.443,0,1410,68.443
AYT27_RS00035,OANT_RS06830,1.07e-106,309,54.682,3.45e-107,309,54.682
AYT27_RS00040,OANT_RS00510,6.47e-116,330,68.199,9.22e-119,336,68.199
AYT27_RS00050,OANT_RS00815,5.44e-44,140,45,1.17e-34,115,45
AYT27_RS00055,OANT_RS00820,4.99e-139,391,64.599,1.68e-139,391,64.599
AYT27_RS00060,OANT_RS00825,1.37e-161,452,69.381,2.33e-162,454,69.381
AYT27_RS00065,OANT_RS00830,9.33e-21,77,41.111,3.29e-21,77,41.111
AYT27_RS00070,OANT_RS00835,2.13e-51,154,80.22,7.04e-52,154,80.22
AYT27_RS00075,OANT_RS00845,4.06e-51,163,41.237,1.44e-51,163,41.237
AYT27_RS00080,OANT_RS00850,1.49e-49,157,46.486,5.16e-50,157,46.486
AYT27_RS00085,OANT_RS00855,9.8e-147,409,73.022,3.35e-147,409,73.022
AYT27_RS00095,OANT_RS00875,1.02e-81,235,75.325,3.29e-82,235,75.325
AYT27_RS00100,OANT_RS00465,1.03e-62,188,51.205,3.32e-63,188,51.205
AYT27_RS00105,OANT_RS00460,0,652,76.585,0,652,76.585
AYT27_RS00110,OANT_RS00450,1.5e-73,219,47.393,5e-74,219,47.393
AYT27_RS00115,OANT_RS20485,0,773,69.074,0,782,69.074
AYT27_RS00120,OANT_RS06815,0,859,78.571,0,859,78.571
AYT27_RS00125,OANT_RS04220,3.95e-59,174,77.67,1.28e-59,174,77.67
AYT27_RS00130,OANT_RS04225,0,1013,46.392,0,1036,46.392
AYT27_RS00135,OANT_RS04230,0,960,48.656,0,933,48.659
AYT27_RS00150,OANT_RS04240,2.79e-49,162,50.323,2.94e-49,162,50.323
AYT27_RS00155,OANT_RS04245,0,657,44.796,0,663,44.796
AYT27_RS00160,OANT_RS04250,0,811,82.618,0,811,82.618
AYT27_RS00165,OANT_RS06915,4.07e-111,323,48.447,1.3e-111,323,48.447
AYT27_RS00170,OANT_RS04205,1.02e-167,476,52.535,3.33e-168,476,52.535
AYT27_RS00175,OANT_RS04200,1.36e-174,482,79.152,4.34e-175,482,79.152
AYT27_RS00185,OANT_RS00900,7.21e-72,217,49.356,9.42e-83,243,49.356
AYT27_RS00190,OANT_RS06805,4.1e-171,484,59.446,1.15e-171,484,59.446
AYT27_RS00195,OANT_RS06800,0,702,63.567,0,695,63.567
AYT27_RS00200,OANT_RS06795,2.18e-137,384,67.969,7.13e-138,384,67.969
AYT27_RS00205,OANT_RS00705,0,1300,78.652,0,1298,78.652
AYT27_RS00215,OANT_RS01985,9.53e-85,253,41.935,3.01e-85,253,41.935
AYT27_RS00220,OANT_RS04045,0,743,70.923,0,743,70.923
AYT27_RS00225,OANT_RS00275,0,607,48.006,0,630,48.006
AYT27_RS00230,OANT_RS00280,0,927,37.148,0,988,37.165
AYT27_RS00240,OANT_RS06870,3.96e-149,440,38.382,3.16e-141,419,38.382
AYT27_RS00245,OANT_RS04150,4.11e-98,278,78.947,1.38e-98,278,78.947
AYT27_RS00250,OANT_RS04155,3.57e-105,303,56,1.15e-105,303,56
AYT27_RS00255,OANT_RS04170,8.97e-77,230,48.052,2.96e-77,230,48.052
AYT27_RS00260,OANT_RS06970,4.72e-171,480,59.898,1.55e-171,480,59.898
AYT27_RS00265,OANT_RS00940,1.71e-166,470,58.376,3.18e-167,470,58.376
AYT27_RS00270,OANT_RS00935,1.47e-103,295,64.019,4.88e-104,295,64.019
AYT27_RS00275,OANT_RS00920,0,529,75.793,0,529,75.793
AYT27_RS00280,OANT_RS00915,1.5e-90,263,62.5,1.89e-96,276,65.741
AYT27_RS00285,OANT_RS00490,1.52e-46,148,43.429,1.88e-50,157,43.429
AYT27_RS00290,OANT_RS04260,7.55e-38,120,63.736,2.56e-38,120,63.736
AYT27_RS00295,OANT_RS04265,1.41e-57,172,66.667,4.61e-58,172,66.667
AYT27_RS00300,OANT_RS04270,3.38e-33,112,39.597,1.14e-33,112,39.597
AYT27_RS00305,OANT_RS04275,0,752,65.841,0,717,65.841
AYT27_RS00310,OANT_RS04280,3.33e-142,395,81.702,1.07e-142,395,81.702
AYT27_RS00315,OANT_RS02875,6.75e-11,56.2,32.71,6.17e-11,56.2,32.71
AYT27_RS00320,OANT_RS16595,4.88e-34,115,44.094,5.66e-35,117,41.259
AYT27_RS00325,OANT_RS04085,0,1113,85.804,0,1113,85.804
AYT27_RS00330,OANT_RS04080,0,553,75,0,588,75
AYT27_RS00340,OANT_RS07015,3.73e-169,468,82.639,3.4e-177,487,82.639
AYT27_RS00345,OANT_RS08630,1.34e-13,67,26.351,1.5e-12,62.4,25.597
AYT27_RS00350,OANT_RS06920,0,1098,86.644,0,1098,86.644
AYT27_RS00355,OANT_RS06995,5.07e-162,449,75.357,1.65e-162,449,75.357
AYT27_RS00360,OANT_RS07000,1.14e-143,402,65.455,3.57e-144,402,65.455
AYT27_RS00365,OANT_RS06950,1.11e-114,326,59.919,3.64e-115,326,59.919
AYT27_RS00370,OANT_RS06945,2.79e-128,365,58.013,8.87e-129,365,58.013
AYT27_RS00375,OANT_RS06940,1.02e-77,226,61.538,3.28e-78,226,61.538
AYT27_RS00380,OANT_RS06935,9.91e-174,488,60.779,3.33e-174,488,60.779
AYT27_RS00385,OANT_RS10315,5.25e-64,193,50.777,1.35e-59,181,50.575
AYT27_RS00390,OANT_RS00880,1.99e-27,92.4,52.778,6.29e-28,92.4,52.778
AYT27_RS00395,OANT_RS00885,1.18e-56,171,54.286,3.77e-57,171,54.286
AYT27_RS00400,OANT_RS00895,8.6e-108,308,64.516,6.46e-112,318,64.444
AYT27_RS00405,OANT_RS04140,4.07e-35,110,79.104,1.3e-35,110,79.104
AYT27_RS00410,OANT_RS04135,1.61e-82,235,89.552,5.25e-83,235,89.552
AYT27_RS00415,OANT_RS04125,0,563,72.48,0,563,72.48
AYT27_RS00420,OANT_RS04120,0,1016,63.761,0,1044,63.93
AYT27_RS00425,OANT_RS19125,1.68e-158,442,73.038,5.63e-159,442,73.038
AYT27_RS00430,OANT_RS19130,4.87e-124,352,71.488,1.65e-124,352,71.488
AYT27_RS00435,OANT_RS19135,2.83e-141,396,73.188,3.12e-145,405,73.188
AYT27_RS00440,OANT_RS19140,1.41e-101,296,52,4.26e-102,296,52
AYT27_RS00445,OANT_RS03995,1.22e-21,81.3,38.793,4.28e-22,81.3,38.793
AYT27_RS00455,OANT_RS00635,0,753,79.954,0,753,79.954
AYT27_RS00460,OANT_RS00630,0,3499,57.183,0,3450,57.183
AYT27_RS00465,OANT_RS00155,0,987,84.982,0,1004,84.982
AYT27_RS00470,OANT_RS00160,1.44e-83,244,59.223,5.38e-88,254,59.223
AYT27_RS00475,OANT_RS00165,0,607,67.661,0,590,67.661
AYT27_RS00480,OANT_RS00170,4.82e-29,99.8,70.886,1.66e-30,102,73.611
AYT27_RS00485,OANT_RS00175,8.02e-12,48.9,96,2.6e-12,48.9,96
AYT27_RS00495,OANT_RS00570,0,981,77.451,0,1003,77.451
AYT27_RS00505,OANT_RS00805,0,1259,69.074,0,1259,69.074
AYT27_RS00510,OANT_RS00800,0,1120,70.866,0,1122,70.866
AYT27_RS00515,OANT_RS04380,5.32e-68,201,64.151,2.64e-76,221,64.151
AYT27_RS00520,OANT_RS04375,4.45e-30,105,32.919,3.25e-25,91.7,32.919
AYT27_RS00525,OANT_RS04370,1.44e-78,233,48.402,7.82e-80,235,47.368
AYT27_RS00530,OANT_RS04360,2.83e-50,159,45.918,9.11e-51,159,45.918
AYT27_RS00535,OANT_RS02080,1.2e-131,376,55.418,3.97e-132,376,55.418
AYT27_RS00540,OANT_RS02070,0,531,60.253,0,531,60.253
AYT27_RS00545,OANT_RS02065,1.77e-72,213,62.011,4.38e-70,206,61.494
AYT27_RS00550,OANT_RS00560,3.1e-52,164,44.767,3.86e-51,160,48.026
AYT27_RS00560,OANT_RS00550,2.58e-99,288,55.462,2.48e-96,279,55.462
AYT27_RS00565,OANT_RS00545,3.49e-47,152,46.117,5.21e-42,138,47.716
AYT27_RS00570,OANT_RS00540,4.92e-68,204,49.735,1.57e-68,204,49.735
AYT27_RS00575,OANT_RS00535,0,1484,80.425,0,1486,80.425
AYT27_RS00580,OANT_RS00020,1.57e-42,130,73.256,5.08e-43,130,73.256
AYT27_RS00585,OANT_RS00025,0,665,69.98,0,688,71.197
AYT27_RS00590,OANT_RS00030,4.78e-180,501,65.775,0,506,66.043
AYT27_RS00595,OANT_RS00035,4.33e-138,396,57.412,2.75e-146,416,57.412
AYT27_RS00600,OANT_RS11795,1.77e-54,166,60.584,6.08e-55,166,60.584
AYT27_RS00605,OANT_RS00250,9.16e-82,248,43.377,4.49e-75,230,43.377
AYT27_RS00610,OANT_RS00255,0,750,56.502,0,773,56.502
AYT27_RS00615,OANT_RS00260,5.9e-66,200,46.789,1.8e-66,200,46.789
AYT27_RS00620,OANT_RS00265,6.15e-19,77,35.714,5.25e-15,64.3,35.714
AYT27_RS00625,OANT_RS05025,6.29e-68,213,34.451,1.97e-68,213,34.451
AYT27_RS00630,OANT_RS03820,6.41e-162,447,76.471,2.07e-162,447,76.471
AYT27_RS00635,OANT_RS03815,0,710,83.457,0,710,83.457
AYT27_RS00640,OANT_RS03810,1.13e-99,281,76.786,3.73e-100,281,76.786
AYT27_RS00645,OANT_RS03805,4.79e-63,188,61.871,1.35e-63,188,61.871
AYT27_RS00650,OANT_RS03790,4.42e-67,201,52.326,1.27e-68,203,51.412
AYT27_RS00655,OANT_RS07180,4.87e-34,108,90.541,2.12e-42,128,90.541
AYT27_RS00670,OANT_RS01795,5.11e-12,49.7,92,1.65e-12,49.7,92
AYT27_RS00675,OANT_RS01805,7.55e-98,293,44.242,2.83e-100,298,41.803
AYT27_RS00680,OANT_RS01810,0,1291,64.817,0,1358,64.654
AYT27_RS00690,OANT_RS01945,0,704,60.183,0,704,60.183
AYT27_RS00695,OANT_RS05435,3.62e-10,45.1,70,1.17e-10,45.1,70
AYT27_RS00700,OANT_RS05440,1.07e-49,153,71.429,3.22e-54,163,64.844
AYT27_RS00705,OANT_RS05445,4.03e-50,150,79.775,1.3e-50,150,79.775
AYT27_RS00710,OANT_RS21205,5.55e-90,295,31.376,4.21e-85,280,31.839
AYT27_RS00715,OANT_RS06760,6.23e-16,59.7,93.333,2.01e-16,59.7,93.333
AYT27_RS00805,OANT_RS19680,6.29e-165,471,67.584,5.73e-165,470,67.584
AYT27_RS00810,OANT_RS19685,7.98e-134,374,79.186,2.05e-137,382,78.855
AYT27_RS00820,OANT_RS05460,3.23e-179,497,79.091,0,515,79.091
AYT27_RS00825,OANT_RS05465,0,506,67.914,0,525,67.914
AYT27_RS00830,OANT_RS05470,0,554,66.586,0,570,66.586
AYT27_RS00835,OANT_RS05475,1.37e-70,211,52.632,4.88e-71,211,52.632
AYT27_RS00840,OANT_RS05480,9.17e-42,132,57.282,2.55e-42,132,57.282
AYT27_RS00845,OANT_RS05485,3.03e-62,186,55.975,9.81e-63,186,55.975
AYT27_RS00850,OANT_RS05495,5.85e-103,310,41.645,1.95e-103,310,41.645
AYT27_RS00855,OANT_RS05500,0,649,72.109,0,649,72.109
AYT27_RS00860,OANT_RS05510,7.64e-64,191,52.761,2.49e-64,191,52.761
AYT27_RS00865,OANT_RS02315,2.49e-30,106,35.294,7.47e-31,106,35.294
AYT27_RS00870,OANT_RS05105,8.69e-37,117,66.279,2.84e-37,117,66.279
AYT27_RS00880,OANT_RS05100,1.88e-102,289,77.011,6.08e-103,289,77.011
AYT27_RS00885,OANT_RS17115,0,1102,88.43,0,1102,88.43
AYT27_RS00890,OANT_RS17110,0,581,62.009,0,581,62.009
AYT27_RS00895,OANT_RS17105,0,878,63.244,0,866,63.244
AYT27_RS00900,OANT_RS22040,4.09e-60,194,35.069,9.08e-61,195,35.069
AYT27_RS00905,OANT_RS22035,0,509,59.9,0,509,59.9
AYT27_RS00910,OANT_RS22030,8.4e-179,492,79.863,2.72e-179,492,79.863
AYT27_RS00915,OANT_RS22015,2.3e-146,413,65.312,3.04e-153,429,65.312
AYT27_RS00920,OANT_RS21995,5.92e-36,117,48.387,2.03e-36,117,48.387
AYT27_RS00925,OANT_RS21960,2.84e-69,226,32.983,1e-69,226,32.983
AYT27_RS00930,OANT_RS06825,1.28e-16,79.3,24.084,6.69e-13,66.2,29.31
AYT27_RS00935,OANT_RS15795,0,801,82.828,0,820,82.828
AYT27_RS00940,OANT_RS15810,2.33e-169,479,53.147,3.05e-160,454,53.147
AYT27_RS00945,OANT_RS15825,0,849,77.799,0,849,77.799
AYT27_RS00950,OANT_RS10515,4.4e-16,72.4,33.473,1.43e-16,72.4,33.473
AYT27_RS00955,OANT_RS19400,1.02e-127,367,55.294,3.33e-128,367,55.294
AYT27_RS00960,OANT_RS19395,6.44e-99,289,55.986,9.17e-100,290,55.986
AYT27_RS00965,OANT_RS19390,1.94e-116,334,57.143,1.43e-121,346,57.143
AYT27_RS00970,OANT_RS19385,1.88e-132,386,44.656,5.94e-133,386,44.656
AYT27_RS00990,OANT_RS15295,3.16e-35,111,67.123,1.01e-35,111,67.123
AYT27_RS00995,OANT_RS15300,1.93e-44,139,54.962,6.38e-45,139,54.962
AYT27_RS01000,OANT_RS15305,0,1183,79.286,0,1183,79.286
AYT27_RS01005,OANT_RS15310,0,528,76.308,0,528,76.308
AYT27_RS01010,OANT_RS05345,1.05e-86,258,46.886,3.32e-87,258,46.886
AYT27_RS01015,OANT_RS05340,0,583,79.272,0,583,79.272
AYT27_RS01020,OANT_RS06395,4.88e-72,209,73.134,1.61e-72,209,73.134
AYT27_RS01025,OANT_RS05265,0,1406,75.938,0,1446,76.243
AYT27_RS01030,OANT_RS05270,2.27e-92,275,45.425,3.49e-93,276,45.752
AYT27_RS01035,OANT_RS05275,1.22e-178,501,63.325,0,511,63.325
AYT27_RS01040,OANT_RS05285,4.68e-61,181,63.846,1.53e-61,181,63.846
AYT27_RS01045,OANT_RS03775,1.79e-98,288,50.355,5.76e-99,288,50.355
AYT27_RS01050,OANT_RS03765,3.45e-180,509,56.264,0,531,56.264
AYT27_RS01055,OANT_RS04300,4.38e-168,468,70.096,1.38e-168,468,70.096
AYT27_RS01060,OANT_RS17590,1.1e-23,96.3,27.692,7.25e-27,103,27.692
AYT27_RS01065,OANT_RS04335,2.64e-108,305,80,8.16e-109,305,80
AYT27_RS01070,OANT_RS04345,0,724,82.679,0,724,82.679
AYT27_RS01075,OANT_RS03825,1.93e-107,314,45.783,6.41e-108,314,45.783
AYT27_RS01080,OANT_RS03830,0,1214,81.066,0,1217,81.066
AYT27_RS01085,OANT_RS03835,1.43e-51,154,83.146,4.64e-52,154,83.146
AYT27_RS01090,OANT_RS17400,0,598,57.249,0,619,57.249
AYT27_RS01095,OANT_RS03840,5.4e-147,414,62.733,1.77e-147,414,62.733
AYT27_RS01100,OANT_RS03845,1.09e-57,173,66.667,3.91e-58,173,66.667
AYT27_RS01105,OANT_RS03850,0,1142,69.858,0,1196,65.424
AYT27_RS01110,OANT_RS03855,7.95e-66,200,50.254,2.96e-66,200,50.254
AYT27_RS01115,OANT_RS03865,0,860,80,0,863,79.317
AYT27_RS01120,OANT_RS03870,4.82e-77,228,58.47,1.62e-77,228,58.47
AYT27_RS01125,OANT_RS03875,2.32e-106,304,62.609,7.51e-107,304,62.609
AYT27_RS01130,OANT_RS03880,0,676,78.282,0,657,78.282
AYT27_RS01135,OANT_RS03885,2.57e-64,189,67.647,8.14e-65,189,67.647
AYT27_RS01140,OANT_RS03890,1.03e-160,466,45.585,1.09e-154,449,43.75
AYT27_RS01145,OANT_RS03895,2.27e-116,338,54.574,1.56e-123,356,54.574
AYT27_RS01150,OANT_RS03900,1.41e-62,187,56.494,4.67e-63,187,56.494
AYT27_RS01155,OANT_RS03905,1.15e-161,453,67.812,3.32e-162,453,67.812
AYT27_RS01160,OANT_RS03910,0,654,67.544,0,654,67.544
AYT27_RS01165,OANT_RS03920,1.59e-42,137,40.26,5.38e-43,137,40.26
AYT27_RS01170,OANT_RS03925,5.16e-50,160,41.126,6.81e-49,156,41.126
AYT27_RS01175,OANT_RS00145,1.22e-100,297,54.128,7.4e-113,327,54.128
AYT27_RS01180,OANT_RS00125,3.77e-117,328,79.602,1.22e-117,328,79.602
AYT27_RS01185,OANT_RS00120,4.57e-51,154,65.421,1.46e-51,154,65.421
AYT27_RS01190,OANT_RS00115,0,712,57.44,0,714,57.44
AYT27_RS01195,OANT_RS25125,2.73e-09,43.1,75,8.82e-10,43.1,75
AYT27_RS01210,OANT_RS00100,9.02e-151,421,68.44,2.92e-151,421,68.44
AYT27_RS01215,OANT_RS00095,5.65e-115,327,66.116,1.87e-115,327,66.116
AYT27_RS01220,OANT_RS00090,5.08e-33,115,32.386,1.69e-37,125,33.516
AYT27_RS01225,OANT_RS00075,9.03e-178,496,64.973,2.86e-178,496,64.973
AYT27_RS01230,OANT_RS00070,0,523,68.665,0,523,68.665
AYT27_RS01235,OANT_RS00065,0,765,68.113,0,765,68.113
AYT27_RS01240,OANT_RS00040,9.15e-123,347,68.443,2.99e-123,347,68.443
AYT27_RS01245,OANT_RS04050,1.3e-180,498,75.161,0,498,75.161
AYT27_RS01250,OANT_RS03985,0,522,68.103,0,522,68.103
AYT27_RS01255,OANT_RS03980,0,582,61.245,0,582,61.245
AYT27_RS01260,OANT_RS03975,0,648,73.934,0,627,73.934
AYT27_RS01265,OANT_RS03970,4.15e-150,417,78.8,1.46e-150,417,78.8
AYT27_RS01270,OANT_RS03965,4.63e-112,318,63.559,1.5e-112,318,63.559
AYT27_RS01280,OANT_RS03945,7.22e-67,208,42.763,3.89e-71,218,42.951
AYT27_RS01285,OANT_RS03935,0,590,67.64,0,590,67.64
AYT27_RS01290,OANT_RS03695,3.96e-113,325,55.15,1.29e-113,325,55.15
AYT27_RS01295,OANT_RS00690,0,707,73.144,0,688,73.144
AYT27_RS01300,OANT_RS00685,2.23e-121,339,77.833,3.12e-116,325,77.833
AYT27_RS01315,OANT_RS22255,5.25e-58,182,40.636,1.39e-58,182,40.636
AYT27_RS01325,OANT_RS15695,0,1508,74.066,0,1503,74.066
AYT27_RS01330,OANT_RS15700,5.03e-21,84,33.649,1.85e-21,84,33.649
AYT27_RS01335,OANT_RS15710,1.19e-67,199,64.583,4.08e-68,199,64.583
AYT27_RS01340,OANT_RS15715,2.07e-153,445,56.845,2.92e-155,449,66.181
AYT27_RS01345,OANT_RS15720,3.67e-72,213,56.989,1.18e-72,213,56.989
AYT27_RS01365,OANT_RS15745,0,560,64.073,0,564,64.073
AYT27_RS01370,OANT_RS15750,1.35e-89,264,48.689,4.34e-90,264,48.689
AYT27_RS01375,OANT_RS15755,1.19e-30,100,60.274,3.94e-31,100,60.274
AYT27_RS01385,OANT_RS15765,5.38e-146,421,48.526,1.76e-146,421,48.526
AYT27_RS01390,OANT_RS15770,4.65e-110,322,46.921,1.51e-110,322,46.921
AYT27_RS01395,OANT_RS15775,2.78e-19,71.6,45.205,9.01e-20,71.6,45.205
AYT27_RS01400,OANT_RS15780,0,823,63.738,0,823,63.738
AYT27_RS01405,OANT_RS02095,0,554,74.586,0,554,74.586
AYT27_RS01410,OANT_RS07475,1.33e-100,300,41.398,4.27e-101,300,41.398
AYT27_RS01425,OANT_RS06765,5.65e-09,47,25.714,1.84e-09,47,25.714
AYT27_RS01445,OANT_RS06175,4e-11,56.6,33.793,1.34e-11,56.6,33.793
AYT27_RS01590,OANT_RS11885,1.53e-26,107,31.98,2.31e-28,110,30.033
AYT27_RS01600,OANT_RS07670,3.56e-09,48.9,26.446,1.28e-09,48.9,26.446
AYT27_RS01620,OANT_RS11915,2.46e-09,50.8,23.776,7.95e-10,50.8,23.776
AYT27_RS01625,OANT_RS11920,3.54e-40,146,38.428,1.66e-40,146,38.428
AYT27_RS01655,OANT_RS07710,1.1e-173,535,31.993,4.34e-174,535,31.993
AYT27_RS01660,OANT_RS07720,3.51e-23,94.7,34.483,8.27e-24,94.7,34.483
AYT27_RS01665,OANT_RS07725,7.19e-58,184,37.589,1e-61,192,37.589
AYT27_RS01670,OANT_RS11950,3.99e-25,89.4,42.574,1.45e-25,89.4,42.574
AYT27_RS01675,OANT_RS11960,4.85e-10,53.5,36.634,9.96e-11,53.5,36.634
AYT27_RS01750,OANT_RS11990,2.34e-51,180,28.629,3.62e-52,181,28.629
AYT27_RS01760,OANT_RS09240,1.65e-104,326,35.556,4.93e-105,326,35.556
AYT27_RS01770,OANT_RS24560,3.49e-41,128,63.441,1.01e-41,128,63.441
AYT27_RS01775,OANT_RS24565,9.23e-34,109,55.556,2.99e-34,109,55.556
AYT27_RS01825,OANT_RS25045,6.43e-17,72,32.222,1.92e-17,72,32.222
AYT27_RS01955,OANT_RS01690,4.2e-08,39.7,80,1.36e-08,39.7,80
AYT27_RS01960,OANT_RS06320,0,580,71.018,0,587,71.059
AYT27_RS01965,OANT_RS06335,0,697,78.22,0,697,78.22
AYT27_RS01970,OANT_RS06340,3.96e-41,150,35.124,1.36e-41,150,35.124
AYT27_RS01975,OANT_RS06360,1.22e-177,489,82.374,0,505,79.932
AYT27_RS01980,OANT_RS06365,1.2e-145,411,60.423,3.87e-146,411,60.423
AYT27_RS01985,OANT_RS19535,0,556,56.025,0,556,56.025
AYT27_RS01990,OANT_RS18380,0,838,76.705,0,868,57.005
AYT27_RS02005,OANT_RS20240,4.6e-65,223,37.097,2.43e-65,223,37.097
AYT27_RS02010,OANT_RS02150,2.02e-74,215,78.832,6.52e-75,215,78.832
AYT27_RS02015,OANT_RS02120,9.71e-145,411,55.125,3.16e-145,411,55.125
AYT27_RS02025,OANT_RS20305,0,782,77.612,0,758,77.612
AYT27_RS02030,OANT_RS20310,4.13e-169,478,54.717,1.08e-169,479,54.717
AYT27_RS02035,OANT_RS20410,0,699,66.189,0,699,66.189
AYT27_RS02040,OANT_RS20415,1.53e-78,234,53.68,2.38e-85,250,53.68
AYT27_RS02045,OANT_RS20420,0,872,70.383,0,872,70.383
AYT27_RS02050,OANT_RS20425,6.25e-145,407,66.555,1.05e-139,392,66.555
AYT27_RS02055,OANT_RS20250,5.64e-110,342,34.775,4.8e-111,343,34.775
AYT27_RS02060,OANT_RS15535,3.18e-87,256,52.227,1.71e-86,253,52.227
AYT27_RS02065,OANT_RS15530,0,686,70.241,0,686,70.241
AYT27_RS02075,OANT_RS05295,3.35e-122,349,58.478,1.1e-122,349,58.478
AYT27_RS02080,OANT_RS05300,1.28e-90,266,49.398,7.81e-85,250,49.398
AYT27_RS02085,OANT_RS05305,1.72e-34,110,63.095,5.76e-35,110,63.095
AYT27_RS02090,OANT_RS05325,8.79e-134,374,69.512,3.36e-140,389,69.512
AYT27_RS02095,OANT_RS05330,0,697,80.378,0,682,80.378
AYT27_RS02100,OANT_RS02685,9.51e-88,270,40.326,3.53e-88,270,40.326
AYT27_RS02105,OANT_RS09535,2.58e-10,60.1,21.405,1.42e-11,62.8,21.824
AYT27_RS02110,OANT_RS19405,0,653,57.797,0,682,57.797
AYT27_RS02115,OANT_RS02545,1.67e-62,192,44.954,5.51e-63,192,44.954
AYT27_RS02120,OANT_RS02550,0,712,71.784,0,722,72.407
AYT27_RS02130,OANT_RS02610,1.29e-25,91.7,39.098,3.9e-26,91.7,39.098
AYT27_RS02135,OANT_RS02615,3.32e-140,391,76.21,1.35e-134,375,76.21
AYT27_RS02140,OANT_RS02620,2.85e-43,132,97.183,9.1e-44,132,97.183
AYT27_RS02145,OANT_RS02625,1.69e-65,197,50.739,5.96e-66,197,50.739
AYT27_RS02150,OANT_RS02630,1.49e-54,167,54.268,4.67e-55,167,54.268
AYT27_RS02155,OANT_RS02720,0,934,61.599,0,953,61.599
AYT27_RS02160,OANT_RS02715,0,533,79.935,0,533,79.935
AYT27_RS02165,OANT_RS02710,3.14e-169,491,44.569,1.59e-171,496,43.517
AYT27_RS02170,OANT_RS02705,6.35e-168,469,67.069,1.95e-168,469,67.069
AYT27_RS02175,OANT_RS02695,8.42e-98,284,57.54,1.65e-101,293,57.54
AYT27_RS02180,OANT_RS02680,1.88e-126,359,61.986,6.23e-127,359,61.986
AYT27_RS02190,OANT_RS02670,1.3e-81,246,45.324,7.06e-73,223,45.324
AYT27_RS02200,OANT_RS02645,5.2e-87,254,58.716,6.74e-92,265,58.716
AYT27_RS02205,OANT_RS02730,4.93e-129,368,57.812,1.61e-129,368,57.812
AYT27_RS02210,OANT_RS02735,0,597,59.915,0,597,59.915
AYT27_RS02215,OANT_RS02740,1.13e-26,97.4,39.831,6.88e-29,101,33.516
AYT27_RS02220,OANT_RS02755,0,599,64.858,0,599,64.858
AYT27_RS02225,OANT_RS02760,4.79e-134,382,58.683,1.98e-139,394,58.683
AYT27_RS02235,OANT_RS02765,3.19e-105,298,68.473,1.01e-105,298,68.473
AYT27_RS02240,OANT_RS02780,2.12e-118,340,59.062,1.3e-130,370,60.443
AYT27_RS02245,OANT_RS02785,1.95e-174,479,84.559,6.31e-175,479,84.559
AYT27_RS02250,OANT_RS02805,0,603,79.006,0,582,79.006
AYT27_RS02255,OANT_RS02810,0,530,67.925,0,530,67.925
AYT27_RS02260,OANT_RS02820,2.88e-35,112,66.667,9.31e-36,112,66.667
AYT27_RS02265,OANT_RS02845,0,984,75.436,0,984,75.436
AYT27_RS02270,OANT_RS02850,1.4e-96,280,61.826,4.61e-97,280,61.826
AYT27_RS02275,OANT_RS02855,1.14e-150,431,51.351,3.66e-151,431,51.351
AYT27_RS02280,OANT_RS03010,0,688,69.639,0,688,69.639
AYT27_RS02285,OANT_RS03015,4.34e-36,122,39.259,5.86e-37,123,38
AYT27_RS02290,OANT_RS03030,4.03e-128,365,59.722,1.75e-124,355,59.722
AYT27_RS02295,OANT_RS03060,0,524,80,0,524,80
AYT27_RS02300,OANT_RS03065,1.15e-143,405,58.934,3.79e-144,405,58.934
AYT27_RS02305,OANT_RS03070,1.33e-72,212,66.438,4.28e-73,212,66.438
AYT27_RS02310,OANT_RS03080,7.41e-38,132,31.25,8.36e-38,130,31.25
AYT27_RS02315,OANT_RS03095,4.31e-73,216,53.439,1.44e-73,216,53.439
AYT27_RS02320,OANT_RS03100,0,1142,55.344,0,1142,55.344
AYT27_RS02325,OANT_RS03110,0,634,69.431,0,634,69.431
AYT27_RS02330,OANT_RS03115,0,643,65.011,0,643,65.011
AYT27_RS02350,OANT_RS03135,1.66e-84,248,53.247,5.25e-85,248,53.247
AYT27_RS02355,OANT_RS03145,0,581,71.277,0,581,71.277
AYT27_RS02360,OANT_RS03155,2.15e-140,400,56.447,9.74e-144,408,56.447
AYT27_RS02365,OANT_RS03175,6.34e-49,153,41.566,2.16e-49,153,41.566
AYT27_RS02370,OANT_RS03180,5.08e-79,233,58.696,9.47e-80,234,58.696
AYT27_RS02375,OANT_RS03535,0,1441,76.749,0,1419,76.749
AYT27_RS02380,OANT_RS13915,1.4e-28,108,26.959,3.92e-28,106,26.91
AYT27_RS02390,OANT_RS13930,2.24e-59,177,60.448,7.51e-60,177,60.448
AYT27_RS02395,OANT_RS13955,7.75e-64,189,65,4.36e-62,183,64.706
AYT27_RS02400,OANT_RS13960,0,950,62.787,0,950,62.787
AYT27_RS02405,OANT_RS14010,7.1e-113,317,75.253,2.27e-113,317,75.253
AYT27_RS02410,OANT_RS03600,4.43e-12,49.7,88,1.43e-12,49.7,88
AYT27_RS02415,OANT_RS03560,3.16e-59,186,37.5,2.23e-61,190,37.5
AYT27_RS02420,OANT_RS13900,8.63e-45,143,37.931,2.81e-45,143,37.931
AYT27_RS02425,OANT_RS13895,1.54e-49,157,38.021,5.02e-50,157,38.021
AYT27_RS02430,OANT_RS13890,0,821,57.698,0,842,57.698
AYT27_RS02435,OANT_RS13875,3.58e-15,61.6,45.614,1.47e-15,61.6,45.614
AYT27_RS02440,OANT_RS13870,4.83e-123,345,73.733,1.62e-123,345,73.733
AYT27_RS02445,OANT_RS13865,1.76e-147,425,49.289,5.29e-148,425,49.289
AYT27_RS02450,OANT_RS13855,4.97e-30,112,35.955,1.85e-30,112,35.955
AYT27_RS02455,OANT_RS13850,1.21e-37,124,44.203,4.07e-38,124,44.203
AYT27_RS02460,OANT_RS13845,0,712,56.278,0,709,56.278
AYT27_RS02465,OANT_RS13840,2.61e-43,138,56.522,3.43e-35,116,51.128
AYT27_RS02470,OANT_RS13835,0,591,59.18,0,591,59.18
AYT27_RS02475,OANT_RS13830,1.94e-133,372,81.166,6.48e-134,372,81.166
AYT27_RS02480,OANT_RS13825,0,569,61.957,0,569,61.957
AYT27_RS02485,OANT_RS13820,0,1141,58.763,0,1141,58.763
AYT27_RS02495,OANT_RS02490,8.96e-53,169,46.626,6e-53,169,46.626
AYT27_RS02500,OANT_RS13815,0,766,50.194,0,764,50.389
AYT27_RS02505,OANT_RS13810,0,1050,56.384,0,1050,56.384
AYT27_RS02510,OANT_RS13795,5.97e-97,283,50.53,9.98e-103,297,51.943
AYT27_RS02520,OANT_RS01490,4.1e-88,255,58.5,1.38e-88,255,58.5
AYT27_RS02525,OANT_RS01495,1.39e-121,344,61.417,4.49e-122,344,61.417
AYT27_RS02530,OANT_RS01500,8.19e-12,51.6,46.154,4.44e-15,58.9,46.154
AYT27_RS02535,OANT_RS01505,5.41e-112,325,52.681,1.85e-112,325,52.681
AYT27_RS02555,OANT_RS18695,1.1e-93,274,47.893,3.57e-94,274,47.893
AYT27_RS02560,OANT_RS18700,1.27e-101,302,58.242,1.81e-129,372,58.242
AYT27_RS02565,OANT_RS18705,1.85e-94,278,53.64,2.07e-96,282,53.788
AYT27_RS02570,OANT_RS18710,1.29e-111,326,46.154,4.29e-112,326,46.154
AYT27_RS02575,OANT_RS18720,2.17e-13,70.5,22.453,6.54e-14,70.5,22.453
AYT27_RS02585,OANT_RS13705,0,699,49.051,0,699,49.051
AYT27_RS02590,OANT_RS13700,2.96e-154,430,67.123,6.4e-144,402,67.123
AYT27_RS02595,OANT_RS13695,1.55e-97,275,82.911,5.03e-98,275,82.911
AYT27_RS02600,OANT_RS13690,2.47e-109,310,69.194,7.77e-110,310,69.194
AYT27_RS02605,OANT_RS13680,1.14e-70,205,76.866,3.73e-71,205,76.866
AYT27_RS02610,OANT_RS13675,0,1219,79.412,0,1244,79.412
AYT27_RS02615,OANT_RS13670,3.25e-95,272,67.188,1.05e-95,272,67.188
AYT27_RS02620,OANT_RS13640,7.08e-37,124,37.563,1.41e-42,137,37.563
AYT27_RS02625,OANT_RS13635,3.59e-63,187,65.649,1.38e-63,187,65.649
AYT27_RS02630,OANT_RS13630,2.55e-121,344,66.939,2.15e-117,333,66.939
AYT27_RS02635,OANT_RS13625,2.11e-106,304,63.927,5.81e-104,296,63.927
AYT27_RS02640,OANT_RS13620,1.64e-162,452,71.812,5.51e-163,452,71.812
AYT27_RS02645,OANT_RS13615,2.07e-104,300,60.87,6.36e-105,300,60.87
AYT27_RS02650,OANT_RS02230,6.96e-96,281,50.714,2.29e-96,281,50.714
AYT27_RS02655,OANT_RS02235,3.38e-114,327,58.052,1.1e-114,327,58.052
AYT27_RS02660,OANT_RS13605,1.76e-89,259,61.275,5.71e-90,259,61.275
AYT27_RS02665,OANT_RS13600,8.43e-81,244,42.599,1.03e-67,209,42.599
AYT27_RS02670,OANT_RS13595,0,696,73.696,0,696,73.696
AYT27_RS02675,OANT_RS13565,1.49e-32,108,43.22,4.96e-33,108,43.22
AYT27_RS02685,OANT_RS13545,0,677,65,0,677,65
AYT27_RS02695,OANT_RS02885,0,960,73.301,0,960,73.301
AYT27_RS02700,OANT_RS02890,1.6e-114,324,64.545,5.18e-115,324,64.545
AYT27_RS02705,OANT_RS02895,5.42e-119,340,60.076,3.65e-110,316,60.076
AYT27_RS02710,OANT_RS02905,1.66e-122,346,64.634,5.31e-123,346,64.634
AYT27_RS02715,OANT_RS02910,0,801,78.306,0,801,78.306
AYT27_RS02720,OANT_RS02915,7.08e-54,167,54.217,8.97e-57,173,54.217
AYT27_RS02725,OANT_RS02920,0,719,78.509,0,715,78.509
AYT27_RS02730,OANT_RS02925,0,709,69.2,0,709,69.2
AYT27_RS02740,OANT_RS02940,6.99e-96,274,71.809,2.08e-96,274,71.809
AYT27_RS02745,OANT_RS02945,1.03e-26,104,31.561,5.23e-32,117,31.561
AYT27_RS02750,OANT_RS02950,6.85e-51,151,87.805,2.22e-51,151,87.805
AYT27_RS02755,OANT_RS02955,9.34e-56,168,72.381,4.92e-57,171,72.222
AYT27_RS02770,OANT_RS02960,1.42e-158,442,69.649,4.58e-159,442,69.649
AYT27_RS02775,OANT_RS02965,3.41e-148,410,80.408,1.1e-148,410,80.408
AYT27_RS02780,OANT_RS02970,3.04e-45,137,91.026,9.83e-46,137,91.026
AYT27_RS02785,OANT_RS02975,0,640,82.339,0,638,82.339
AYT27_RS02790,OANT_RS02980,1.33e-135,390,57.658,2.21e-140,401,57.658
AYT27_RS02795,OANT_RS02990,2.31e-92,267,60.976,7.4e-93,267,60.976
AYT27_RS02800,OANT_RS13520,2.89e-150,418,73.993,9.42e-151,418,73.993
AYT27_RS02805,OANT_RS13515,6.96e-141,400,58.61,2.28e-141,400,58.61
AYT27_RS02810,OANT_RS13510,1.33e-103,303,52.632,4.33e-104,303,52.632
AYT27_RS02815,OANT_RS13505,0,860,52.672,0,860,52.672
AYT27_RS02820,OANT_RS13500,4.59e-159,448,61.37,1.25e-167,468,61.096
AYT27_RS02825,OANT_RS13495,9.7e-152,432,52.442,3.19e-152,432,52.442
AYT27_RS02830,OANT_RS13485,1.39e-63,189,56.081,4.53e-64,189,56.081
AYT27_RS02845,OANT_RS19770,4.69e-144,416,54.657,1.03e-150,432,54.657
AYT27_RS02860,OANT_RS17850,3.06e-09,57.8,21.674,1.25e-09,57.4,26.904
AYT27_RS02865,OANT_RS13470,0,810,63.149,0,810,63.149
AYT27_RS02870,OANT_RS13460,2.47e-82,235,82.857,8.01e-83,235,82.857
AYT27_RS02875,OANT_RS13440,8.15e-109,306,81.675,1.24e-109,308,81.675
AYT27_RS02880,OANT_RS13435,0,945,67.606,0,946,67.606
AYT27_RS02885,OANT_RS13395,3.09e-122,348,57.143,1.01e-122,348,57.143
AYT27_RS02895,OANT_RS12190,6.15e-11,51.2,58.333,1.61e-11,51.2,58.333
AYT27_RS02900,OANT_RS12185,4.89e-21,82,42.574,6.12e-20,78.2,44.792
AYT27_RS02905,OANT_RS12180,2.61e-87,258,49.042,8.76e-88,258,49.042
AYT27_RS02910,OANT_RS12175,0,612,70.213,0,625,70.213
AYT27_RS02915,OANT_RS12165,8.04e-67,202,48.804,5.67e-72,214,48.804
AYT27_RS02920,OANT_RS12160,2.81e-74,235,45.946,9.48e-74,232,45
AYT27_RS02925,OANT_RS12150,5.29e-52,158,66.667,1.31e-52,158,66.667
AYT27_RS02930,OANT_RS12140,2.4e-59,176,65.891,7.82e-60,176,65.891
AYT27_RS02935,OANT_RS12135,1.35e-82,247,46.154,4.24e-83,247,46.154
AYT27_RS02940,OANT_RS10640,2.64e-111,345,34.295,2.08e-123,375,34.181
AYT27_RS02945,OANT_RS10645,1.52e-124,351,66.929,4.92e-125,351,66.929
AYT27_RS02950,OANT_RS10650,1.34e-22,85.1,42.857,1.3e-23,86.3,42.5
AYT27_RS02955,OANT_RS10660,0,919,82.103,0,920,82.103
AYT27_RS02960,OANT_RS10665,4.16e-145,405,72.364,1.85e-153,425,72.364
AYT27_RS02965,OANT_RS10670,0,664,77.273,0,681,77.273
AYT27_RS02975,OANT_RS10680,4.11e-42,131,57.843,4.84e-39,122,57.843
AYT27_RS02980,OANT_RS10685,0,566,77.457,0,548,77.457
AYT27_RS02985,OANT_RS10690,0,726,75.054,0,727,75.054
AYT27_RS02990,OANT_RS10695,0,565,63.288,0,589,63.393
AYT27_RS02995,OANT_RS10705,0,813,80.287,0,813,80.287
AYT27_RS03000,OANT_RS10710,0,525,78.931,0,525,78.931
AYT27_RS03005,OANT_RS10715,3.77e-74,216,65.101,1.21e-74,216,65.101
AYT27_RS03010,OANT_RS10725,1.54e-59,179,57.862,5.02e-60,179,57.862
AYT27_RS03015,OANT_RS10730,1.04e-174,490,59.494,3.48e-175,490,59.494
AYT27_RS03020,OANT_RS18690,6.61e-69,202,65.986,2.11e-69,202,65.986
AYT27_RS03025,OANT_RS11480,0,852,57.276,0,861,57.276
AYT27_RS03030,OANT_RS11475,0,706,74.614,0,706,74.614
AYT27_RS03035,OANT_RS11470,0,625,65.066,0,625,65.066
AYT27_RS03045,OANT_RS11455,9.22e-136,376,83.732,2.97e-136,376,83.732
AYT27_RS03050,OANT_RS11450,0,783,87.972,0,783,87.972
AYT27_RS03055,OANT_RS11445,0,1293,80.454,0,1325,80.454
AYT27_RS03060,OANT_RS11440,1.56e-41,129,70,5.03e-42,129,70
AYT27_RS03065,OANT_RS12130,0,715,74.286,0,717,74.342
AYT27_RS03070,OANT_RS12115,3.67e-15,57.8,100,1.19e-15,57.8,100
AYT27_RS03075,OANT_RS11835,0,602,69.074,0,639,67.585
AYT27_RS03080,OANT_RS11830,0,878,82.164,0,878,82.164
AYT27_RS03085,OANT_RS11820,1.68e-58,175,58.955,5.61e-59,175,58.955
AYT27_RS03090,OANT_RS11815,1.16e-59,179,60.938,4.14e-60,179,60.938
AYT27_RS03100,OANT_RS10070,5.66e-57,179,44.144,1.83e-57,179,44.144
AYT27_RS03105,OANT_RS10080,5.65e-110,317,57.04,1.91e-110,317,57.04
AYT27_RS03115,OANT_RS10090,1.48e-09,43.1,95.833,4.78e-10,43.1,95.833
AYT27_RS03125,OANT_RS10100,6.39e-11,46.6,96,2.07e-11,46.6,96
AYT27_RS03130,OANT_RS10105,1.78e-18,68.9,67.241,5.5e-25,84,67.241
AYT27_RS03135,OANT_RS10110,2.15e-93,266,74.432,6.92e-94,266,74.432
AYT27_RS03140,OANT_RS10115,2.19e-89,253,85.211,7.08e-90,253,85.211
AYT27_RS03145,OANT_RS10120,6.02e-126,353,79.565,8.4e-134,372,79.565
AYT27_RS03150,OANT_RS10125,7.96e-96,272,74.419,2.58e-96,272,74.419
AYT27_RS03155,OANT_RS10130,7.43e-57,170,87.097,4.05e-55,164,86.29
AYT27_RS03160,OANT_RS10135,0,2489,86.647,0,2489,86.647
AYT27_RS03165,OANT_RS10140,0,2568,87.545,0,2568,87.545
AYT27_RS03170,OANT_RS10450,5.99e-44,137,54.032,1.94e-44,137,54.032
AYT27_RS03180,OANT_RS10465,0,651,70.021,0,685,70.021
AYT27_RS03190,OANT_RS10480,2.55e-147,425,48.276,1.46e-149,430,48.817
AYT27_RS03195,OANT_RS10485,9.96e-42,131,58.095,2.84e-42,131,58.095
AYT27_RS03200,OANT_RS10490,0,1142,71.891,0,1127,71.013
AYT27_RS03205,OANT_RS10505,9.13e-70,204,67.143,2.95e-70,204,67.143
AYT27_RS03210,OANT_RS10520,9.73e-64,189,60.784,3.17e-64,189,60.784
AYT27_RS03215,OANT_RS10525,2.73e-85,253,44.318,8.99e-86,253,44.318
AYT27_RS03220,OANT_RS10530,6.37e-172,471,87.352,2.05e-172,471,87.352
AYT27_RS03225,OANT_RS10535,9.36e-164,455,76.873,1.05e-164,456,76.873
AYT27_RS03230,OANT_RS10540,1.3e-129,363,79.828,1.17e-138,385,79.828
AYT27_RS03235,OANT_RS10545,2.47e-104,295,77.419,7.99e-105,295,77.419
AYT27_RS03240,OANT_RS10555,3.02e-57,181,49.814,4.63e-78,233,49.071
AYT27_RS03245,OANT_RS10560,1.23e-92,280,42.373,7.62e-107,315,42.582
AYT27_RS03250,OANT_RS10565,0,999,60.652,0,999,60.652
AYT27_RS03255,OANT_RS10570,2.56e-159,447,61.671,8.34e-160,447,61.671
AYT27_RS03260,OANT_RS10575,1.08e-73,215,67.123,3.55e-74,215,67.123
AYT27_RS03265,OANT_RS10580,3.49e-124,352,64.151,2.26e-129,364,64.151
AYT27_RS03270,OANT_RS10585,3.6e-103,300,54.874,3.33e-100,291,54.874
AYT27_RS03275,OANT_RS10590,5.13e-155,440,56.589,1.63e-155,440,56.589
AYT27_RS03280,OANT_RS13250,2.7e-112,321,57.977,9.15e-113,321,57.977
AYT27_RS03285,OANT_RS11610,9.62e-82,243,52.402,3.67e-82,243,52.402
AYT27_RS03290,OANT_RS11605,1.18e-61,191,48.148,6.01e-58,180,48.148
AYT27_RS03295,OANT_RS19185,2.15e-89,262,48.016,7.04e-90,262,48.016
AYT27_RS03300,OANT_RS10595,0,744,79.72,0,744,79.72
AYT27_RS03305,OANT_RS10600,0,734,73.561,0,734,73.561
AYT27_RS03310,OANT_RS10605,6.47e-170,508,42.71,3.99e-174,518,42.71
AYT27_RS03315,OANT_RS10855,9.21e-87,254,58.182,2.95e-87,254,58.182
AYT27_RS03320,OANT_RS10860,1.46e-38,127,48.052,1.79e-45,144,46.541
AYT27_RS03325,OANT_RS10865,0,594,60.652,0,594,60.652
AYT27_RS03330,OANT_RS10870,0,754,79.111,0,778,79.111
AYT27_RS03335,OANT_RS10880,0,722,62.774,0,729,62.774
AYT27_RS03340,OANT_RS10885,0,559,60.486,0,565,60.486
AYT27_RS03345,OANT_RS11670,0,659,68.238,0,665,67.967
AYT27_RS03350,OANT_RS11675,2.38e-116,331,64.8,1.29e-124,350,65.323
AYT27_RS03355,OANT_RS11505,2.33e-11,47.8,91.667,7.53e-12,47.8,91.667
AYT27_RS03360,OANT_RS07410,0,687,69.412,0,703,69.412
AYT27_RS03455,OANT_RS16925,8.59e-74,266,34.641,1.09e-73,263,34.314
AYT27_RS03545,OANT_RS11210,5.88e-27,105,27.305,2.66e-25,99.4,27.305
AYT27_RS03760,OANT_RS22095,4.86e-11,47,100,1.57e-11,47,100
AYT27_RS03765,OANT_RS22090,1.87e-75,216,89.167,6.05e-76,216,89.167
AYT27_RS03770,OANT_RS22075,2.56e-41,143,26.948,5.02e-36,128,26.948
AYT27_RS03775,OANT_RS22065,4.11e-62,186,60.417,1.26e-62,186,60.417
AYT27_RS03790,OANT_RS00375,4.77e-27,100,30.729,1.69e-27,100,30.729
AYT27_RS03810,OANT_RS20875,2.9e-25,88.6,47.126,1.06e-25,88.6,47.126
AYT27_RS03815,OANT_RS13030,1.74e-12,50.8,100,5.64e-13,50.8,100
AYT27_RS03820,OANT_RS11660,2.12e-53,161,62.698,6.9e-54,161,62.698
AYT27_RS03825,OANT_RS11145,5.27e-94,275,49.442,1.71e-94,275,49.442
AYT27_RS03830,OANT_RS12340,1e-149,420,64.821,1.46e-141,398,64.821
AYT27_RS03835,OANT_RS12335,0,577,80.409,0,566,80.409
AYT27_RS03840,OANT_RS12330,0,636,74.762,0,636,74.762
AYT27_RS03845,OANT_RS12325,3.21e-161,456,61.069,5.52e-157,443,61.069
AYT27_RS03850,OANT_RS12320,4.59e-55,163,88.043,1.47e-55,163,88.043
AYT27_RS03855,OANT_RS10890,0,1157,77.997,0,1190,77.997
AYT27_RS03860,OANT_RS10945,0,583,28.223,0,608,28.614
AYT27_RS03865,OANT_RS11465,3.71e-50,149,88.462,1.19e-50,149,88.462
AYT27_RS03870,OANT_RS11460,5.58e-169,481,58.756,9.12e-172,486,58.756
AYT27_RS03880,OANT_RS12980,1.55e-135,388,53.801,1.19e-135,387,53.801
AYT27_RS03885,OANT_RS12970,5.65e-139,392,56.774,1.83e-139,392,56.774
AYT27_RS03890,OANT_RS13125,0,690,76.54,0,692,75.701
AYT27_RS03895,OANT_RS13115,9.21e-82,236,71.698,2.94e-82,236,71.698
AYT27_RS03900,OANT_RS13110,2.86e-107,317,46.757,8.7e-115,335,46.757
AYT27_RS03905,OANT_RS13105,8.35e-90,259,61.463,2.65e-90,259,61.463
AYT27_RS03910,OANT_RS13100,1.5e-68,202,66.434,4.8e-69,202,66.434
AYT27_RS03915,OANT_RS13095,2.16e-74,217,67.742,7.44e-75,217,67.742
AYT27_RS03920,OANT_RS13085,6.83e-59,178,56.667,2.43e-59,178,56.667
AYT27_RS03925,OANT_RS13075,1.33e-53,166,47.126,4.36e-54,166,47.126
AYT27_RS03930,OANT_RS13070,7.04e-172,479,68.047,2.25e-172,479,68.047
AYT27_RS03935,OANT_RS13065,6.78e-171,474,71.296,9.59e-175,483,71.296
AYT27_RS03940,OANT_RS13060,3.39e-54,162,74.51,1.09e-54,162,74.51
AYT27_RS03945,OANT_RS13055,4.38e-68,202,54.396,1.52e-68,202,54.396
AYT27_RS03950,OANT_RS11165,0,1103,78.419,0,1117,78.419
AYT27_RS03955,OANT_RS11175,1.44e-53,161,66.667,4.79e-52,156,66.667
AYT27_RS03960,OANT_RS11180,4.8e-61,182,55.634,4.64e-59,176,55.634
AYT27_RS03965,OANT_RS11185,5.41e-91,263,65.241,2.41e-96,275,65.241
AYT27_RS03970,OANT_RS11205,9.54e-13,51.6,96.429,3.09e-13,51.6,96.429
AYT27_RS03975,OANT_RS12590,6.06e-154,437,52.987,1.96e-154,437,52.987
AYT27_RS04010,OANT_RS19000,5.84e-65,190,75.833,1.92e-65,190,75.833
AYT27_RS04015,OANT_RS12950,5.61e-97,274,83.333,1.78e-97,274,83.333
AYT27_RS04020,OANT_RS12945,3.99e-96,271,85.43,1.29e-96,271,85.43
AYT27_RS04025,OANT_RS09985,0,657,57.432,0,682,57.432
AYT27_RS04030,OANT_RS18895,0,1076,72.199,0,1052,72.199
AYT27_RS04035,OANT_RS18885,2.57e-109,313,60.669,9.15e-110,313,60.669
AYT27_RS04040,OANT_RS05600,2.98e-66,206,51.01,1.59e-66,206,48
AYT27_RS04045,OANT_RS05595,5.05e-106,301,70.918,1.58e-106,301,70.918
AYT27_RS04110,OANT_RS11680,4.15e-12,49.7,100,1.34e-12,49.7,100
AYT27_RS04115,OANT_RS11805,0,794,82.743,0,788,84.199
AYT27_RS04120,OANT_RS11800,4.66e-53,163,57.143,2.45e-60,180,59.74
AYT27_RS04125,OANT_RS11790,9.5e-65,201,46.445,1.58e-65,202,45.37
AYT27_RS04135,OANT_RS01430,0,521,54.564,0,520,54.564
AYT27_RS04140,OANT_RS12285,8.63e-154,432,61.635,5.98e-155,434,61.709
AYT27_RS04145,OANT_RS12265,8.31e-133,379,62.577,7.04e-153,429,62.577
AYT27_RS04150,OANT_RS12260,4.69e-94,267,81.818,1.48e-94,267,81.818
AYT27_RS04155,OANT_RS12255,1.36e-76,226,51.707,9.83e-86,248,51.707
AYT27_RS04160,OANT_RS12250,2.82e-36,122,43.151,1.12e-36,122,43.151
AYT27_RS04165,OANT_RS18990,1.53e-30,98.2,87.273,4.94e-31,98.2,87.273
AYT27_RS04180,OANT_RS18970,0,830,53.909,0,838,53.909
AYT27_RS04185,OANT_RS18965,0,1275,71.897,0,1275,71.696
AYT27_RS04195,OANT_RS18955,8.99e-138,396,52.742,2.1e-132,381,52.742
AYT27_RS04200,OANT_RS18950,6.93e-71,212,60.526,2.14e-71,212,60.526
AYT27_RS04205,OANT_RS18945,0,576,65.012,0,577,65.012
AYT27_RS04210,OANT_RS18940,5.89e-172,477,74.448,2.65e-179,494,74.448
AYT27_RS04215,OANT_RS18935,2.45e-121,365,39.286,9.16e-120,360,39.286
AYT27_RS04220,OANT_RS18930,7.46e-76,221,65.385,2.5e-76,221,65.385
AYT27_RS04225,OANT_RS18920,3.92e-37,117,69.474,7.76e-45,136,69.474
AYT27_RS04230,OANT_RS18910,0,761,76.065,0,763,76.065
AYT27_RS04240,OANT_RS05765,6.84e-80,237,48.511,2.33e-80,237,48.511
AYT27_RS04245,OANT_RS05760,5.27e-77,238,46.565,1.87e-77,238,46.565
AYT27_RS04255,OANT_RS05750,4.02e-60,193,36.034,5.3e-50,165,36.056
AYT27_RS04260,OANT_RS05775,3.75e-36,132,27.882,1.19e-36,132,27.882
AYT27_RS04265,OANT_RS10000,9.68e-91,261,66.486,3.17e-91,261,66.486
AYT27_RS04270,OANT_RS10005,5.28e-39,128,44.681,5.81e-41,131,42.593
AYT27_RS04275,OANT_RS10010,1.88e-120,341,66.135,1.73e-125,353,66.135
AYT27_RS04285,OANT_RS10020,1.98e-30,99,64.706,6.24e-31,99,64.706
AYT27_RS04290,OANT_RS09925,2.29e-96,280,53.03,6.99e-97,280,53.03
AYT27_RS04295,OANT_RS09930,5.73e-157,435,73.234,1.85e-157,435,73.234
AYT27_RS04300,OANT_RS09935,9.44e-95,274,56.034,3.02e-95,274,56.034
AYT27_RS04305,OANT_RS10370,4.67e-133,375,67.164,1.53e-133,375,67.164
AYT27_RS04310,OANT_RS10375,7.71e-113,323,55.598,2.57e-113,323,55.598
AYT27_RS04315,OANT_RS12445,1.19e-138,383,86.341,3.86e-139,383,86.341
AYT27_RS04320,OANT_RS12435,1.42e-155,433,81.648,1.05e-163,452,81.343
AYT27_RS04325,OANT_RS18740,0,746,80.092,0,746,80.092
AYT27_RS04330,OANT_RS10610,9.38e-109,310,61.925,6.2e-110,312,61.475
AYT27_RS04335,OANT_RS18850,3.13e-11,47.4,96,1.01e-11,47.4,96
AYT27_RS04340,OANT_RS10770,2.89e-65,207,50.99,1.4e-65,207,50.99
AYT27_RS04345,OANT_RS10775,3.33e-128,372,49.448,1.11e-128,372,49.448
AYT27_RS04350,OANT_RS10780,3.29e-74,221,50,1.06e-74,221,50
AYT27_RS04355,OANT_RS10785,9.42e-99,293,44.444,3.12e-99,293,44.444
AYT27_RS04360,OANT_RS10790,0,727,64.892,0,727,64.892
AYT27_RS04365,OANT_RS10795,4.18e-130,366,64.453,1.38e-130,366,64.453
AYT27_RS04370,OANT_RS10800,2.68e-119,339,60.153,8.77e-120,339,60.153
AYT27_RS04375,OANT_RS13145,2.28e-31,106,42.276,8.1e-32,106,42.276
AYT27_RS04380,OANT_RS13150,4.65e-132,378,52.874,1.51e-132,378,52.874
AYT27_RS04385,OANT_RS18775,4.38e-137,384,74.502,1.18e-136,382,77.119
AYT27_RS04390,OANT_RS18780,1.37e-161,459,53.518,4.27e-162,459,53.518
AYT27_RS04395,OANT_RS22170,3.89e-11,52.8,43.103,5.29e-13,56.2,31.068
AYT27_RS04405,OANT_RS19760,2.02e-51,160,50,6.46e-52,160,50
AYT27_RS04420,OANT_RS11685,1.77e-69,202,73.529,5.99e-70,202,73.529
AYT27_RS04425,OANT_RS11690,0,606,67.64,0,606,67.64
AYT27_RS04430,OANT_RS11695,6.79e-138,399,47.059,2.21e-138,399,47.059
AYT27_RS04435,OANT_RS11700,1.7e-150,417,79.681,5.5e-151,417,79.681
AYT27_RS04440,OANT_RS11705,0,936,86.785,0,936,86.785
AYT27_RS04445,OANT_RS11715,2.8e-136,392,51.989,9.1e-137,392,51.989
AYT27_RS04450,OANT_RS11720,5.17e-144,398,82.96,1.66e-144,398,82.96
AYT27_RS04455,OANT_RS11730,0,642,72.464,0,642,72.464
AYT27_RS04460,OANT_RS11740,1.23e-67,199,64.43,3.87e-68,199,64.43
AYT27_RS04465,OANT_RS11755,0,575,79.251,0,558,79.251
AYT27_RS04470,OANT_RS11760,0,1093,65.365,0,1093,65.365
AYT27_RS04475,OANT_RS11765,2.86e-120,352,49.211,8.97e-121,352,49.211
AYT27_RS04485,OANT_RS11775,2.6e-47,179,91.86,0,917,54.632
AYT27_RS04490,OANT_RS18790,4.87e-61,186,48.634,7.99e-66,197,47.761
AYT27_RS04495,OANT_RS18795,0,719,58.087,0,719,58.087
AYT27_RS04500,OANT_RS18805,0,1631,65.753,0,1631,65.753
AYT27_RS04505,OANT_RS18810,1.26e-31,103,52.809,4.04e-32,103,52.809
AYT27_RS04510,OANT_RS12480,1.22e-113,322,68.919,3.98e-114,322,68.919
AYT27_RS04515,OANT_RS12485,0,522,60.808,0,538,60.808
AYT27_RS04520,OANT_RS12490,0,716,75.682,0,716,75.682
AYT27_RS04525,OANT_RS12505,0,792,67.086,0,792,67.086
AYT27_RS04530,OANT_RS12510,5.2e-74,224,42.586,1.67e-74,224,42.586
AYT27_RS04535,OANT_RS12515,0,574,61.777,0,596,61.777
AYT27_RS04540,OANT_RS12520,0,816,81.52,0,816,81.52
AYT27_RS04545,OANT_RS12525,0,980,73.867,0,980,73.867
AYT27_RS04550,OANT_RS12530,3.04e-51,154,85.294,8.35e-52,154,85.294
AYT27_RS04555,OANT_RS12535,5.9e-95,273,73.301,2.5e-84,244,73.301
AYT27_RS04560,OANT_RS12540,5.19e-109,305,88.957,1.68e-109,305,88.957
AYT27_RS04565,OANT_RS12545,0,546,82.558,0,542,82.558
AYT27_RS04570,OANT_RS12550,0,1046,72.911,0,1046,72.911
AYT27_RS04575,OANT_RS12555,0,775,83.448,0,775,83.448
AYT27_RS04580,OANT_RS12560,3.15e-113,326,71.292,2.64e-113,326,72.906
AYT27_RS04585,OANT_RS12565,0,704,83.838,0,704,83.838
AYT27_RS04590,OANT_RS12575,7.41e-105,297,69.543,2.4e-105,297,69.543
AYT27_RS04595,OANT_RS12580,1.22e-126,352,83.938,3.94e-127,352,83.938
AYT27_RS04600,OANT_RS12585,2.89e-68,198,79.339,9.35e-69,198,79.339
AYT27_RS04605,OANT_RS12605,5.58e-12,49.3,96,1.81e-12,49.3,96
AYT27_RS04610,OANT_RS12855,5.64e-12,49.3,96,1.83e-12,49.3,96
AYT27_RS04640,OANT_RS16440,1.11e-14,70.5,30.544,6.09e-16,72.8,30.962
AYT27_RS04700,OANT_RS18675,2.51e-15,58.2,96.667,8.13e-16,58.2,96.667
AYT27_RS04860,OANT_RS13330,3.24e-10,45.1,88,1.05e-10,45.1,88
AYT27_RS04865,OANT_RS13335,2.74e-41,129,56.436,8.87e-42,129,56.436
AYT27_RS04870,OANT_RS13340,1.75e-10,45.8,92,5.68e-11,45.8,92
AYT27_RS04875,OANT_RS13360,5.58e-71,214,45.536,1.83e-71,214,45.536
AYT27_RS04880,OANT_RS13365,1.66e-134,388,58.239,6.57e-131,377,57.91
AYT27_RS04885,OANT_RS13370,0,514,68.421,0,514,68.421
AYT27_RS04890,OANT_RS13375,2.6e-74,220,54.124,3.46e-79,231,54.124
AYT27_RS04920,OANT_RS11015,0,702,46.382,0,712,46.382
AYT27_RS04925,OANT_RS11010,7e-24,94,43.81,7.54e-21,85.1,43.81
AYT27_RS04930,OANT_RS11005,5.24e-84,239,84.783,1.69e-84,239,84.783
AYT27_RS04935,OANT_RS09840,1.89e-66,198,53.179,5.97e-67,198,53.179
AYT27_RS04940,OANT_RS12345,1.01e-104,299,62.162,3.3e-105,299,62.162
AYT27_RS04945,OANT_RS12350,0,743,80.831,0,743,80.831
AYT27_RS04950,OANT_RS12360,3.62e-86,249,61.538,1.21e-86,249,61.538
AYT27_RS04955,OANT_RS12375,4.93e-159,439,81.496,1.6e-159,439,81.496
AYT27_RS04960,OANT_RS12380,1.99e-31,102,61.538,6.52e-32,102,61.538
AYT27_RS04965,OANT_RS12385,1.83e-126,354,73.874,5.92e-127,354,73.874
AYT27_RS04970,OANT_RS12410,0,1093,74.079,0,1102,74.079
AYT27_RS04975,OANT_RS12415,7.57e-43,130,77.922,2.45e-43,130,77.922
AYT27_RS04980,OANT_RS12420,4.02e-59,174,71.818,1.3e-59,174,71.818
AYT27_RS04985,OANT_RS12425,9.38e-127,370,49.272,1.86e-135,391,49.272
AYT27_RS04990,OANT_RS13175,0,1128,73.123,0,1148,73.123
AYT27_RS04995,OANT_RS13185,0,1000,78.319,0,1000,78.319
AYT27_RS05000,OANT_RS13190,2.2e-167,471,57.18,1.36e-155,439,57.18
AYT27_RS05005,OANT_RS13195,0,562,58.704,0,582,58.704
AYT27_RS05010,OANT_RS13200,0,1028,70.438,0,1028,70.438
AYT27_RS05015,OANT_RS13205,4.38e-37,116,64.935,1.5e-37,116,64.935
AYT27_RS05020,OANT_RS13210,9.13e-100,300,41.728,6.42e-112,330,41.728
AYT27_RS05025,OANT_RS12475,0,1644,68.761,0,1623,68.761
AYT27_RS05030,OANT_RS18815,0,897,62.393,0,886,62.393
AYT27_RS05065,OANT_RS18820,0,850,66.227,0,862,66.227
AYT27_RS05070,OANT_RS18825,0,573,61.785,0,577,60.85
AYT27_RS05075,OANT_RS18830,7.09e-106,304,61.694,5.52e-109,311,61.694
AYT27_RS05080,OANT_RS11160,2.08e-90,271,47.653,7.2e-91,271,47.653
AYT27_RS05085,OANT_RS12230,2.7e-54,162,70.755,8.82e-55,162,70.755
AYT27_RS05090,OANT_RS12225,1.32e-177,498,61.596,0,515,61.596
AYT27_RS05095,OANT_RS12220,0,863,67.179,0,863,67.179
AYT27_RS05100,OANT_RS12215,2.25e-27,116,27.027,1.24e-31,128,25.497
AYT27_RS05110,OANT_RS08570,3.63e-21,89.7,29.9,9.44e-22,89.7,29.9
AYT27_RS05115,OANT_RS09980,1.49e-172,479,79.692,0,504,79.692
AYT27_RS05120,OANT_RS09970,0,640,71.101,0,640,71.101
AYT27_RS05125,OANT_RS06375,1.89e-10,45.4,92,6.13e-11,45.4,92
AYT27_RS05130,OANT_RS10355,0,731,84.119,0,731,84.119
AYT27_RS05135,OANT_RS02285,2.76e-121,360,42.568,1.3e-110,332,42.117
AYT27_RS05140,OANT_RS19945,1.02e-103,310,44.961,1.06e-108,321,44.961
AYT27_RS05145,OANT_RS11300,0,580,73.442,0,580,73.442
AYT27_RS05150,OANT_RS11310,1.64e-101,286,79.394,5.26e-102,286,79.394
AYT27_RS05155,OANT_RS11315,1.92e-86,250,70.52,6.4e-87,250,70.52
AYT27_RS05160,OANT_RS11320,2.71e-73,215,65.854,8.26e-77,223,65.854
AYT27_RS05165,OANT_RS11325,0,1518,81.305,0,1520,81.236
AYT27_RS05170,OANT_RS11410,3.14e-72,213,64.535,1.93e-79,229,67.222
AYT27_RS05175,OANT_RS11420,0,1551,77.743,0,1562,77.743
AYT27_RS05180,OANT_RS10835,2.38e-59,175,75,7.7e-60,175,75
AYT27_RS05185,OANT_RS10830,0,838,82.729,0,838,82.729
AYT27_RS05195,OANT_RS10825,3.22e-92,270,50.775,1.04e-92,270,50.775
AYT27_RS05205,OANT_RS10810,0,514,73.538,0,514,73.538
AYT27_RS05210,OANT_RS10805,0,800,63.39,0,810,63.39
AYT27_RS05215,OANT_RS10330,0,1309,72.445,0,1334,72.367
AYT27_RS05220,OANT_RS10325,0,615,86.047,0,615,86.047
AYT27_RS05225,OANT_RS10310,0,707,76.147,0,707,76.147
AYT27_RS05230,OANT_RS10305,0,539,59.188,0,539,59.188
AYT27_RS05235,OANT_RS10300,2.55e-76,220,82.812,3.91e-79,226,81.203
AYT27_RS05240,OANT_RS10295,0,587,83.086,0,587,83.086
AYT27_RS05245,OANT_RS10290,1.15e-90,256,93.798,3.73e-91,256,93.798
AYT27_RS05250,OANT_RS10285,7.05e-71,205,88.496,3.39e-71,204,88.496
AYT27_RS05255,OANT_RS10280,3.88e-87,252,63.351,1.27e-87,252,63.351
AYT27_RS05260,OANT_RS10275,0,712,78,0,712,78
AYT27_RS05265,OANT_RS10270,1.52e-75,219,70.13,4.97e-76,219,70.13
AYT27_RS05270,OANT_RS10265,6.18e-29,95.1,72.059,1.91e-29,95.1,72.059
AYT27_RS05275,OANT_RS10260,6.44e-112,314,84.324,2.13e-112,314,84.324
AYT27_RS05280,OANT_RS10255,1.38e-48,149,69.167,3.24e-53,159,69.167
AYT27_RS05285,OANT_RS10250,8.14e-104,293,77.966,2.63e-104,293,77.966
AYT27_RS05290,OANT_RS10245,2.36e-78,224,81.818,7.63e-79,224,81.818
AYT27_RS05295,OANT_RS10240,1.73e-57,169,80.198,5.6e-58,169,80.198
AYT27_RS05300,OANT_RS10235,8.83e-115,321,81.081,2.86e-115,321,81.081
AYT27_RS05305,OANT_RS10230,9.89e-57,168,80.769,3.17e-57,168,80.769
AYT27_RS05310,OANT_RS10225,4.28e-81,231,94.262,1.38e-81,231,94.262
AYT27_RS05315,OANT_RS10220,1.2e-45,138,83.544,3.92e-46,138,83.544
AYT27_RS05320,OANT_RS10215,3.17e-28,93.2,69.697,1.02e-28,93.2,69.697
AYT27_RS05325,OANT_RS10210,1.28e-93,264,92.701,4.16e-94,264,92.701
AYT27_RS05330,OANT_RS10205,2.02e-161,443,89.407,6.53e-162,443,89.407
AYT27_RS05335,OANT_RS10200,5.57e-82,234,88.372,1.8e-82,234,88.372
AYT27_RS05340,OANT_RS10195,9.2e-60,174,89.13,2.98e-60,174,89.13
AYT27_RS05345,OANT_RS10190,2.7e-172,474,85.56,8.1e-173,474,85.56
AYT27_RS05350,OANT_RS10185,2.96e-57,169,84.536,9.57e-58,169,84.536
AYT27_RS05355,OANT_RS10180,1.64e-118,332,75.728,5.32e-119,332,75.728
AYT27_RS05360,OANT_RS10175,5.21e-147,407,88.584,1.69e-150,415,83.333
AYT27_RS05365,OANT_RS10170,1.69e-70,202,98.039,5.46e-71,202,98.039
AYT27_RS05370,OANT_RS10165,0,709,91.304,0,708,91.304
AYT27_RS05375,OANT_RS10160,0,1299,91.066,0,1299,91.066
AYT27_RS05380,OANT_RS10155,1.86e-105,295,89.744,6.02e-106,295,89.744
AYT27_RS05385,OANT_RS10150,2.47e-85,241,96.748,7.99e-86,241,96.748
AYT27_RS05390,OANT_RS12240,1.29e-129,365,66.023,4.18e-130,365,66.023
AYT27_RS05395,OANT_RS23125,1.67e-21,90.1,25.322,5.57e-18,79,27.586
AYT27_RS05405,OANT_RS21025,3.41e-31,112,29.954,2.9e-31,110,31.841
AYT27_RS05415,OANT_RS12245,4.12e-94,275,51.908,1.33e-94,275,51.908
AYT27_RS05420,OANT_RS11630,0,1304,69.978,0,1376,69.978
AYT27_RS05430,OANT_RS11640,5e-149,429,52.425,1.69e-149,429,52.425
AYT27_RS05435,OANT_RS11645,2.09e-83,244,56.25,6.71e-84,244,56.25
AYT27_RS05440,OANT_RS19020,1.6e-08,40.8,83.333,5.17e-09,40.8,83.333
AYT27_RS05445,OANT_RS19100,6.12e-11,47,96,1.98e-11,47,96
AYT27_RS05475,OANT_RS11090,7.69e-180,508,67.213,0,511,65.699
AYT27_RS05490,OANT_RS11085,0,565,65.083,0,583,65.083
AYT27_RS05505,OANT_RS09690,3.05e-15,62.4,33.333,1.05e-15,62.4,33.333
AYT27_RS05510,OANT_RS09685,2.54e-161,487,37.963,6.62e-165,495,38.43
AYT27_RS05520,OANT_RS09675,0,1028,62.019,0,1030,62.019
AYT27_RS05525,OANT_RS09670,0,590,58.188,0,600,58.188
AYT27_RS05530,OANT_RS09665,7.76e-110,319,53.943,5.62e-114,328,53.943
AYT27_RS05535,OANT_RS09635,0,679,65.37,0,695,65.37
AYT27_RS05545,OANT_RS09625,4.66e-10,44.7,92,1.51e-10,44.7,92
AYT27_RS05555,OANT_RS22045,0,542,57.895,0,532,57.895
AYT27_RS05560,OANT_RS09425,0,575,82.596,0,596,82.596
AYT27_RS05565,OANT_RS09410,3.03e-101,291,63.265,3.2e-110,313,63.265
AYT27_RS05570,OANT_RS09400,0,629,79.357,0,629,79.357
AYT27_RS05575,OANT_RS09380,0,928,73.367,0,928,73.367
AYT27_RS05580,OANT_RS09365,7.56e-102,297,52.669,2.6e-102,297,52.669
AYT27_RS05585,OANT_RS09345,0,543,58.75,0,543,58.75
AYT27_RS05590,OANT_RS09335,2.62e-77,236,44.521,5.52e-80,241,44.521
AYT27_RS05595,OANT_RS09330,6.56e-108,319,49.695,5.09e-113,331,48.361
AYT27_RS05600,OANT_RS09325,1.57e-64,193,52.727,5.22e-65,193,52.727
AYT27_RS05605,OANT_RS09320,3.53e-164,452,79.545,1.14e-164,452,79.545
AYT27_RS05610,OANT_RS08945,0,539,62.5,0,551,62.5
AYT27_RS05625,OANT_RS09315,7.02e-27,92.4,46,2.32e-27,92.4,46
AYT27_RS05635,OANT_RS09205,1.82e-66,199,52.577,3.81e-68,202,52.577
AYT27_RS05640,OANT_RS09200,8.82e-18,66.6,57.143,3.04e-18,66.6,57.143
AYT27_RS05645,OANT_RS09195,2.51e-16,64.3,46.97,7.63e-17,64.3,46.97
AYT27_RS05650,OANT_RS09170,0,1145,65.505,0,1162,65.621
AYT27_RS05655,OANT_RS09160,7e-103,293,62.019,2.28e-103,293,62.019
AYT27_RS05660,OANT_RS09150,3.23e-52,163,46.061,3.46e-53,164,43.243
AYT27_RS05665,OANT_RS09145,1.76e-109,316,56.294,5.63e-110,316,56.294
AYT27_RS05670,OANT_RS09140,0,750,58.32,0,750,58.32
AYT27_RS05680,OANT_RS09120,0,922,65,0,937,65
AYT27_RS05685,OANT_RS09115,0,694,65.804,0,708,66.004
AYT27_RS05690,OANT_RS09110,2.73e-113,326,61.176,8.52e-114,326,61.176
AYT27_RS05695,OANT_RS09105,5.01e-101,295,48.763,1.74e-101,295,48.763
AYT27_RS05700,OANT_RS09100,0,548,60.535,0,556,60.702
AYT27_RS05705,OANT_RS09095,0,551,65.34,0,574,65.34
AYT27_RS05710,OANT_RS09090,2.76e-77,235,40.942,9.17e-78,235,40.942
AYT27_RS05715,OANT_RS09085,3.31e-156,436,68.608,2.89e-156,435,68.608
AYT27_RS05720,OANT_RS09080,3.61e-149,419,66.134,4.07e-150,421,66.134
AYT27_RS05725,OANT_RS09075,0,669,73.276,0,671,73.276
AYT27_RS05730,OANT_RS09070,2.77e-144,411,57.995,3.54e-150,425,57.995
AYT27_RS05735,OANT_RS09065,1.19e-169,476,64.151,3.87e-170,476,64.151
AYT27_RS05740,OANT_RS09060,3.7e-179,507,54.31,1.13e-173,492,54.31
AYT27_RS05745,OANT_RS09055,0,552,75.278,0,531,75.278
AYT27_RS05750,OANT_RS09050,5.01e-171,487,52.239,1.63e-171,487,52.239
AYT27_RS05755,OANT_RS09045,0,586,60.86,0,600,59.958
AYT27_RS05760,OANT_RS09040,0,767,68.257,0,761,68.392
AYT27_RS05765,OANT_RS09035,8.32e-27,94.7,40.351,2.67e-27,94.7,40.351
AYT27_RS05770,OANT_RS09030,2.81e-143,406,64.174,9.1e-144,406,64.174
AYT27_RS05780,OANT_RS09010,7.96e-53,165,61.157,3.33e-53,165,61.157
AYT27_RS05795,OANT_RS08955,1.4e-81,248,40.683,3.41e-75,230,40.683
AYT27_RS05800,OANT_RS08930,0,956,85.064,0,957,85.064
AYT27_RS05810,OANT_RS08885,1.79e-90,261,59.296,6.01e-91,261,59.296
AYT27_RS05815,OANT_RS08870,8.47e-144,408,58.908,2.76e-144,408,58.908
AYT27_RS05850,OANT_RS08805,1.5e-11,48.5,96,4.85e-12,48.5,96
AYT27_RS05855,OANT_RS08800,1.27e-47,155,39.6,4.21e-48,155,39.6
AYT27_RS05860,OANT_RS08790,1.45e-57,174,57.364,3.17e-62,184,54.545
AYT27_RS05865,OANT_RS08775,0,1013,77.712,0,1028,77.86
AYT27_RS05870,OANT_RS08770,0,586,46.522,0,591,46.986
AYT27_RS05875,OANT_RS25070,3.04e-155,443,54.386,4.39e-155,441,54.386
AYT27_RS05880,OANT_RS08765,0,715,60.901,0,687,60.901
AYT27_RS05885,OANT_RS21490,1.21e-26,90.5,68.182,7.73e-35,110,69.512
AYT27_RS05895,OANT_RS08755,0,596,68.687,0,596,68.687
AYT27_RS05905,OANT_RS08735,0,1949,80.862,0,1969,80.862
AYT27_RS05910,OANT_RS08720,9.27e-35,110,74.242,3e-35,110,74.242
AYT27_RS05915,OANT_RS08700,0,660,78.195,0,660,78.195
AYT27_RS05920,OANT_RS08665,2.26e-168,466,68.439,7.31e-169,466,68.439
AYT27_RS05925,OANT_RS08660,3.98e-176,488,74.051,0,502,74.051
AYT27_RS05930,OANT_RS08655,0,568,59.783,0,551,59.783
AYT27_RS05935,OANT_RS08645,0,508,70.402,0,508,70.402
AYT27_RS05940,OANT_RS08640,1.3e-91,260,78.981,4.2e-92,260,78.981
AYT27_RS05945,OANT_RS00270,4.87e-13,60.1,32.5,1.08e-12,58.5,32.099
AYT27_RS05950,OANT_RS08605,0,1244,75.251,0,1244,75.063
AYT27_RS05955,OANT_RS08585,3.84e-23,89,43.636,1.31e-29,103,43.86
AYT27_RS05960,OANT_RS08580,6.58e-92,266,58.216,2.15e-92,266,58.216
AYT27_RS05965,OANT_RS08555,2.86e-119,337,70.306,9.3e-120,337,70.306
AYT27_RS05970,OANT_RS08550,0,636,73.378,0,637,73.378
AYT27_RS05975,OANT_RS08540,3.26e-62,186,55.414,1.05e-62,186,55.414
AYT27_RS05985,OANT_RS08535,1.2e-24,86.3,53.846,2.3e-25,87,53.846
AYT27_RS05990,OANT_RS08530,2.48e-92,272,49.462,6.02e-91,268,49.462
AYT27_RS05995,OANT_RS08525,1.52e-122,355,47.324,4.98e-123,355,47.324
AYT27_RS06000,OANT_RS08520,1.29e-83,248,50.644,1.45e-86,254,50.628
AYT27_RS06005,OANT_RS08505,0,526,82.848,0,526,82.848
AYT27_RS06010,OANT_RS08495,0,684,70.86,0,691,68.588
AYT27_RS06015,OANT_RS08490,3.8e-108,306,74.737,7.05e-109,307,74.737
AYT27_RS06020,OANT_RS08485,3.12e-76,226,61.929,8.95e-78,229,61.929
AYT27_RS06030,OANT_RS15525,1.08e-70,214,48.899,3.5e-71,214,48.899
AYT27_RS06035,OANT_RS08480,0,605,80.109,0,615,80.109
AYT27_RS06040,OANT_RS11040,4.93e-15,66.2,38.144,4.23e-16,67.8,32.258
AYT27_RS06045,OANT_RS08460,2.25e-20,78.6,58.333,3.37e-20,78.6,58.333
AYT27_RS06060,OANT_RS08435,1.08e-67,200,64.189,3.53e-68,200,64.189
AYT27_RS06065,OANT_RS08395,4.27e-172,485,57.843,1.61e-178,500,57.843
AYT27_RS06070,OANT_RS08380,9.52e-172,478,71.028,3.01e-172,478,71.028
AYT27_RS06075,OANT_RS08375,1.07e-102,300,49.495,1.62e-99,291,49.495
AYT27_RS06080,OANT_RS08370,0,753,40.857,0,710,40.857
AYT27_RS06085,OANT_RS08365,0,660,49.495,0,667,49.495
AYT27_RS06095,OANT_RS08340,1.24e-102,300,48.454,4.02e-103,300,48.454
AYT27_RS06100,OANT_RS08320,1.01e-134,381,64.12,1.31e-134,380,64.12
AYT27_RS06105,OANT_RS08225,8.22e-67,206,45.185,1.94e-70,214,46.296
AYT27_RS06110,OANT_RS08215,0,613,73.779,0,618,73.165
AYT27_RS06115,OANT_RS25570,6.03e-56,165,85.714,1.95e-56,165,85.714
AYT27_RS06120,OANT_RS08175,2.59e-39,125,55.385,2.65e-37,119,55.385
AYT27_RS06125,OANT_RS08180,5.38e-149,411,85.837,1.73e-149,411,85.837
AYT27_RS06130,OANT_RS08190,2.33e-77,228,51.442,4.69e-72,214,51.442
AYT27_RS06135,OANT_RS08195,8.87e-83,241,65.644,4.61e-86,248,60.847
AYT27_RS06140,OANT_RS08200,2.11e-16,73.6,33.333,2.84e-21,86.3,33.333
AYT27_RS06145,OANT_RS08160,0,529,67.297,0,529,67.297
AYT27_RS06150,OANT_RS08155,5.21e-150,421,63.522,2.26e-157,439,63.522
AYT27_RS06155,OANT_RS08150,2.05e-10,45.4,96,6.62e-11,45.4,96
AYT27_RS06170,OANT_RS15995,1.53e-134,377,70.916,5.04e-135,377,70.916
AYT27_RS06175,OANT_RS15990,1.37e-163,453,75.352,4.36e-164,453,75.352
AYT27_RS06180,OANT_RS15985,1.6e-160,447,73.548,3.07e-158,440,73.548
AYT27_RS06185,OANT_RS15980,0,526,76.945,0,543,76.945
AYT27_RS06205,OANT_RS15610,4.48e-88,256,60.938,1.5e-88,256,60.938
AYT27_RS06210,OANT_RS15520,0,565,55.962,0,560,55.769
AYT27_RS06215,OANT_RS15975,0,599,52.788,0,599,52.788
AYT27_RS06220,OANT_RS02105,4.75e-19,71.6,42.045,1.57e-10,48.9,42.045
AYT27_RS06225,OANT_RS20835,2.68e-67,207,40.977,4.86e-64,198,40.602
AYT27_RS06230,OANT_RS20830,3.73e-140,395,72.425,2.57e-144,404,72.425
AYT27_RS06240,OANT_RS05215,6.3e-119,337,64.516,2.04e-119,337,64.516
AYT27_RS06245,OANT_RS05220,1.92e-132,376,62.903,4.87e-140,394,62.903
AYT27_RS06250,OANT_RS13790,0,774,66.607,0,796,66.607
AYT27_RS06265,OANT_RS00990,1.94e-34,110,66.667,6.29e-35,110,66.667
AYT27_RS06270,OANT_RS00950,3.41e-46,143,57.724,1.1e-46,143,57.724
AYT27_RS06275,OANT_RS00945,1.8e-105,306,56.207,1.17e-105,306,56.207
AYT27_RS06280,OANT_RS00330,2.75e-143,409,55.135,3.6e-145,412,55.348
AYT27_RS06285,OANT_RS07040,9.29e-22,75.5,86.364,7.22e-16,59.3,86.364
AYT27_RS06290,OANT_RS07035,1.09e-33,112,60.684,5.97e-41,129,60.684
AYT27_RS06295,OANT_RS07030,0,727,58.185,0,716,58.469
AYT27_RS06300,OANT_RS07025,8.77e-107,305,74,2.04e-107,306,74
AYT27_RS06305,OANT_RS06905,7.31e-111,315,62.174,2.37e-111,315,62.174
AYT27_RS06310,OANT_RS06865,4.52e-102,296,57.752,1.25e-106,306,58.271
AYT27_RS06315,OANT_RS06860,3.74e-116,326,72.549,1.21e-116,326,72.549
AYT27_RS06335,OANT_RS13725,2.75e-10,45.4,76.667,8.9e-11,45.4,76.667
AYT27_RS06340,OANT_RS02345,3.98e-120,351,45.874,1.21e-120,351,45.874
AYT27_RS06350,OANT_RS09005,1.28e-36,129,31.399,2.11e-37,130,31.741
AYT27_RS06355,OANT_RS11065,1.48e-12,65.5,27.273,1.64e-13,65.5,27.273
AYT27_RS06425,OANT_RS21565,6.46e-46,143,53.175,2.22e-46,143,53.175
AYT27_RS06430,OANT_RS21800,2.12e-136,392,58.876,4.42e-123,357,59.639
AYT27_RS06435,OANT_RS21805,0,678,63.168,0,658,63.168
AYT27_RS06440,OANT_RS21885,1.69e-52,164,54.913,5.63e-53,164,54.913
AYT27_RS06445,OANT_RS21890,0,644,80.637,0,644,80.637
AYT27_RS06460,OANT_RS21940,8.73e-149,417,65.101,2.84e-149,417,65.101
AYT27_RS06465,OANT_RS21950,3.03e-85,249,55.189,9.4e-86,249,55.189
AYT27_RS06475,OANT_RS02270,1.62e-84,251,48.387,4.89e-85,251,48.387
AYT27_RS06505,OANT_RS07460,9.34e-126,364,48.189,3.09e-126,364,48.189
AYT27_RS06510,OANT_RS19930,0,1298,69.256,0,1301,69.256
AYT27_RS06515,OANT_RS19935,2.68e-52,158,62.295,8.68e-53,158,62.295
AYT27_RS06520,OANT_RS19940,7.14e-171,478,63.562,2.28e-171,478,63.562
AYT27_RS06525,OANT_RS17015,1.32e-58,182,45.909,3.73e-66,200,45.909
AYT27_RS06530,OANT_RS17020,5.28e-17,65.1,61.538,1.61e-17,65.1,61.538
AYT27_RS06550,OANT_RS17040,0,588,80.769,0,588,80.769
AYT27_RS06565,OANT_RS07205,1.7e-97,285,52.593,3.16e-93,272,55.51
AYT27_RS06570,OANT_RS07200,8.53e-128,367,53.392,2.82e-128,367,53.392
AYT27_RS06575,OANT_RS07195,1.87e-63,194,50.952,3.83e-57,176,50.952
AYT27_RS06585,OANT_RS07170,1.14e-70,207,72.549,2.55e-71,208,72.549
AYT27_RS06590,OANT_RS07160,0,600,66.284,0,600,66.284
AYT27_RS06610,OANT_RS07095,2.46e-90,265,55.274,1.48e-99,287,55.274
AYT27_RS06615,OANT_RS07090,1.08e-174,488,65.867,0,514,66.4
AYT27_RS06620,OANT_RS07085,1.42e-138,392,56.832,4.6e-139,392,56.832
AYT27_RS06640,OANT_RS25140,4.6e-10,61.2,22.976,1.09e-10,61.2,22.976
AYT27_RS06645,OANT_RS19610,5.56e-70,217,47.6,1.26e-75,230,47.6
AYT27_RS06655,OANT_RS19620,2.63e-27,105,45.37,1.78e-26,102,40.278
AYT27_RS06700,OANT_RS14355,1.11e-10,62.4,25.728,3.37e-10,59.7,25.728
AYT27_RS06715,OANT_RS21580,1.28e-14,64.3,38.095,3.73e-17,69.7,38.095
AYT27_RS06730,OANT_RS16485,1.17e-66,201,52.85,4.09e-67,201,52.85
AYT27_RS06735,OANT_RS19725,2.97e-28,96.7,40.187,1.01e-28,96.7,40.187
AYT27_RS06740,OANT_RS15685,2.69e-124,357,53.495,4.84e-116,335,52.584
AYT27_RS06745,OANT_RS15680,2.84e-113,325,54.448,9.21e-114,325,54.448
AYT27_RS06765,OANT_RS03485,1.88e-13,58.5,44.304,3.05e-17,67,41.463
AYT27_RS06770,OANT_RS03490,1.1e-40,127,56,3.91e-41,127,56
AYT27_RS06775,OANT_RS03495,0,1033,61.568,0,1016,61.062
AYT27_RS06785,OANT_RS03510,2.1e-44,151,34.328,8.32e-45,150,33.113
AYT27_RS06795,OANT_RS03515,5.46e-77,228,49.099,6.15e-74,219,49.099
AYT27_RS06800,OANT_RS03520,6.14e-112,322,55.036,1.66e-112,322,55.036
AYT27_RS06805,OANT_RS03525,9.32e-118,345,50.135,2.98e-118,345,50.135
AYT27_RS06810,OANT_RS03530,2.88e-138,394,59.215,8.71e-139,394,59.215
AYT27_RS06820,OANT_RS23400,7.47e-29,114,28.767,1.55e-29,114,28.767
AYT27_RS06825,OANT_RS03345,0,682,52.229,0,682,52.229
AYT27_RS06880,OANT_RS00790,0,637,62.956,0,648,62.956
AYT27_RS06885,OANT_RS00785,0,536,70.986,0,536,70.986
AYT27_RS06890,OANT_RS00780,7.13e-46,145,46.584,2.19e-53,162,46.584
AYT27_RS06895,OANT_RS00775,1.74e-102,290,71.053,5.58e-103,290,71.053
AYT27_RS06900,OANT_RS08890,2.99e-14,60.1,44.776,6.44e-15,60.1,44.776
AYT27_RS06905,OANT_RS15665,0,901,88.636,0,925,88.636
AYT27_RS06910,OANT_RS15670,1.14e-55,165,81.633,3.68e-56,165,81.633
AYT27_RS06915,OANT_RS15645,0,664,69.114,0,645,69.114
AYT27_RS06925,OANT_RS00335,0,675,59.3,0,675,59.3
AYT27_RS06930,OANT_RS03075,5.37e-32,110,39.726,1.61e-32,110,39.726
AYT27_RS06955,OANT_RS15620,0,632,64.706,0,651,64.706
AYT27_RS07020,OANT_RS21500,1.14e-11,48.5,100,3.69e-12,48.5,100
AYT27_RS07025,OANT_RS21505,8.99e-15,57.4,86.486,2.91e-15,57.4,86.486
AYT27_RS07030,OANT_RS21510,5.03e-10,60.5,78.571,1.68e-10,60.5,78.571
AYT27_RS07035,OANT_RS21515,2.37e-12,50.4,96,7.67e-13,50.4,96
AYT27_RS07040,OANT_RS21520,1.93e-08,40.4,92,6.23e-09,40.4,92
AYT27_RS07045,OANT_RS21525,6.89e-174,496,88.679,7.53e-180,510,88.679
AYT27_RS07050,OANT_RS05365,0,587,44.343,0,599,44.954
AYT27_RS07055,OANT_RS06425,1.99e-79,251,37.862,2.22e-90,279,37.862
AYT27_RS07060,OANT_RS06420,2.22e-103,292,76.667,7.41e-104,292,76.667
AYT27_RS07065,OANT_RS06415,9.1e-09,44.3,41.304,3.29e-09,44.3,41.304
AYT27_RS07070,OANT_RS06410,2.55e-143,400,72.453,8.23e-144,400,72.453
AYT27_RS07075,OANT_RS06400,2.16e-109,320,51.757,3.19e-113,328,51.235
AYT27_RS07095,OANT_RS06370,7.48e-21,80.5,37.5,2.58e-21,80.5,37.5
AYT27_RS07105,OANT_RS05350,9.08e-36,125,74.667,2.46e-36,125,68.605
AYT27_RS07110,OANT_RS14855,1.55e-35,127,28.62,4.84e-36,127,28.62
AYT27_RS07225,OANT_RS05355,0,1345,75.729,0,1345,75.729
AYT27_RS07240,OANT_RS01695,9.88e-19,70.5,53.704,2.53e-19,70.5,53.704
AYT27_RS07245,OANT_RS01700,2.57e-75,224,54.369,7.46e-76,224,54.369
AYT27_RS07250,OANT_RS01705,1.23e-45,137,88.889,3.97e-46,137,88.889
AYT27_RS07320,OANT_RS06035,6.05e-78,226,75.46,3.34e-79,228,75.46
AYT27_RS07325,OANT_RS06030,4.29e-121,353,50.282,6.3e-131,377,50.43
AYT27_RS07340,OANT_RS06025,1.31e-18,67.4,78.049,4.22e-19,67.4,78.049
AYT27_RS07345,OANT_RS06020,9.34e-36,125,42.949,1.95e-36,125,42.949
AYT27_RS07375,OANT_RS06155,4.75e-51,160,41.026,1.52e-51,160,41.026
AYT27_RS07380,OANT_RS06160,4.25e-138,387,65.934,1.38e-138,387,65.934
AYT27_RS07395,OANT_RS01730,0,591,69.535,0,607,69.535
AYT27_RS07400,OANT_RS01740,7.05e-11,46.6,100,2.28e-11,46.6,100
AYT27_RS07445,OANT_RS04565,1.53e-11,60.8,25.967,3.76e-12,60.8,25.967
AYT27_RS07560,OANT_RS11870,9.19e-15,66.6,33.333,2.27e-15,66.6,33.333
AYT27_RS07585,OANT_RS05245,3.67e-13,52.8,96.429,1.19e-13,52.8,96.429
AYT27_RS07590,OANT_RS06550,1.55e-69,207,48.241,4.87e-70,207,48.241
AYT27_RS07595,OANT_RS06545,6.32e-36,121,40.506,1.87e-36,121,40.506
AYT27_RS07605,OANT_RS06510,1.84e-83,250,42.988,3.93e-80,241,75.163
AYT27_RS07610,OANT_RS06490,7.47e-70,206,64.968,7.67e-70,205,65.385
AYT27_RS07625,OANT_RS06450,3.88e-37,124,48.438,1.1e-37,124,48.438
AYT27_RS07630,OANT_RS06445,6.5e-75,230,47.348,2e-71,220,47.348
AYT27_RS07635,OANT_RS06435,5.72e-17,68.2,35.417,2.01e-17,68.2,35.417
AYT27_RS07655,OANT_RS06300,0,648,69.595,0,648,69.595
AYT27_RS07660,OANT_RS06295,0,1006,78.914,0,1026,78.914
AYT27_RS07665,OANT_RS06290,5.04e-64,212,31.743,2.92e-70,227,31.743
AYT27_RS07685,OANT_RS06280,1.04e-71,211,60.947,3.24e-72,211,60.947
AYT27_RS07690,OANT_RS06065,1.01e-117,332,68.966,3.24e-118,332,68.966
AYT27_RS07695,OANT_RS06185,5.05e-151,418,80.242,1.63e-151,418,80.242
AYT27_RS07705,OANT_RS06275,0,598,65.287,0,581,65.287
AYT27_RS07710,OANT_RS06270,5.38e-26,104,29.167,2.06e-34,126,29.487
AYT27_RS07715,OANT_RS06265,2.05e-36,120,45.695,2.23e-41,131,45.695
AYT27_RS07720,OANT_RS06260,6.12e-102,293,61.017,1.97e-102,293,61.017
AYT27_RS07725,OANT_RS06255,3.34e-45,142,51.969,1.15e-45,142,51.969
AYT27_RS07730,OANT_RS06250,0,534,83.333,0,534,83.333
AYT27_RS07735,OANT_RS06245,8.02e-66,199,57.561,2.02e-73,217,57.561
AYT27_RS07740,OANT_RS06240,1.92e-85,246,75.949,3.92e-83,239,75.949
AYT27_RS07745,OANT_RS06235,2.39e-38,126,44.375,7.54e-39,126,44.375
AYT27_RS07750,OANT_RS06230,7.15e-105,312,45.763,1.56e-112,330,45.763
AYT27_RS07755,OANT_RS06225,4.25e-40,134,43.976,1.77e-41,136,42.614
AYT27_RS07790,OANT_RS06220,5.47e-59,191,38.129,2.43e-52,172,37.41
AYT27_RS07795,OANT_RS06215,2.17e-118,330,83.333,6.84e-119,330,83.333
AYT27_RS07800,OANT_RS06210,8.01e-142,396,71.483,3.83e-136,380,71.483
AYT27_RS07805,OANT_RS06195,0,642,59.291,0,664,59.359
AYT27_RS07810,OANT_RS06190,7.09e-44,133,82.192,2.3e-44,133,82.192
AYT27_RS07825,OANT_RS06110,4.13e-178,494,71.637,1.33e-178,494,71.637
AYT27_RS07830,OANT_RS06120,0,506,61.596,0,506,61.596
AYT27_RS07835,OANT_RS06130,0,551,78.507,0,551,78.507
AYT27_RS07840,OANT_RS06135,0,1023,73.939,0,1035,73.939
AYT27_RS07845,OANT_RS06140,6.1e-30,99.4,62.766,1.95e-30,99.4,62.766
AYT27_RS07850,OANT_RS06145,1.34e-35,116,48.276,4.21e-36,116,48.276
AYT27_RS07860,OANT_RS06015,0,644,65.481,0,644,65.481
AYT27_RS07865,OANT_RS06010,2.18e-53,164,59.35,1.31e-53,163,59.35
AYT27_RS07870,OANT_RS06000,1.47e-27,93.2,55.422,1.67e-14,58.5,54.762
AYT27_RS07890,OANT_RS05915,0,732,61.745,0,733,61.745
AYT27_RS07900,OANT_RS05905,2.98e-78,231,51.905,9.96e-79,231,51.905
AYT27_RS07905,OANT_RS05885,1.75e-165,474,47.983,2.43e-164,469,47.863
AYT27_RS07910,OANT_RS05875,1.65e-131,373,63.38,1.88e-126,359,63.38
AYT27_RS07915,OANT_RS05845,3.28e-126,390,41.468,2.18e-132,406,42.029
AYT27_RS07920,OANT_RS05855,6.59e-68,197,82.143,2.13e-68,197,82.143
AYT27_RS07925,OANT_RS05860,2.75e-92,265,72.727,8.65e-93,265,72.727
AYT27_RS07930,OANT_RS05830,2.38e-36,113,91.525,7.69e-37,113,91.525
AYT27_RS07935,OANT_RS05820,2.13e-116,335,60.067,4.38e-126,358,60.067
AYT27_RS07965,OANT_RS05805,0,634,76.716,0,655,76.716
AYT27_RS07975,OANT_RS17560,9.75e-90,270,42.342,1.97e-91,273,42.943
AYT27_RS07980,OANT_RS17565,9.98e-127,379,41.188,1.86e-121,364,41.188
AYT27_RS07985,OANT_RS05720,3.01e-24,88.6,40.496,1.26e-21,80.5,40.496
AYT27_RS07990,OANT_RS05715,0,799,84.034,0,829,78.908
AYT27_RS07995,OANT_RS05710,3.99e-139,392,66.337,7.76e-147,410,66.337
AYT27_RS08000,OANT_RS05705,0,889,84.736,0,889,84.736
AYT27_RS08005,OANT_RS05700,1.94e-44,143,43.575,5.92e-45,143,43.575
AYT27_RS08020,OANT_RS05690,0,976,65.247,0,976,65.247
AYT27_RS08025,OANT_RS05685,1.21e-125,351,76.147,3.91e-126,351,76.147
AYT27_RS08030,OANT_RS05670,8.14e-41,134,42.775,2.45e-44,142,42.775
AYT27_RS08035,OANT_RS05665,0,1272,68.565,0,1272,68.565
AYT27_RS08040,OANT_RS05660,5.48e-88,257,61.979,4.13e-89,258,58.738
AYT27_RS08055,OANT_RS05650,0,1062,74.962,0,1062,74.962
AYT27_RS08060,OANT_RS05080,3.06e-129,360,79.452,9.89e-130,360,79.452
AYT27_RS08065,OANT_RS05085,7.4e-107,313,47.333,2.62e-107,313,47.333
AYT27_RS08070,OANT_RS05090,3.7e-52,167,43,1.61e-52,167,43
AYT27_RS08080,OANT_RS18385,0,743,58.193,0,719,58.193
AYT27_RS08085,OANT_RS18390,3.15e-108,322,46.272,3.45e-113,333,49.138
AYT27_RS08090,OANT_RS18395,9.26e-128,377,45.842,1.28e-135,396,45.842
AYT27_RS08095,OANT_RS04970,1.86e-126,357,62.172,5.99e-127,357,62.172
AYT27_RS08100,OANT_RS04965,4.95e-61,187,52.866,1.49e-66,200,49.733
AYT27_RS08105,OANT_RS04960,0,905,56.667,0,904,57.126
AYT27_RS08110,OANT_RS04945,4.89e-162,460,53.676,4.53e-166,469,53.676
AYT27_RS08245,OANT_RS04930,6.69e-168,461,82.625,2.16e-168,461,82.625
AYT27_RS08250,OANT_RS04925,0,1061,85.953,0,1064,84.202
AYT27_RS08255,OANT_RS04920,6.42e-46,142,51.562,2.13e-46,142,51.562
AYT27_RS08260,OANT_RS04915,7.48e-41,130,50.758,2.4e-41,130,50.758
AYT27_RS08265,OANT_RS04890,3.08e-72,210,86.066,5.67e-75,216,76.552
AYT27_RS08270,OANT_RS04880,4.8e-110,313,66.957,1.63e-110,313,66.957
AYT27_RS08275,OANT_RS04875,4.81e-52,162,47.619,1.64e-52,162,47.619
AYT27_RS08285,OANT_RS04870,9.46e-132,375,57.468,2.96e-132,375,57.468
AYT27_RS08290,OANT_RS04725,5.71e-27,92.4,55.172,1.1e-31,103,52.174
AYT27_RS08295,OANT_RS04730,4.88e-93,268,58.852,1.6e-93,268,58.852
AYT27_RS08300,OANT_RS04735,0,548,76.615,0,548,76.615
AYT27_RS08305,OANT_RS04740,0,746,60.611,0,771,60.45
AYT27_RS08315,OANT_RS04750,6.03e-88,256,65.327,1.89e-88,256,65.327
AYT27_RS08320,OANT_RS04755,2.29e-61,179,89.583,4.22e-58,169,91.011
AYT27_RS08325,OANT_RS18370,5.09e-74,223,48.263,1.35e-79,236,48.263
AYT27_RS08340,OANT_RS25670,1.91e-17,65.1,68.889,5.84e-18,65.1,68.889
AYT27_RS08345,OANT_RS05625,0,775,69.517,0,775,69.517
AYT27_RS08350,OANT_RS05630,1.31e-173,501,48.639,1.81e-170,492,48.639
AYT27_RS08355,OANT_RS05635,5.88e-170,483,53.675,2e-170,483,53.675
AYT27_RS08360,OANT_RS05640,1.52e-140,398,70.526,1.62e-147,415,70.526
AYT27_RS08365,OANT_RS05645,2.65e-17,65.9,63.934,3.77e-22,77,63.934
AYT27_RS08370,OANT_RS05585,4.78e-59,176,78.641,4.79e-61,179,76.86
AYT27_RS08375,OANT_RS05580,1.6e-36,117,57.576,4.9e-37,117,57.576
AYT27_RS08380,OANT_RS05575,0,641,76.337,0,714,74.225
AYT27_RS08385,OANT_RS05560,3.79e-96,276,59.048,1.2e-96,276,59.048
AYT27_RS08390,OANT_RS05610,0,1673,54.061,0,1696,53.508
AYT27_RS08395,OANT_RS05115,7.97e-40,140,26.571,2.49e-40,140,26.571
AYT27_RS08400,OANT_RS15560,9.62e-20,82.4,29.293,2.14e-20,82.8,29.293
AYT27_RS08405,OANT_RS05050,5.01e-95,296,35.125,2.08e-98,304,35.125
AYT27_RS08410,OANT_RS05045,6.8e-35,131,36.937,4.74e-39,141,32.743
AYT27_RS08415,OANT_RS05030,3.31e-177,493,69.231,0,509,69.231
AYT27_RS08425,OANT_RS05015,9.81e-81,231,78.832,3.22e-81,231,78.832
AYT27_RS08435,OANT_RS04985,1.2e-106,304,62.667,3.9e-107,304,62.667
AYT27_RS08440,OANT_RS05130,2.06e-82,244,47.458,7.07e-83,244,47.458
AYT27_RS08445,OANT_RS05140,1.09e-172,518,36.972,0,570,37.775
AYT27_RS08450,OANT_RS05145,0,513,59.569,0,513,59.569
AYT27_RS08460,OANT_RS05160,7.38e-52,165,37.5,2.45e-52,165,37.5
AYT27_RS08465,OANT_RS05170,8.9e-58,175,55.629,2.83e-58,175,55.629
AYT27_RS08470,OANT_RS05180,2.48e-98,287,52.65,7.01e-105,303,52.65
AYT27_RS08475,OANT_RS05120,2.18e-170,472,71.845,7.11e-171,472,71.845
AYT27_RS08480,OANT_RS04455,6.13e-131,375,50.872,1.97e-131,375,50.872
AYT27_RS08485,OANT_RS04465,6.66e-121,343,64.015,5.52e-117,332,64.173
AYT27_RS08490,OANT_RS04470,1.64e-107,311,60.69,1.11e-112,323,60.69
AYT27_RS08495,OANT_RS04475,8.62e-117,337,55.593,1.49e-117,338,55.593
AYT27_RS08500,OANT_RS17000,3.5e-10,45.1,96,1.13e-10,45.1,96
AYT27_RS08510,OANT_RS01510,1.18e-66,207,47.703,1.07e-74,226,47.703
AYT27_RS08515,OANT_RS05095,9.75e-116,330,63.178,9.92e-117,331,63.178
AYT27_RS08520,OANT_RS04675,1.23e-112,330,50.305,1.15e-118,344,51.411
AYT27_RS08525,OANT_RS04680,4.68e-117,341,43.583,3.47e-118,343,44.8
AYT27_RS08535,OANT_RS04690,1.74e-107,313,60.086,7.63e-108,314,60.086
AYT27_RS08540,OANT_RS04695,2.74e-177,490,76.972,1.39e-180,497,76.972
AYT27_RS08545,OANT_RS04700,1.7e-115,333,58.117,4.52e-121,346,58.117
AYT27_RS08550,OANT_RS04710,4.02e-62,189,46.512,1.22e-62,189,46.512
AYT27_RS08555,OANT_RS04715,3.94e-161,454,61.247,4.8e-164,460,61.247
AYT27_RS08565,OANT_RS02870,1.26e-29,100,41.525,3.62e-30,100,41.525
AYT27_RS08570,OANT_RS18275,2.96e-23,85.1,40.566,8.24e-24,85.1,40.566
AYT27_RS08575,OANT_RS18270,6.58e-24,84.3,52.688,2.81e-31,101,52.688
AYT27_RS08580,OANT_RS18265,2.25e-37,123,44.099,3.57e-41,132,44.099
AYT27_RS08585,OANT_RS18260,0,569,61.217,0,583,61.404
AYT27_RS08590,OANT_RS18255,1.45e-55,166,70.27,4.65e-56,166,70.27
AYT27_RS08595,OANT_RS18250,0,1217,64.712,0,1252,64.712
AYT27_RS08600,OANT_RS20035,4.86e-20,78.6,42.708,1.48e-20,78.6,42.708
AYT27_RS08605,OANT_RS02295,0,540,68.767,0,540,68.767
AYT27_RS08610,OANT_RS02300,0,617,69.268,0,587,69.268
AYT27_RS08625,OANT_RS04855,0,726,74.153,0,726,74.153
AYT27_RS08630,OANT_RS04835,0,564,69.756,0,581,69.784
AYT27_RS08635,OANT_RS04830,0,1647,76.124,0,1647,76.124
AYT27_RS08640,OANT_RS04825,0,516,89,0,516,89
AYT27_RS08645,OANT_RS04820,0,690,86.65,0,690,86.65
AYT27_RS08650,OANT_RS04815,0,554,84.688,0,554,84.688
AYT27_RS08655,OANT_RS04810,3.77e-146,417,55.438,1.18e-146,417,55.438
AYT27_RS08660,OANT_RS04805,4.37e-42,136,42.778,2.01e-43,139,42.778
AYT27_RS08665,OANT_RS04800,1.08e-90,268,52.982,4.17e-95,278,52.982
AYT27_RS08670,OANT_RS04795,0,641,69.139,0,641,69.139
AYT27_RS08675,OANT_RS04790,1.85e-176,499,75.884,3.66e-178,502,73.476
AYT27_RS08680,OANT_RS04785,3.28e-90,262,56.502,1.02e-90,262,56.502
AYT27_RS08685,OANT_RS04780,1.52e-100,291,56.972,7.83e-107,305,56.972
AYT27_RS08690,OANT_RS04450,2.82e-131,372,61.639,8.88e-132,372,61.639
AYT27_RS08695,OANT_RS04445,3.72e-150,417,77.358,1.2e-150,417,77.358
AYT27_RS08700,OANT_RS04440,8.48e-78,230,53.365,2.72e-78,230,53.365
AYT27_RS08705,OANT_RS04435,0,840,65.161,0,846,65.161
AYT27_RS08710,OANT_RS04430,4.78e-176,497,54.147,1.57e-176,497,54.147
AYT27_RS08715,OANT_RS04420,0,786,90.736,0,786,90.736
