B_henselae,C_crescentus,G1.evalue,G1.bitscore,G1.pident,G2.evalue,G2.bitscore,G2.pident
AYT27_RS00005,CC_0001,2.21e-89,265,52.453,7.52e-96,281,52.453
AYT27_RS00010,CC_0002,3.88e-48,153,45.503,9.81e-45,143,44.382
AYT27_RS00015,CC_0003,4.58e-44,148,38.406,7.46e-54,173,38.406
AYT27_RS00020,CC_0004,8.82e-63,191,50.538,2.24e-63,191,50.538
AYT27_RS00025,CC_0005,2.95e-62,192,44.444,1.21e-62,192,44.444
AYT27_RS00030,CC_3464,0,1002,54.725,0,1024,54.725
AYT27_RS00035,CC_0523,2.88e-20,84.7,27.419,3.86e-21,85.9,27.6
AYT27_RS00040,CC_3663,1.08e-67,208,43.846,2.5e-63,196,43.462
AYT27_RS00050,CC_0700,1.52e-11,56.6,28.743,2.32e-11,55.1,31.138
AYT27_RS00055,CC_1187,4.94e-82,245,45.174,1.87e-82,245,45.174
AYT27_RS00060,CC_1188,2.03e-94,279,47.44,8.07e-95,279,47.44
AYT27_RS00070,CC_3586,1.74e-37,118,62.637,7.38e-38,118,62.637
AYT27_RS00080,CC_3601,1.97e-14,65.9,31.373,3.15e-15,66.6,31.053
AYT27_RS00085,CC_3600,1.54e-106,306,61.017,5.99e-107,306,61.017
AYT27_RS00095,CC_3596,9.02e-38,124,38.312,4.28e-38,124,38.312
AYT27_RS00105,CC_0134,8.43e-156,442,58.221,3.39e-156,442,58.221
AYT27_RS00110,CC_0029,6.02e-31,110,30.435,2.42e-31,110,30.435
AYT27_RS00115,CC_0084,0,622,56.128,0,622,56.128
AYT27_RS00120,CC_1070,0,541,52.998,0,571,53.728
AYT27_RS00125,CC_3539,2e-40,127,52.381,8.35e-41,127,52.381
AYT27_RS00130,CC_3538,1.09e-165,520,31.963,6.93e-180,556,32.915
AYT27_RS00135,CC_3537,5.4e-124,400,31.519,4.7e-120,388,31.262
AYT27_RS00140,CC_3535,4.44e-29,107,36.601,3.46e-29,107,36.601
AYT27_RS00150,CC_3534,3.93e-29,101,40.602,1.52e-29,101,40.602
AYT27_RS00155,CC_3484,1.91e-92,304,30.746,5.39e-93,305,31.135
AYT27_RS00160,CC_0257,0,648,67.679,0,649,67.679
AYT27_RS00165,CC_3604,3e-65,206,40.938,7.73e-81,244,40.938
AYT27_RS00170,CC_3541,4.04e-99,300,43.165,5.27e-113,335,43.165
AYT27_RS00175,CC_3542,1.98e-110,320,56.272,8.06e-111,320,56.272
AYT27_RS00190,CC_3712,6.9e-129,377,52.141,2.46e-129,377,52.141
AYT27_RS00195,CC_3709,1.02e-141,415,44.516,2.76e-140,410,44.516
AYT27_RS00200,CC_3708,2.57e-78,234,48.617,1.01e-78,234,48.617
AYT27_RS00205,CC_0160,0,1014,63.447,0,1017,63.57
AYT27_RS00220,CC_0140,0,528,56.574,0,561,56.574
AYT27_RS00225,CC_1603,7.6e-42,157,26.418,2.07e-43,161,26.108
AYT27_RS00230,CC_1604,3.02e-34,140,25.269,7.9e-35,140,25.034
AYT27_RS00240,CC_0305,5.44e-104,323,31.904,1.4e-98,308,31.904
AYT27_RS00245,CC_1049,1.71e-70,208,64.671,3.47e-80,231,64.671
AYT27_RS00250,CC_1053,6.23e-64,199,43.277,2.59e-64,199,43.277
AYT27_RS00255,CC_0251,7.5e-35,122,31.967,2.93e-35,122,31.967
AYT27_RS00260,CC_0275,3.45e-113,333,48.711,7.04e-121,351,48.711
AYT27_RS00265,CC_0145,5.55e-98,294,44.75,7.95e-103,305,44.75
AYT27_RS00270,CC_0146,3.09e-52,164,45.366,1.13e-52,164,45.366
AYT27_RS00275,CC_0153,7.2e-121,350,51.734,2.94e-121,350,51.734
AYT27_RS00280,CC_0154,2.65e-40,134,46.452,7.73e-41,134,47.059
AYT27_RS00285,CC_3661,1.42e-22,86.3,30.769,5.78e-23,86.3,30.769
AYT27_RS00290,CC_0241,6.97e-27,92,52.874,2.63e-27,92,52.874
AYT27_RS00295,CC_0240,3.36e-47,146,57.143,1.52e-47,146,57.143
AYT27_RS00300,CC_0239,3.1e-13,60.1,36.283,1.18e-13,60.1,36.283
AYT27_RS00305,CC_0238,3.93e-119,360,40.036,9.11e-113,343,39.138
AYT27_RS00310,CC_0237,5.44e-110,313,64.807,2.16e-110,313,64.807
AYT27_RS00320,CC_3502,9.31e-20,78.6,34.426,1.61e-20,79.3,34.426
AYT27_RS00325,CC_0010,0,978,74.921,0,978,74.921
AYT27_RS00330,CC_0011,5.04e-146,416,53.646,1.31e-149,424,54.688
AYT27_RS00340,CC_0283,1.07e-102,300,56.552,3.14e-111,320,56.552
AYT27_RS00350,CC_1034,0,954,78.283,0,975,78.283
AYT27_RS00355,CC_0281,3e-121,345,66.667,3.11e-131,369,66.667
AYT27_RS00360,CC_0810,7.76e-78,234,44.828,2.85e-78,234,44.828
AYT27_RS00365,CC_0278,4.03e-100,289,56.275,1.64e-100,289,56.275
AYT27_RS00370,CC_0279,2.86e-96,284,48.039,1.15e-96,284,48.039
AYT27_RS00375,CC_0272,5.21e-56,171,50.993,2.08e-56,171,50.993
AYT27_RS00395,CC_3592,6.66e-37,121,43.151,3.12e-37,121,43.151
AYT27_RS00400,CC_3731,1.14e-71,216,51.795,4.54e-72,216,51.795
AYT27_RS00405,CC_1046,3.16e-24,83.2,62.687,1.26e-24,83.2,62.687
AYT27_RS00410,CC_1045,1.29e-54,164,70.94,4.67e-55,164,70.94
AYT27_RS00415,CC_1044,7.98e-158,444,59.714,2.09e-161,452,59.714
AYT27_RS00420,CC_1043,0,637,47.487,0,673,47.153
AYT27_RS00465,CC_3587,0,737,66.195,0,763,66.195
AYT27_RS00470,CC_3588,5.3e-60,184,46.798,2.13e-60,184,46.798
AYT27_RS00475,CC_3589,7.58e-138,400,51.264,2.92e-132,384,51.264
AYT27_RS00485,CC_t49,2.99e-09,42.4,84,1.21e-09,42.4,84
AYT27_RS00495,CC_3044,0,943,73.039,0,943,73.039
AYT27_RS00505,CC_0012,0,784,47.821,0,809,47.933
AYT27_RS00510,CC_3549,0,920,59.463,0,908,59.463
AYT27_RS00515,CC_3742,3.79e-48,150,45.775,1.59e-48,150,45.775
AYT27_RS00525,CC_3741,9.53e-22,87,29.224,3.94e-22,87,29.224
AYT27_RS00530,CC_3739,1.88e-24,92.4,32.979,7.02e-25,92.4,32.979
AYT27_RS00535,CC_2241,2.06e-75,231,39.677,7.51e-76,231,39.677
AYT27_RS00540,CC_2243,3.81e-136,392,51.194,7e-138,396,50.129
AYT27_RS00545,CC_2245,2.13e-33,114,40.805,1.68e-33,114,42.197
AYT27_RS00550,CC_3674,2.08e-30,107,37.013,8.85e-29,102,38.806
AYT27_RS00560,CC_3672,1.33e-69,211,44.98,2.5e-67,204,44.98
AYT27_RS00565,CC_3669,2.09e-12,61.2,37.5,1.03e-19,80.1,37.838
AYT27_RS00570,CC_3668,1.2e-27,101,34.921,6.66e-35,119,34.921
AYT27_RS00575,CC_3667,0,1200,64.358,0,1172,64.358
AYT27_RS00580,CC_0007,1.41e-34,110,66.279,5.94e-35,110,66.279
AYT27_RS00585,CC_0008,6.55e-99,305,40.042,7.59e-95,293,40.042
AYT27_RS00590,CC_0156,1.31e-120,350,47.594,5.29e-121,350,47.594
AYT27_RS00595,CC_0159,2.64e-77,240,40.897,1.1e-77,240,40.897
AYT27_RS00600,CC_1882,3.61e-45,142,48.551,1.45e-45,142,48.551
AYT27_RS00605,CC_1773,7.81e-82,249,44.718,7.55e-77,235,43.667
AYT27_RS00610,CC_1772,0,782,57.186,0,772,57.186
AYT27_RS00615,CC_1771,2.43e-57,177,41.176,9.28e-58,177,41.176
AYT27_RS00620,CC_1770,9.97e-16,68.2,33.981,1.67e-11,55.1,33.981
AYT27_RS00625,CC_0070,7.7e-73,226,38.806,3.04e-73,226,38.806
AYT27_RS00630,CC_3717,2.3e-103,299,54.44,9.55e-104,299,54.44
AYT27_RS00635,CC_3719,0,570,68.642,0,570,68.642
AYT27_RS00640,CC_3720,6.94e-81,234,66.871,2.83e-81,234,66.871
AYT27_RS00650,CC_3721,1.79e-28,102,32.374,6.28e-29,102,32.374
AYT27_RS00655,CC_3297,1.29e-27,92.8,82.609,1.16e-35,112,82.609
AYT27_RS00670,CC_t04,1.42e-08,40.4,76,5.77e-09,40.4,76
AYT27_RS00675,CC_1203,1.03e-20,89.4,24.924,4.86e-21,89,24.924
AYT27_RS00680,CC_1204,5.48e-180,550,36.285,0,638,36.496
AYT27_RS00690,CC_0222,3.3e-144,424,43.948,7.48e-155,450,43.948
AYT27_RS00695,CC_t03,8.4e-09,41.6,60,3.41e-09,41.6,60
AYT27_RS00700,CC_0319,4.21e-27,97.1,45.714,5.85e-28,98.2,45.714
AYT27_RS00705,CC_0318,1.4e-43,133,70.787,5.68e-44,133,70.787
AYT27_RS00710,CC_0448,1.2e-118,376,37.015,1.81e-115,367,37.015
AYT27_RS00715,CC_t10,5.6e-16,59.7,93.333,2.27e-16,59.7,93.333
AYT27_RS00805,CC_1614,1.44e-102,307,49.383,1.19e-103,309,48.665
AYT27_RS00810,CC_1615,2.29e-72,218,48.291,8.51e-73,218,48.291
AYT27_RS00820,CC_0315,2.68e-130,373,63.142,7.34e-140,396,62.17
AYT27_RS00825,CC_0314,8.88e-112,328,51.507,5.5e-121,351,51.507
AYT27_RS00830,CC_3430,3.93e-155,442,53.995,1.01e-163,462,53.995
AYT27_RS00835,CC_3431,1.23e-50,160,43.011,5.47e-51,160,43.011
AYT27_RS00840,CC_3432,4.54e-40,127,57.292,1.42e-40,127,57.292
AYT27_RS00845,CC_3433,1.3e-28,100,35.849,5.11e-29,100,35.849
AYT27_RS00850,CC_3434,7.35e-25,101,25.776,1.55e-27,107,25.776
AYT27_RS00855,CC_3435,8.21e-131,382,49.095,2.95e-131,382,49.095
AYT27_RS00860,CC_3440,2.47e-40,131,43.21,9.96e-41,131,43.21
AYT27_RS00870,CC_3621,4.25e-19,72.8,48.611,4.27e-19,72,48.611
AYT27_RS00875,CC_3622,5.85e-15,62.4,39.024,2.1e-15,62.4,39.024
AYT27_RS00880,CC_0047,6.11e-71,209,53.714,2.5e-71,209,53.714
AYT27_RS00885,CC_0741,0,790,63.711,0,790,63.711
AYT27_RS00890,CC_2174,1.14e-51,179,28.77,4.92e-52,179,28.77
AYT27_RS00895,CC_3702,8.13e-172,504,41.704,1.22e-176,515,41.704
AYT27_RS00905,CC_3322,2.08e-79,249,39.896,4.81e-88,270,39.896
AYT27_RS00910,CC_3637,7.44e-121,345,56.318,1.63e-122,348,54.483
AYT27_RS00915,CC_2263,1.57e-106,311,53.226,6.14e-107,311,53.226
AYT27_RS00935,CC_1617,0,635,65.768,0,635,65.768
AYT27_RS00940,CC_1619,2.05e-108,323,42.056,1.15e-103,310,42.056
AYT27_RS00945,CC_1620,0,717,66.341,0,717,66.341
AYT27_RS00950,CC_2157,8.4e-12,60.1,34.783,3.65e-12,60.1,34.783
AYT27_RS00955,CC_3134,4.14e-80,246,50.427,1.84e-80,246,50.427
AYT27_RS01000,CC_3492,1.15e-34,137,25.705,3.94e-40,152,26.168
AYT27_RS01010,CC_0875,9.11e-54,174,37.319,4.07e-54,174,37.319
AYT27_RS01015,CC_0856,4.95e-151,428,58.192,2.16e-151,428,58.192
AYT27_RS01020,CC_0057,1.83e-43,137,54.622,7.27e-44,137,54.622
AYT27_RS01025,CC_3068,0,1038,56.865,0,1038,56.865
AYT27_RS01030,CC_3067,2.67e-21,89.4,31.183,1.13e-21,89.4,31.183
AYT27_RS01035,CC_3066,2.03e-119,350,47.739,1.55e-123,360,47.739
AYT27_RS01040,CC_0833,1.07e-50,155,54.478,4.25e-51,155,54.478
AYT27_RS01045,CC_2936,2.14e-58,185,36.63,8.46e-59,185,36.63
AYT27_RS01050,CC_2937,1.13e-128,378,43.973,4.69e-129,378,43.973
AYT27_RS01065,CC_3727,4.28e-89,256,70.33,1.69e-89,256,70.33
AYT27_RS01070,CC_3728,0,533,68.129,0,588,68.129
AYT27_RS01075,CC_1837,1.11e-31,117,32.377,4.11e-32,117,32.377
AYT27_RS01080,CC_0034,0,976,66.952,0,982,66.952
AYT27_RS01085,CC_0035,4.07e-47,142,77.528,1.65e-47,142,77.528
AYT27_RS01090,CC_0403,5.59e-10,58.2,27.922,2.73e-13,67,25.843
AYT27_RS01095,CC_0036,9.02e-87,260,42.331,3.56e-87,260,42.331
AYT27_RS01100,CC_0037,2.25e-33,111,45.902,1.01e-33,111,45.902
AYT27_RS01105,CC_0042,0,791,60.686,0,797,59.578
AYT27_RS01110,CC_0043,9.22e-35,120,34.392,3.83e-35,120,34.392
AYT27_RS01115,CC_0044,0,640,61.822,0,658,61.822
AYT27_RS01120,CC_0045,1.43e-31,110,40.881,4.31e-32,110,40.881
AYT27_RS01125,CC_0049,6.27e-43,143,37.273,3.51e-43,143,37.611
AYT27_RS01130,CC_0050,1.56e-146,420,55.425,4.37e-145,415,55.164
AYT27_RS01135,CC_0051,3.87e-40,128,45.455,1.62e-40,128,45.455
AYT27_RS01140,CC_0052,2.03e-66,221,32,1.22e-63,213,30.695
AYT27_RS01145,CC_0053,4.81e-56,182,43.231,2.4e-61,194,43.277
AYT27_RS01150,CC_0054,6.07e-33,111,38.365,2.45e-33,111,38.365
AYT27_RS01155,CC_0055,6.89e-87,262,45.902,2.35e-87,262,45.902
AYT27_RS01160,CC_0056,5.05e-160,457,57.895,1.72e-160,457,58
AYT27_RS01165,CC_0058,2.26e-26,94.7,33.562,8.43e-27,94.7,33.562
AYT27_RS01170,CC_0059,3.11e-28,103,35.242,2e-27,100,34.934
AYT27_RS01175,CC_0425,3.96e-12,63.5,29.259,1.22e-19,85.5,30.712
AYT27_RS01180,CC_0269,2.16e-56,172,55.479,6.65e-57,172,55.479
AYT27_RS01185,CC_0268,1.18e-17,68.9,42.105,4.52e-18,68.9,42.105
AYT27_RS01190,CC_0267,1.94e-143,427,56.579,1.65e-144,429,52.471
AYT27_RS01210,CC_2933,3.72e-94,276,53.405,9.34e-105,302,53.405
AYT27_RS01215,CC_2934,4.7e-67,204,46.25,1.92e-67,204,46.25
AYT27_RS01220,CC_1210,2.46e-19,77.4,37.374,9.3e-20,77.4,37.755
AYT27_RS01240,CC_3726,4.51e-70,213,49.793,1.18e-83,246,49.793
AYT27_RS01245,CC_0141,6.52e-126,359,55.591,2.69e-126,359,55.591
AYT27_RS01250,CC_1515,1.51e-72,226,39.692,6.08e-73,226,39.692
AYT27_RS01255,CC_0290,5.24e-115,344,44.355,3.15e-121,359,44.355
AYT27_RS01260,CC_0291,1.73e-143,413,50.12,4.92e-137,396,50.12
AYT27_RS01265,CC_0292,1.96e-134,377,72.51,1.62e-135,379,72.51
AYT27_RS01270,CC_0293,3.46e-65,199,46.222,1.35e-65,199,46.222
AYT27_RS01280,CC_2967,1.39e-13,67,34.286,8.88e-14,67,34.286
AYT27_RS01290,CC_3707,7.78e-87,259,47.333,3.42e-87,259,47.333
AYT27_RS01300,CC_3603,3.01e-75,223,54.229,8.71e-72,213,54.229
AYT27_RS01325,CC_0701,0,1001,52.821,0,983,52.821
AYT27_RS01335,CC_0231,1.12e-36,120,52.713,3.68e-45,141,51.389
AYT27_RS01340,CC_0230,3.06e-91,280,54.852,1.26e-91,280,53.719
AYT27_RS01345,CC_0227,2.44e-44,142,40.212,9.85e-45,142,40.212
AYT27_RS01365,CC_0309,3.73e-96,293,40.758,5.56e-103,310,41.149
AYT27_RS01370,CC_0308,1.68e-45,150,41.364,1.48e-49,160,41.364
AYT27_RS01375,CC_0307,5.29e-23,80.9,49.296,1.96e-23,80.9,49.296
AYT27_RS01385,CC_0302,5.78e-71,227,38.936,1.95e-72,230,36.869
AYT27_RS01390,CC_0301,1.09e-56,184,39.355,4.37e-57,184,39.355
AYT27_RS01400,CC_0695,0,585,47.5,0,585,47.5
AYT27_RS01405,CC_2237,3.41e-128,369,52.355,1.39e-128,369,52.355
AYT27_RS01410,CC_1151,2.65e-171,480,67.109,0,513,67.287
AYT27_RS01430,CC_0426,1.19e-16,79,23.133,4.07e-17,79.3,23.133
AYT27_RS01550,CC_3038,9.33e-15,60.5,47.059,2.48e-15,60.5,47.059
AYT27_RS01555,CC_3037,1e-23,84.7,39.773,5.82e-25,86.7,36.538
AYT27_RS01775,CC_2867,5.56e-23,82.4,43.182,2.39e-23,82.4,43.182
AYT27_RS01835,CC_3185,3.94e-20,77,38.06,2.18e-24,87,38.06
AYT27_RS01960,CC_3216,0,507,62.468,0,507,62.468
AYT27_RS01965,CC_3103,0,574,64.871,0,574,64.871
AYT27_RS01975,CC_3098,3.4e-138,389,64.505,1.4e-138,389,64.505
AYT27_RS01980,CC_0453,9.63e-94,280,50.629,1.55e-99,293,50.629
AYT27_RS01985,CC_0419,1.91e-171,488,53.263,7.81e-172,488,53.263
AYT27_RS02010,CC_3585,6.24e-36,117,48.201,1.3e-40,128,48.921
AYT27_RS02015,CC_0528,4.08e-102,302,47.801,1.21e-108,318,47.801
AYT27_RS02025,CC_3130,0,538,56.103,0,524,56.103
AYT27_RS02030,CC_3129,3.86e-93,284,38.995,1.24e-94,287,38.995
AYT27_RS02035,CC_2057,3.83e-146,424,47.182,1.24e-148,429,47.182
AYT27_RS02040,CC_2056,2.48e-35,123,34.562,9.28e-36,123,34.562
AYT27_RS02045,CC_2055,0,696,58.347,0,710,58.678
AYT27_RS02050,CC_1217,1.12e-104,306,52.203,2e-100,294,52.203
AYT27_RS02060,CC_3415,1.59e-52,167,38.559,1.92e-45,148,38.559
AYT27_RS02065,CC_3414,4.59e-152,437,50.787,5.36e-156,446,50.787
AYT27_RS02070,CC_1104,2.44e-24,102,28.894,8.67e-30,117,27.891
AYT27_RS02075,CC_0831,5.18e-71,218,42.804,3.11e-73,223,41.472
AYT27_RS02080,CC_0830,4.95e-37,129,36.232,7.43e-36,124,35.776
AYT27_RS02085,CC_0829,6.4e-35,111,61.446,2.57e-35,111,61.446
AYT27_RS02090,CC_0840,2.91e-98,284,55,1.2e-98,284,55
AYT27_RS02095,CC_0843,1.82e-179,503,61.466,3.25e-174,489,61.466
AYT27_RS02100,CC_0450,8.1e-89,273,39.243,1.21e-88,272,39.22
AYT27_RS02115,CC_1652,8.5e-10,53.9,24.038,3.65e-11,57,24.402
AYT27_RS02120,CC_1654,0,526,55.437,0,528,55.437
AYT27_RS02135,CC_0368,1.39e-71,217,45.2,1.26e-66,203,45.059
AYT27_RS02140,CC_0367,1.22e-22,79.7,60,2.34e-19,70.5,61.667
AYT27_RS02145,CC_0366,3.43e-13,61.6,34.839,6.71e-26,94,34.839
AYT27_RS02150,CC_0365,1.18e-11,57,43.269,1.28e-28,100,41.333
AYT27_RS02155,CC_1342,0,557,42.934,0,557,42.934
AYT27_RS02160,CC_1341,1.5e-134,381,60.959,5.76e-135,381,60.959
AYT27_RS02165,CC_1335,3.81e-56,195,27.726,1.9e-63,214,27.911
AYT27_RS02170,CC_2113,3.1e-104,307,50.779,1.8e-108,317,50.779
AYT27_RS02175,CC_2114,3.23e-20,84,31.602,1.57e-16,72.8,31.602
AYT27_RS02180,CC_0927,2.28e-15,72.8,27.602,3.01e-17,78.2,27.556
AYT27_RS02190,CC_1336,3.87e-50,165,36.458,5.81e-43,145,36.458
AYT27_RS02200,CC_0379,1.45e-50,160,50,5.72e-51,160,50
AYT27_RS02205,CC_3390,1.25e-73,227,44.482,9.46e-79,239,43.871
AYT27_RS02210,CC_3389,1.18e-131,385,43.696,4.7e-132,385,43.696
AYT27_RS02220,CC_0297,2.51e-144,415,49.289,6.48e-146,418,49.289
AYT27_RS02225,CC_3421,6.48e-71,221,38.838,2.59e-71,221,38.838
AYT27_RS02235,CC_0918,2.93e-85,248,59.898,1.28e-85,248,59.898
AYT27_RS02240,CC_2772,1.02e-59,190,39.869,8.29e-69,213,40.453
AYT27_RS02250,CC_3154,6.36e-169,473,66.851,1.2e-169,474,66.851
AYT27_RS02255,CC_0887,5.03e-60,196,34.324,1.29e-68,217,34.324
AYT27_RS02260,CC_2070,2.34e-24,84.7,64.179,9.49e-25,84.7,64.179
AYT27_RS02265,CC_2068,0,810,64.583,0,824,64.583
AYT27_RS02270,CC_1324,1.97e-60,187,44.444,7.81e-61,187,44.444
AYT27_RS02275,CC_1326,7.58e-87,267,36.232,9.64e-93,281,36.715
AYT27_RS02280,CC_3411,0,563,58.635,0,582,58.635
AYT27_RS02290,CC_3405,4.1e-96,284,50.831,2.61e-94,279,50.831
AYT27_RS02295,CC_3361,1.91e-121,349,56.051,7.22e-122,349,56.051
AYT27_RS02300,CC_3364,7.64e-105,306,48.208,3.08e-105,306,48.208
AYT27_RS02305,CC_3365,1.55e-54,166,55.396,6.04e-55,166,55.396
AYT27_RS02310,CC_0217,1.53e-08,52,28.814,1.86e-08,52,28.571
AYT27_RS02315,CC_3395,1.45e-45,146,43.299,5.9e-46,146,43.299
AYT27_RS02320,CC_0740,4.13e-67,238,27.444,8.51e-68,239,27.444
AYT27_RS02325,CC_3398,5.86e-79,248,35.941,2.78e-83,258,35.941
AYT27_RS02330,CC_3399,1.27e-158,454,49.345,5.16e-159,454,49.345
AYT27_RS02350,CC_2096,1.55e-09,53.1,27.604,5.98e-10,53.1,27.604
AYT27_RS02355,CC_0378,2.51e-168,471,61.429,9.64e-169,471,61.429
AYT27_RS02360,CC_0377,4.16e-85,259,45.455,2.21e-97,289,45.455
AYT27_RS02370,CC_0374,1.56e-32,114,40.373,5.88e-33,114,40.373
AYT27_RS02375,CC_1471,0,1197,65.94,0,1212,66.065
AYT27_RS02390,CC_1061,9.9e-44,137,50.382,4.17e-44,137,50.382
AYT27_RS02395,CC_0949,2.33e-48,151,56.296,7.94e-48,149,58.462
AYT27_RS02400,CC_0936,0,623,45.894,0,627,45.894
AYT27_RS02405,CC_3557,6.63e-48,152,42.408,2.77e-48,152,42.408
AYT27_RS02430,CC_0252,3.52e-140,423,40.959,9.61e-142,426,38.673
AYT27_RS02440,CC_2766,2.24e-93,270,61.261,4.32e-102,291,61.261
AYT27_RS02445,CC_2765,3.97e-52,179,32.187,3.26e-69,224,31.489
AYT27_RS02455,CC_2761,4.87e-35,117,39.416,2.01e-35,117,39.416
AYT27_RS02460,CC_2760,1.65e-173,507,45.226,3.61e-177,515,44.828
AYT27_RS02465,CC_2759,7.43e-31,105,56.18,3.32e-28,98.2,50
AYT27_RS02470,CC_2758,1.48e-108,330,40.833,3.36e-112,338,41.25
AYT27_RS02475,CC_2757,1.41e-91,265,58.824,5.58e-92,265,58.824
AYT27_RS02480,CC_2755,8.25e-67,218,33.966,1.01e-72,233,33.966
AYT27_RS02485,CC_2753,0,592,42.551,0,615,41.026
AYT27_RS02495,CC_0709,1.48e-44,144,42.949,8.33e-45,144,42.949
AYT27_RS02500,CC_2482,5.67e-120,378,38.85,3.15e-123,385,39.583
AYT27_RS02505,CC_2481,0,763,46.605,0,795,46.605
AYT27_RS02510,CC_1333,3.26e-70,215,41.825,9.96e-73,220,41.509
AYT27_RS02520,CC_3264,3.95e-10,54.3,24.684,2.14e-10,53.9,24.684
AYT27_RS02525,CC_1880,1.15e-56,179,40.964,2.62e-58,182,40.964
AYT27_RS02540,CC_2029,0,848,69.565,0,848,69.565
AYT27_RS02555,CC_1193,7.36e-35,123,30.638,2.83e-35,123,30.638
AYT27_RS02560,CC_1192,3.93e-41,144,37.634,2.07e-36,131,37.634
AYT27_RS02575,CC_2194,7.99e-69,237,28.252,3.03e-69,237,28.252
AYT27_RS02585,CC_1194,8.85e-83,273,30.569,5.46e-85,278,30.332
AYT27_RS02590,CC_1195,1.78e-110,319,52.759,3.51e-102,296,52.759
AYT27_RS02595,CC_1196,8.01e-62,184,61.379,3.13e-62,184,61.379
AYT27_RS02600,CC_1549,8.02e-78,230,53.774,3.3e-78,230,53.774
AYT27_RS02605,CC_1552,4.17e-30,102,68.493,4.6e-31,103,64.634
AYT27_RS02610,CC_1553,0,629,45.928,0,629,45.928
AYT27_RS02615,CC_1555,9.73e-73,215,53.368,3.99e-73,215,53.368
AYT27_RS02625,CC_1558,1.08e-57,172,58.333,4.4e-58,172,58.333
AYT27_RS02630,CC_1559,2.03e-66,205,40.602,7.51e-64,197,40.602
AYT27_RS02635,CC_1560,2.83e-52,166,46.018,2.81e-60,185,46.018
AYT27_RS02640,CC_1562,2.72e-112,325,52.597,1.23e-112,325,52.597
AYT27_RS02645,CC_1564,4.98e-45,149,36.975,2.31e-48,156,38.136
AYT27_RS02650,CC_2166,8.45e-68,209,41.155,9.1e-71,216,41.155
AYT27_RS02655,CC_1651,7.31e-104,300,58.4,2.72e-104,300,58.4
AYT27_RS02660,CC_1451,6.19e-73,218,57.36,3.05e-73,218,57.36
AYT27_RS02665,CC_0385,2.47e-36,127,30.916,2.28e-28,105,30.916
AYT27_RS02670,CC_0388,0,532,60.407,0,532,60.407
AYT27_RS02685,CC_0460,7.46e-129,380,42.802,2.68e-132,387,42.913
AYT27_RS02695,CC_1314,2.86e-145,432,42.162,6.36e-155,456,41.579
AYT27_RS02710,CC_1656,6.73e-77,230,50.226,2.75e-77,230,50.226
AYT27_RS02715,CC_1658,0,610,62.527,0,610,62.527
AYT27_RS02720,CC_1659,3.22e-15,67.8,26.042,1.05e-13,62.8,26.042
AYT27_RS02725,CC_1660,1.88e-170,484,59.39,3.19e-173,490,59.39
AYT27_RS02730,CC_1665,3.55e-172,491,52.301,1.48e-172,491,52.301
AYT27_RS02740,CC_1667,2.71e-60,184,52.439,4.52e-61,185,52.439
AYT27_RS02750,CC_1668,7.84e-42,129,85.714,1.24e-44,135,86.301
AYT27_RS02755,CC_1669,9.57e-41,129,51.163,3.63e-41,129,51.163
AYT27_RS02770,CC_1674,2.36e-108,315,55.38,4.51e-109,316,55.38
AYT27_RS02775,CC_1675,4.53e-98,283,63.158,3.09e-108,308,63.158
AYT27_RS02780,CC_1677,1.14e-34,110,71.795,4.63e-35,110,71.795
AYT27_RS02785,CC_1678,0,539,60.563,1.98e-170,480,60.563
AYT27_RS02790,CC_1679,6.51e-93,280,46.541,2.49e-93,280,46.541
AYT27_RS02795,CC_1681,2.01e-62,191,41.706,7.84e-63,191,41.706
AYT27_RS02800,CC_1685,9.77e-77,231,48.627,3.71e-77,231,48.627
AYT27_RS02805,CC_1686,1.37e-103,304,51.672,5.5e-104,304,51.672
AYT27_RS02815,CC_1689,1e-66,234,24.533,4.16e-67,234,24.533
AYT27_RS02820,CC_1690,2.81e-43,150,30.791,1.15e-43,150,30.791
AYT27_RS02825,CC_1691,5.84e-18,81.6,21.703,2.82e-21,90.1,22.071
AYT27_RS02830,CC_1693,3.7e-39,127,36.735,1.55e-39,127,36.735
AYT27_RS02845,CC_1774,7.41e-78,245,35.392,1.52e-72,231,35.476
AYT27_RS02865,CC_1698,2.58e-176,511,45.47,0,550,45.336
AYT27_RS02870,CC_1699,8.62e-65,191,66.423,3.47e-65,191,66.423
AYT27_RS02875,CC_2908,1.43e-23,90.1,38.462,2.93e-20,80.5,38.462
AYT27_RS02880,CC_2881,0,724,56.757,0,748,56.757
AYT27_RS02885,CC_1096,1.11e-55,178,35.688,4.29e-56,178,35.688
AYT27_RS02895,CC_2003,1.53e-12,55.1,56.25,1.47e-08,43.5,73.077
AYT27_RS02900,CC_2002,4.62e-16,68.6,38.095,1.35e-10,53.1,38.095
AYT27_RS02905,CC_2001,2.59e-60,190,42.5,8.98e-71,216,42.5
AYT27_RS02910,CC_1999,1.58e-166,473,51.883,7.29e-167,473,51.883
AYT27_RS02915,CC_1997,3.36e-36,124,33.493,1.38e-36,124,33.493
AYT27_RS02920,CC_1996,1.12e-23,99.8,26.568,8.59e-26,105,28.417
AYT27_RS02925,CC_1992,2.15e-22,82.8,38,6.08e-23,82.8,38
AYT27_RS02930,CC_1989,1.6e-12,57,34.821,5.95e-13,57,34.821
AYT27_RS02935,CC_1987,4.85e-15,69.7,31.492,8.62e-17,73.6,28.926
AYT27_RS02940,CC_1894,7.16e-18,84.3,21.191,1.88e-20,91.3,21.191
AYT27_RS02945,CC_1893,9.2e-66,202,48.374,6.88e-75,224,48.374
AYT27_RS02955,CC_1720,0,759,68,0,759,68
AYT27_RS02960,CC_1429,1.36e-117,336,61.733,3.39e-126,357,61.733
AYT27_RS02965,CC_1724,0,588,70.883,0,603,70.883
AYT27_RS02975,CC_1725,9.25e-14,58.9,37.333,1.49e-09,47,37.333
AYT27_RS02980,CC_1726,3.1e-152,429,66.772,4.09e-153,430,66.772
AYT27_RS02985,CC_1727,0,568,62.009,0,568,61.572
AYT27_RS02990,CC_1729,3.13e-137,397,47.651,6.92e-145,416,48.77
AYT27_RS02995,CC_1731,8.43e-170,484,52.381,3.28e-170,484,52.381
AYT27_RS03000,CC_1735,6.08e-166,461,67.823,2.51e-166,461,67.823
AYT27_RS03005,CC_1736,4.68e-22,83.2,29.078,1.84e-22,83.2,29.078
AYT27_RS03010,CC_1737,2.94e-45,143,46.405,1.2e-45,143,46.405
AYT27_RS03015,CC_1738,2.3e-86,264,40.816,3.16e-89,270,40.816
AYT27_RS03020,CC_2625,5.04e-11,54.3,31.579,1.89e-11,54.3,31.579
AYT27_RS03025,CC_1742,2.4e-129,398,37.32,6.96e-138,419,37.32
AYT27_RS03030,CC_1743,0,538,60.132,0,548,60.793
AYT27_RS03045,CC_1963,2.55e-122,342,76.098,1.03e-122,342,76.098
AYT27_RS03050,CC_1961,0,674,81.174,0,696,81.174
AYT27_RS03055,CC_1960,0,1082,67.439,0,1082,67.439
AYT27_RS03060,CC_1959,8.05e-27,91.3,50,3.3e-27,91.3,50
AYT27_RS03065,CC_2598,0,608,63.27,0,608,63.27
AYT27_RS03075,CC_1964,4.28e-112,335,38.876,1.67e-112,335,38.876
AYT27_RS03080,CC_2436,0,641,62.45,0,641,62.45
AYT27_RS03085,CC_1887,2.59e-29,99.8,46.667,8.37e-30,99.8,46.667
AYT27_RS03090,CC_1886,2.71e-24,90.5,36.975,1.63e-24,90.5,37.815
AYT27_RS03100,CC_2627,1.33e-21,86.7,29.204,4.78e-22,86.7,29.204
AYT27_RS03105,CC_1239,3.42e-48,158,38.007,1.36e-51,166,38.007
AYT27_RS03115,CC_t16,3.49e-09,42,91.667,1.42e-09,42,91.667
AYT27_RS03130,CC_3206,2.97e-12,53.1,40.984,1.31e-12,53.5,40.984
AYT27_RS03135,CC_3205,7.84e-86,247,66.474,3.34e-86,247,66.474
AYT27_RS03140,CC_0641,1.14e-66,196,63.121,4.65e-67,196,63.121
AYT27_RS03145,CC_0640,7.61e-93,269,65.939,2.68e-100,287,65.939
AYT27_RS03150,CC_0496,7.1e-51,158,48.256,2.88e-51,158,48.256
AYT27_RS03155,CC_0497,7.82e-37,119,60.63,1.86e-34,112,66.142
AYT27_RS03160,CC_0502,0,2076,73.661,0,2076,73.661
AYT27_RS03165,CC_0503,0,1996,70.427,0,1996,70.427
AYT27_RS03170,CC_0081,3.65e-19,75.1,36.975,1.84e-19,75.1,36.975
AYT27_RS03175,CC_0324,1.99e-54,171,42.009,7.76e-55,171,42.009
AYT27_RS03180,CC_3108,5.4e-164,468,53.648,2.1e-172,488,53.648
AYT27_RS03190,CC_2161,2.9e-87,270,39.951,1.85e-87,270,39.659
AYT27_RS03195,CC_2467,1.33e-40,128,54.286,5.18e-41,128,54.286
AYT27_RS03200,CC_2468,0,1048,67.694,0,1029,67.694
AYT27_RS03205,CC_2470,3.82e-45,141,52.899,1.6e-45,141,52.899
AYT27_RS03210,CC_2158,6.08e-38,123,50,2.18e-38,123,50
AYT27_RS03220,CC_1923,4.67e-124,350,67.871,6.31e-130,364,65.9
AYT27_RS03225,CC_1922,4.86e-126,359,60,1.78e-129,367,59.532
AYT27_RS03230,CC_1921,1.77e-95,276,55.128,7.41e-96,276,55.128
AYT27_RS03235,CC_1920,2.58e-72,213,56.906,1.06e-72,213,56.906
AYT27_RS03240,CC_1918,4.69e-36,127,33.071,3.51e-34,120,33.071
AYT27_RS03245,CC_1916,1.87e-64,207,31.795,7.9e-65,207,31.795
AYT27_RS03250,CC_1915,2.28e-149,453,37.63,1.16e-156,471,37.358
AYT27_RS03255,CC_1913,2.7e-72,225,40.237,2.98e-76,234,40.237
AYT27_RS03260,CC_1912,9.31e-46,144,47.887,3.88e-46,144,47.887
AYT27_RS03265,CC_1911,1.22e-74,226,43.678,4.76e-75,226,43.678
AYT27_RS03270,CC_1910,6.61e-51,166,40.221,1.15e-49,162,40.221
AYT27_RS03275,CC_1909,1.03e-61,201,32.663,4.16e-62,201,32.663
AYT27_RS03285,CC_1440,2.78e-35,122,36.406,1.05e-35,122,36.406
AYT27_RS03295,CC_1441,1.05e-19,82.4,22.566,3.59e-20,82.8,22.566
AYT27_RS03300,CC_1906,0,637,68.075,0,637,68.075
AYT27_RS03305,CC_1905,1.06e-163,468,51.158,2.84e-166,474,51.579
AYT27_RS03310,CC_1904,5.34e-42,160,25.714,9.1e-61,214,25.855
AYT27_RS03315,CC_2303,1.05e-45,149,41.126,4.12e-46,149,41.126
AYT27_RS03325,CC_2302,3.62e-148,427,47.3,1.48e-148,427,47.3
AYT27_RS03330,CC_2300,0,631,64.018,0,631,64.018
AYT27_RS03335,CC_3619,1.87e-20,92,29.787,9.28e-21,92,29.787
AYT27_RS03345,CC_1847,6.99e-156,449,60.548,1.95e-156,450,58.015
AYT27_RS03350,CC_1221,3.83e-94,275,52.8,1.57e-94,275,52.8
AYT27_RS03355,CC_t02,5.21e-11,46.6,87.5,2.11e-11,46.6,87.5
AYT27_RS03360,CC_0959,0,558,58,0,566,58
AYT27_RS03625,CC_2513,7.72e-11,50.4,34.884,3.07e-11,50.4,34.884
AYT27_RS03760,CC_t06,3.87e-11,47,100,1.57e-11,47,100
AYT27_RS03765,CC_0744,3.18e-47,145,63.866,1.27e-47,145,63.866
AYT27_RS03775,CC_2258,1.02e-47,149,47.945,3.81e-48,149,47.945
AYT27_RS03790,CC_3567,1.04e-26,99,29.348,4.74e-27,99,29.348
AYT27_RS03815,CC_t19,2.17e-10,45.1,92,8.81e-11,45.1,92
AYT27_RS03820,CC_1858,8.54e-33,108,52.475,2.89e-33,108,52.475
AYT27_RS03825,CC_1747,5.84e-71,216,42.146,2.39e-71,216,42.146
AYT27_RS03830,CC_2250,1.85e-44,151,30.798,8.29e-43,145,30.798
AYT27_RS03835,CC_1569,5.31e-38,135,31.975,2.27e-43,148,31.975
AYT27_RS03855,CC_2622,0,852,58.602,0,817,58.602
AYT27_RS03865,CC_1745,6.33e-40,123,72.368,2.67e-40,123,72.368
AYT27_RS03870,CC_1746,1.01e-125,369,51.244,2.98e-129,376,51.244
AYT27_RS03880,CC_1374,1.42e-65,208,39.815,8.31e-72,223,39.067
AYT27_RS03885,CC_1378,5.95e-116,334,51.792,2.46e-116,334,51.792
AYT27_RS03890,CC_1357,0,595,67.458,0,595,67.458
AYT27_RS03895,CC_1358,8.97e-72,210,62.745,3.57e-72,210,62.745
AYT27_RS03900,CC_0885,4.52e-17,78.2,35.032,2.17e-21,89.4,32.558
AYT27_RS03905,CC_0886,5.91e-39,130,39.512,2.39e-39,130,39.512
AYT27_RS03910,CC_1359,4.12e-46,144,51.034,1.66e-46,144,51.034
AYT27_RS03915,CC_1360,5.2e-42,134,46.429,1.99e-42,134,46.429
AYT27_RS03920,CC_1365,1.15e-15,67,38.71,3e-16,67.8,38.71
AYT27_RS03925,CC_1367,1.94e-13,62.4,30.38,9.31e-19,75.5,30.573
AYT27_RS03930,CC_1368,2.37e-114,333,48.795,9.75e-115,333,48.795
AYT27_RS03935,CC_1369,1.67e-112,326,53.727,9.03e-122,348,53.727
AYT27_RS03940,CC_1370,7.5e-29,97.4,52.128,2.82e-29,97.4,52.128
AYT27_RS03945,CC_1371,4.55e-37,122,53.271,1.56e-37,122,53.271
AYT27_RS03950,CC_0464,0,778,57.382,0,790,57.382
AYT27_RS03955,CC_0463,8.31e-20,74.3,52.381,3.09e-20,74.3,52.459
AYT27_RS03960,CC_0462,1.01e-37,123,44.928,4.6e-44,138,44.928
AYT27_RS03965,CC_0459,4.09e-72,215,52.128,1.71e-72,215,52.128
AYT27_RS03970,CC_t30,7.6e-13,51.6,96.429,3.09e-13,51.6,96.429
AYT27_RS04010,CC_2463,7.82e-60,177,69.421,3.41e-60,177,69.421
AYT27_RS04015,CC_1377,8.02e-73,213,63.975,3.18e-73,213,63.975
AYT27_RS04020,CC_1376,3.56e-65,193,60.927,1.47e-65,193,60.927
AYT27_RS04025,CC_1386,1.55e-129,390,41.484,3.11e-145,429,41.484
AYT27_RS04030,CC_1974,0,824,61.374,0,801,59.012
AYT27_RS04035,CC_2176,6.69e-94,272,58.447,1.75e-99,285,58.447
AYT27_RS04040,CC_3456,5.41e-46,154,40.097,1.42e-47,157,37.302
AYT27_RS04045,CC_3455,3.11e-73,218,54.822,3.67e-75,222,54.822
AYT27_RS04115,CC_1884,0,605,67.489,0,632,67.72
AYT27_RS04120,CC_1883,4.33e-43,138,47.853,4.97e-52,159,50
AYT27_RS04125,CC_1879,1.18e-34,122,34.123,4.12e-35,122,34.123
AYT27_RS04140,CC_1306,6e-120,346,52.848,2.55e-120,346,52.848
AYT27_RS04145,CC_1309,1.36e-55,180,38.679,5.14e-69,213,38.679
AYT27_RS04150,CC_0424,1.72e-61,184,54.362,7.01e-62,184,54.362
AYT27_RS04155,CC_2084,6.97e-61,186,42.365,2.6e-61,186,42.365
AYT27_RS04165,CC_2459,1.47e-25,85.5,74.545,5.95e-26,85.5,74.545
AYT27_RS04180,CC_2453,0,598,42.387,0,602,42.387
AYT27_RS04185,CC_2451,0,1016,59.666,0,1027,58.906
AYT27_RS04195,CC_2447,1.64e-100,300,45.383,1.42e-98,294,46.821
AYT27_RS04200,CC_2446,2.83e-56,175,50.262,2.5e-61,187,52.105
AYT27_RS04205,CC_2444,2.49e-114,339,44.159,1.17e-114,339,44.159
AYT27_RS04210,CC_2443,1.27e-129,370,60.129,6.3e-134,380,60.129
AYT27_RS04220,CC_2439,2.09e-38,125,41.667,8.32e-39,125,41.667
AYT27_RS04225,CC_2438,8.61e-28,94,49.474,3.49e-28,94,49.474
AYT27_RS04230,CC_2437,0,646,66.599,0,647,66.599
AYT27_RS04265,CC_1387,2.08e-19,75.1,62.712,2.86e-20,75.1,62.712
AYT27_RS04270,CC_1388,9.84e-21,81.6,35.246,2.28e-21,82.4,35.246
AYT27_RS04275,CC_1229,7.69e-10,55.1,33.333,4.01e-10,55.1,33.333
AYT27_RS04290,CC_2680,4.29e-71,215,54.645,5.57e-73,218,52.736
AYT27_RS04295,CC_2677,1.36e-118,338,60.784,5.51e-119,338,60.784
AYT27_RS04300,CC_2675,1.71e-73,220,45.74,2.47e-77,229,45.74
AYT27_RS04305,CC_2520,4.5e-63,196,46.552,1.65e-63,196,46.552
AYT27_RS04310,CC_3703,9.66e-11,57.8,26.638,4.2e-11,57.8,26.638
AYT27_RS04315,CC_2511,2.59e-116,326,71.078,1.05e-116,326,71.078
AYT27_RS04330,CC_1902,2.92e-91,266,57.203,4.63e-93,269,57.203
AYT27_RS04335,CC_t13,7.37e-08,38.9,78.261,2.99e-08,38.9,78.261
AYT27_RS04340,CC_1825,1.1e-48,161,60.317,3.35e-49,161,52.288
AYT27_RS04350,CC_1824,7.81e-58,179,44.175,3.07e-58,179,44.175
AYT27_RS04355,CC_1823,1.91e-43,150,29.755,4.25e-46,156,30.395
AYT27_RS04360,CC_1480,1.03e-30,122,23.314,1.81e-32,126,23.314
AYT27_RS04365,CC_1822,2.27e-71,216,42.578,8.45e-78,232,42.578
AYT27_RS04370,CC_1821,3.56e-78,234,45.522,1.44e-78,234,45.522
AYT27_RS04380,CC_1352,9.69e-64,203,37.349,4.39e-73,226,37.349
AYT27_RS04405,CC_1579,2.51e-10,53.5,30.496,1.21e-13,61.6,29.091
AYT27_RS04420,CC_1859,6.41e-45,139,55.963,2.31e-45,139,55.963
AYT27_RS04425,CC_1860,2.77e-176,495,58.168,1.11e-176,495,58.168
AYT27_RS04430,CC_1861,3.09e-44,154,30.179,1.02e-44,154,30.179
AYT27_RS04435,CC_1862,7.15e-107,306,59.761,2.88e-107,306,59.761
AYT27_RS04440,CC_1864,0,782,73.016,0,782,73.016
AYT27_RS04445,CC_1865,2.07e-61,199,36.788,3.7e-67,213,36.788
AYT27_RS04450,CC_1867,1.94e-95,277,57.075,9.77e-96,277,57.075
AYT27_RS04455,CC_1870,2.14e-174,491,56.386,8.73e-175,491,56.386
AYT27_RS04460,CC_1871,1.56e-57,174,58.219,6.13e-58,174,58.219
AYT27_RS04465,CC_1874,3.1e-161,453,61.224,3.44e-156,439,61.224
AYT27_RS04470,CC_1875,0,683,47.803,0,683,47.803
AYT27_RS04475,CC_1876,2.54e-41,147,40.639,9.96e-42,147,40.639
AYT27_RS04485,CC_1877,6.56e-42,162,77.778,0,684,55.385
AYT27_RS04500,CC_1844,0,1194,51.51,0,1194,51.51
AYT27_RS04505,CC_1845,9.47e-17,66.6,42.647,4.64e-17,66.6,42.647
AYT27_RS04510,CC_1929,6.96e-74,221,55.556,2.93e-79,233,55.556
AYT27_RS04515,CC_1930,1.38e-121,357,45.455,5.67e-122,357,45.455
AYT27_RS04520,CC_1931,0,611,66.287,0,611,66.287
AYT27_RS04525,CC_1934,4.64e-164,475,43.316,1.89e-164,475,43.316
AYT27_RS04530,CC_1936,2.24e-36,127,34.31,1.24e-40,137,34.31
AYT27_RS04535,CC_1937,3.24e-115,345,45.853,7.96e-120,355,43.724
AYT27_RS04540,CC_1938,0,592,60.331,0,592,60.331
AYT27_RS04545,CC_1939,0,674,53.695,0,684,53.392
AYT27_RS04550,CC_1940,2.95e-39,123,73,5.53e-46,139,73
AYT27_RS04555,CC_1941,1.77e-66,200,57.286,2.67e-64,194,56.477
AYT27_RS04560,CC_1942,3.47e-86,247,75,1.41e-86,247,75
AYT27_RS04565,CC_1945,2.39e-131,376,60.632,8.05e-131,374,62.037
AYT27_RS04570,CC_1946,0,817,60.545,0,827,60.545
AYT27_RS04575,CC_1947,0,610,66.743,0,610,66.743
AYT27_RS04580,CC_1950,7.81e-67,202,52.174,6.19e-67,202,52.174
AYT27_RS04585,CC_1952,0,630,76.01,0,630,76.01
AYT27_RS04590,CC_1954,6.54e-85,246,59.799,2.59e-85,246,59.799
AYT27_RS04595,CC_1955,3.08e-95,272,83.436,3.81e-105,296,83.436
AYT27_RS04600,CC_1956,7.33e-55,164,64,3.07e-55,164,64
AYT27_RS04605,CC_t27,1.03e-10,45.8,88,4.18e-11,45.8,88
AYT27_RS04745,CC_2326,1.45e-09,54.7,30.894,5.4e-10,54.3,30.894
AYT27_RS04865,CC_1389,2.48e-34,111,46.535,1.01e-34,111,46.535
AYT27_RS04875,CC_1711,2.72e-28,103,33.628,7.49e-35,120,33.628
AYT27_RS04885,CC_1703,1.14e-146,415,60.417,4.36e-147,415,60.417
AYT27_RS04890,CC_1702,1.61e-53,167,45.989,6.2e-54,167,45.989
AYT27_RS04920,CC_1078,6.6e-113,357,40.546,5.27e-116,364,40.936
AYT27_RS04930,CC_2580,7.95e-57,171,66.667,1.09e-66,194,69.231
AYT27_RS04935,CC_2275,2.69e-12,58.9,28.346,2.97e-16,68.6,28.477
AYT27_RS04940,CC_0101,4.74e-85,249,57.477,1.94e-85,249,57.477
AYT27_RS04945,CC_2487,0,630,70.968,0,649,70.968
AYT27_RS04950,CC_2185,4.05e-49,155,44.068,1.87e-49,155,44.068
AYT27_RS04955,CC_2491,1.29e-128,361,68.75,5.2e-129,361,68.75
AYT27_RS04960,CC_2492,8.93e-18,67.8,46.154,3.63e-18,67.8,46.154
AYT27_RS04965,CC_2497,2.42e-80,236,49.55,9.69e-81,236,49.55
AYT27_RS04970,CC_2500,0,833,57.182,0,835,57.182
AYT27_RS04975,CC_2503,3.86e-17,66.6,38.158,1.99e-17,66.6,38.158
AYT27_RS04980,CC_2505,4.78e-42,131,54,1.99e-42,131,54
AYT27_RS04990,CC_1566,0,817,54.138,0,820,53.743
AYT27_RS04995,CC_1892,0,824,64.706,0,824,64.706
AYT27_RS05000,CC_1704,1.12e-109,323,42.971,1.47e-103,307,42.188
AYT27_RS05005,CC_1708,7.13e-82,260,36.73,7.85e-85,266,36.73
AYT27_RS05010,CC_1710,0,785,56.377,0,786,55.857
AYT27_RS05025,CC_1926,0,1068,49.567,0,1053,49.652
AYT27_RS05030,CC_1437,0,594,46.348,0,587,46.348
AYT27_RS05065,CC_0118,0,613,50.82,0,638,50.82
AYT27_RS05070,CC_2304,5.96e-131,383,47.5,8.81e-136,394,47.216
AYT27_RS05085,CC_2009,3.27e-37,119,52.381,1.37e-37,119,52.381
AYT27_RS05090,CC_2008,2.84e-126,367,47.656,1.14e-126,367,47.656
AYT27_RS05095,CC_3359,1.57e-24,104,23.519,9.58e-25,104,23.519
AYT27_RS05110,CC_1744,5.02e-08,50.4,25.926,1.59e-08,50.4,25.926
AYT27_RS05115,CC_1384,6.18e-129,368,59.554,9.34e-126,358,59.554
AYT27_RS05120,CC_1383,8.48e-99,299,43.797,6.18e-122,357,45.139
AYT27_RS05130,CC_2522,0,716,83.127,0,716,83.127
AYT27_RS05135,CC_3078,8.07e-46,162,27.604,9.55e-43,153,28.01
AYT27_RS05145,CC_1588,5.86e-155,437,59.444,2.37e-155,437,59.444
AYT27_RS05150,CC_1584,5.44e-64,191,59.509,2.01e-64,191,59.509
AYT27_RS05160,CC_1581,3.92e-41,133,41.772,1.51e-41,133,41.772
AYT27_RS05165,CC_1580,0,1124,60.922,0,1124,60.922
AYT27_RS05170,CC_1468,2.6e-68,202,62.209,7.25e-75,218,63.218
AYT27_RS05175,CC_2590,0,1342,68.116,0,1355,67.979
AYT27_RS05180,CC_1968,1.4e-51,155,66.071,5.68e-52,155,66.071
AYT27_RS05185,CC_1969,0,664,65.245,0,664,65.245
AYT27_RS05195,CC_1977,2.58e-41,139,35.122,1.28e-43,144,35.211
AYT27_RS05205,CC_1980,1.63e-85,258,42.249,6.7e-86,258,42.249
AYT27_RS05215,CC_2529,0,1063,59.414,0,1056,59.414
AYT27_RS05220,CC_1087,3.02e-180,500,74.699,0,523,73.469
AYT27_RS05225,CC_1283,1.24e-173,490,60.143,0,518,60.723
AYT27_RS05230,CC_1282,1.6e-94,290,40.909,2.62e-105,317,41.136
AYT27_RS05235,CC_1273,1.36e-66,195,74.194,5.33e-67,195,74.194
AYT27_RS05240,CC_1272,2.01e-179,497,70.623,8.19e-180,497,70.623
AYT27_RS05245,CC_1271,4.1e-75,216,77.519,1.67e-75,216,77.519
AYT27_RS05250,CC_1270,1.17e-68,199,81.148,1.4e-63,185,80.531
AYT27_RS05255,CC_1269,7.5e-53,164,44.792,3.03e-53,164,44.792
AYT27_RS05260,CC_1268,0,513,57.883,0,513,57.883
AYT27_RS05265,CC_1267,4.4e-50,155,53.061,1.29e-50,155,53.061
AYT27_RS05270,CC_1266,6.92e-18,67,56.897,2.53e-18,67,56.897
AYT27_RS05275,CC_1265,5.91e-83,241,72.84,8.68e-84,242,69.942
AYT27_RS05280,CC_1264,6e-40,126,57.983,1.56e-41,129,62.745
AYT27_RS05285,CC_1263,9.36e-70,206,55.367,3.8e-70,206,55.367
AYT27_RS05290,CC_1262,5.2e-60,178,68.182,2.11e-60,178,68.182
AYT27_RS05295,CC_1261,1.21e-46,142,66.337,4.92e-47,142,66.337
AYT27_RS05300,CC_1260,5.55e-98,278,70.492,2.26e-98,278,70.492
AYT27_RS05305,CC_1259,1.21e-34,112,56.311,4.92e-35,112,56.311
AYT27_RS05310,CC_1258,2.09e-71,206,81.148,8.5e-72,206,81.148
AYT27_RS05315,CC_1257,2.01e-30,99.8,64.557,8.16e-31,99.8,64.557
AYT27_RS05320,CC_1256,3.43e-23,80.1,61.667,1.33e-23,80.1,61.667
AYT27_RS05325,CC_1255,2.68e-84,240,85.185,1.13e-84,240,85.185
AYT27_RS05330,CC_1254,7.44e-127,356,74.091,1.36e-127,357,71.368
AYT27_RS05335,CC_1253,1.36e-49,151,62.097,5.38e-50,151,62.097
AYT27_RS05340,CC_1252,2.29e-45,138,77.108,9.31e-52,153,78.261
AYT27_RS05345,CC_1251,5.73e-137,385,72.662,2.32e-137,385,72.662
AYT27_RS05350,CC_1250,8.82e-46,139,73.118,3.62e-46,139,73.118
AYT27_RS05355,CC_1249,1.56e-80,236,58.252,6.5e-81,236,58.252
AYT27_RS05360,CC_1248,1.72e-106,305,64.126,1.66e-109,312,61.044
AYT27_RS05365,CC_1247,2.67e-64,186,89.216,1.09e-64,186,89.216
AYT27_RS05370,CC_3199,0,639,81.061,0,637,81.061
AYT27_RS05375,CC_3200,0,1024,71.593,0,1004,71.593
AYT27_RS05380,CC_3201,6.14e-86,246,71.975,2.51e-86,246,71.975
AYT27_RS05385,CC_3202,9.79e-72,207,83.74,3.97e-72,207,83.74
AYT27_RS05390,CC_2011,2.33e-93,273,50.973,9.52e-94,273,50.973
AYT27_RS05410,CC_1439,4.06e-74,223,47.699,1.64e-74,223,47.699
AYT27_RS05420,CC_1320,0,1037,57.335,0,1072,56.895
AYT27_RS05430,CC_1318,1.43e-57,194,33.492,1.56e-59,198,33.492
AYT27_RS05435,CC_1317,5.17e-26,97.1,33.036,3.23e-30,106,34.821
AYT27_RS05445,CC_t18,2.84e-08,39.7,80,1.15e-08,39.7,80
AYT27_RS05475,CC_0835,4.06e-109,328,48.525,1.56e-109,328,48.525
AYT27_RS05490,CC_3105,4.94e-38,137,32.923,1.53e-38,137,32.923
AYT27_RS05510,CC_3000,2.94e-15,74.7,30.116,4.44e-25,102,30.116
AYT27_RS05520,CC_1991,1.33e-123,380,39.811,1.77e-117,362,39.811
AYT27_RS05525,CC_3496,1.45e-30,123,26.126,7.21e-43,158,27.191
AYT27_RS05535,CC_0347,1.94e-63,206,46.032,4.65e-64,206,46.032
AYT27_RS05560,CC_2120,2.36e-179,497,68.437,9.57e-180,497,68.437
AYT27_RS05565,CC_1557,1.31e-29,108,32.389,5.56e-30,108,32.389
AYT27_RS05575,CC_2100,0,780,62.735,0,780,62.735
AYT27_RS05580,CC_2098,6.65e-79,238,46.403,2.75e-79,238,46.403
AYT27_RS05595,CC_3375,4.37e-08,50.8,23.451,9.64e-10,54.7,22.727
AYT27_RS05600,CC_2126,3.01e-53,164,47.368,1.24e-53,164,47.368
AYT27_RS05605,CC_2124,1.08e-135,381,66.92,4.61e-136,381,66.92
AYT27_RS05610,CC_1019,1.73e-124,367,42.138,7.7e-125,367,42.138
AYT27_RS05635,CC_2102,8.62e-29,102,45.614,8.04e-36,119,37.778
AYT27_RS05650,CC_1528,0,865,55.168,0,866,54.942
AYT27_RS05660,CC_3503,3.17e-49,155,46.104,6.18e-50,156,46.104
AYT27_RS05665,CC_1526,4.91e-56,179,35.769,1.99e-56,179,35.769
AYT27_RS05670,CC_1525,1.3e-172,501,44.698,5.24e-173,501,44.698
AYT27_RS05680,CC_1522,0,574,50.242,0,594,50.889
AYT27_RS05685,CC_1983,9.45e-113,344,42.883,9.13e-126,376,43.158
AYT27_RS05690,CC_1984,4.39e-58,186,39.256,2.29e-59,188,39.344
AYT27_RS05695,CC_1985,3.83e-68,210,42.701,1.52e-68,210,42.701
AYT27_RS05700,CC_2540,4.52e-137,405,71.25,3.3e-126,376,71.25
AYT27_RS05705,CC_2541,1.27e-75,239,38.158,2.92e-82,255,38.158
AYT27_RS05710,CC_2542,1.04e-30,114,34.434,4.15e-31,114,34.434
AYT27_RS05715,CC_2543,9.58e-102,298,51.634,3.92e-101,296,51.634
AYT27_RS05720,CC_2545,5.37e-95,281,50.69,1.86e-90,268,50.69
AYT27_RS05725,CC_2546,1.25e-176,501,56.277,2.35e-178,504,56.277
AYT27_RS05730,CC_2551,1.68e-80,248,41.457,5.8e-84,256,41.457
AYT27_RS05735,CC_2552,1.21e-111,329,45.109,5e-112,329,45.109
AYT27_RS05740,CC_2556,1.04e-126,373,43.469,7.68e-127,372,43.469
AYT27_RS05745,CC_2557,1.36e-78,242,48.689,4.68e-78,240,48.864
AYT27_RS05750,CC_2558,3.45e-95,292,40.529,6.28e-100,303,40.086
AYT27_RS05755,CC_2559,1.25e-139,407,48.817,1.14e-148,429,48.817
AYT27_RS05760,CC_2560,1.82e-99,311,36.525,7.44e-101,313,37.313
AYT27_RS05770,CC_2562,7.85e-93,276,55.049,3.5e-101,296,55.049
AYT27_RS05795,CC_2141,2.07e-42,146,31.329,8.14e-44,149,31.329
AYT27_RS05800,CC_2148,0,736,63.489,0,707,63.489
AYT27_RS05855,CC_2294,6.59e-25,96.3,31.193,1.43e-27,102,32.609
AYT27_RS05860,CC_3276,4.65e-52,160,47.059,2e-52,160,47.059
AYT27_RS05865,CC_3047,0,817,66.263,0,825,65.961
AYT27_RS05870,CC_3049,1.67e-112,348,36.6,6.75e-113,348,36.6
AYT27_RS05895,CC_2834,8.67e-168,472,59.843,2.17e-173,485,59.843
AYT27_RS05905,CC_2900,0,1457,63.776,0,1470,63.776
AYT27_RS05910,CC_2903,2.34e-34,108,75.758,9.5e-35,108,75.758
AYT27_RS05915,CC_1534,0,568,67.669,0,568,67.669
AYT27_RS05920,CC_2352,1.76e-32,119,30.268,7.17e-33,119,30.268
AYT27_RS05925,CC_2871,1.33e-147,416,66.343,5.93e-148,416,66.343
AYT27_RS05935,CC_0756,7.47e-10,56.6,29.348,3.92e-10,56.6,29.348
AYT27_RS05940,CC_2848,9.58e-71,207,62.42,3.89e-71,207,62.42
AYT27_RS05950,CC_2981,0,1041,71.532,0,1041,71.532
AYT27_RS05960,CC_1183,3.68e-72,217,49.02,1.89e-72,217,49.02
AYT27_RS05965,CC_2931,4.34e-60,186,45.291,1.57e-63,194,45.291
AYT27_RS05970,CC_2932,4.52e-117,347,41.149,3.97e-116,343,41.149
AYT27_RS05975,CC_0493,1.03e-24,91.3,26.144,4.23e-25,91.3,26.144
AYT27_RS05990,CC_0492,4.97e-64,201,39.731,1.89e-59,187,39.865
AYT27_RS05995,CC_0491,7.5e-78,241,38.441,3.17e-78,241,38.441
AYT27_RS06000,CC_0490,2.16e-62,194,42.387,8.94e-63,194,42.387
AYT27_RS06005,CC_0487,1.5e-147,414,65.916,6.14e-148,414,65.916
AYT27_RS06015,CC_0485,1.18e-46,149,38.86,4.59e-47,149,39.474
AYT27_RS06020,CC_0484,7.47e-49,155,41.711,1.21e-49,156,41.711
AYT27_RS06035,CC_0479,1.91e-169,474,62.5,7.74e-170,474,62.5
AYT27_RS06045,CC_0474,3.13e-12,55.8,47.917,3.19e-13,59.3,44.643
AYT27_RS06060,CC_0471,2.57e-46,145,44.156,1.06e-46,145,44.156
AYT27_RS06065,CC_0408,3.78e-95,288,38.889,1.52e-95,288,38.889
AYT27_RS06070,CC_2826,8.6e-111,323,51.634,1.29e-111,324,51.29
AYT27_RS06075,CC_2827,6.04e-14,67.8,24.528,5.71e-13,63.5,24.528
AYT27_RS06095,CC_1158,4.29e-48,160,36.8,1.77e-48,160,36.8
AYT27_RS06100,CC_3641,3.07e-25,99.8,27.241,6.44e-24,95.1,27.241
AYT27_RS06105,CC_2314,1.59e-47,156,35.338,6.33e-48,156,35.338
AYT27_RS06110,CC_0897,1e-148,424,56.452,3.81e-149,424,56.452
AYT27_RS06115,CC_0903,6.42e-46,139,81.481,2.66e-46,139,81.481
AYT27_RS06125,CC_3035,1.49e-137,382,81.938,6e-138,382,81.938
AYT27_RS06130,CC_3470,2.95e-24,93.6,30.412,2.37e-22,87.8,30.412
AYT27_RS06135,CC_1035,1.28e-44,145,46.939,2.82e-45,145,46.939
AYT27_RS06145,CC_3611,4.05e-131,378,51.571,1.7e-131,378,51.571
AYT27_RS06150,CC_1225,5.35e-16,74.7,23.404,3.28e-16,74.3,23.279
AYT27_RS06205,CC_0382,1.85e-48,154,43.243,7.04e-49,154,43.243
AYT27_RS06210,CC_2246,1.03e-126,375,43.384,6.48e-127,374,43.011
AYT27_RS06240,CC_0727,2.88e-104,299,59.677,1.17e-104,299,59.677
AYT27_RS06245,CC_0726,9.17e-113,326,53.226,5.95e-118,338,53.548
AYT27_RS06250,CC_1334,0,604,55.054,0,622,55.054
AYT27_RS06270,CC_0143,5.68e-19,73.9,44.66,1.61e-23,84.3,44.66
AYT27_RS06275,CC_0144,5.53e-73,223,48.364,2.13e-72,221,48.364
AYT27_RS06280,CC_2095,9.2e-96,286,44.225,4.48e-100,296,44.225
AYT27_RS06285,CC_0769,1.16e-12,52.4,75,8.72e-13,51.6,75
AYT27_RS06290,CC_0768,1.15e-12,58.2,43.678,5.34e-13,58.2,43.678
AYT27_RS06295,CC_0767,1.51e-152,450,40.65,1.28e-152,449,40.65
AYT27_RS06300,CC_0766,5.03e-72,214,54.68,1.89e-72,214,54.68
AYT27_RS06305,CC_3639,1.07e-51,164,39.827,4.3e-52,164,39.827
AYT27_RS06310,CC_3550,1.35e-73,223,45.725,5.29e-74,223,45.725
AYT27_RS06315,CC_2261,9.07e-51,161,42.254,4.24e-51,161,42.254
AYT27_RS06350,CC_2567,9.67e-26,100,30.333,2.98e-26,100,30.333
AYT27_RS06355,CC_2674,3.53e-14,70.1,31.111,4.7e-15,70.1,31.111
AYT27_RS06365,CC_1230,2.32e-33,125,25.886,3.31e-32,121,25.886
AYT27_RS06425,CC_0357,4.39e-13,59.7,32.8,5.01e-15,63.9,32.8
AYT27_RS06435,CC_3715,3.99e-152,442,45.238,4.03e-153,444,45.238
AYT27_RS06440,CC_0405,1.72e-20,81.3,33.537,9.67e-23,85.9,33.537
AYT27_RS06445,CC_0360,1.35e-37,137,30.831,6.09e-38,137,30.831
AYT27_RS06460,CC_1060,1.87e-111,322,53.584,7.87e-112,322,53.584
AYT27_RS06465,CC_1495,1.55e-19,80.5,27.315,6.36e-20,80.5,27.315
AYT27_RS06475,CC_3208,8.96e-91,267,53.282,3.49e-91,267,53.282
AYT27_RS06505,CC_1661,1.3e-76,238,36.441,5.15e-77,238,36.441
AYT27_RS06510,CC_3352,8.17e-80,265,42.145,4.36e-83,273,42.131
AYT27_RS06515,CC_3354,1.29e-41,130,53.846,5.18e-42,130,53.846
AYT27_RS06520,CC_3355,9.4e-93,280,43.968,3.85e-93,280,43.968
AYT27_RS06525,CC_0109,4.17e-43,142,40.566,1.73e-43,142,40.566
AYT27_RS06530,CC_0108,2.24e-20,73.2,63.636,8.7e-21,73.2,63.636
AYT27_RS06550,CC_0253,7.63e-165,460,66.272,3.13e-165,460,66.272
AYT27_RS06565,CC_2664,4.65e-47,155,36.26,1.57e-43,145,36.694
AYT27_RS06570,CC_2669,1.89e-80,245,45.659,2.08e-87,262,45.283
AYT27_RS06575,CC_2668,1.15e-36,125,39.07,8.35e-40,132,39.07
AYT27_RS06585,CC_0942,2.46e-36,120,44.218,4.51e-31,105,44.218
AYT27_RS06615,CC_0321,2.73e-129,371,54.67,1.6e-141,401,56.868
AYT27_RS06620,CC_0323,2.4e-61,197,37.908,1.16e-61,197,37.908
AYT27_RS06735,CC_0924,2.66e-15,63.9,30.556,8.88e-18,69.7,30.556
AYT27_RS06740,CC_0703,1.39e-61,196,39.016,8.98e-56,180,38.776
AYT27_RS06745,CC_0705,5.4e-63,198,39.63,2.47e-63,198,39.63
AYT27_RS06775,CC_2419,0,544,38.363,0,540,38.363
AYT27_RS06800,CC_2421,3.24e-26,100,32.189,5.18e-25,96.3,32.051
AYT27_RS06805,CC_2422,1.78e-47,163,38.278,4.5e-48,164,38.278
AYT27_RS06810,CC_2423,6.95e-68,213,37.423,2.55e-68,213,37.423
AYT27_RS06880,CC_0065,2.47e-91,286,40.091,1.14e-101,313,40.091
AYT27_RS06885,CC_0064,1.07e-134,385,53.602,4.2e-135,385,53.602
AYT27_RS06895,CC_0062,2.25e-70,210,57.068,1.06e-70,210,57.068
AYT27_RS06900,CC_3005,1.81e-13,57.8,48.485,4.89e-14,57.8,48.485
AYT27_RS06905,CC_0685,0,796,77.099,0,803,77.083
AYT27_RS06910,CC_0686,3.01e-47,143,73.404,1.2e-47,143,73.404
AYT27_RS06915,CC_2109,0,560,61.255,0,550,61.255
AYT27_RS06925,CC_0085,8.94e-21,92.4,26.601,3.65e-21,92.4,26.601
AYT27_RS06930,CC_3394,2.39e-39,128,42.442,8.93e-40,128,42.442
AYT27_RS06955,CC_3513,1.94e-175,499,53.909,1.82e-172,491,53.689
AYT27_RS07030,CC_r02,2.91e-57,210,44.414,1.25e-57,210,44.414
AYT27_RS07035,CC_t47,1.33e-08,40.8,80,5.4e-09,40.8,80
AYT27_RS07050,CC_3034,1.15e-49,177,44.199,3.21e-50,177,44.199
AYT27_RS07055,CC_0285,3.4e-24,101,33.197,2.32e-31,121,33.197
AYT27_RS07060,CC_3475,4.22e-54,167,49.133,1.87e-54,167,49.133
AYT27_RS07070,CC_3477,1.78e-88,261,52.612,7.25e-89,261,52.612
AYT27_RS07075,CC_2554,1.68e-28,110,29.464,6.84e-29,110,29.464
AYT27_RS07105,CC_0876,1.16e-16,75.1,58.929,2.22e-17,76.6,57.895
AYT27_RS07225,CC_0878,0,1127,64.912,0,1135,64.912
AYT27_RS07240,CC_2340,5.81e-10,47.8,51.429,1.5e-10,47.8,51.429
AYT27_RS07245,CC_2342,2.66e-55,172,47.98,9.01e-56,172,47.98
AYT27_RS07250,CC_2343,1.01e-43,132,84.722,4.09e-44,132,84.722
AYT27_RS07320,CC_3284,9.94e-66,195,61.25,5.2e-58,174,63.399
AYT27_RS07325,CC_3283,1.12e-111,329,46.459,7.83e-112,328,46.571
AYT27_RS07340,CC_3321,2.73e-16,61.2,60.976,1.11e-16,61.2,60.976
AYT27_RS07375,CC_3245,3.94e-26,97.1,37.063,1.69e-26,97.1,37.063
AYT27_RS07380,CC_3244,1.56e-96,282,50.368,6.44e-97,282,50.368
AYT27_RS07395,CC_2350,1.21e-165,469,56.047,4.87e-166,469,56.047
AYT27_RS07560,CC_2173,1.95e-24,97.1,37.162,1.38e-24,97.1,37.162
AYT27_RS07585,CC_t31,2e-12,50.4,89.286,8.12e-13,50.4,89.286
AYT27_RS07590,CC_2195,2.74e-28,102,36.207,1.11e-28,102,36.207
AYT27_RS07595,CC_2196,1.93e-20,81.6,35.135,1.3e-21,84,34.194
AYT27_RS07610,CC_3713,1.24e-48,152,50,7.16e-49,152,50
AYT27_RS07625,CC_2335,2.75e-25,92.8,37.405,8.35e-26,92.8,37.405
AYT27_RS07655,CC_0117,0,522,58.145,0,522,58.145
AYT27_RS07660,CC_3226,0,891,68.85,0,891,68.85
AYT27_RS07665,CC_3227,9.8e-08,50.8,34.454,3.3e-15,72.8,27.16
AYT27_RS07685,CC_3229,1.77e-41,135,56.78,6.13e-42,135,56.198
AYT27_RS07690,CC_3292,9.84e-59,182,45.089,1.53e-64,196,45.089
AYT27_RS07695,CC_3243,3.11e-99,286,58.8,1.53e-106,304,58.8
AYT27_RS07705,CC_3230,2.1e-164,467,55.797,1.81e-158,451,54.079
AYT27_RS07715,CC_3232,1.42e-27,98.2,44.262,5.12e-32,108,42.958
AYT27_RS07720,CC_3233,2.89e-64,197,47.685,1.15e-64,197,47.685
AYT27_RS07725,CC_3234,2.3e-29,101,39.535,9.41e-30,101,39.535
AYT27_RS07730,CC_3236,2.92e-159,447,68.196,1.14e-159,447,68.196
AYT27_RS07735,CC_3237,5.02e-36,122,43.86,1.88e-41,135,41.546
AYT27_RS07740,CC_3238,2.96e-45,144,51.299,8.52e-47,146,53.03
AYT27_RS07745,CC_3295,8.42e-25,91.7,39.726,3.36e-25,91.7,39.726
AYT27_RS07795,CC_0721,1.14e-57,177,40.426,4.54e-58,177,40.426
AYT27_RS07800,CC_3269,2.08e-96,280,55.159,4.67e-90,263,55.159
AYT27_RS07805,CC_3274,9.58e-167,486,48.201,2.26e-167,486,47.285
AYT27_RS07810,CC_3275,1.43e-32,104,66.197,6.04e-33,104,66.197
AYT27_RS07830,CC_3249,2.31e-159,451,56.853,1.09e-163,461,56.853
AYT27_RS07835,CC_3248,1.4e-169,472,69.369,5.69e-170,472,69.369
AYT27_RS07840,CC_3620,0,728,55.85,0,725,55.71
AYT27_RS07850,CC_3247,6.09e-13,57.8,32.836,1.25e-13,58.5,27.928
AYT27_RS07860,CC_2051,5.97e-149,431,49.142,4.94e-153,440,49.142
AYT27_RS07870,CC_3319,1.29e-22,80.5,49.367,3.14e-12,53.1,49.367
AYT27_RS07890,CC_2631,1.31e-117,360,41.908,3.21e-147,435,42.347
AYT27_RS07905,CC_0877,3.53e-16,75.1,24.868,7.72e-17,75.1,24.737
AYT27_RS07915,CC_0657,3.97e-11,62.4,24.479,1.34e-11,63.2,24.479
AYT27_RS07920,CC_0654,2.13e-48,147,61.607,8.74e-49,147,61.607
AYT27_RS07925,CC_0653,1.12e-63,192,59.615,4.35e-64,192,59.615
AYT27_RS07930,CC_1721,7.7e-27,89,69.492,3.18e-27,89,69.492
AYT27_RS07935,CC_2069,1.11e-61,194,45.076,2.44e-71,218,45.076
AYT27_RS07965,CC_0851,1.16e-55,185,36.034,3.35e-57,188,35.733
AYT27_RS07975,CC_3714,1.32e-42,149,34.603,9.58e-53,174,36.364
AYT27_RS07985,CC_3445,1.54e-13,59.3,37.179,8.82e-12,53.1,36.62
AYT27_RS07990,CC_3447,0,736,75.906,0,761,70.489
AYT27_RS07995,CC_3448,1.23e-104,304,52.805,4.8e-105,304,52.805
AYT27_RS08000,CC_3449,0,769,73.489,0,769,73.489
AYT27_RS08005,CC_3450,3.27e-27,99,33.333,1.24e-27,99,33.333
AYT27_RS08020,CC_0346,0,615,47.347,0,630,47.347
AYT27_RS08025,CC_3614,2.03e-95,275,59.908,8.22e-96,275,59.908
AYT27_RS08035,CC_3749,0,1003,55.785,0,1009,55.899
AYT27_RS08040,CC_3745,2.59e-68,206,51.282,1.99e-69,208,47.907
AYT27_RS08055,CC_3581,0,823,60.342,0,834,60.342
AYT27_RS08060,CC_2216,4.03e-96,276,60.465,1.66e-96,276,60.465
AYT27_RS08065,CC_2217,1.15e-23,95.5,29.412,3.82e-35,125,28.467
AYT27_RS08070,CC_2218,6.47e-37,125,36.813,2.41e-37,125,36.813
AYT27_RS08080,CC_0932,5.77e-55,184,46.188,5.69e-56,185,46.188
AYT27_RS08090,CC_0806,2e-57,194,30.952,7.68e-58,194,30.952
AYT27_RS08095,CC_3706,5.87e-81,242,45.865,2.37e-81,242,45.865
AYT27_RS08100,CC_3705,5.5e-16,70.5,28.488,7.74e-18,74.3,28.646
AYT27_RS08105,CC_3704,0,677,66.8,0,710,50.064
AYT27_RS08110,CC_0107,1.06e-97,295,40.342,4.14e-98,295,40.342
AYT27_RS08245,CC_3526,3.26e-136,381,69.38,1.33e-136,381,69.38
AYT27_RS08250,CC_3527,0,865,71.381,0,881,71.381
AYT27_RS08255,CC_3528,2.68e-19,75.1,34.127,2.08e-24,87.4,34.127
AYT27_RS08260,CC_3529,3.09e-11,54.3,30.827,1.15e-16,67.4,30.827
AYT27_RS08265,CC_0197,3.03e-55,167,64.8,1.1e-55,167,64.8
AYT27_RS08270,CC_0198,9.86e-90,262,56.466,4.23e-90,262,56.466
AYT27_RS08275,CC_3651,1.78e-26,97.1,37.5,7.74e-27,97.1,37.5
AYT27_RS08280,CC_0215,2.61e-40,138,34.615,1.09e-40,138,34.615
AYT27_RS08285,CC_0344,1.78e-87,262,47.826,6.74e-88,262,47.826
AYT27_RS08290,CC_3011,1.25e-17,68.2,41.667,5.04e-18,68.2,41.667
AYT27_RS08295,CC_3010,3.79e-33,115,37.433,3.96e-34,117,37.433
AYT27_RS08300,CC_3021,6.58e-178,493,73.585,2.72e-178,493,73.585
AYT27_RS08305,CC_0672,0,585,49.091,0,602,49.091
AYT27_RS08320,CC_0661,6.53e-29,97.1,58.025,1.92e-30,100,55.682
AYT27_RS08325,CC_1769,1.19e-53,170,40.708,4.59e-56,175,41.15
AYT27_RS08345,CC_0086,0,607,60.561,0,626,60.561
AYT27_RS08350,CC_0100,1.31e-40,152,28.143,1.67e-37,142,27.955
AYT27_RS08355,CC_0102,4.54e-88,272,39.865,1.77e-88,272,39.865
AYT27_RS08360,CC_2509,3.23e-113,328,61.824,4.39e-117,337,62.162
AYT27_RS08365,CC_0103,6.11e-08,42.7,54.386,5.17e-16,62.4,54.386
AYT27_RS08370,CC_3652,1.74e-43,137,63.964,1.69e-43,136,65.686
AYT27_RS08380,CC_3653,2.63e-171,491,59.333,6.25e-166,476,54.086
AYT27_RS08385,CC_3569,3.8e-19,79.3,32.143,1.57e-19,79.3,32.143
AYT27_RS08390,CC_0088,0,1069,39.686,0,1069,39.686
AYT27_RS08405,CC_0075,1.05e-16,79.3,30.53,9.57e-25,103,29.261
AYT27_RS08415,CC_0071,2.37e-119,347,51.781,5.45e-125,360,52.055
AYT27_RS08435,CC_3743,2.88e-86,252,55.714,3e-92,266,55.656
AYT27_RS08440,CC_0520,2.8e-46,152,36.91,1.32e-46,152,36.91
AYT27_RS08450,CC_2213,4.88e-133,386,48.941,1.98e-133,386,48.941
AYT27_RS08460,CC_2210,1.86e-22,88.2,28.481,6.83e-23,88.2,28.481
AYT27_RS08465,CC_1215,3.33e-43,137,46.939,1.26e-43,137,46.939
AYT27_RS08475,CC_2224,6.23e-114,329,55.298,2.54e-114,329,55.298
AYT27_RS08480,CC_3751,3.49e-23,95.5,30.303,1.02e-23,96.3,30.303
AYT27_RS08510,CC_3223,2.23e-44,149,38.745,2.05e-52,168,38.745
AYT27_RS08515,CC_2219,7.55e-48,156,36.91,8.33e-50,160,37.391
AYT27_RS08540,CC_2995,6.45e-134,380,59.236,3.04e-125,357,59.236
AYT27_RS08545,CC_3006,7.8e-71,219,43.709,1.64e-75,229,43.709
AYT27_RS08550,CC_3008,1.31e-49,157,42.262,5.06e-50,157,42.262
AYT27_RS08555,CC_3009,1.95e-113,332,47.043,5.72e-106,312,47.043
AYT27_RS08625,CC_0342,0,533,60.044,0,547,60.044
AYT27_RS08630,CC_0340,2.6e-163,461,61.787,2.71e-176,493,62.963
AYT27_RS08635,CC_0339,0,1209,59.095,0,1219,59.059
AYT27_RS08640,CC_0338,6.89e-169,467,77.667,1.21e-160,445,77.667
AYT27_RS08645,CC_0337,0,567,71.859,0,567,71.859
AYT27_RS08650,CC_3655,8.66e-165,458,70.476,3.52e-165,458,70.476
AYT27_RS08655,CC_3531,1.22e-91,278,38.158,4.59e-92,278,38.158
AYT27_RS08665,CC_3686,2.45e-66,206,41.237,9.47e-58,182,40.893
AYT27_RS08670,CC_3684,5.06e-174,491,55.819,2.13e-174,491,55.819
AYT27_RS08675,CC_3679,5.49e-103,305,49.032,1.68e-103,305,49.032
AYT27_RS08680,CC_3678,3.95e-27,100,35.338,6.74e-30,105,36.478
AYT27_RS08685,CC_0519,4.82e-67,205,42.629,2.79e-75,225,45.418
AYT27_RS08690,CC_3752,1.44e-80,243,46.488,9.35e-91,268,46.488
AYT27_RS08695,CC_3753,1.04e-122,347,64.504,4.27e-123,347,64.504
AYT27_RS08700,CC_3754,1.94e-42,139,35.602,7.51e-43,139,35.602
AYT27_RS08705,CC_3755,0,703,55.719,0,706,55.719
AYT27_RS08710,CC_3756,2.06e-101,306,41.834,8.59e-102,306,41.834
AYT27_RS08715,CC_3760,0,691,77.435,0,692,77.435
