C_crescentus,Melitensis16M,G1.evalue,G1.bitscore,G1.pident,G2.evalue,G2.bitscore,G2.pident
CC_0001,BME_RS10195,2.93e-86,257,49.254,1.79e-85,255,49.077
CC_0002,BME_RS10190,4.95e-51,160,46.328,7.62e-55,170,47.34
CC_0003,BME_RS10185,2.13e-67,208,46.718,2.05e-57,183,46.718
CC_0004,BME_RS10180,1.31e-73,218,58.031,2.73e-73,218,58.031
CC_0005,BME_RS10175,8.37e-70,211,49.356,1.04e-69,211,49.356
CC_0006,BME_RS09630,3.71e-111,317,63.953,9.22e-104,299,63.953
CC_0007,BME_RS09620,4.65e-35,112,65.517,5.63e-35,112,65.517
CC_0008,BME_RS09615,3.89e-84,266,37.832,1.81e-92,288,38.716
CC_0009,BME_RS13810,7e-45,145,42.246,1.16e-44,145,42.246
CC_0010,BME_RS09910,0,983,74.882,0,994,75.824
CC_0011,BME_RS09900,5.19e-145,413,57.256,8.77e-154,436,57.48
CC_0012,BME_RS08925,0,841,51.059,0,818,51.059
CC_0013,BME_RS08940,0,741,44.3,0,725,44.903
CC_0014,BME_RS04205,2.78e-61,184,61.392,3.09e-61,184,61.392
CC_0015,BME_RS13970,1.5e-13,62.4,33.333,2.6e-08,48.1,33.333
CC_0016,BME_RS06315,1.94e-39,127,40.667,2.64e-39,127,40.667
CC_0018,BME_RS05100,4.2e-165,461,68.997,5.19e-165,461,68.997
CC_0029,BME_RS09265,1.16e-29,106,30.476,1.52e-29,106,30.476
CC_0030,BME_RS06280,6.09e-23,90.1,31.25,7.86e-23,90.1,31.25
CC_0034,BME_RS09710,0,1021,71.849,0,1025,72.507
CC_0035,BME_RS09715,4.48e-46,139,78.652,5.61e-46,139,78.652
CC_0036,BME_RS09720,2.27e-90,269,44.985,2.97e-90,269,44.985
CC_0037,BME_RS09725,1.71e-31,107,43.382,2.44e-31,107,42
CC_0043,BME_RS09735,2.12e-39,132,44.503,2.67e-39,132,44.503
CC_0044,BME_RS09740,0,671,64.535,0,652,64.535
CC_0045,BME_RS09745,1.78e-34,117,46.043,3.04e-34,117,46.043
CC_0047,BME_RS00340,1.39e-68,203,54.07,1.73e-68,203,54.07
CC_0049,BME_RS09750,3.9e-47,154,38.991,4.73e-47,154,38.991
CC_0050,BME_RS09755,1.63e-153,437,58.865,8.52e-153,436,59.005
CC_0051,BME_RS09760,5.08e-43,135,51.128,2.72e-46,144,51.88
CC_0052,BME_RS09765,1.76e-88,279,38.2,7.08e-86,272,38.509
CC_0053,BME_RS09770,3.64e-58,188,46.4,4.88e-61,196,45.455
CC_0054,BME_RS09775,3.65e-40,129,55.556,4.61e-40,129,55.556
CC_0056,BME_RS09785,8.97e-171,484,60.652,1.29e-170,484,61.697
CC_0057,BME_RS01840,8.52e-39,124,51.22,1.11e-38,124,51.22
CC_0058,BME_RS09795,1.38e-29,102,38,1.91e-29,102,38
CC_0059,BME_RS09800,3.61e-25,95.1,33.486,4.91e-25,95.1,33.486
CC_0062,BME_RS08960,1.72e-70,210,56.771,8.43e-72,214,56.771
CC_0064,BME_RS08950,4.51e-137,390,53.314,5.83e-137,390,53.314
CC_0065,BME_RS08945,6.12e-96,298,38.606,1.4e-93,293,38.606
CC_0069,BME_RS00820,1.64e-25,88.2,56.667,1.48e-25,88.6,56.667
CC_0070,BME_RS00825,3.36e-94,280,50.765,2.03e-100,296,50.765
CC_0071,BME_RS00830,4.28e-130,374,56.077,2.07e-125,362,55.801
CC_0072,BME_RS00835,4.93e-89,266,51.935,6.03e-89,266,51.935
CC_0075,BME_RS00850,2.08e-35,135,32.843,7.37e-29,116,30.521
CC_0076,BME_RS12615,0,719,52.199,0,688,51.562
CC_0077,BME_RS12610,0,567,68.905,0,567,68.905
CC_0080,BME_RS12605,0,719,58.459,0,691,58.459
CC_0081,BME_RS12475,2.55e-24,89.4,41.228,3.03e-24,89.4,41.228
CC_0082,BME_RS12620,1.65e-58,180,50.685,5.76e-66,199,50.685
CC_0084,BME_RS12630,0,597,54.71,0,602,54.27
CC_0085,BME_RS09350,1.97e-23,100,28.315,6.89e-25,105,28.539
CC_0086,BME_RS01145,0,686,65.974,0,675,66.352
CC_0088,BME_RS01135,0,1180,44.482,0,1189,43.795
CC_0089,BME_RS06240,1.39e-08,52.4,24.648,1.3e-10,58.9,23.196
CC_0090,BME_RS06900,0,549,60.87,0,518,59.794
CC_0093,BME_RS06660,1.72e-26,102,30.742,9.88e-31,114,30.742
CC_0095,BME_RS15695,1.26e-19,83.2,34.848,1.27e-19,83.2,34.848
CC_0100,BME_RS01150,9.32e-44,161,30.297,5.94e-46,167,30.891
CC_0101,BME_RS05595,3.7e-88,256,62.679,3.35e-89,259,61.972
CC_0102,BME_RS01155,4.59e-93,285,41.333,6.23e-93,285,41.333
CC_0105,BME_RS09890,1.28e-66,202,49.784,1.63e-66,202,49.784
CC_0106,BME_RS04400,1.81e-23,90.9,33.81,1.99e-21,85.5,33.81
CC_0107,BME_RS00780,2.38e-107,319,44.903,7.07e-110,326,44.903
CC_0108,BME_RS12170,1.94e-23,80.5,66.667,2.39e-23,80.5,66.667
CC_0109,BME_RS12165,2.9e-56,176,48.458,2.28e-64,196,48.458
CC_0110,BME_RS12160,5.17e-85,255,48.667,5.09e-81,245,47.525
CC_0111,BME_RS12155,5.42e-43,137,45.89,6.99e-43,137,45.89
CC_0112,BME_RS00230,2.62e-95,276,50,3.29e-95,276,50
CC_0117,BME_RS01675,0,568,62.443,0,570,62.162
CC_0118,BME_RS13560,0,677,56.837,0,673,56.837
CC_0119,BME_RS11815,7.34e-13,66.6,25.926,4.88e-13,66.2,26.486
CC_0123,BME_RS09240,7.11e-26,91.7,36.667,2.74e-23,85.1,36.667
CC_0124,BME_RS14190,3.14e-68,208,48.092,1.4e-72,219,48.092
CC_0129,BME_RS09270,0,647,78.218,0,647,78.218
CC_0131,BME_RS03100,0,637,51.177,0,637,51.177
CC_0134,BME_RS09255,2.18e-170,479,60.526,2.78e-170,479,60.526
CC_0140,BME_RS09870,0,563,60.8,0,553,60.8
CC_0141,BME_RS09875,1.86e-125,358,56.129,2.29e-125,358,56.129
CC_0143,BME_RS08780,4.17e-19,73.9,42.718,3.34e-16,66.6,42.718
CC_0144,BME_RS08785,1.55e-71,219,49.104,1.56e-72,222,49.104
CC_0145,BME_RS08790,2.49e-98,295,45.91,4.65e-95,287,45.91
CC_0146,BME_RS08795,3.1e-58,179,50.254,4.4e-58,179,50.254
CC_0147,BME_RS06285,1.53e-27,100,38.674,2.13e-21,84.3,37.705
CC_0152,BME_RS08810,7.71e-110,312,64.135,9.65e-110,312,64.135
CC_0153,BME_RS08815,6.08e-123,355,52.312,7.57e-123,355,52.312
CC_0154,BME_RS08820,5.67e-43,140,45.963,2.19e-43,142,46.296
CC_0156,BME_RS09610,8.99e-144,409,53.763,1.58e-144,411,53.763
CC_0159,BME_RS09605,2.3e-73,230,44.18,7.77e-81,249,44.18
CC_0160,BME_RS09030,0,1033,65.361,0,1030,65.361
CC_0163,BME_RS10300,3.6e-11,61.6,24.722,4.31e-11,61.6,23.889
CC_0164,BME_RS15705,1.03e-42,160,26.444,4.31e-41,155,26.241
CC_0167,BME_RS11505,1.77e-26,99.4,43.651,1.59e-26,99.4,43.651
CC_0169,BME_RS05905,7.83e-39,128,42.073,1.03e-38,128,42.073
CC_0186,BME_RS13210,4.2e-48,167,62.595,3.21e-42,151,62.595
CC_0187,BME_RS02345,1.13e-54,180,36.127,4.66e-53,176,36.254
CC_0190,BME_RS02525,7.83e-28,97.4,40,8.33e-28,97.4,40
CC_0193,BME_RS12175,2.74e-151,427,60.833,5.21e-146,414,60.833
CC_0195,BME_RS12210,1.84e-86,250,59.5,2.3e-86,250,59.5
CC_0196,BME_RS00745,0,651,68.87,0,649,68.87
CC_0197,BME_RS00740,1.19e-52,160,65.517,4.14e-53,161,65.517
CC_0198,BME_RS00705,2.69e-94,273,56.652,3.36e-94,273,56.652
CC_0201,BME_RS03925,4.64e-45,146,50.935,6.21e-51,162,50.926
CC_0204,BME_RS15220,5.22e-128,387,39.623,3.84e-119,364,39.599
CC_0217,BME_RS07280,5.6e-11,60.1,35.238,2.09e-11,60.5,35.238
CC_0222,BME_RS08150,9.66e-178,509,52.14,7.6e-168,484,52.14
CC_0227,BME_RS15240,2.46e-50,157,45.161,3.06e-50,157,45.161
CC_0230,BME_RS15245,1.26e-92,287,54.054,6.84e-93,288,54.054
CC_0231,BME_RS15250,3.53e-47,147,52.778,2.76e-38,125,53.077
CC_0237,BME_RS10075,3.33e-112,318,66.524,4.24e-112,318,66.524
CC_0238,BME_RS10070,2.77e-118,358,40.998,6e-118,358,40.998
CC_0239,BME_RS10065,8.59e-10,50.8,43.038,1.19e-09,50.8,43.038
CC_0240,BME_RS10060,5.71e-59,176,66.418,6.48e-59,176,66.418
CC_0241,BME_RS10055,1.23e-29,98.6,55.814,1.74e-29,98.6,55.814
CC_0244,BME_RS10810,1.34e-10,55.5,26.108,1.69e-10,55.5,26.108
CC_0245,BME_RS09235,3.62e-30,99.8,48.454,4.68e-30,99.8,48.454
CC_0247,BME_RS08975,5.75e-86,248,69.942,2.29e-68,203,71.519
CC_0248,BME_RS08990,5.89e-94,288,42.824,1.95e-93,286,44.096
CC_0251,BME_RS09980,1.97e-31,112,32.127,2.61e-31,112,32.127
CC_0252,BME_RS09065,2.97e-164,486,42.968,7.62e-164,486,43.851
CC_0253,BME_RS12190,3.53e-174,484,69.388,4.45e-174,484,69.388
CC_0254,BME_RS06390,2.01e-54,176,38.112,5.79e-57,182,38.112
CC_0256,BME_RS01090,1.01e-26,102,31.818,1.1e-22,92,31.818
CC_0257,BME_RS10050,0,691,73.102,0,691,73.102
CC_0260,BME_RS14730,2.28e-09,54.3,21.07,2.71e-09,54.3,21.07
CC_0264,BME_RS06635,6.27e-133,390,45.194,8.11e-133,390,45.194
CC_0266,BME_RS09445,9.2e-51,167,39.175,4.64e-54,176,39.863
CC_0267,BME_RS09455,7.45e-171,496,48.33,2.23e-162,474,47.276
CC_0268,BME_RS09460,5.73e-19,72,44.898,7.53e-19,72,44.898
CC_0269,BME_RS09465,3.97e-60,181,60.403,6.57e-60,181,60.403
CC_0271,BME_RS11475,3.55e-09,54.7,26.462,4.86e-09,54.7,26.462
CC_0272,BME_RS11480,3.06e-67,199,57.233,3.88e-67,199,57.233
CC_0275,BME_RS11500,3.35e-122,355,50.761,9.99e-115,337,50.508
CC_0276,BME_RS14630,6.05e-23,93.2,44.545,6.54e-23,93.6,44.545
CC_0278,BME_RS11490,5.96e-103,296,60.729,7.59e-103,296,60.729
CC_0279,BME_RS11485,2.44e-112,324,55.184,3.03e-112,324,55.184
CC_0281,BME_RS11510,2.98e-133,375,68.794,1.14e-123,351,68.794
CC_0282,BME_RS11520,2.82e-59,183,44.595,3.74e-59,183,44.595
CC_0283,BME_RS11525,1.23e-103,301,56.552,1.31e-103,301,56.552
CC_0286,BME_RS09115,1.9e-138,394,59.271,4.93e-136,387,61.29
CC_0290,BME_RS09845,8.42e-123,364,45.732,1.35e-116,348,45.257
CC_0291,BME_RS09840,1.81e-148,426,52.036,2.29e-148,426,52.036
CC_0292,BME_RS09835,5.82e-140,392,76.8,3.29e-139,390,76.8
CC_0293,BME_RS09830,7.48e-77,228,50,9.78e-77,228,50
CC_0294,BME_RS09825,1.8e-102,293,64.732,2.24e-102,293,64.732
CC_0297,BME_RS07580,1.09e-149,428,55.189,2.25e-153,438,55.189
CC_0301,BME_RS15190,1.82e-49,165,35.503,2.32e-49,165,35.503
CC_0302,BME_RS15195,3.24e-76,240,37.26,6.78e-74,235,38.798
CC_0303,BME_RS07195,4.16e-37,132,36.538,1.7e-48,162,36.538
CC_0304,BME_RS07530,1.41e-22,89,28.194,1.68e-22,89,28.194
CC_0305,BME_RS11415,7.84e-122,370,37.37,9.85e-122,370,37.37
CC_0307,BME_RS15205,1.04e-31,102,61.972,1.46e-31,102,61.972
CC_0308,BME_RS15210,1.95e-44,147,40.234,1.43e-42,143,39.216
CC_0309,BME_RS15215,2.19e-109,327,44.521,4.49e-102,308,44.104
CC_0313,BME_RS14840,0,556,54.274,0,556,54.274
CC_0314,BME_RS01020,2.56e-134,385,60.165,3.67e-130,375,60.165
CC_0315,BME_RS01015,6.85e-149,420,67.868,1.91e-143,407,68.278
CC_0318,BME_RS00995,8.09e-44,134,73.563,9.91e-44,134,73.563
CC_0319,BME_RS00990,2.35e-31,107,54.286,4.24e-32,109,55.446
CC_0321,BME_RS11710,9.73e-144,409,59.615,3.99e-134,385,59.669
CC_0323,BME_RS11705,7.59e-70,219,42.284,8.01e-70,219,42.284
CC_0325,BME_RS01320,2.44e-45,148,39.352,3.14e-44,146,39.806
CC_0328,BME_RS10225,6.69e-18,77,31.818,1.26e-21,87.4,30.924
CC_0329,BME_RS10220,3.12e-33,116,39.487,1.19e-31,112,40.659
CC_0330,BME_RS02620,8.01e-11,58.2,29.744,8.95e-11,58.2,29.744
CC_0331,BME_RS02625,1.1e-28,102,42.52,1.27e-28,102,42.52
CC_0337,BME_RS00650,0,566,72.292,0,566,72.292
CC_0338,BME_RS00655,1.79e-161,448,79.667,2.29e-171,473,79.667
CC_0339,BME_RS00660,0,1308,62.84,0,1300,63.041
CC_0340,BME_RS00665,2.02e-163,461,63.21,7.33e-163,460,63.21
CC_0342,BME_RS00685,0,573,63.319,0,561,63.319
CC_0344,BME_RS00695,1.81e-81,246,47.475,2.35e-81,246,47.475
CC_0346,BME_RS01205,9.52e-56,200,42,1.7e-50,185,42
CC_0347,BME_RS01535,3.24e-98,286,62.403,7.82e-104,300,62.403
CC_0357,BME_RS11025,1.4e-15,66.6,35.2,1.27e-12,58.9,34.677
CC_0360,BME_RS15710,6.47e-44,154,33.422,7.29e-44,154,33.422
CC_0365,BME_RS07690,1.61e-32,110,44.231,1.46e-15,67,44.231
CC_0366,BME_RS07695,7.03e-30,105,40,5.44e-16,69.7,40
CC_0367,BME_RS07700,1.09e-18,69.3,60.656,2.58e-24,84,60.811
CC_0368,BME_RS07705,3.3e-77,231,52.61,4.07e-77,231,52.61
CC_0373,BME_RS07200,0,844,48.19,0,746,48.231
CC_0375,BME_RS07205,1.34e-39,132,38.824,3.09e-39,131,38.824
CC_0376,BME_RS07210,7.76e-14,62.8,33.793,9.5e-14,62.8,33.793
CC_0377,BME_RS07215,5.65e-111,324,51.163,2.49e-94,282,51.163
CC_0378,BME_RS07225,1.55e-176,492,65.057,2.05e-176,492,65.057
CC_0379,BME_RS07685,2.09e-45,147,50,1.3e-48,155,50
CC_0382,BME_RS15335,1.61e-48,154,46.784,2.25e-48,154,46.784
CC_0385,BME_RS06445,2.49e-42,143,34,3.4e-42,143,34
CC_0388,BME_RS06440,0,565,64.027,0,565,64.027
CC_0396,BME_RS01240,1.92e-09,49.7,33.913,2.38e-09,49.7,33.913
CC_0397,BME_RS07595,1.37e-64,199,42.57,9.93e-63,194,42.57
CC_0403,BME_RS00860,3.07e-109,325,48.267,5.51e-113,335,47.47
CC_0405,BME_RS02280,3.62e-35,118,41.772,1.21e-31,109,41.772
CC_0406,BME_RS02305,1.43e-60,185,57.143,2.12e-60,185,57.143
CC_0407,BME_RS02310,3.14e-52,164,50,3.78e-52,164,50
CC_0408,BME_RS02315,3.41e-97,294,41.262,4.38e-97,294,41.262
CC_0417,BME_RS06295,1.43e-90,265,54.435,8.06e-85,251,54.435
CC_0418,BME_RS02265,1.07e-32,111,42.282,1.08e-32,111,42.282
CC_0424,BME_RS05505,1.28e-63,189,57.718,1.56e-63,189,57.718
CC_0425,BME_RS09480,2.22e-12,64.7,30.62,1.39e-11,62,29.845
CC_0426,BME_RS10795,1.69e-08,53.1,25.197,8.35e-11,60.8,23.844
CC_0427,BME_RS15170,2.24e-175,490,63.421,2.79e-175,490,63.421
CC_0443,BME_RS12075,4.98e-97,291,44.503,3.77e-94,284,44.503
CC_0444,BME_RS12070,6.67e-87,263,44.737,1.67e-80,246,44.737
CC_0450,BME_RS07655,6.03e-152,444,62.148,3.13e-157,459,63.2
CC_0453,BME_RS01855,8.49e-105,308,53.651,3.07e-97,289,53.651
CC_0457,BME_RS04525,1.05e-48,150,60.484,1.32e-48,150,60.484
CC_0459,BME_RS04530,1.07e-77,229,57.219,1.35e-77,229,57.219
CC_0460,BME_RS06400,1.1e-129,382,44.95,6.3e-126,372,44.2
CC_0462,BME_RS04535,9.51e-50,153,50.725,3.15e-42,134,50.725
CC_0463,BME_RS04540,9.87e-20,73.9,43.75,1.8e-19,73.9,43.75
CC_0464,BME_RS04555,0,785,58.257,0,785,58.257
CC_0467,BME_RS09540,9.36e-64,199,41.877,3.54e-64,201,41.877
CC_0468,BME_RS15540,1.32e-11,63.2,27.917,5.09e-08,52,25.391
CC_0471,BME_RS02350,5.18e-47,147,46.575,6.45e-47,147,46.575
CC_0472,BME_RS02365,2.07e-65,195,51.667,6.51e-57,174,51.667
CC_0473,BME_RS02370,0,532,62.963,0,554,62.963
CC_0474,BME_RS02375,3.27e-68,210,48.162,3.3e-76,231,48.162
CC_0479,BME_RS02395,5.16e-172,480,65.489,6.92e-174,485,65.489
CC_0484,BME_RS02400,1.99e-54,171,44.792,3.13e-54,171,44.792
CC_0485,BME_RS02405,4.76e-49,155,42.781,3.97e-49,155,42.553
CC_0487,BME_RS02415,1.07e-155,434,69.231,1.33e-155,434,69.231
CC_0490,BME_RS02435,3.51e-74,224,46.185,5.41e-76,229,45.703
CC_0491,BME_RS02440,4.66e-79,244,42.234,5.7e-79,244,42.234
CC_0492,BME_RS02445,3.14e-70,216,44.366,4.29e-76,231,43.345
CC_0493,BME_RS02455,1.34e-36,121,33.333,1.66e-36,121,33.333
CC_0494,BME_RS12675,2.8e-44,147,41.328,5.19e-43,144,40.741
CC_0496,BME_RS03730,5.21e-55,168,50.581,6.53e-55,168,50.581
CC_0497,BME_RS03735,1.87e-37,120,70.079,6.23e-38,122,65.354
CC_0502,BME_RS03740,0,2100,75.092,0,2100,75.092
CC_0503,BME_RS03745,0,2040,71.51,0,2040,71.51
CC_0506,BME_RS02335,5.41e-132,373,61.856,2.5e-122,349,61.512
CC_0510,BME_RS01335,0,543,69.867,0,543,69.867
CC_0519,BME_RS00610,6.69e-82,243,51.575,5.16e-76,228,50
CC_0520,BME_RS00375,5.58e-58,183,42.437,6.36e-58,183,42.437
CC_0523,BME_RS11370,2.05e-23,92.8,29.084,6.95e-23,92,29.032
CC_0526,BME_RS04725,3.14e-17,71.6,31.818,3.84e-17,71.6,31.818
CC_0527,BME_RS08015,1.48e-30,102,47.321,1.91e-30,102,47.321
CC_0528,BME_RS08020,2.64e-120,348,53.061,6.72e-115,335,53.061
CC_0530,BME_RS08200,1.88e-79,254,34.468,3.55e-85,269,34.096
CC_0532,BME_RS08505,3.81e-23,96.7,26.446,1.89e-26,105,26.446
CC_0536,BME_RS13895,1.97e-68,210,48.536,2.11e-68,210,48.536
CC_0610,BME_RS10705,3.98e-27,103,28.205,1.34e-24,96.3,28.205
CC_0611,BME_RS10710,5.76e-52,166,40,1.08e-55,176,40
CC_0614,BME_RS14800,1.44e-45,166,30.591,2.49e-41,155,30.591
CC_0617,BME_RS06260,4.67e-24,104,23.713,9.89e-25,106,23.713
CC_0620,BME_RS12390,5.15e-46,166,31.33,7.2e-43,157,31.33
CC_0621,BME_RS12385,2.55e-20,89,33.571,2.89e-20,89,33.571
CC_0623,BME_RS12380,1.57e-24,107,24.66,2.72e-24,106,24.508
CC_0634,BME_RS07100,2.3e-60,187,41.322,2.9e-60,187,41.322
CC_0635,BME_RS07095,1.52e-24,95.5,27.126,1.88e-24,95.5,27.126
CC_0637,BME_RS14180,8.74e-21,88.2,30.493,1.07e-20,88.2,30.493
CC_0638,BME_RS04705,1.78e-123,360,48.737,9.29e-120,351,48.737
CC_0640,BME_RS03725,1.23e-94,273,65.502,6.02e-93,269,65.502
CC_0641,BME_RS03720,2.86e-67,197,63.121,3.56e-67,197,63.121
CC_0653,BME_RS01355,2.05e-72,214,60.947,2.65e-72,214,60.947
CC_0654,BME_RS01350,1.4e-50,152,65.179,1.74e-50,152,65.179
CC_0656,BME_RS01345,2.95e-17,68.2,47.561,5.05e-17,68.2,47.561
CC_0657,BME_RS01340,0,633,46.31,0,633,46.31
CC_0658,BME_RS10785,6.72e-37,140,27.758,3.5e-30,121,27.387
CC_0659,BME_RS08745,7.85e-56,172,48.603,1.43e-46,148,48.603
CC_0661,BME_RS00250,2.58e-31,103,55.682,6.64e-30,99.8,58.025
CC_0672,BME_RS00220,0,661,55.993,0,659,55.868
CC_0685,BME_RS15285,0,775,77.273,0,793,77.29
CC_0686,BME_RS15280,2.54e-49,148,77.66,3.25e-49,148,77.66
CC_0687,BME_RS00775,1.09e-21,77.8,73.913,2.59e-21,77.8,73.913
CC_0691,BME_RS10210,6.49e-24,91.7,32.432,8.79e-24,91.7,32.432
CC_0695,BME_RS15180,0,625,53.446,0,625,53.446
CC_0700,BME_RS08915,1.02e-15,67.4,35.878,2.54e-08,47.8,32.824
CC_0701,BME_RS15265,0,1022,54.601,0,1032,54.601
CC_0703,BME_RS15270,4.3e-72,223,40.656,5.66e-72,223,40.656
CC_0705,BME_RS15275,2.85e-76,232,49.421,3.17e-76,232,49.421
CC_0709,BME_RS07760,1.78e-48,160,53.125,3.34e-48,160,53.125
CC_0713,BME_RS15535,3.59e-25,102,31.667,3.24e-21,90.9,31.667
CC_0715,BME_RS00460,6.5e-157,436,71.28,8.11e-157,436,71.28
CC_0721,BME_RS01585,9.56e-56,171,40.323,1.19e-55,171,40.323
CC_0726,BME_RS00455,2.75e-139,393,69.256,1.45e-141,399,69.256
CC_0727,BME_RS00450,3.41e-123,347,69.758,4.28e-123,347,69.758
CC_0729,BME_RS00430,6.34e-80,234,61.14,8.64e-80,234,61.14
CC_0730,BME_RS00425,8.32e-12,52,46.154,4.66e-08,42.4,51.282
CC_0732,BME_RS08120,4.29e-08,48.1,39.706,5.23e-08,48.1,39.706
CC_0741,BME_RS12240,0,786,62.562,0,786,62.562
CC_0743,BME_RS10420,1.58e-78,237,46.183,7.42e-75,228,46.183
CC_0744,BME_RS10425,1.17e-46,143,62.185,1.49e-46,143,62.185
CC_0747,BME_RS12030,3.81e-10,57,28.708,8.76e-09,52.8,27.451
CC_0750,BME_RS15585,1.64e-60,191,33.217,8.22e-56,179,33.217
CC_0752,BME_RS06505,5.62e-30,108,35.354,8.18e-30,108,35.354
CC_0758,BME_RS10435,1.71e-45,146,42.188,2.25e-45,146,42.188
CC_0759,BME_RS10440,1.43e-37,138,34.979,2.49e-37,137,34.979
CC_0761,BME_RS13920,3.92e-67,224,37.805,2.32e-57,198,38.926
CC_0762,BME_RS13910,0,653,62.428,0,653,62.428
CC_0766,BME_RS11530,2.14e-70,212,56.373,5.27e-70,211,56.373
CC_0767,BME_RS11535,2.77e-173,503,44.013,7.13e-171,497,44.553
CC_0768,BME_RS11540,1.29e-13,60.8,44.444,1.53e-13,60.8,44.444
CC_0769,BME_RS11545,6.62e-17,62.8,70.455,1.04e-11,49.7,70.455
CC_0772,BME_RS15630,9.88e-11,57,46.296,1.15e-10,57,46.296
CC_0783,BME_RS11910,7.83e-32,114,35.616,2.31e-31,112,35.616
CC_0784,BME_RS11940,2.27e-60,184,51.295,5.55e-56,174,51.295
CC_0785,BME_RS11935,6.34e-40,138,33.887,8.02e-40,138,33.887
CC_0791,BME_RS04665,1.81e-84,245,60.804,2.27e-84,245,60.804
CC_0792,BME_RS10910,6.1e-37,129,39.146,1.92e-46,154,39.858
CC_0804,BME_RS12945,0,844,48.192,0,828,48.192
CC_0805,BME_RS02235,2.08e-62,186,56.954,2.57e-62,186,56.954
CC_0807,BME_RS08110,0,929,46.935,0,905,47.353
CC_0808,BME_RS08115,2.99e-52,176,36.443,9.95e-51,172,35.777
CC_0810,BME_RS11515,1.53e-77,233,44.882,2.04e-77,233,44.882
CC_0820,BME_RS09880,1.29e-35,126,33.214,1.63e-35,126,33.214
CC_0822,BME_RS08645,8.48e-175,496,53.602,1.29e-169,483,53.602
CC_0827,BME_RS00885,4.42e-42,133,43.662,5.39e-42,133,43.662
CC_0828,BME_RS00880,1.69e-87,259,50,2.73e-90,266,50
CC_0829,BME_RS00875,6.68e-41,126,69.512,8.76e-41,126,69.512
CC_0830,BME_RS00870,4.28e-42,141,40.952,3.8e-42,142,40.957
CC_0831,BME_RS00865,2.2e-86,258,50,1.49e-84,253,51.103
CC_0833,BME_RS00595,7.15e-60,178,64.615,9.23e-60,178,64.615
CC_0835,BME_RS04650,2.35e-111,336,48.257,3.1e-111,336,48.509
CC_0836,BME_RS13525,6.47e-57,199,35.11,4.01e-54,191,35.11
CC_0838,BME_RS14120,1.25e-47,157,40.529,1.92e-47,157,40.529
CC_0840,BME_RS00895,1.79e-96,280,55.932,2.21e-96,280,55.932
CC_0843,BME_RS00900,1.03e-171,484,60.849,6.29e-178,500,60.849
CC_0849,BME_RS00905,0,708,52.727,0,707,52.727
CC_0851,BME_RS01310,1.61e-49,169,35.753,2.01e-54,182,36.056
CC_0856,BME_RS00910,5.69e-156,440,60.563,6.64e-156,440,60.563
CC_0859,BME_RS01965,2.18e-18,80.9,28.755,1.57e-18,81.6,28.755
CC_0860,BME_RS07005,2.06e-119,357,41.667,2.56e-119,357,41.667
CC_0861,BME_RS01960,2.23e-77,237,44.308,5.21e-66,208,47.917
CC_0869,BME_RS04700,2.57e-19,84.7,28.477,4.23e-19,84.7,28.571
CC_0875,BME_RS00915,6.52e-60,190,40.074,7.61e-60,190,40.074
CC_0876,BME_RS00920,1.83e-18,80.9,57.812,2.77e-18,80.1,64.912
CC_0877,BME_RS01370,3.81e-22,91.3,30.159,1.32e-21,90.9,30.159
CC_0878,BME_RS00925,0,1211,69.474,0,1200,69.474
CC_0885,BME_RS05985,4.6e-30,114,34.139,3.02e-25,101,34.146
CC_0886,BME_RS05980,1.13e-39,131,40,1.39e-39,131,40
CC_0887,BME_RS07515,7.36e-73,229,37.466,2.9e-62,202,37.466
CC_0888,BME_RS13080,2.4e-20,79,35.172,3.1e-20,79,35.172
CC_0894,BME_RS14195,1.44e-162,459,62.025,1.01e-174,490,62.025
CC_0897,BME_RS02155,3.78e-155,439,58.445,4.92e-155,439,58.445
CC_0899,BME_RS10955,1.26e-09,57.4,26.4,3.29e-11,62.4,26.4
CC_0902,BME_RS10950,5.48e-20,89,34.351,2.96e-23,98.6,34.351
CC_0903,BME_RS02145,2.92e-48,145,85.185,3.58e-48,145,85.185
CC_0905,BME_RS16990,1e-41,147,36.111,1.11e-39,140,36.111
CC_0906,BME_RS17485,1.82e-14,69.7,27.329,2.17e-14,69.7,27.329
CC_0908,BME_RS15600,4.67e-19,72.8,41.25,6.12e-19,72.8,41.25
CC_0910,BME_RS10990,2.64e-145,433,42.738,5.05e-130,394,42.738
CC_0915,BME_RS12195,8.29e-48,148,51.37,1.06e-47,148,51.37
CC_0916,BME_RS12200,3.57e-43,135,54.348,2.48e-36,119,54.348
CC_0918,BME_RS07570,5.58e-91,263,64.921,6.39e-91,263,64.921
CC_0923,BME_RS07165,4.54e-80,241,45.118,5.76e-80,241,45.118
CC_0924,BME_RS13070,2.83e-20,77,40.741,3.21e-18,71.6,40.741
CC_0935,BME_RS09195,8.14e-55,168,52.047,1.01e-54,168,52.047
CC_0936,BME_RS06870,0,746,53.043,0,738,53.043
CC_0942,BME_RS11795,2.3e-31,107,43.885,1.35e-36,120,48.485
CC_0949,BME_RS06865,1.13e-46,146,58.14,1.11e-46,146,58.14
CC_0950,BME_RS10625,2.42e-46,155,38.361,5.4e-45,152,38.361
CC_0951,BME_RS15445,2.59e-74,224,49.793,3.01e-74,224,49.793
CC_0954,BME_RS15485,6.39e-44,137,52.273,8.06e-44,137,52.273
CC_0955,BME_RS15480,1.68e-11,53.1,36.986,3.12e-11,52.8,36.986
CC_0957,BME_RS11975,0,881,78.584,0,885,78.584
CC_0958,BME_RS11980,2.1e-79,238,47.876,2.74e-78,235,47.49
CC_0959,BME_RS15775,3.23e-97,300,57.706,1.63e-95,296,57.706
CC_0960,BME_RS17100,0,514,68.182,1.41e-178,500,67.929
CC_0961,BME_RS11995,1.55e-161,461,52.643,5.33e-150,432,52.643
CC_0962,BME_RS12000,1.49e-65,200,47.391,5.65e-68,207,47.391
CC_0964,BME_RS13030,1.16e-27,113,26.825,1.5e-24,104,25.926
CC_0966,BME_RS08125,4.35e-67,224,29.57,5.98e-67,224,29.57
CC_0967,BME_RS11925,6.49e-109,316,53.947,8.23e-109,316,53.947
CC_0980,BME_RS12185,0,624,55.829,0,576,54.844
CC_0988,BME_RS00480,7.73e-33,125,26.419,4.8e-29,115,26.457
CC_0994,BME_RS11325,5.66e-108,306,66.825,3.48e-103,294,66.825
CC_1010,BME_RS07085,5.08e-123,354,51.003,7.08e-123,354,51.003
CC_1012,BME_RS07090,3.99e-107,316,47.191,4.95e-107,316,47.191
CC_1019,BME_RS02780,1.26e-134,393,47.835,1.89e-139,405,47.835
CC_1021,BME_RS13440,3.74e-20,76.6,39.64,9.38e-18,70.9,37.383
CC_1034,BME_RS11460,0,995,79.035,0,973,79.035
CC_1035,BME_RS02130,1.1e-49,157,49.342,2.39e-49,157,48.125
CC_1043,BME_RS09920,0,719,50.739,0,693,50.879
CC_1044,BME_RS09925,5.92e-164,459,58.152,3.95e-161,452,58.152
CC_1045,BME_RS09935,1.36e-53,161,70.085,1.93e-53,161,70.085
CC_1046,BME_RS09940,3.74e-26,87.4,62.121,4.69e-26,87.4,62.121
CC_1047,BME_RS12705,8.43e-17,78.2,24.267,2.1e-15,74.3,24.734
CC_1049,BME_RS09950,5.43e-88,252,72.515,4.58e-77,224,72.515
CC_1053,BME_RS09960,1.76e-72,221,51.02,2.05e-72,220,51.02
CC_1055,BME_RS11435,2.72e-68,211,41.812,3.45e-68,211,41.812
CC_1057,BME_RS05555,9.05e-51,167,39.216,4.71e-49,162,40.196
CC_1058,BME_RS06855,2.06e-15,64.7,37.209,3.19e-15,64.7,37.209
CC_1059,BME_RS06850,4.8e-19,79.7,39.706,4.38e-19,80.5,39.706
CC_1060,BME_RS10230,3.51e-114,329,53.242,4.1e-114,329,53.242
CC_1061,BME_RS06840,9.21e-51,155,56.028,1.15e-50,155,56.028
CC_1065,BME_RS06820,1.36e-18,71.6,39.216,1.8e-18,71.6,39.216
CC_1070,BME_RS11355,0,557,52.952,0,531,52.805
CC_1075,BME_RS10980,6.41e-17,65.9,40.741,5.48e-13,55.8,40.741
CC_1076,BME_RS10995,7.39e-20,82.4,30.702,1.02e-19,82.4,30.275
CC_1077,BME_RS15615,5.74e-76,235,40.282,9.04e-60,194,39.216
CC_1087,BME_RS03930,0,546,74.148,0,519,74.203
CC_1096,BME_RS06270,6.89e-45,150,36.576,9.17e-45,150,36.576
CC_1098,BME_RS06550,3.28e-11,57.4,41.176,1.02e-11,59.3,41.176
CC_1103,BME_RS15310,2.35e-69,223,35.388,2.7e-69,223,35.388
CC_1109,BME_RS15420,3.67e-40,137,35.821,4.82e-40,137,35.821
CC_1110,BME_RS12585,0,550,68.085,0,529,68.085
CC_1117,BME_RS12100,4.91e-54,176,35.235,1.26e-55,181,35.714
CC_1118,BME_RS08775,2.66e-63,204,49.167,1.97e-60,197,49.167
CC_1119,BME_RS08765,0,650,61.829,0,650,61.829
CC_1120,BME_RS08755,3.28e-22,84.7,39.496,4.25e-22,84.7,39.496
CC_1121,BME_RS08760,1.89e-74,223,51.131,2.44e-74,223,51.131
CC_1122,BME_RS11230,1.91e-13,69.7,22.462,1.58e-13,69.7,22.462
CC_1124,BME_RS02595,3.85e-52,163,43.814,5.02e-52,163,43.814
CC_1146,BME_RS13775,1.86e-75,227,62.353,1.46e-75,227,62.353
CC_1149,BME_RS07895,5.34e-17,79,27.673,1e-15,75.5,27.673
CC_1150,BME_RS07890,1.1e-30,108,33.5,1.46e-30,108,33.5
CC_1151,BME_RS12035,1.09e-124,361,48.649,1.65e-113,333,48.649
CC_1158,BME_RS02260,5.58e-61,193,39.203,6.87e-61,193,39.203
CC_1168,BME_RS08885,1.7e-12,61.2,24.615,7.24e-11,57,25
CC_1170,BME_RS10575,3.3e-12,60.8,28.856,3.94e-10,55.5,29.605
CC_1172,BME_RS10720,1.96e-21,94,24.95,9.13e-18,82.8,24.95
CC_1173,BME_RS14985,1.67e-10,57.8,33.929,1.89e-10,57.8,33.929
CC_1181,BME_RS14070,1.91e-59,199,36.334,1.94e-57,194,39.689
CC_1182,BME_RS14065,1.23e-73,221,50.431,7.69e-65,199,50.431
CC_1183,BME_RS02495,1.7e-82,244,56.459,1.71e-82,244,56.459
CC_1185,BME_RS09000,0,611,59.478,0,579,59.478
CC_1187,BME_RS08910,3.69e-87,258,48.263,5.22e-87,258,48.263
CC_1188,BME_RS16770,6e-51,162,53.416,4.08e-51,162,53.416
CC_1189,BME_RS08095,3.23e-91,286,40.265,8.96e-89,280,40.133
CC_1191,BME_RS03260,4.3e-15,70.1,29.289,6.94e-15,69.7,28.821
CC_1192,BME_RS03265,3.01e-44,152,44.318,4.11e-64,204,47.312
CC_1193,BME_RS03270,5.54e-54,172,41.102,7.11e-54,172,41.102
CC_1194,BME_RS06545,1.23e-98,315,35.964,1.43e-96,310,36.452
CC_1195,BME_RS06540,1.62e-111,321,54.138,2.02e-111,321,54.138
CC_1196,BME_RS06535,9.66e-65,192,63.758,1.26e-64,192,63.758
CC_1203,BME_RS08195,6.2e-38,136,29.667,1.2e-37,136,29.667
CC_1204,BME_RS08190,0,634,38.424,0,571,38.132
CC_1210,BME_RS15390,4.45e-30,103,45.361,1.89e-29,101,45.361
CC_1213,BME_RS12780,1.03e-09,50.8,39.474,1.83e-09,50.4,39.474
CC_1214,BME_RS10090,2.51e-30,103,47.143,6.39e-39,125,50.714
CC_1215,BME_RS00410,4.12e-49,152,52.381,5.43e-49,152,52.381
CC_1216,BME_RS12090,0,608,61.446,0,608,61.446
CC_1217,BME_RS12680,8.05e-114,329,58.784,8.77e-114,329,58.784
CC_1221,BME_RS05180,6.08e-89,261,55.645,2.98e-94,275,55.645
CC_1223,BME_RS14225,1.76e-159,456,54.374,9.83e-156,447,54.374
CC_1227,BME_RS08005,6.53e-128,365,55.449,5.38e-133,378,55.806
CC_1229,BME_RS03645,1.36e-14,69.3,36.752,1.32e-14,69.3,36.752
CC_1230,BME_RS03020,1.45e-45,159,37.643,9.56e-53,178,37.643
CC_1239,BME_RS03685,8.56e-45,150,37.121,8.7e-42,142,37.121
CC_1242,BME_RS13075,3.92e-54,174,42.857,4.63e-51,166,40.873
CC_1243,BME_RS12040,0,800,54.582,0,793,54.714
CC_1247,BME_RS03775,7.86e-65,187,90.196,9.84e-65,187,90.196
CC_1248,BME_RS03780,9.07e-109,310,65.766,1.93e-108,310,65.766
CC_1249,BME_RS03785,4.5e-68,204,59.884,5.48e-68,204,59.884
CC_1250,BME_RS03790,3.84e-47,142,75.269,4.77e-47,142,75.269
CC_1251,BME_RS03795,4.71e-140,392,74.82,7.54e-140,392,74.82
CC_1252,BME_RS03800,3.47e-50,150,77.174,3.05e-44,135,75.904
CC_1253,BME_RS03805,4.67e-51,155,62.903,5.99e-51,155,62.903
CC_1254,BME_RS03810,9.27e-129,361,72.222,2.31e-128,360,75.229
CC_1255,BME_RS03815,3.91e-83,237,82.222,4.69e-83,237,82.222
CC_1256,BME_RS03820,1.17e-24,83.6,66.129,1.54e-24,83.6,66.129
CC_1257,BME_RS03825,1.76e-31,102,64.557,2.23e-31,102,64.557
CC_1258,BME_RS03830,1.06e-72,209,81.967,1.33e-72,209,81.967
CC_1259,BME_RS03835,5.82e-36,115,56.863,7.23e-36,115,56.863
CC_1260,BME_RS03840,8.76e-99,280,70.492,1.1e-98,280,70.492
CC_1261,BME_RS03845,2.08e-48,146,71.287,2.61e-48,146,71.287
CC_1262,BME_RS03850,2.33e-62,184,67.424,2.92e-62,184,67.424
CC_1263,BME_RS03855,9.67e-71,208,58.757,1.21e-70,208,58.757
CC_1264,BME_RS03860,1.35e-46,143,70.339,1.46e-48,148,69.492
CC_1265,BME_RS03865,5.88e-85,246,74.85,1.64e-87,253,69.036
CC_1266,BME_RS03870,2.57e-22,77.8,61.905,3.42e-22,77.8,61.905
CC_1267,BME_RS03875,9.84e-53,161,54.248,2.09e-52,161,55.034
CC_1268,BME_RS03880,0,538,60.592,0,538,60.592
CC_1269,BME_RS03885,1.84e-64,194,52.332,2.34e-64,194,52.332
CC_1270,BME_RS03890,1.57e-68,199,87.611,5.42e-74,213,87.705
CC_1271,BME_RS03895,2.51e-77,221,80.62,3.15e-77,221,80.62
CC_1272,BME_RS03900,0,526,75.074,0,526,75.074
CC_1273,BME_RS03905,2.97e-68,199,75.2,1.44e-68,200,75.2
CC_1276,BME_RS14910,8.75e-43,146,40.758,1.18e-42,146,40.758
CC_1278,BME_RS11840,0,614,57.17,0,585,57.17
CC_1282,BME_RS03910,1.95e-126,372,45.745,1.77e-114,342,45.745
CC_1283,BME_RS03915,0,540,63.318,0,522,62.673
CC_1286,BME_RS11745,2.45e-45,149,38.645,2.94e-45,149,38.645
CC_1296,BME_RS12995,8.25e-93,276,47.385,1.96e-92,276,47.385
CC_1297,BME_RS12990,1.51e-56,180,38.869,4.57e-53,171,39.015
CC_1298,BME_RS12985,0,695,56.101,0,695,56.101
CC_1299,BME_RS12980,0,718,61.175,0,725,61.175
CC_1300,BME_RS12975,1.98e-85,255,45.608,1.48e-87,261,45.608
CC_1301,BME_RS12970,9.16e-99,287,52.612,1.15e-98,287,52.612
CC_1302,BME_RS01080,0,644,64.4,0,644,64.4
CC_1306,BME_RS05530,1.59e-129,370,57.321,1.99e-129,370,57.321
CC_1307,BME_RS05525,4.31e-25,93.6,44.828,7.73e-25,93.6,44.828
CC_1308,BME_RS05520,9.06e-15,59.3,48,9.84e-15,59.3,48
CC_1309,BME_RS05510,2.12e-57,184,44.762,8.87e-60,191,44.127
CC_1313,BME_RS07465,2.43e-56,181,47.802,5.5e-48,159,48.066
CC_1314,BME_RS07450,1.78e-154,456,42.857,1.94e-145,433,42.857
CC_1315,BME_RS03630,1.14e-76,223,60.588,1.51e-76,223,60.588
CC_1317,BME_RS05155,1.04e-24,93.2,35.981,1.44e-24,93.2,35.874
CC_1318,BME_RS05150,7.44e-69,224,36.547,7.67e-70,226,36.547
CC_1319,BME_RS05145,1.04e-10,55.5,43.103,2.38e-09,52,51.22
CC_1320,BME_RS05140,0,1036,59.175,0,1061,59.91
CC_1323,BME_RS11610,3.31e-29,116,28.45,1.22e-30,121,29.087
CC_1324,BME_RS07475,4.59e-66,202,51.626,3.97e-71,215,51.626
CC_1326,BME_RS07470,3.05e-116,342,46.247,8.71e-115,339,46.247
CC_1330,BME_RS07680,1.46e-140,401,55.46,8.45e-135,387,55.46
CC_1333,BME_RS06650,2.96e-69,213,43.728,7.24e-61,191,43.165
CC_1334,BME_RS06645,0,699,62.923,0,704,62.923
CC_1335,BME_RS07635,3.55e-62,213,29.815,4.9e-56,196,29.545
CC_1336,BME_RS07665,2.07e-50,165,41.608,2.63e-50,165,41.608
CC_1338,BME_RS00790,6.85e-127,374,48.233,1.4e-129,380,47.717
CC_1341,BME_RS07630,2.82e-140,395,65.292,3.64e-140,395,65.292
CC_1342,BME_RS07625,0,603,46.272,0,603,46.272
CC_1343,BME_RS11465,5.75e-08,43.5,38.462,6.21e-08,43.5,38.462
CC_1346,BME_RS08170,4.29e-19,73.9,45.312,1.46e-21,80.9,45.312
CC_1347,BME_RS06020,2.82e-132,377,59.443,3.65e-132,377,59.443
CC_1350,BME_RS03415,0,504,65.067,0,504,65.067
CC_1351,BME_RS07550,3.71e-25,94,33.163,4.58e-25,94,33.163
CC_1352,BME_RS06015,3.49e-75,233,42.012,2.57e-66,210,42.012
CC_1354,BME_RS03410,1.37e-108,314,58.844,3.88e-97,285,58.844
CC_1355,BME_RS07985,7.58e-166,469,60.506,2.03e-174,491,60.506
CC_1357,BME_RS05995,4.49e-89,274,70.556,3.38e-89,275,70.556
CC_1358,BME_RS05990,1.72e-70,206,61.29,2.17e-70,206,61.29
CC_1359,BME_RS05975,1.03e-44,140,50.685,1.28e-44,140,50.685
CC_1360,BME_RS05970,5.52e-41,132,49.265,7.93e-41,132,49.265
CC_1363,BME_RS05965,0,890,70.042,0,894,70.042
CC_1365,BME_RS05960,2.11e-23,87.4,36,3.27e-22,84.7,41.593
CC_1366,BME_RS05955,7.02e-24,89.4,32.051,1.62e-23,89,32.051
CC_1367,BME_RS05950,1.8e-17,72.8,29.609,3.29e-13,61.6,29.609
CC_1368,BME_RS05945,9.76e-126,362,53.191,6.37e-125,360,53.191
CC_1369,BME_RS05940,2.81e-129,369,56.698,6e-125,358,56.698
CC_1370,BME_RS05935,4.58e-35,112,60.638,6.14e-35,112,60.638
CC_1371,BME_RS05930,3.2e-37,122,59.341,4.52e-37,122,60.674
CC_1374,BME_RS05890,1.56e-70,221,45.014,7.51e-71,222,45.031
CC_1376,BME_RS05870,6.23e-65,192,63.087,7.65e-65,192,63.087
CC_1377,BME_RS05875,1.01e-76,222,69.427,1.27e-76,222,69.427
CC_1378,BME_RS05885,3.43e-134,380,61.564,4.2e-134,380,61.564
CC_1382,BME_RS03600,0,563,64.646,0,563,64.646
CC_1383,BME_RS03605,1.32e-128,375,46.065,4.12e-105,315,46.617
CC_1384,BME_RS03610,1e-120,347,61.218,2.84e-134,381,61.218
CC_1385,BME_RS12255,1.71e-65,207,39.073,2.17e-65,207,39.073
CC_1386,BME_RS03620,1.99e-138,412,43.17,2.36e-131,394,43.17
CC_1387,BME_RS03635,5.08e-21,77.8,61.017,1.9e-20,77.8,61.017
CC_1388,BME_RS03640,1.05e-21,83.6,34.711,1.82e-21,82.8,34.711
CC_1389,BME_RS06200,2.42e-42,131,60.396,3.04e-42,131,60.396
CC_1401,BME_RS07785,0,701,65.497,0,700,65.497
CC_1402,BME_RS07790,2.39e-116,329,66.387,8.17e-112,318,66.387
CC_1404,BME_RS07800,6.05e-89,263,44.637,7.1e-86,256,44.637
CC_1405,BME_RS07805,1.85e-161,464,48.626,4.04e-154,446,49.049
CC_1406,BME_RS07810,3.32e-11,55.5,27.778,4.13e-11,55.5,27.778
CC_1407,BME_RS07815,0,537,43.944,8.94e-173,511,43.944
CC_1409,BME_RS02270,1.96e-27,101,37.654,1.48e-27,101,37.654
CC_1410,BME_RS14795,1.24e-53,170,37.333,1.92e-53,170,37.333
CC_1411,BME_RS10655,5.48e-128,375,44.027,3.8e-129,378,44.027
CC_1412,BME_RS14980,6.72e-11,57.8,26.168,6.83e-11,57.8,26.168
CC_1418,BME_RS05560,7.65e-70,219,39.481,8.62e-70,219,39.481
CC_1419,BME_RS11920,1.77e-150,423,63.284,2.17e-150,423,63.284
CC_1421,BME_RS11930,0,1001,79.534,0,980,79.534
CC_1424,BME_RS06105,1.69e-111,328,46.053,2.35e-107,318,46.053
CC_1425,BME_RS04635,2.07e-97,285,48.07,2.59e-97,285,48.07
CC_1426,BME_RS04645,2.79e-176,489,71.56,3.6e-176,489,71.56
CC_1427,BME_RS07410,1.01e-61,202,35.905,1.32e-61,202,35.905
CC_1429,BME_RS04245,1.13e-121,346,68.182,6.88e-124,352,68.182
CC_1436,BME_RS14160,2.53e-86,258,50.814,2.69e-81,246,50.814
CC_1437,BME_RS13565,0,622,51.146,0,622,51.146
CC_1439,BME_RS06075,3.55e-78,233,48.319,4.86e-78,233,48.319
CC_1440,BME_RS13130,1.9e-64,196,57.619,1.52e-69,209,57.619
CC_1441,BME_RS13135,2.97e-45,149,37.931,5.99e-45,149,37.931
CC_1448,BME_RS03975,1.22e-08,53.5,26.519,5.08e-08,52.4,27.703
CC_1451,BME_RS06450,1.68e-84,248,63.776,1.73e-84,248,63.776
CC_1452,BME_RS04675,2.64e-12,62.4,40.65,1.81e-09,54.3,38.211
CC_1458,BME_RS10970,7.95e-16,66.6,30.556,1.07e-15,66.6,30.556
CC_1459,BME_RS10965,5.56e-12,55.1,35,6.62e-12,55.1,35
CC_1468,BME_RS04385,5.95e-70,206,67.857,7.09e-70,206,67.857
CC_1471,BME_RS07185,0,1285,69.874,0,1274,69.874
CC_1476,BME_RS07720,3.09e-145,418,47.907,4.95e-142,410,47.907
CC_1477,BME_RS03060,0,558,69.72,0,558,69.72
CC_1478,BME_RS09035,0,550,51.096,0,552,50.394
CC_1480,BME_RS04920,2.12e-34,133,25.581,9.51e-34,131,25.483
CC_1482,BME_RS08710,0,755,61.409,0,746,61.409
CC_1483,BME_RS08715,2.3e-153,428,71.717,1.6e-162,452,71.717
CC_1487,BME_RS12525,6.41e-131,384,45.905,6.13e-121,359,45.905
CC_1490,BME_RS12515,7.43e-134,389,54.167,7.15e-134,389,54.167
CC_1495,BME_RS10240,4.67e-17,73.6,28.5,1.85e-17,74.7,27.751
CC_1503,BME_RS04945,8.74e-38,121,51.327,9.2e-38,121,51.327
CC_1511,BME_RS06000,1.01e-51,178,31.361,1.2e-51,178,31.361
CC_1512,BME_RS10245,3.17e-37,133,45.033,9.54e-37,134,46.259
CC_1515,BME_RS09850,2.25e-85,258,42.727,2.83e-85,258,42.727
CC_1521,BME_RS09510,5.46e-15,72,24.658,4.39e-16,75.9,25.474
CC_1522,BME_RS02930,0,595,45.771,0,580,55.497
CC_1525,BME_RS02940,0,526,48.852,0,539,48.852
CC_1526,BME_RS02945,1.61e-61,193,39.273,1.99e-61,193,39.273
CC_1528,BME_RS02965,0,877,53.73,0,883,53.846
CC_1530,BME_RS03000,3.5e-11,49.3,47.368,9.48e-08,41.2,47.368
CC_1534,BME_RS02590,0,607,71.75,0,607,71.75
CC_1541,BME_RS06395,2.66e-43,158,29.478,3.41e-43,158,29.478
CC_1549,BME_RS06530,4.33e-85,248,57.82,5.38e-85,248,57.82
CC_1550,BME_RS06525,5.85e-87,251,63.784,7.08e-87,251,63.784
CC_1551,BME_RS04745,7.02e-10,52.4,32.53,8.45e-10,52.4,32.53
CC_1552,BME_RS06520,6.17e-32,106,67.073,3.3e-31,105,71.233
CC_1553,BME_RS06515,0,647,47.028,0,664,47.028
CC_1555,BME_RS06510,3.03e-84,244,65.285,3.76e-84,244,65.285
CC_1557,BME_RS03095,1.03e-29,108,35.537,6.18e-34,120,35.537
CC_1558,BME_RS06480,8.5e-60,177,64.885,1.07e-59,177,64.885
CC_1559,BME_RS06475,7.08e-75,226,46.124,8.21e-75,226,46.124
CC_1560,BME_RS06470,5.78e-61,188,47.945,7.68e-51,162,47.945
CC_1562,BME_RS06465,7.54e-116,334,54.045,8.82e-116,334,54.045
CC_1564,BME_RS06460,2.4e-56,177,40.984,1.1e-50,163,39.344
CC_1566,BME_RS06035,0,833,54.534,0,837,55.322
CC_1572,BME_RS06030,6.82e-93,271,54.545,7.63e-93,271,54.545
CC_1573,BME_RS10925,4.96e-19,82.8,48.649,3.14e-18,80.9,38.017
CC_1574,BME_RS05125,2.35e-121,345,59.375,2.99e-121,345,59.375
CC_1575,BME_RS13990,1.28e-17,74.7,32.558,1.59e-15,69.3,31.395
CC_1576,BME_RS13985,9.78e-55,183,36.997,2.34e-50,172,36.461
CC_1577,BME_RS13995,6.17e-89,272,39.303,2.09e-87,268,38.806
CC_1579,BME_RS13035,1.01e-23,88.6,35.465,1.3e-16,70.5,36.424
CC_1580,BME_RS04405,0,1141,62.472,0,1142,62.159
CC_1581,BME_RS04415,1.41e-45,144,44.099,1.77e-45,144,44.099
CC_1584,BME_RS04425,4.46e-68,201,63.19,6.05e-68,201,63.19
CC_1585,BME_RS06640,2.56e-18,80.9,31.858,5.16e-20,85.9,29.524
CC_1587,BME_RS04430,3.57e-175,488,68.333,8.47e-171,477,68.333
CC_1588,BME_RS04435,1.49e-160,452,60.784,1.9e-160,452,60.784
CC_1596,BME_RS09110,9.23e-116,333,60.072,1.42e-109,317,60.072
CC_1597,BME_RS09105,4.57e-115,330,72.727,2.39e-123,351,67.491
CC_1598,BME_RS09100,5.12e-117,340,59.929,1.05e-111,327,59.929
CC_1603,BME_RS09395,2.54e-57,201,29.881,2.8e-65,223,30.669
CC_1604,BME_RS09390,2.14e-34,140,30.361,6.72e-37,149,30.361
CC_1613,BME_RS13600,4.9e-50,151,65.385,6.31e-50,151,65.385
CC_1614,BME_RS13120,1.69e-108,325,49.454,3.58e-108,325,49.454
CC_1615,BME_RS13115,3.31e-75,224,54.68,9.67e-76,226,51.477
CC_1617,BME_RS14580,0,636,67.152,0,655,67.152
CC_1618,BME_RS00670,1.49e-27,95.9,47.222,3.78e-26,92.8,43.651
CC_1620,BME_RS14530,0,594,63.758,0,594,63.758
CC_1627,BME_RS00090,4.68e-43,149,33.929,6.16e-43,149,33.929
CC_1630,BME_RS06985,9.22e-120,349,49.072,1.1e-126,367,49.072
CC_1631,BME_RS06990,0,511,69.801,0,511,69.801
CC_1634,BME_RS00115,1.19e-22,97.8,24.79,9.53e-24,101,24.138
CC_1642,BME_RS07755,4.17e-47,144,59.649,4.63e-47,144,59.649
CC_1651,BME_RS07935,2.54e-105,303,57.6,3.47e-105,303,57.6
CC_1652,BME_RS07730,3.55e-18,77.4,32.243,4.01e-18,77.4,30.841
CC_1654,BME_RS07725,0,545,58.628,0,545,58.628
CC_1656,BME_RS07435,1.59e-82,244,55.76,1.95e-82,244,55.76
CC_1657,BME_RS04585,3.34e-106,310,54.341,2.13e-110,321,54.341
CC_1658,BME_RS07430,0,632,65.226,0,657,65.226
CC_1659,BME_RS07425,2.26e-11,57,30.769,7.69e-10,53.1,30.769
CC_1660,BME_RS07420,4.01e-180,509,60.538,1.45e-177,502,60.538
CC_1661,BME_RS12020,1.03e-86,264,43.631,1.41e-86,264,43.631
CC_1665,BME_RS07415,9.97e-176,501,53.459,1.23e-175,501,53.459
CC_1667,BME_RS07405,6.33e-59,180,54.375,1.64e-58,179,54.375
CC_1668,BME_RS07395,1.64e-45,138,91.892,4.28e-43,132,92.857
CC_1669,BME_RS07390,1.86e-44,139,68.421,1.18e-47,147,63.025
CC_1674,BME_RS07385,2e-107,312,59.122,6.08e-108,314,57.419
CC_1675,BME_RS07380,9.05e-119,335,69.919,8.82e-110,313,69.919
CC_1677,BME_RS07375,4.25e-37,116,76.923,5.33e-37,116,76.923
CC_1678,BME_RS07370,0,511,62.207,0,555,62.207
CC_1679,BME_RS07365,1.43e-92,280,48.443,3.28e-93,282,44.034
CC_1680,BME_RS07360,1.78e-65,203,45.091,4.87e-60,189,45.091
CC_1681,BME_RS07355,4.14e-63,192,44.175,5.36e-63,192,44.175
CC_1682,BME_RS07495,5.64e-31,102,56.471,6.03e-31,102,56.471
CC_1685,BME_RS06380,2.95e-84,249,54.651,3.96e-84,249,54.651
CC_1686,BME_RS06375,8.12e-107,312,52.584,1.05e-106,312,52.584
CC_1689,BME_RS06365,1.77e-65,230,26.248,2.17e-65,230,26.248
CC_1690,BME_RS06360,5.43e-42,147,29.155,3.25e-46,158,29.155
CC_1691,BME_RS06355,2.37e-24,100,25.215,5.64e-21,90.5,24.928
CC_1693,BME_RS06345,3.59e-43,137,43.243,4.38e-43,137,43.243
CC_1698,BME_RS06335,0,574,47.847,0,547,47.896
CC_1699,BME_RS06325,5.08e-65,191,68.613,6.41e-65,191,68.613
CC_1700,BME_RS01070,8.94e-12,56.6,60.465,2.39e-11,56.6,60.465
CC_1701,BME_RS03315,2.02e-26,97.8,34.146,1.65e-26,98.6,34.146
CC_1702,BME_RS06250,4.21e-65,196,56.383,5.6e-65,196,56.383
CC_1703,BME_RS06245,6.3e-146,413,61.31,8.31e-146,413,61.31
CC_1704,BME_RS06050,1.59e-130,377,50.649,1.61e-126,367,51.075
CC_1708,BME_RS06055,1.85e-78,251,37.053,2.33e-80,256,37.288
CC_1710,BME_RS06060,0,845,59.494,0,845,59.41
CC_1711,BME_RS06235,4.3e-37,127,36.444,7.11e-29,105,36.444
CC_1720,BME_RS04240,0,809,73.273,0,810,73.273
CC_1721,BME_RS01325,1.62e-29,95.5,72.881,2e-29,95.5,72.881
CC_1724,BME_RS04250,0,629,73.821,0,629,73.821
CC_1725,BME_RS04260,1.45e-11,53.1,37.363,1.98e-11,53.1,37.363
CC_1726,BME_RS04265,3.59e-161,451,68.955,1.48e-160,450,68.955
CC_1727,BME_RS04270,0,588,65.132,0,586,65.57
CC_1729,BME_RS04275,2.73e-157,449,57.456,2.59e-149,429,55.531
CC_1731,BME_RS04280,8.1e-179,506,54.545,1.06e-178,506,54.545
CC_1732,BME_RS00975,1.25e-88,276,37.238,2.78e-83,262,37.238
CC_1735,BME_RS04290,3.82e-174,482,68.308,4.75e-174,482,68.308
CC_1736,BME_RS04295,3.88e-24,88.2,34.815,5e-24,88.2,34.815
CC_1737,BME_RS04305,3.35e-48,150,51.333,4.24e-48,150,51.333
CC_1738,BME_RS04310,2.24e-88,271,43.814,3.26e-86,266,43.557
CC_1739,BME_RS04315,1e-87,263,48.052,4.6e-80,243,47.742
CC_1740,BME_RS04320,1.79e-96,288,46.328,2.35e-96,288,46.328
CC_1741,BME_RS04325,0,535,55.579,0,535,55.579
CC_1742,BME_RS04330,4.35e-140,426,38.227,4.71e-136,416,37.864
CC_1743,BME_RS04335,0,560,62.115,0,548,62.115
CC_1744,BME_RS11965,1.23e-86,258,47.751,1.57e-86,258,47.751
CC_1745,BME_RS04350,6.17e-42,128,79.452,7.36e-42,128,79.452
CC_1746,BME_RS04355,1.6e-135,394,56.927,3.25e-135,394,56.675
CC_1747,BME_RS04575,2.44e-96,281,53.257,3.05e-96,281,53.257
CC_1750,BME_RS03255,1.56e-43,162,27.052,4.17e-43,161,26.984
CC_1758,BME_RS09205,4e-117,372,34.656,2.04e-88,295,34.66
CC_1759,BME_RS09210,3.38e-64,196,54.974,7.32e-54,170,55.615
CC_1760,BME_RS09220,6.01e-48,154,44.134,6.17e-47,152,45.509
CC_1763,BME_RS04000,3.21e-98,299,37.668,4.21e-98,299,37.668
CC_1764,BME_RS02040,5.07e-41,150,28.384,5.06e-41,150,28.384
CC_1769,BME_RS13830,1.91e-79,235,55.251,3.9e-80,238,55.251
CC_1770,BME_RS09405,1.67e-38,123,51.163,1.96e-38,123,51.163
CC_1771,BME_RS09410,2.24e-75,223,55.882,2.82e-75,223,55.882
CC_1772,BME_RS09415,0,934,69.97,0,961,69.97
CC_1773,BME_RS09420,1.19e-112,328,54.325,8.9e-112,326,52.189
CC_1774,BME_RS13020,1.68e-72,231,37.592,1.2e-86,268,37.592
CC_1776,BME_RS01550,5.29e-19,79,28.78,1.01e-18,78.6,28.571
CC_1777,BME_RS06880,5.54e-53,167,43.842,5.81e-53,167,43.842
CC_1787,BME_RS12055,9.86e-42,146,32.312,1.39e-33,125,33.333
CC_1788,BME_RS12060,0,712,37.767,0,724,37.767
CC_1792,BME_RS10700,5.93e-19,84,29.148,3.07e-12,63.9,27.751
CC_1802,BME_RS12120,1.87e-38,139,37.826,2.02e-38,139,37.826
CC_1808,BME_RS00140,7.75e-42,140,40.486,9.79e-42,140,40.486
CC_1821,BME_RS04910,1.37e-80,241,45.865,1.74e-80,241,45.865
CC_1822,BME_RS04915,3.77e-86,254,48.649,1.37e-80,240,48.649
CC_1823,BME_RS04925,1.2e-47,161,36.025,4.47e-45,154,35.913
CC_1824,BME_RS04930,2.48e-70,210,54.455,3.19e-70,210,54.455
CC_1825,BME_RS04940,8.95e-47,159,50,4.26e-46,158,61.017
CC_1833,BME_RS10715,1.75e-08,52,26.829,1.5e-08,52,26.994
CC_1839,BME_RS00165,6.26e-12,52.4,40,7.94e-12,52.4,40
CC_1843,BME_RS13585,7.68e-63,192,48.804,1.01e-62,192,48.804
CC_1844,BME_RS13575,0,1241,55.46,0,1268,55.546
CC_1845,BME_RS13570,3.21e-19,73.2,42.353,3.37e-19,73.2,42.353
CC_1846,BME_RS09080,1e-14,68.2,28.729,1.35e-14,68.2,28.729
CC_1847,BME_RS05175,6.63e-162,465,51.538,1.13e-159,459,61.111
CC_1858,BME_RS05170,3.44e-35,114,53,5.21e-35,114,53
CC_1859,BME_RS05195,9.68e-48,146,60,1.43e-47,146,60
CC_1860,BME_RS05200,0,511,60.546,0,511,60.546
CC_1861,BME_RS05205,1.19e-46,160,31.88,1.86e-46,160,31.88
CC_1862,BME_RS05210,1.74e-116,330,63.745,2.2e-116,330,63.745
CC_1864,BME_RS05215,0,800,74.016,0,800,74.016
CC_1865,BME_RS05220,7.92e-79,244,43.57,2.89e-73,230,43.57
CC_1867,BME_RS05225,1.76e-95,277,59.434,1.76e-95,277,59.434
CC_1869,BME_RS05235,1.06e-74,233,38.42,1.28e-74,233,38.42
CC_1870,BME_RS05240,2.05e-172,485,57.108,3.23e-175,493,57.108
CC_1871,BME_RS05250,2.58e-64,190,58,3.25e-64,190,58
CC_1874,BME_RS05270,3.65e-154,434,61.29,4.24e-154,434,61.29
CC_1875,BME_RS05275,0,664,46.556,0,664,46.556
CC_1876,BME_RS05280,5.11e-59,194,35.859,6.84e-59,194,35.859
CC_1877,BME_RS05290,2.36e-176,530,61.538,1.74e-176,531,60.128
CC_1878,BME_RS05300,2.67e-71,231,34.361,4.88e-83,262,35.965
CC_1879,BME_RS05305,3.58e-37,128,39.234,8.16e-38,130,38.739
CC_1880,BME_RS08620,5.54e-55,175,43.32,1.64e-55,176,43.32
CC_1881,BME_RS08615,9.72e-09,43.5,37.879,1.2e-08,43.5,37.879
CC_1882,BME_RS05310,2.66e-49,152,50.36,3.58e-49,152,50.36
CC_1883,BME_RS05315,4.31e-49,152,59.355,1.78e-44,141,59.355
CC_1884,BME_RS05320,0,652,70.88,0,625,70.88
CC_1885,BME_RS05325,3.03e-66,199,51.648,3.3e-66,199,51.648
CC_1886,BME_RS05330,6.49e-22,85.1,39.13,3.43e-22,85.5,39.13
CC_1887,BME_RS05335,4.49e-29,99,45.37,7.27e-29,99,45.37
CC_1889,BME_RS04690,1.26e-101,341,31.336,7.79e-82,286,35.077
CC_1892,BME_RS06045,0,818,63.875,0,818,63.875
CC_1893,BME_RS04225,7.22e-80,238,52.049,9.5e-70,212,52.049
CC_1894,BME_RS04220,2.09e-48,176,28.705,5.84e-54,192,28.705
CC_1895,BME_RS02245,6.25e-43,159,31.392,2.33e-42,158,34.859
CC_1898,BME_RS04215,4.4e-108,316,50.595,3.49e-111,324,50.595
CC_1899,BME_RS04210,5.82e-116,330,64.615,3.05e-113,323,64.615
CC_1902,BME_RS04195,3.13e-107,306,66.939,9.45e-104,298,65.702
CC_1904,BME_RS04190,5.93e-34,134,38.346,3.06e-33,131,32.5
CC_1905,BME_RS04180,5.7e-170,483,53.992,1.67e-167,478,53.782
CC_1906,BME_RS04175,0,646,69.697,0,646,69.697
CC_1909,BME_RS04170,3.35e-54,181,35.227,4.16e-54,181,35.227
CC_1910,BME_RS04165,2.88e-55,177,40.221,3.86e-55,177,40.221
CC_1911,BME_RS04160,2.67e-73,222,44.358,3.53e-73,222,44.358
CC_1912,BME_RS04155,1.06e-43,139,46.711,1.31e-43,139,46.711
CC_1913,BME_RS04150,1.64e-77,238,40.116,2.32e-72,225,40.116
CC_1915,BME_RS04145,1.07e-167,500,37.612,4.58e-162,486,37.612
CC_1916,BME_RS04140,2.57e-71,225,37.432,3.19e-83,256,38.158
CC_1918,BME_RS04135,2.17e-29,108,38.247,2.96e-36,127,38.224
CC_1919,BME_RS04130,3.36e-76,228,49.78,4.13e-76,228,49.78
CC_1920,BME_RS04125,3.63e-70,208,58.046,4.5e-70,208,58.046
CC_1921,BME_RS04120,6.6e-83,244,53.846,1.92e-91,266,53.846
CC_1922,BME_RS04115,4.4e-118,339,57.047,2.66e-115,332,57.566
CC_1923,BME_RS04110,3.17e-132,371,70.281,5.78e-127,358,70.281
CC_1925,BME_RS04255,9.74e-51,159,46.597,1.78e-45,146,47.024
CC_1926,BME_RS05700,0,1122,51.986,0,1126,51.986
CC_1929,BME_RS05705,7.46e-91,263,60.731,1.31e-84,248,60.731
CC_1930,BME_RS05710,5.37e-137,396,48.826,6.9e-137,396,48.826
CC_1931,BME_RS05715,0,611,66.743,0,611,66.743
CC_1932,BME_RS05720,2.68e-13,56.6,37.349,3.47e-13,56.6,37.349
CC_1933,BME_RS05725,2.78e-48,149,52.593,3.36e-48,149,52.593
CC_1934,BME_RS05730,3.32e-178,511,46.346,4.15e-178,511,46.346
CC_1936,BME_RS05735,2.08e-40,137,39.271,2.29e-35,124,39.431
CC_1937,BME_RS05740,1.83e-131,386,47.575,2.9e-124,368,47.575
CC_1938,BME_RS05745,0,632,65.01,0,635,64.228
CC_1939,BME_RS05750,0,686,54.839,0,676,54.839
CC_1940,BME_RS05755,7.74e-47,142,77,2.24e-40,126,77
CC_1941,BME_RS05760,1.32e-75,223,60.526,6.2e-69,206,60.199
CC_1942,BME_RS05765,1.47e-89,255,76.25,1.84e-89,255,76.25
CC_1945,BME_RS05770,4.91e-129,370,61.145,1.17e-128,369,61.027
CC_1946,BME_RS05775,0,880,63.857,0,863,63.857
CC_1947,BME_RS05780,0,653,72.477,0,653,72.477
CC_1950,BME_RS05785,1.91e-71,214,55.024,1.44e-71,215,55.024
CC_1952,BME_RS05790,0,650,77.525,0,650,77.525
CC_1954,BME_RS05795,9.66e-91,261,69.886,1.24e-90,261,69.886
CC_1955,BME_RS05800,4.2e-107,302,87.117,1.49e-97,278,87.117
CC_1956,BME_RS05805,3.04e-59,175,71.2,3.69e-59,175,71.2
CC_1957,BME_RS04455,1.47e-141,400,61.491,1.79e-141,400,61.491
CC_1959,BME_RS04375,4.21e-24,84.3,48.864,5.22e-24,84.3,48.864
CC_1960,BME_RS04370,0,1127,70.291,0,1145,70.291
CC_1961,BME_RS04365,0,697,80.529,0,674,80.529
CC_1963,BME_RS04360,8.07e-123,343,77.451,1.01e-122,343,77.451
CC_1964,BME_RS05350,4.25e-122,361,44.196,7.91e-128,376,44.196
CC_1965,BME_RS04870,1.43e-120,359,46.185,5.18e-115,345,45.2
CC_1968,BME_RS04875,3.08e-61,179,77.679,3.86e-61,179,77.679
CC_1969,BME_RS04880,0,684,68.951,0,684,68.951
CC_1974,BME_RS13510,0,855,66.151,0,855,65.951
CC_1975,BME_RS03995,0,802,74.314,0,802,74.314
CC_1977,BME_RS04885,2.19e-49,159,39.565,5.91e-47,154,40.777
CC_1980,BME_RS04900,2.82e-91,272,45.031,3.48e-91,272,45.031
CC_1981,BME_RS12490,1.2e-13,60.1,38.261,1.58e-13,60.1,38.261
CC_1983,BME_RS02925,7.89e-126,377,45.714,5.74e-118,357,45.826
CC_1984,BME_RS02920,9.91e-79,238,45.525,3.68e-77,234,47.303
CC_1985,BME_RS02915,8.53e-75,227,47.122,1.08e-74,227,47.122
CC_1987,BME_RS05380,6.3e-14,66.2,30.992,2.21e-12,62,33.708
CC_1989,BME_RS05385,6.15e-18,70.5,39.64,8.49e-18,70.5,39.64
CC_1991,BME_RS03365,1.32e-131,400,42.589,4.37e-143,431,43.34
CC_1992,BME_RS05395,1.2e-27,94.4,47.872,1.64e-27,94.4,47.872
CC_1993,BME_RS05400,1.02e-85,255,47.143,4.35e-72,221,46.786
CC_1996,BME_RS05405,1.57e-35,135,34.307,8.18e-33,127,33.091
CC_1997,BME_RS05415,4.18e-34,118,33.838,5.23e-34,118,33.838
CC_1998,BME_RS05420,1.13e-94,276,54.724,1.38e-94,276,54.724
CC_1999,BME_RS05425,0,511,55.439,0,511,55.439
CC_2001,BME_RS05430,4.09e-85,253,51.701,1.76e-80,242,51.701
CC_2002,BME_RS05435,1.15e-11,57.8,40.659,1.16e-17,74.3,40.659
CC_2003,BME_RS05440,1.11e-10,48.9,53.521,1.4e-16,64.3,53.521
CC_2004,BME_RS05445,9.66e-60,184,51.515,8.09e-59,182,51.515
CC_2005,BME_RS05450,1.8e-58,185,47.104,1.77e-63,198,47.104
CC_2006,BME_RS05455,7.25e-112,325,50.733,9.03e-112,325,50.733
CC_2008,BME_RS05470,3.02e-131,379,52.742,1.42e-136,393,52.742
CC_2009,BME_RS05475,2.1e-40,126,55.238,2.59e-40,126,55.238
CC_2011,BME_RS05485,5.05e-109,312,59.302,6.27e-109,312,59.302
CC_2020,BME_RS07905,8.03e-27,109,28.153,1.94e-19,87.4,27.928
CC_2040,BME_RS12450,0,911,54.338,0,932,54.338
CC_2041,BME_RS12455,1.71e-65,200,51.923,2.16e-65,200,51.923
CC_2045,BME_RS12470,2.45e-27,115,30.418,6.08e-26,111,30.651
CC_2047,BME_RS13545,2.3e-109,343,38.943,6.75e-106,334,38.943
CC_2051,BME_RS01420,1.23e-157,452,49.053,2.58e-153,442,49.053
CC_2053,BME_RS08655,5.62e-97,288,44.277,7.07e-97,288,44.277
CC_2054,BME_RS11420,1.66e-55,181,36.392,2.16e-55,181,36.392
CC_2055,BME_RS12685,0,736,60.535,0,726,60.535
CC_2056,BME_RS12690,2.09e-40,135,36.797,5.08e-42,139,36.797
CC_2057,BME_RS12695,2.93e-153,442,50.209,2.8e-151,437,50.209
CC_2064,BME_RS15475,3.23e-90,265,54.44,1.25e-86,256,54.44
CC_2066,BME_RS15455,8.37e-59,183,44.398,4e-55,174,43.612
CC_2068,BME_RS07480,0,880,70.175,0,879,70.175
CC_2069,BME_RS01315,3.25e-71,219,50.943,1.96e-70,217,50.943
CC_2070,BME_RS07505,2.88e-23,81.6,54.321,3.61e-23,81.6,54.321
CC_2072,BME_RS07510,1.86e-82,248,45.695,1.3e-68,213,45.695
CC_2080,BME_RS14130,3.59e-08,48.9,41.818,4.84e-08,48.9,41.818
CC_2082,BME_RS08560,2.72e-11,60.8,24.756,5.23e-11,60.5,24.756
CC_2084,BME_RS05500,1.38e-61,187,48.768,3.06e-67,202,48.768
CC_2095,BME_RS09355,5.24e-102,303,44.892,1.09e-98,295,44.355
CC_2096,BME_RS11790,6.96e-15,67.8,30.857,8.8e-15,67.8,30.857
CC_2097,BME_RS03065,9.26e-87,258,57.021,1.17e-86,258,57.021
CC_2098,BME_RS03070,2.02e-60,191,45.172,1.13e-67,210,45.172
CC_2100,BME_RS03075,0,874,69.06,0,874,69.06
CC_2101,BME_RS03080,2.23e-67,201,55.435,2.86e-67,201,55.435
CC_2102,BME_RS03010,8e-40,130,40.957,3.68e-34,115,50
CC_2103,BME_RS01475,2.88e-26,93.6,38.889,3.11e-26,93.6,38.889
CC_2105,BME_RS11895,2.86e-12,65.9,30.102,1.02e-12,67.4,30.102
CC_2109,BME_RS15295,0,681,70.563,0,662,70.563
CC_2113,BME_RS07640,1.53e-110,322,52,3.88e-107,313,52
CC_2114,BME_RS07650,4.53e-19,80.5,32.911,4.03e-24,94.4,32.911
CC_2120,BME_RS03110,0,513,73.746,0,532,73.746
CC_2122,BME_RS04005,3.79e-51,159,48.925,4.57e-51,159,48.925
CC_2124,BME_RS03030,1.45e-145,405,73.004,1.72e-145,405,73.004
CC_2126,BME_RS03035,7.28e-54,165,48.538,9.17e-54,165,48.538
CC_2128,BME_RS11165,5.1e-16,73.6,40.152,6.12e-16,73.6,40.152
CC_2134,BME_RS02820,6.6e-46,150,41.969,7.57e-46,150,41.969
CC_2137,BME_RS08730,0,1202,66.964,0,1203,67.23
CC_2140,BME_RS02795,1.8e-122,350,58.966,1.42e-116,335,58.621
CC_2141,BME_RS02790,4.33e-96,285,45.912,1.81e-88,266,45.912
CC_2148,BME_RS02770,0,753,67.266,0,781,67.266
CC_2156,BME_RS04085,2.95e-143,409,52.062,4.75e-136,391,52.062
CC_2157,BME_RS04090,5.59e-34,120,36.214,6.7e-34,120,36.214
CC_2158,BME_RS04095,3.1e-37,121,48.507,4.42e-37,121,48.507
CC_2161,BME_RS04065,3.31e-96,293,40.638,5.63e-97,296,42.155
CC_2162,BME_RS03120,1.74e-153,437,54.115,2.1e-153,437,54.115
CC_2166,BME_RS07940,4.4e-65,202,42.105,9.69e-63,197,42.105
CC_2167,BME_RS04055,1.37e-35,116,48.63,1.89e-35,116,48.63
CC_2168,BME_RS09535,0,600,54.476,0,601,54.476
CC_2169,BME_RS16860,2.15e-25,97.8,35.57,3.58e-25,97.4,35.57
CC_2170,BME_RS09530,0,750,68.598,0,750,68.598
CC_2171,BME_RS04520,1.39e-25,104,29.749,7.65e-26,104,29.749
CC_2172,BME_RS09525,0,550,69.312,0,538,69.312
CC_2174,BME_RS12235,1.07e-53,184,30.206,1.28e-53,184,30.206
CC_2176,BME_RS13520,1.22e-105,301,67.58,2.77e-98,283,67.58
CC_2179,BME_RS03990,0,748,57.292,0,748,57.292
CC_2183,BME_RS14205,1.37e-34,115,52.137,1.58e-34,115,52.137
CC_2185,BME_RS16145,1.52e-56,174,51.412,1.84e-56,174,51.412
CC_2187,BME_RS14590,8.24e-52,172,40.909,1.15e-51,172,40.909
CC_2195,BME_RS01895,1.84e-39,130,38.919,2.24e-39,130,38.919
CC_2196,BME_RS01890,1.81e-27,99.4,40.94,3.52e-26,96.3,41.135
CC_2200,BME_RS01885,6.31e-90,258,67.797,8.03e-90,258,67.797
CC_2201,BME_RS01880,1.23e-46,150,47.317,7.33e-46,148,51.445
CC_2202,BME_RS06935,5.55e-40,129,48.125,9.07e-36,119,48.125
CC_2205,BME_RS01875,2.59e-81,243,47.619,3.38e-81,243,47.619
CC_2209,BME_RS00590,1.03e-16,72.8,30.918,6.22e-12,60.1,30.918
CC_2210,BME_RS00405,8.54e-26,97.1,39.259,5.51e-28,103,33.906
CC_2211,BME_RS00400,0,593,65.611,0,593,65.611
CC_2213,BME_RS00390,8.94e-146,418,55.059,1.14e-152,436,55.399
CC_2214,BME_RS00380,2.2e-25,93.2,35.714,2.79e-25,93.2,35.714
CC_2216,BME_RS00320,9.68e-93,268,59.07,1.2e-92,268,59.07
CC_2217,BME_RS00325,3.93e-41,142,34.043,2.08e-30,114,34.101
CC_2218,BME_RS00330,1.34e-37,129,37.895,2.45e-37,129,37.895
CC_2219,BME_RS00335,6.6e-50,160,40.09,3.82e-49,159,40.09
CC_2220,BME_RS00355,1.59e-53,165,48.851,2.03e-53,165,48.851
CC_2223,BME_RS00370,2.18e-118,344,50.281,3.88e-122,353,50.281
CC_2224,BME_RS00365,1.35e-121,348,57.333,1.74e-121,348,57.333
CC_2237,BME_RS08045,1.22e-122,355,52.646,1.52e-122,355,52.646
CC_2238,BME_RS08055,4.57e-164,463,57.761,7.45e-167,470,57.761
CC_2239,BME_RS08060,3.05e-37,121,48.837,2.71e-37,121,48.837
CC_2241,BME_RS08065,1.65e-78,239,42.949,2.32e-78,239,42.949
CC_2242,BME_RS08070,1.23e-117,338,56.721,1.55e-117,338,56.721
CC_2243,BME_RS08075,1.25e-159,452,55.102,1.16e-156,444,55.759
CC_2245,BME_RS08080,9.01e-42,135,45.81,9.56e-41,133,45
CC_2246,BME_RS12765,8.16e-136,399,46.64,2.2e-138,406,47.143
CC_2250,BME_RS05590,3.92e-44,150,29.749,5.53e-44,149,29.749
CC_2252,BME_RS10415,1.45e-63,197,45.749,1.2e-64,200,45.749
CC_2253,BME_RS10410,4.74e-36,129,29.245,6.03e-36,129,29.245
CC_2258,BME_RS10400,8.9e-54,164,55.479,1.14e-53,164,55.479
CC_2261,BME_RS11405,8.19e-55,171,46.009,8.92e-55,171,46.009
CC_2263,BME_RS10295,1.7e-105,308,54.082,2.23e-105,308,54.082
CC_2268,BME_RS11335,4.01e-102,290,66.99,5e-102,290,66.99
CC_2271,BME_RS04685,6.3e-33,112,43.972,5.18e-27,97.4,43.972
CC_2275,BME_RS03515,2.09e-21,82.8,33.125,1.37e-17,72.8,33.544
CC_2277,BME_RS05190,2.15e-15,72,25.379,2.85e-15,72,25.379
CC_2294,BME_RS02675,7.14e-36,124,35.656,9.96e-33,116,35.268
CC_2300,BME_RS04840,0,622,66.519,0,643,66.519
CC_2302,BME_RS04845,5.92e-170,483,53.524,1.24e-174,495,53.524
CC_2303,BME_RS04855,5.18e-55,172,47.345,6.63e-55,172,47.345
CC_2304,BME_RS13555,2.11e-142,412,49.558,3.22e-136,397,50
CC_2305,BME_RS04860,2.66e-48,155,42.439,1.41e-46,151,42.439
CC_2312,BME_RS01480,9.24e-30,108,40.237,2.25e-28,105,40.237
CC_2314,BME_RS02160,2.27e-80,240,50.391,2.93e-80,240,50.391
CC_2318,BME_RS04805,1.02e-71,226,38.211,1.34e-71,226,38.211
CC_2319,BME_RS04800,1.39e-70,216,48.56,1.77e-68,211,48.56
CC_2320,BME_RS04795,4.77e-31,115,26.935,6.34e-31,115,26.935
CC_2335,BME_RS01775,1.17e-34,115,50.714,4.8e-41,132,49.64
CC_2340,BME_RS08325,2e-13,55.1,53.191,3.11e-13,55.1,53.191
CC_2342,BME_RS08320,1.48e-72,215,58.639,2e-72,215,58.639
CC_2343,BME_RS08315,2.16e-46,139,91.667,2.71e-46,139,91.667
CC_2344,BME_RS08310,1.06e-37,123,46.099,1.37e-37,123,46.099
CC_2345,BME_RS08305,1.7e-60,181,54.321,2.14e-60,181,54.321
CC_2346,BME_RS08300,5.05e-170,480,58.432,5.23e-164,465,58.432
CC_2349,BME_RS08295,1.14e-28,100,36.62,1.27e-28,100,36.62
CC_2350,BME_RS08290,9.65e-166,469,58.741,1.57e-170,482,58.741
CC_2352,BME_RS02575,3.95e-32,117,30.534,4.93e-32,117,30.534
CC_2354,BME_RS15525,2.77e-92,282,39.474,8.5e-100,301,39.474
CC_2368,BME_RS16800,2.97e-35,119,39.506,4.48e-35,119,39.506
CC_2369,BME_RS13140,0,1346,57.708,0,1329,57.708
CC_2371,BME_RS07145,6.77e-22,88.2,43.86,1.73e-17,76.6,41.228
CC_2372,BME_RS12435,3.01e-158,442,70,6.8e-162,452,70
CC_2374,BME_RS03985,0,862,60.815,0,848,60.815
CC_2382,BME_RS13760,1.35e-177,501,59.633,0,521,59.633
CC_2383,BME_RS13770,1.27e-108,316,50.476,1.59e-108,316,50.476
CC_2392,BME_RS11570,3.84e-19,80.1,34.3,9.4e-17,73.6,32.683
CC_2394,BME_RS02740,1.36e-14,70.1,25.166,2.01e-14,70.1,25.166
CC_2399,BME_RS10875,5.38e-20,85.5,26.471,1.26e-18,81.6,26.493
CC_2403,BME_RS13315,5.24e-35,124,29.433,7.16e-35,124,29.433
CC_2404,BME_RS13310,1.26e-167,471,58.462,1.57e-167,471,58.462
CC_2405,BME_RS17265,3.72e-33,117,52.8,4.55e-33,117,52.8
CC_2406,BME_RS13335,2.76e-62,190,45.813,7.87e-62,189,46.231
CC_2408,BME_RS13290,5.59e-62,190,49.048,6.41e-62,190,49.048
CC_2409,BME_RS13285,5.28e-39,130,40.865,6.28e-39,130,40.865
CC_2410,BME_RS13280,4.62e-31,118,32.907,3.58e-35,129,32.907
CC_2411,BME_RS13300,4.46e-39,137,34.94,3.8e-39,137,34.94
CC_2412,BME_RS13815,1.26e-23,98.6,29.659,2.42e-18,83.2,28.382
CC_2419,BME_RS10330,4.33e-158,478,35.105,9.56e-157,474,35.105
CC_2421,BME_RS10355,3.34e-18,78.6,28.926,1.05e-19,83.2,28.511
CC_2422,BME_RS10360,2.9e-44,154,37.611,3.32e-44,154,37.611
CC_2423,BME_RS10365,6.07e-60,192,40.411,1.72e-64,205,39.441
CC_2425,BME_RS05915,1.85e-80,256,38.058,3.78e-80,256,38.058
CC_2429,BME_RS15680,3.25e-11,61.2,31.472,2.68e-11,61.6,28.866
CC_2433,BME_RS06605,1.07e-10,50.1,37.5,1.24e-10,50.1,37.5
CC_2434,BME_RS06620,3.49e-97,280,56.25,4.28e-97,280,56.25
CC_2435,BME_RS13780,1.66e-08,47.8,34.314,9.53e-09,47.8,50
CC_2436,BME_RS05345,0,672,65.669,0,672,65.669
CC_2437,BME_RS13500,0,659,68.839,0,658,68.839
CC_2438,BME_RS13495,3.89e-26,89.7,53.684,2.44e-30,100,53.684
CC_2439,BME_RS13485,4.49e-41,132,49.351,5.85e-41,132,49.351
CC_2443,BME_RS13475,7.22e-136,385,68.439,1.34e-136,387,68.439
CC_2444,BME_RS13470,1.43e-123,362,47.294,1.74e-123,362,47.294
CC_2446,BME_RS13465,1.63e-54,170,51.832,1.08e-55,173,54.974
CC_2447,BME_RS13460,4.19e-96,288,46.277,4.02e-94,283,46.277
CC_2448,BME_RS04590,1.41e-37,134,42.18,1.71e-37,133,42.18
CC_2451,BME_RS13450,0,1092,63.803,0,1088,65.036
CC_2453,BME_RS13445,0,710,51.451,0,706,51.451
CC_2455,BME_RS05295,8.6e-75,234,43.155,7.1e-77,239,43.155
CC_2456,BME_RS00150,1.92e-62,203,35.897,9.07e-58,191,34.19
CC_2457,BME_RS13435,1.19e-39,134,41.441,1.74e-37,129,41.441
CC_2459,BME_RS13425,3.32e-25,84.3,74.545,4.16e-25,84.3,74.545
CC_2462,BME_RS13420,6.06e-137,398,46.204,7.71e-137,398,46.204
CC_2463,BME_RS13415,4e-69,201,79.167,4.75e-69,201,79.167
CC_2466,BME_RS13400,1.54e-145,418,52.174,2.06e-145,418,52.174
CC_2467,BME_RS04070,5.29e-55,164,69.369,6.47e-55,164,69.369
CC_2468,BME_RS04075,0,1142,72.617,0,1142,72.617
CC_2470,BME_RS04080,1.59e-52,160,56.338,1.93e-52,160,56.338
CC_2481,BME_RS06665,0,799,49.095,0,768,49.04
CC_2482,BME_RS06670,1.16e-116,369,39.109,1.26e-113,361,38.512
CC_2486,BME_RS15175,2.22e-15,74.7,25.965,3.12e-15,74.3,25.352
CC_2487,BME_RS05600,0,615,71.824,0,613,71.824
CC_2490,BME_RS05620,1.45e-30,101,55.14,1.86e-30,101,55.14
CC_2491,BME_RS05625,6.74e-138,385,73.663,8.51e-138,385,73.663
CC_2492,BME_RS05630,1.01e-23,82.4,53.165,1.28e-23,82.4,53.165
CC_2494,BME_RS14490,1.54e-30,118,28.713,3.04e-32,122,28.713
CC_2497,BME_RS05635,7.2e-89,258,58.605,9.14e-89,258,58.605
CC_2500,BME_RS05650,0,863,59.756,0,867,59.756
CC_2503,BME_RS05655,1.9e-19,72.4,44.928,1.88e-19,72.4,44.928
CC_2505,BME_RS05660,5.12e-44,136,61,6.25e-44,136,61
CC_2509,BME_RS01160,1.82e-108,315,56.289,2.58e-110,320,56.289
CC_2511,BME_RS05680,1.7e-118,332,74.51,2.13e-118,332,74.51
CC_2515,BME_RS09025,3.11e-99,288,53.957,3.91e-99,288,53.957
CC_2516,BME_RS09010,0,586,75.946,0,564,75.946
CC_2517,BME_RS15720,1.77e-64,201,40.78,2.26e-64,201,40.78
CC_2520,BME_RS03960,1.4e-60,189,43.83,1.93e-60,189,43.83
CC_2522,BME_RS03945,0,749,88.089,0,749,88.089
CC_2529,BME_RS03935,0,1122,65.593,0,1149,65.424
CC_2540,BME_RS02910,3.36e-133,394,65.879,8.48e-146,427,59.955
CC_2541,BME_RS02905,6.89e-97,294,41.509,9.38e-97,294,41.509
CC_2542,BME_RS02900,2.52e-35,126,31.556,3.29e-35,126,31.556
CC_2543,BME_RS02895,2.68e-101,297,55.844,6.53e-109,317,55.844
CC_2545,BME_RS02890,3.67e-98,288,52.721,1.19e-103,303,52.721
CC_2546,BME_RS02885,0,558,62.635,0,556,62.635
CC_2551,BME_RS02880,3.19e-93,280,46.218,6.52e-94,282,46.218
CC_2552,BME_RS02875,5.55e-131,378,51.226,6.86e-131,378,51.226
CC_2555,BME_RS07230,6.91e-155,454,46.374,1.45e-139,415,46.286
CC_2556,BME_RS02870,2.58e-157,451,53.118,3.4e-158,454,53.978
CC_2557,BME_RS02865,2.5e-85,259,50.368,7.33e-86,261,50.368
CC_2558,BME_RS02860,8.71e-102,309,41.949,3.4e-101,308,42.484
CC_2559,BME_RS02855,7.56e-143,416,51.096,3.32e-139,407,51.078
CC_2560,BME_RS02850,5.54e-106,328,39.171,5.42e-105,326,39.959
CC_2562,BME_RS02840,9.35e-107,311,55.911,5.08e-99,292,55.911
CC_2567,BME_RS02825,9.23e-78,232,52.814,1.28e-77,232,52.814
CC_2580,BME_RS04720,3.09e-72,209,74.046,3.72e-63,187,72.881
CC_2582,BME_RS15465,5.92e-106,312,49.57,7.15e-106,312,49.57
CC_2590,BME_RS04380,0,1442,73.375,0,1438,73.375
CC_2598,BME_RS05375,0,649,66.807,0,649,66.807
CC_2603,BME_RS08180,1.2e-53,181,31.649,3.79e-52,177,31.649
CC_2605,BME_RS07865,1.85e-134,386,61.074,2.15e-138,397,61.074
CC_2607,BME_RS07835,3.6e-108,321,41.32,4.77e-108,321,41.32
CC_2615,BME_RS10620,1.18e-41,144,35.252,1.43e-41,144,35.252
CC_2616,BME_RS07830,7.07e-144,414,48.219,8.99e-144,414,48.219
CC_2617,BME_RS07845,7.6e-33,120,31.193,1.24e-32,119,30.864
CC_2618,BME_RS07850,0,852,58.094,0,858,58.094
CC_2619,BME_RS07855,4.71e-153,441,51.266,3.97e-141,411,51.266
CC_2620,BME_RS07150,3.35e-28,96.3,42.373,4.31e-28,96.3,42.373
CC_2622,BME_RS04815,0,830,58.366,0,864,58.366
CC_2625,BME_RS11050,3.26e-35,116,46.269,4.08e-35,116,46.269
CC_2626,BME_RS03680,5.28e-30,103,38.849,6.03e-30,103,38.849
CC_2627,BME_RS03675,1.52e-19,80.5,35,2.11e-19,80.5,35
CC_2631,BME_RS01400,1.81e-159,467,45.932,1.18e-130,393,45.641
CC_2633,BME_RS08630,2.97e-14,68.9,25.076,3.59e-14,68.9,25.076
CC_2635,BME_RS14105,1.24e-22,90.5,31.646,1.67e-22,90.5,31.646
CC_2640,BME_RS03670,4.39e-08,48.9,30.435,4.69e-08,48.9,30.435
CC_2643,BME_RS03660,7.81e-69,204,53.179,9.73e-69,204,53.179
CC_2651,BME_RS03650,5.04e-96,280,49.425,6.21e-96,280,49.425
CC_2653,BME_RS04565,1.8e-13,62.4,35.632,2.45e-13,62.4,35.632
CC_2654,BME_RS04015,1.49e-78,226,69.863,1.91e-78,226,69.863
CC_2661,BME_RS01245,6.03e-16,71.2,32.143,7.33e-16,71.2,32.143
CC_2664,BME_RS09675,7.75e-66,202,44.015,9.38e-66,202,44.015
CC_2668,BME_RS11825,1.61e-55,173,46.226,7.54e-44,144,46.226
CC_2669,BME_RS11830,1.71e-98,291,49.379,8.9e-93,277,49.379
CC_2674,BME_RS04670,6.86e-69,209,45.714,8.6e-69,209,45.714
CC_2675,BME_RS03575,1.65e-79,236,50.224,4.96e-76,227,50.224
CC_2677,BME_RS03570,9.76e-126,356,63.813,1.22e-125,356,63.813
CC_2680,BME_RS03565,3.23e-62,191,52.222,1.87e-62,192,52.222
CC_2694,BME_RS03420,0,526,58.212,0,526,58.212
CC_2725,BME_RS12480,3.53e-20,75.9,39.604,4.66e-20,75.9,39.604
CC_2726,BME_RS00235,1.8e-113,357,40.48,6.41e-110,348,39.966
CC_2741,BME_RS07115,2.25e-30,105,70.27,9.91e-30,105,70.27
CC_2746,BME_RS13245,3.38e-17,79,26.513,6.22e-15,72,26.801
CC_2747,BME_RS11690,3.69e-40,135,40.206,4.03e-40,135,40.206
CC_2748,BME_RS11695,7.53e-136,384,61.111,9.62e-136,384,61.111
CC_2753,BME_RS06680,0,649,42.441,0,611,44.167
CC_2755,BME_RS06685,5.53e-74,237,35.579,2.44e-66,217,35.579
CC_2757,BME_RS06690,8.08e-100,286,64.253,1.07e-99,286,64.253
CC_2758,BME_RS06695,7.81e-110,333,40.583,2.53e-107,327,40.367
CC_2759,BME_RS06700,8.14e-46,144,53.289,2.93e-36,119,53.03
CC_2760,BME_RS06705,0,620,49.155,0,602,48.913
CC_2761,BME_RS06710,9.21e-40,129,45.139,1.18e-39,129,45.139
CC_2762,BME_RS06715,4.12e-21,90.1,28.895,5.29e-21,90.1,28.895
CC_2765,BME_RS06725,5.22e-74,236,34.565,5.04e-61,202,33.913
CC_2766,BME_RS06730,4.04e-111,315,68.981,1.98e-102,293,68.981
CC_2772,BME_RS07560,1.4e-67,211,42.991,2.08e-67,210,42.724
CC_2773,BME_RS06745,2.99e-85,291,41.315,3.72e-82,283,41.315
CC_2775,BME_RS06750,2.26e-45,144,54.478,1.99e-45,144,54.478
CC_2776,BME_RS06755,5.95e-30,108,41.958,1.04e-29,108,41.958
CC_2777,BME_RS06760,6.11e-48,152,45.946,1.68e-41,136,45.946
CC_2781,BME_RS06775,4.89e-49,150,52.555,6.08e-49,150,52.555
CC_2788,BME_RS06785,6.87e-118,347,52.174,6.45e-115,339,52.174
CC_2790,BME_RS06790,2.24e-120,358,52.806,1.55e-110,333,52.806
CC_2794,BME_RS08175,8.88e-59,183,46.729,5.92e-56,176,49.231
CC_2796,BME_RS12820,2.23e-17,69.3,39.45,4.26e-20,76.6,39.45
CC_2813,BME_RS15375,8.31e-23,90.9,31.441,1.13e-22,90.9,31.441
CC_2826,BME_RS02300,1.4e-108,317,51.411,4.01e-107,313,51.438
CC_2827,BME_RS02295,1.62e-16,75.1,28.519,3.26e-16,74.3,28.346
CC_2834,BME_RS02635,2.95e-180,504,64.116,1.05e-173,487,64.116
CC_2848,BME_RS02550,1.29e-70,207,63.057,1.62e-70,207,63.057
CC_2861,BME_RS00420,4.44e-27,103,31.408,1.28e-20,85.9,30.216
CC_2864,BME_RS14155,6.08e-26,90.5,45.263,6.64e-26,90.5,45.263
CC_2871,BME_RS02570,1.34e-144,408,64.396,2.14e-150,423,64.198
CC_2873,BME_RS09805,7.93e-08,46.2,36.986,7.8e-12,57.4,32.258
CC_2881,BME_RS06300,0,759,58.529,0,746,58.529
CC_2889,BME_RS15550,3.72e-65,205,37.179,4.6e-65,205,37.179
CC_2897,BME_RS17285,3.1e-29,101,42.647,6.35e-31,105,42.647
CC_2900,BME_RS02615,0,1493,65.561,0,1484,65.391
CC_2903,BME_RS02600,2.56e-35,110,73.913,3.21e-35,110,73.913
CC_2908,BME_RS06305,1.91e-22,87,39.524,1.49e-25,95.1,39.024
CC_2918,BME_RS13010,1.77e-25,94,33.69,2.19e-25,94,33.69
CC_2930,BME_RS02480,2.17e-11,56.2,33,2.9e-11,56.2,33
CC_2931,BME_RS02475,3e-68,206,50,6.48e-64,196,50
CC_2932,BME_RS02470,7.04e-119,351,43.807,1.95e-120,355,43.807
CC_2933,BME_RS09440,6.3e-113,324,57.609,1.96e-102,298,57.609
CC_2934,BME_RS09435,9.26e-69,209,48.954,1.19e-68,209,48.954
CC_2935,BME_RS09430,2.95e-33,115,38.122,1.7e-32,114,37.356
CC_2936,BME_RS09655,6.84e-68,209,42.066,8.9e-68,209,42.066
CC_2937,BME_RS09645,4.58e-141,409,50.216,4.35e-146,422,50.216
CC_2952,BME_RS10265,8.84e-13,62.4,33.607,1.89e-08,50.1,33.607
CC_2953,BME_RS10260,1.74e-52,179,44.262,2.78e-52,179,44.262
CC_2954,BME_RS01140,4.49e-52,180,29.663,7.2e-52,179,29.663
CC_2960,BME_RS03395,5.14e-28,107,25.155,6.86e-28,107,25.155
CC_2967,BME_RS07715,4.89e-46,161,57.364,6.45e-46,161,57.364
CC_2973,BME_RS11635,3.05e-53,166,48.02,3.67e-53,166,48.02
CC_2981,BME_RS02515,0,1086,75.507,0,1086,75.507
CC_2995,BME_RS00175,7.08e-127,362,60.383,6.6e-138,390,60.383
CC_3000,BME_RS03375,3.47e-25,103,31.683,2.23e-16,78.2,31.683
CC_3005,BME_RS02735,2.28e-28,93.6,70.423,2.85e-28,93.6,70.423
CC_3006,BME_RS00180,7.2e-80,241,45.667,1.01e-82,249,46.179
CC_3008,BME_RS00190,2.73e-60,184,53.659,3.42e-60,184,53.659
CC_3009,BME_RS00195,2.74e-119,347,54.62,1.8e-127,368,54.62
CC_3010,BME_RS00210,5.77e-38,127,36.574,3.73e-36,123,35.648
CC_3011,BME_RS00205,4e-20,74.7,43.434,5.72e-20,74.7,43.434
CC_3017,BME_RS00200,2.16e-132,384,51.523,6.44e-139,400,51.523
CC_3019,BME_RS06095,1.13e-08,50.8,33.333,1.56e-08,50.8,33.333
CC_3021,BME_RS00215,0,503,74.534,0,503,74.534
CC_3033,BME_RS04895,4.49e-12,62,26.941,1.03e-11,61.2,26.941
CC_3034,BME_RS00935,5.41e-55,190,38.971,8.7e-55,191,38.971
CC_3035,BME_RS02120,7.43e-140,388,80.519,9.35e-140,388,80.519
CC_3040,BME_RS15570,1.38e-103,310,44.909,2.97e-101,304,44.909
CC_3044,BME_RS09150,0,929,76.634,0,968,76.634
CC_3045,BME_RS14210,5.06e-41,140,33.457,6.32e-41,140,33.457
CC_3047,BME_RS02655,0,862,67.922,0,850,66.324
CC_3049,BME_RS02650,1.96e-128,390,36.89,3.4e-130,395,37.994
CC_3056,BME_RS12140,2.88e-22,82.8,37.288,3.72e-22,82.8,37.288
CC_3062,BME_RS15105,2.27e-61,196,41.356,2.4e-61,196,42.754
CC_3063,BME_RS15110,4.55e-28,114,29.684,4.11e-27,112,30.657
CC_3066,BME_RS00585,6.16e-138,397,54.703,6.87e-138,397,54.703
CC_3067,BME_RS00580,1.59e-21,89.7,32.487,5.3e-21,88.6,32.487
CC_3068,BME_RS00570,0,1074,60.367,0,1103,60.367
CC_3070,BME_RS00710,1.97e-45,148,43.119,2.33e-45,148,43.119
CC_3082,BME_RS15140,2.84e-24,87.4,43.22,4.64e-24,87.4,43.22
CC_3083,BME_RS15145,3.11e-142,409,52.913,3.88e-142,409,52.913
CC_3093,BME_RS10395,9.46e-47,159,35.345,1.25e-44,153,34.203
CC_3094,BME_RS08600,7.1e-156,466,43.676,8.36e-156,466,43.676
CC_3098,BME_RS01860,1.65e-145,408,73.993,1.58e-148,416,72.792
CC_3103,BME_RS01705,0,607,67.991,0,607,67.991
CC_3105,BME_RS04655,4.68e-30,115,31.269,2.88e-36,132,31.269
CC_3106,BME_RS12855,1.4e-21,91.3,27.763,6.35e-19,84,27.763
CC_3108,BME_RS04050,5.52e-164,468,56.25,1.72e-170,484,56.051
CC_3113,BME_RS04810,2.6e-91,272,47.785,6.54e-84,254,47.785
CC_3115,BME_RS07310,3.54e-38,122,48.361,4.14e-38,122,48.361
CC_3122,BME_RS02745,1.96e-29,115,28.07,2.52e-29,115,28.07
CC_3123,BME_RS06945,3.49e-14,65.1,32.203,1.91e-08,49.3,31.41
CC_3126,BME_RS14635,1.05e-10,59.7,23.81,8.04e-09,54.3,23.46
CC_3129,BME_RS12735,9.58e-114,337,44.626,4.57e-109,325,44.626
CC_3130,BME_RS12745,0,565,59.645,0,565,59.645
CC_3132,BME_RS08720,7.02e-118,350,42.667,8.58e-118,350,42.667
CC_3133,BME_RS11740,3.34e-47,154,39.908,5.54e-47,154,39.908
CC_3134,BME_RS02060,2.12e-130,376,52.989,2.65e-130,376,52.989
CC_3135,BME_RS02070,6.11e-60,190,43.162,6.57e-60,190,43.162
CC_3136,BME_RS02065,2.25e-52,171,36.232,1.08e-55,179,35.082
CC_3137,BME_RS02055,3.18e-57,187,33.718,3.98e-57,187,33.718
CC_3139,BME_RS14270,2.7e-29,116,28.935,3.71e-26,107,28.935
CC_3140,BME_RS01900,0,558,60.97,0,585,60.97
CC_3142,BME_RS11300,1.27e-12,60.5,26.087,5.4e-10,53.9,26.087
CC_3143,BME_RS12005,0,553,62.093,0,553,62.093
CC_3154,BME_RS07520,0,516,68.044,3.72e-177,494,68.044
CC_3158,BME_RS00440,1.88e-15,64.3,37.5,2.33e-15,64.3,37.5
CC_3160,BME_RS00445,3.08e-14,66.6,30.263,6.54e-17,73.9,30.263
CC_3173,BME_RS14275,6.04e-21,89.7,31.076,8.86e-21,89.7,31.076
CC_3174,BME_RS11620,2.12e-33,125,28.916,9.59e-29,112,28.205
CC_3175,BME_RS04300,6.22e-33,117,38.342,6.9e-33,117,38.342
CC_3178,BME_RS07485,3.15e-75,229,45.017,4.32e-75,229,45.017
CC_3181,BME_RS06920,4.98e-10,56.2,21.905,6.39e-10,56.2,21.905
CC_3197,BME_RS12500,6.1e-125,403,29.502,1.04e-122,397,29.615
CC_3199,BME_RS03770,0,635,80.808,0,637,80.808
CC_3200,BME_RS03765,0,1014,72.023,0,1033,72.023
CC_3201,BME_RS03760,4.82e-87,248,74.522,6.01e-87,248,74.522
CC_3202,BME_RS03755,4.04e-73,210,84.553,5.06e-73,210,84.553
CC_3205,BME_RS03715,6.15e-86,247,67.63,7.29e-86,247,67.63
CC_3206,BME_RS03710,6.38e-12,52.4,45.902,1.65e-15,61.2,45.161
CC_3208,BME_RS07930,3.11e-99,287,54.297,3.8e-99,287,54.297
CC_3209,BME_RS04200,1.83e-91,278,45.387,1.47e-94,286,45.387
CC_3210,BME_RS07140,1.32e-81,266,43.7,1.04e-79,261,43.7
CC_3211,BME_RS09300,0,1136,54.662,0,1136,54.662
CC_3212,BME_RS09295,4.75e-93,286,40.795,9.77e-84,263,40.71
CC_3213,BME_RS09290,4.74e-11,58.2,31.481,1.77e-08,50.8,31.481
CC_3215,BME_RS01695,0,611,59.393,0,625,59.393
CC_3216,BME_RS01690,0,556,71.503,0,561,71.066
CC_3221,BME_RS09085,6.06e-08,49.3,39.726,6.23e-08,49.3,28.511
CC_3223,BME_RS08605,9.9e-62,193,49.237,4.68e-61,192,48.361
CC_3224,BME_RS04755,2.89e-52,169,40.076,1.02e-50,165,40.154
CC_3226,BME_RS01670,0,865,71.074,0,880,71.074
CC_3227,BME_RS01665,7.79e-29,114,35.185,5.78e-19,85.5,33.333
CC_3228,BME_RS01660,5.49e-20,85.9,34.921,3.4e-19,84.7,35.537
CC_3229,BME_RS01650,1.91e-46,147,56.557,2.74e-46,147,56.557
CC_3230,BME_RS01645,1.26e-178,503,56.092,1.82e-176,498,58.213
CC_3232,BME_RS01635,2.27e-45,143,56.667,3.55e-45,142,56.667
CC_3233,BME_RS01630,8.48e-75,223,51.965,1.08e-74,223,51.965
CC_3234,BME_RS01625,4.47e-29,100,42.222,5.68e-29,100,42.222
CC_3236,BME_RS01620,1.14e-161,452,68.58,1.43e-161,452,68.58
CC_3237,BME_RS01615,4.5e-42,137,49.029,7e-41,135,49.029
CC_3238,BME_RS01610,1.4e-43,139,50,3.55e-43,138,50
CC_3243,BME_RS01555,1.52e-107,307,59.6,1.61e-100,290,59.6
CC_3244,BME_RS01530,2.88e-107,309,56.985,3.57e-107,309,56.985
CC_3245,BME_RS01525,2.19e-20,81.6,36.552,2.54e-20,81.6,36.552
CC_3247,BME_RS01520,7.58e-17,67.4,32.456,1.29e-16,67,40
CC_3248,BME_RS01505,0,504,72.537,0,504,72.537
CC_3249,BME_RS01500,1.18e-168,474,61.013,4.01e-164,463,61.013
CC_3250,BME_RS12260,0,563,74.788,0,558,75.072
CC_3252,BME_RS10535,4.68e-33,115,40.845,1.13e-35,122,40.845
CC_3253,BME_RS10540,5.87e-28,99.8,40,6.94e-28,99.8,40
CC_3262,BME_RS13650,6.12e-48,149,49.669,7.77e-48,149,49.669
CC_3264,BME_RS01595,2.35e-18,77,32.195,5.11e-20,81.6,31.771
CC_3269,BME_RS01580,1.02e-91,268,51.181,1.32e-91,268,51.181
CC_3274,BME_RS01565,0,551,51.82,0,571,51.903
CC_3275,BME_RS01560,1.95e-31,101,61.972,2.35e-31,101,61.972
CC_3276,BME_RS02665,2.22e-54,166,57.937,6.08e-56,170,54.545
CC_3283,BME_RS01435,3.45e-115,335,51.253,3.94e-123,356,51.253
CC_3284,BME_RS01440,3.77e-64,191,73.684,1.74e-73,214,73.684
CC_3290,BME_RS14835,1.13e-47,150,57.724,1.71e-47,150,57.724
CC_3291,BME_RS01450,3.2e-09,44.7,42.857,3.39e-09,44.7,42.857
CC_3292,BME_RS01470,2.28e-70,211,48.472,3.62e-67,203,48.035
CC_3293,BME_RS01465,1.53e-99,293,50.613,1.15e-93,278,50.613
CC_3295,BME_RS01605,1.05e-37,124,48.026,1.31e-37,124,48.026
CC_3297,BME_RS11810,4.11e-28,93.6,86.765,2.09e-28,94.7,86.765
CC_3303,BME_RS11780,0,643,73.941,0,659,76.271
CC_3304,BME_RS11775,1.63e-44,138,70.093,1.11e-36,119,67.593
CC_3305,BME_RS11770,1.4e-160,454,65.312,2.85e-160,454,65.312
CC_3313,BME_RS10255,2.08e-176,510,45.854,1.43e-169,493,45.854
CC_3319,BME_RS01405,1.03e-17,67.8,53.012,7.37e-25,86.3,53.012
CC_3320,BME_RS07220,1.62e-27,100,31.282,3.84e-25,94.4,31.282
CC_3321,BME_RS15920,2.35e-19,68.6,73.171,2.94e-19,68.6,73.171
CC_3322,BME_RS10310,1.51e-91,280,43.617,4.32e-84,261,43.617
CC_3352,BME_RS12935,2.21e-81,269,42.512,3.83e-78,261,42.289
CC_3354,BME_RS12930,1.01e-43,136,56.303,1.27e-43,136,56.303
CC_3355,BME_RS12925,4.01e-94,283,44.628,4.92e-94,283,44.628
CC_3359,BME_RS05465,1.81e-23,101,24.873,1.13e-23,102,24.916
CC_3361,BME_RS07300,1.18e-129,370,60.45,1.6e-129,370,60.45
CC_3363,BME_RS06930,1.24e-25,90.9,40.179,1.54e-25,90.9,40.179
CC_3364,BME_RS07295,1.56e-117,338,54.341,2.01e-117,338,54.341
CC_3365,BME_RS07290,1.93e-61,183,63.768,2.5e-61,183,63.768
CC_3371,BME_RS04490,2.15e-09,51.2,29.496,3.27e-09,51.2,29.496
CC_3375,BME_RS10285,4.06e-127,363,60.424,2.91e-123,353,58.442
CC_3382,BME_RS06420,6.08e-15,64.3,37.607,7.82e-15,64.3,37.607
CC_3384,BME_RS01305,1.76e-101,293,56.641,2.19e-101,293,56.641
CC_3389,BME_RS07615,9.41e-144,416,47.391,1.2e-143,416,47.391
CC_3390,BME_RS07620,8.39e-85,255,50.645,2.13e-79,242,50.825
CC_3393,BME_RS07590,1.32e-176,510,51.684,4.4e-177,511,51.684
CC_3394,BME_RS07285,6.76e-58,175,58.333,8.59e-61,182,57.143
CC_3395,BME_RS07275,1.5e-51,161,45.128,1.92e-51,161,45.128
CC_3397,BME_RS07265,4.1e-68,203,51.596,1.34e-61,187,51.596
CC_3398,BME_RS07260,1.44e-89,275,37.116,3.52e-85,264,37.116
CC_3399,BME_RS07255,2.46e-166,474,52.941,3.07e-166,474,52.941
CC_3402,BME_RS07315,2.03e-94,277,55.986,3.23e-95,280,55.986
CC_3403,BME_RS07320,3.37e-62,189,51.099,4.24e-62,189,51.099
CC_3405,BME_RS07330,1.47e-110,321,54.348,1.36e-107,313,54.348
CC_3406,BME_RS07335,0,734,70.128,0,734,70.764
CC_3407,BME_RS07340,4.15e-73,224,50.943,4.64e-76,231,50.943
CC_3411,BME_RS07350,0,584,59.829,0,565,59.829
CC_3414,BME_RS12770,1.46e-164,468,51.204,1.1e-163,466,51.204
CC_3415,BME_RS12775,1.42e-63,195,46.862,7.28e-70,211,46.862
CC_3416,BME_RS08090,2.15e-74,226,53.431,6.77e-78,235,53.241
CC_3421,BME_RS07575,1.44e-70,219,43.322,1.13e-74,230,42.216
CC_3423,BME_RS00810,6.31e-79,233,56.938,7.88e-79,233,56.938
CC_3424,BME_RS07190,1.89e-42,132,59.649,2.29e-42,132,59.649
CC_3428,BME_RS15345,2.49e-72,220,45.489,3.07e-72,220,45.489
CC_3430,BME_RS01025,1.34e-167,473,58.01,6.95e-157,446,58.01
CC_3431,BME_RS01030,3.57e-53,167,46.073,4.64e-53,167,46.073
CC_3432,BME_RS01035,1.98e-38,122,58.511,2.7e-38,122,58.511
CC_3433,BME_RS01040,1.49e-31,108,37.572,2.09e-31,108,37.572
CC_3434,BME_RS01050,1.28e-34,128,29.602,5.7e-33,124,29.104
CC_3435,BME_RS01055,1.01e-133,390,49.333,2.05e-133,389,49.333
CC_3440,BME_RS01060,5.21e-43,138,45.833,6.76e-43,138,45.833
CC_3443,BME_RS05925,1.24e-28,96.7,51.923,1.54e-28,96.7,51.923
CC_3445,BME_RS01235,3.62e-19,72.8,50,7.08e-19,72.8,50
CC_3447,BME_RS01230,0,711,75.705,0,723,75.693
CC_3448,BME_RS01225,6.46e-109,314,57.192,1.13e-116,334,57.192
CC_3449,BME_RS01220,0,813,77.647,0,813,77.647
CC_3450,BME_RS01215,4.67e-47,149,48.538,5.91e-47,149,48.538
CC_3455,BME_RS01120,1.02e-80,236,58.947,1.33e-76,226,58.947
CC_3456,BME_RS01125,1.66e-44,149,43.75,9.03e-45,149,43.75
CC_3457,BME_RS01130,2.76e-33,117,33.632,6.28e-33,116,33.333
CC_3464,BME_RS09040,0,1112,58.998,0,1090,58.993
CC_3467,BME_RS08970,3.57e-39,127,46.565,4.83e-39,127,46.565
CC_3469,BME_RS08705,3.1e-45,150,41.296,9.81e-50,162,41.296
CC_3470,BME_RS02125,4.69e-27,100,36.788,4.86e-27,100,36.788
CC_3475,BME_RS01815,7.7e-54,167,52.381,9.12e-54,167,52.381
CC_3477,BME_RS01825,1.09e-91,268,55.253,1.36e-91,268,55.253
CC_3483,BME_RS12205,7.75e-44,137,48.855,9.99e-44,137,48.855
CC_3484,BME_RS10045,3.4e-108,346,35.914,2.07e-111,355,36.244
CC_3486,BME_RS13185,3.57e-41,139,33.878,1.05e-38,132,33.878
CC_3487,BME_RS09305,3.53e-37,126,37.788,5.52e-34,118,38.579
CC_3492,BME_RS14735,1.71e-42,160,26.144,7.98e-37,143,26.03
CC_3502,BME_RS09370,1.83e-20,82.4,43.564,1.16e-19,81.3,43.564
CC_3503,BME_RS02950,2.18e-57,176,48.837,4.65e-57,175,48.837
CC_3510,BME_RS12760,4.77e-56,181,37.374,6.39e-56,181,37.374
CC_3511,BME_RS15315,1.81e-63,197,51.691,9e-53,170,51.691
CC_3512,BME_RS15320,5.61e-55,182,37.401,5.16e-43,151,37.234
CC_3513,BME_RS15325,1.31e-174,497,55.992,1.51e-178,508,55.992
CC_3514,BME_RS12420,6.2e-50,160,37.768,7.73e-50,160,37.768
CC_3515,BME_RS12425,5.07e-55,169,46.286,6.26e-55,169,46.286
CC_3521,BME_RS13980,2.25e-128,368,55.806,6.84e-128,367,55.806
CC_3524,BME_RS04775,6.01e-44,135,57.944,7.6e-44,135,57.944
CC_3525,BME_RS12915,5.76e-92,280,44.413,7.16e-92,280,44.413
CC_3526,BME_RS00770,1.37e-148,412,75.385,1.71e-148,412,75.385
CC_3527,BME_RS00765,0,891,72.788,0,878,72.712
CC_3528,BME_RS00760,1.25e-20,78.6,33.065,1e-16,68.6,33.065
CC_3529,BME_RS00755,3.17e-23,85.1,35.772,2.57e-19,75.1,35.772
CC_3531,BME_RS00640,2.53e-105,312,44.92,3.29e-105,312,44.92
CC_3535,BME_RS10040,5e-44,155,34.444,8.81e-44,155,34.444
CC_3536,BME_RS10035,4.08e-50,160,42.259,1.11e-47,155,42.174
CC_3537,BME_RS10030,2.01e-143,452,36.19,5.69e-149,467,36.648
CC_3538,BME_RS10025,0,610,38.091,5.62e-150,479,38.814
CC_3539,BME_RS10020,1.2e-42,132,52.941,1.46e-42,132,52.941
CC_3541,BME_RS10015,3.64e-128,375,50.93,8.08e-114,338,50.698
CC_3542,BME_RS10010,1.88e-111,322,57.554,2.31e-111,322,57.554
CC_3543,BME_RS10005,1.69e-86,256,54.435,3.48e-75,228,54.435
CC_3544,BME_RS09995,0,617,71.182,0,600,71.182
CC_3545,BME_RS09990,3.88e-56,175,47.143,3e-67,203,49.524
CC_3546,BME_RS01175,1.58e-36,115,57.955,2.11e-36,115,57.955
CC_3550,BME_RS11410,3.52e-74,224,50.376,4.78e-74,224,50.376
CC_3562,BME_RS15150,9.76e-83,257,34.483,1.17e-82,257,34.483
CC_3564,BME_RS05860,5.02e-29,100,46.512,1.47e-31,106,50
CC_3567,BME_RS09330,1.28e-84,248,53.648,1.63e-84,248,53.648
CC_3568,BME_RS05640,2.44e-11,57.4,30.201,2.76e-08,49.3,30.702
CC_3569,BME_RS12640,9.56e-68,204,48.691,1.13e-67,204,48.691
CC_3573,BME_RS12720,1.93e-36,120,40.132,2.34e-36,120,40.132
CC_3579,BME_RS08675,1.69e-111,323,56.369,2.17e-111,323,56.369
CC_3580,BME_RS08670,0,833,78.458,0,828,78.458
CC_3581,BME_RS01170,0,884,67.442,0,877,69.692
CC_3584,BME_RS15235,6.45e-60,209,33.18,3.44e-53,190,32.258
CC_3585,BME_RS07990,6.09e-43,135,51.079,1.04e-32,109,47.482
CC_3586,BME_RS08895,6.2e-39,122,62.637,7.61e-39,122,62.637
CC_3587,BME_RS09485,0,772,68.972,0,759,68.972
CC_3588,BME_RS09490,2.94e-72,215,54.762,3.78e-72,215,54.762
CC_3589,BME_RS09495,8.83e-150,430,56.322,2.98e-153,439,56.552
CC_3592,BME_RS08850,5.96e-43,136,52.817,6.38e-43,136,52.817
CC_3595,BME_RS08985,1.7e-38,122,48.76,2.12e-38,122,48.76
CC_3596,BME_RS08860,8.39e-42,134,42.949,9e-42,134,42.949
CC_3597,BME_RS08865,2.12e-45,146,45.641,1.45e-51,162,45.641
CC_3599,BME_RS08870,5.69e-170,486,51.085,7.17e-170,486,51.085
CC_3600,BME_RS08875,1.85e-108,311,59.184,2.55e-108,311,59.184
CC_3601,BME_RS08880,7.25e-16,69.3,31.429,7.16e-16,69.7,31.902
CC_3603,BME_RS09050,1.95e-73,218,54,2.44e-73,218,54
CC_3604,BME_RS11455,3.77e-107,312,52.215,4.07e-92,274,52.215
CC_3605,BME_RS11450,6.6e-115,328,63.74,1.34e-103,299,63.74
CC_3606,BME_RS10385,1.82e-76,244,38.193,2.43e-73,236,37.882
CC_3607,BME_RS10390,0,1233,44.918,0,1197,45.02
CC_3611,BME_RS02110,5.93e-136,390,52.344,7.2e-136,390,52.344
CC_3614,BME_RS01200,1.07e-98,283,63.426,1.34e-98,283,63.426
CC_3617,BME_RS07015,2.41e-123,358,48.67,2.81e-112,330,48.67
CC_3618,BME_RS07020,4.66e-79,249,39.44,1.31e-70,228,42.442
CC_3619,BME_RS04830,7.29e-30,121,25.477,5.98e-31,124,26.415
CC_3620,BME_RS01510,0,748,58.86,0,759,58.814
CC_3621,BME_RS00345,8.67e-18,69.7,57.895,2.35e-20,76.3,52.055
CC_3625,BME_RS00465,1.06e-134,382,68.153,2.47e-135,384,68.153
CC_3630,BME_RS12085,1.48e-106,308,54.122,1.95e-106,308,54.122
CC_3637,BME_RS10305,1.31e-122,349,55.67,2.72e-121,346,57.762
CC_3638,BME_RS11440,2.75e-155,439,58.696,3.65e-155,439,58.696
CC_3639,BME_RS11445,3.08e-56,176,45.022,6.36e-59,182,45.022
CC_3641,BME_RS02250,5.42e-25,99,27.113,1.1e-26,103,27.113
CC_3649,BME_RS00785,1.58e-90,268,48.754,2.09e-90,268,48.754
CC_3651,BME_RS00700,1.14e-31,110,40,1.4e-31,110,40
CC_3652,BME_RS01115,7.63e-43,136,65.686,6.68e-45,141,64.865
CC_3653,BME_RS01105,7.62e-162,466,59.346,1.45e-177,506,58.209
CC_3655,BME_RS00645,5.13e-171,474,73.981,6.43e-171,474,73.981
CC_3657,BME_RS09450,4.24e-37,120,44.604,5.05e-37,120,44.604
CC_3659,BME_RS12215,1.46e-75,231,50,1.09e-73,226,50
CC_3661,BME_RS09225,1.15e-28,102,38.418,1.65e-31,110,38.418
CC_3663,BME_RS09200,5.94e-70,213,49.027,6.49e-70,213,49.027
CC_3664,BME_RS09190,7.64e-38,121,56.25,5.38e-38,122,56.25
CC_3666,BME_RS09185,4.54e-32,114,32.78,3.66e-35,122,33.333
CC_3667,BME_RS09180,0,1213,67.002,0,1239,67.002
CC_3668,BME_RS09175,5.16e-38,127,39.247,2.31e-32,113,39.247
CC_3669,BME_RS09170,2.8e-29,105,39.908,2.58e-18,77.4,40.271
CC_3672,BME_RS09165,7.19e-80,238,52.564,9.55e-80,238,52.564
CC_3674,BME_RS09155,1.88e-41,135,43.182,2.81e-41,135,43.182
CC_3678,BME_RS00615,1.61e-30,108,38.462,2.46e-30,108,37.324
CC_3679,BME_RS00620,3.91e-101,301,50.658,1.84e-105,313,50.814
CC_3680,BME_RS08825,7.02e-57,177,48.815,4.76e-59,182,50
CC_3684,BME_RS00625,9.12e-180,505,59.857,1.1e-179,505,59.857
CC_3686,BME_RS00630,4.73e-71,218,46.953,8.28e-80,241,46.953
CC_3690,BME_RS03580,1.05e-19,73.9,50.538,1.13e-19,73.9,50.538
CC_3697,BME_RS13005,3.96e-76,231,43.098,4.98e-76,231,43.098
CC_3698,BME_RS13015,8.13e-41,132,40.116,5.99e-33,113,39.306
CC_3702,BME_RS12230,0,576,45.387,0,570,45.387
CC_3703,BME_RS03965,1.05e-12,63.5,27.536,1.26e-12,63.5,27.536
CC_3704,BME_RS00795,0,751,54.203,0,741,53.168
CC_3705,BME_RS00305,6.75e-24,92,37.288,5.76e-22,87.4,38.125
CC_3706,BME_RS00300,5.65e-80,239,47.388,7.07e-80,239,47.388
CC_3707,BME_RS09635,7.8e-98,287,50.171,9.1e-98,287,50.171
CC_3708,BME_RS11340,3.79e-86,254,52.381,5.06e-86,254,52.381
CC_3709,BME_RS11345,4.74e-139,408,47.253,6.24e-139,408,47.253
CC_3712,BME_RS11350,5.57e-142,407,58.5,1.93e-149,427,58.5
CC_3713,BME_RS01745,6.84e-55,167,59.155,8.68e-55,167,59.155
CC_3714,BME_RS14075,2.61e-65,209,38.793,9.32e-53,176,39.286
CC_3715,BME_RS15640,1.64e-153,446,46.771,1.13e-148,434,46.979
CC_3717,BME_RS09695,1.45e-107,310,57.143,1.78e-107,310,57.143
CC_3719,BME_RS09690,0,603,71.605,0,603,71.605
CC_3720,BME_RS09685,8.98e-79,228,65.432,1.14e-78,228,65.432
CC_3721,BME_RS09670,4.05e-27,97.8,35.135,5.7e-27,97.8,35.135
CC_3722,BME_RS09665,1.46e-163,457,66.055,1.77e-163,457,66.055
CC_3724,BME_RS04620,1.11e-167,480,49.901,1.34e-167,480,49.901
CC_3726,BME_RS09600,1.01e-89,263,53.696,3.73e-77,231,53.696
CC_3727,BME_RS10130,9.76e-89,255,71.751,1.2e-88,255,71.751
CC_3728,BME_RS10135,0,614,70.276,0,559,70.276
CC_3731,BME_RS08840,2.29e-77,231,53.219,2.95e-77,231,53.219
CC_3733,BME_RS08830,1.43e-117,341,51.829,2.16e-113,330,51.829
CC_3734,BME_RS10125,3.33e-77,226,55.67,4.3e-77,226,55.67
CC_3735,BME_RS10115,6.56e-79,232,53.271,1.99e-74,221,53.271
CC_3736,BME_RS10110,6.94e-96,277,59.746,8.76e-96,277,59.746
CC_3737,BME_RS10105,1.46e-120,341,69.231,5.39e-128,360,69.231
CC_3738,BME_RS10100,2.4e-18,70.9,46.296,3.01e-18,70.9,46.296
CC_3739,BME_RS10150,2.95e-25,93.6,36.066,3.71e-25,93.6,36.066
CC_3740,BME_RS10155,5.98e-34,126,31.564,5.83e-34,126,31.356
CC_3741,BME_RS10160,9.12e-27,100,32.857,1.46e-28,105,32.42
CC_3742,BME_RS10170,2.34e-39,128,43.038,1.3e-44,141,43.038
CC_3743,BME_RS00290,1.25e-109,311,65.179,6.69e-103,294,65.566
CC_3744,BME_RS00285,2.35e-36,121,47.368,2.39e-40,131,47.368
CC_3745,BME_RS01185,1.69e-84,247,58.333,1.29e-80,237,59.898
CC_3749,BME_RS01190,0,1057,59.132,0,1050,59.132
CC_3751,BME_RS00055,2.01e-27,107,34.343,2.4e-27,107,34.343
CC_3752,BME_RS00050,9.04e-101,294,51.049,1.11e-90,268,51.049
CC_3753,BME_RS00045,5.37e-121,343,64.479,6.68e-121,343,64.479
CC_3754,BME_RS00040,1.13e-48,155,42.473,1.47e-48,155,42.473
CC_3755,BME_RS00035,0,727,57.699,0,728,57.699
CC_3756,BME_RS00030,2.27e-112,335,44.743,2.82e-112,335,44.743
CC_3759,BME_RS13615,2.05e-78,236,52.34,1.9e-78,236,52.34
CC_3760,BME_RS00020,0,709,80.861,0,709,80.861
CC_3761,BME_RS00010,6.65e-41,132,49.286,9.63e-41,132,49.286
CC_3762,BME_RS10280,1.1e-26,105,29.321,5.45e-23,95.1,29.321
CC_3763,BME_RS00005,8.99e-100,295,45.401,1.09e-99,295,45.401
CC_r02,BME_RS01925,3.34e-51,191,40.27,4.12e-51,191,40.27
CC_t02,BME_RS05065,8.43e-13,50.8,92,1.06e-12,50.8,92
CC_t03,BME_RS00985,1.79e-10,45.4,70,2.24e-10,45.4,70
CC_t04,BME_RS08205,3.11e-09,42,80,3.89e-09,42,80
CC_t06,BME_RS10430,3.09e-11,47,100,3.87e-11,47,100
CC_t10,BME_RS11315,3.14e-16,60.1,93.333,3.94e-16,60.1,93.333
CC_t13,BME_RS03310,3.29e-08,39.3,76,4.12e-08,39.3,76
CC_t16,BME_RS03695,3.83e-08,39.3,87.5,4.8e-08,39.3,87.5
CC_t19,BME_RS05920,1.73e-10,45.1,92,2.17e-10,45.1,92
CC_t27,BME_RS14705,5.16e-12,48.9,92,6.46e-12,48.9,92
CC_t30,BME_RS04510,1.18e-13,53.5,100,1.48e-13,53.5,100
CC_t31,BME_RS00545,2.45e-12,50.1,89.286,3.07e-12,50.1,89.286
CC_t36,BME_RS08330,3.39e-09,42,80,4.25e-09,42,80
CC_t47,BME_RS11070,1.06e-08,40.8,80,1.33e-08,40.8,80
CC_t49,BME_RS09505,1.02e-08,40.8,80,1.27e-08,40.8,80
CC_t50,BME_RS11400,9.05e-10,43.5,79.31,1.13e-09,43.5,79.31
CC_t51,BME_RS00350,2.55e-09,42.4,80,3.19e-09,42.4,80
