C_crescentus,S_meliloti,G1.evalue,G1.bitscore,G1.pident,G2.evalue,G2.bitscore,G2.pident
CC_0001,SMc02793,2.06e-90,268,50.19,4.18e-87,259,50.19
CC_0002,SMc02792,4.16e-49,156,47.668,4.49e-54,168,47.668
CC_0003,SMc02791,1.44e-60,191,44.358,1.18e-51,168,42.412
CC_0004,SMc02790,3.53e-71,213,57.216,3.84e-71,212,57.216
CC_0005,SMc02789,6.77e-63,194,46.32,4.38e-63,194,46.32
CC_0006,SMc01153,2.81e-101,293,62.257,2.56e-96,280,62.257
CC_0007,SMc01152,8.47e-31,101,66.667,9.23e-35,111,66.667
CC_0008,SMc01167,8.88e-80,254,44.068,1.76e-91,285,38.509
CC_0009,SMc02566,1.54e-65,199,54.726,1.04e-65,199,54.726
CC_0010,SMc02857,0,976,75.039,0,985,75.351
CC_0011,SMc02858,9.34e-156,441,56.397,8.99e-157,443,56.397
CC_0012,SMc01125,0,818,52.323,0,831,52.323
CC_0013,SMc01124,0,729,44.887,0,723,46.189
CC_0014,SMc00237,9.84e-60,181,64.474,5.5e-60,181,64.474
CC_0015,SMc00863,3.77e-62,188,54.913,2.74e-62,187,54.913
CC_0016,SMc00599,1.22e-37,123,48.837,1.58e-39,128,46.897
CC_0018,SMc00144,6.42e-154,434,66.766,5.83e-161,451,66.766
CC_0021,SM_b20342,0,568,47.455,0,604,47.455
CC_0022,SM_b20343,2.56e-61,184,60.274,1.42e-61,184,60.274
CC_0029,SMc00423,9.24e-96,275,63.333,5.85e-96,275,63.333
CC_0030,SMc00606,2.52e-26,100,35.329,1.95e-26,100,35.329
CC_0034,SMc00324,0,980,69.701,0,991,69.417
CC_0035,SMc00323,2.39e-41,128,73.034,1.51e-41,128,73.034
CC_0036,SMc00321,1.35e-92,275,48.243,8.58e-93,275,48.243
CC_0037,SMc00320,1.4e-31,107,41.791,8.03e-32,107,41.791
CC_0042,SMc02914,0,829,61.435,0,827,62.654
CC_0043,SMc02913,6.99e-31,110,39.594,4.71e-31,110,39.594
CC_0044,SMc02912,0,693,66.667,0,675,66.667
CC_0045,SMc02911,7.14e-28,100,39.716,7.86e-29,102,38.125
CC_0047,SMc03239,8.94e-70,207,54.651,5.66e-70,207,54.651
CC_0049,SMc01108,3.5e-40,137,40.394,1.01e-44,148,40.394
CC_0050,SMc01109,3.85e-151,432,60.482,8.55e-151,431,60.482
CC_0051,SMc01110,7.14e-40,128,52.344,7.19e-46,143,52.632
CC_0052,SMc01111,5.51e-78,252,38.683,6.19e-79,254,38.397
CC_0053,SMc01112,2.84e-53,176,40.288,4.08e-54,178,42.857
CC_0054,SMc01113,2.09e-32,110,51.327,1.41e-32,110,51.327
CC_0055,SMc01114,2.37e-94,281,48.845,1.17e-94,281,48.845
CC_0056,SMc01115,8.51e-170,483,63.117,5.32e-170,483,63.117
CC_0057,SMc02510,1.52e-43,137,50.388,1.01e-43,137,50.388
CC_0058,SMc01117,1.17e-22,85.9,43.478,8.22e-23,85.9,43.478
CC_0059,SMc01118,1.21e-19,80.9,39.252,2.25e-28,103,39.252
CC_0062,SMc01119,1.29e-67,204,56.614,6.86e-68,204,56.614
CC_0064,SMc01121,5.88e-143,406,58.79,3.83e-143,406,58.79
CC_0065,SMc01123,4.48e-91,287,40.618,5.65e-92,289,37.859
CC_0069,SMc03228,9.89e-26,89.4,51.724,2.39e-21,77.8,51.724
CC_0070,SMc03229,1.86e-84,256,47.706,1.18e-84,256,47.706
CC_0071,SMc03230,2.72e-130,375,57.692,4.78e-126,363,57.025
CC_0072,SMc03231,6.13e-77,235,44.762,3.72e-77,235,44.762
CC_0074,SMc03233,1.71e-12,64.7,29.885,1.92e-11,61.6,29.71
CC_0075,SMc03234,6.83e-36,137,30.562,5.77e-20,89.7,29.383
CC_0076,SMc02227,0,747,53.361,0,718,52.916
CC_0077,SMc02228,0,556,67.91,0,556,67.91
CC_0080,SMc02229,0,708,58.961,0,681,58.961
CC_0081,SMc01260,1.38e-22,84.7,38.261,7.03e-23,84.7,38.261
CC_0082,SMc02223,2.59e-63,193,53.182,5.28e-71,213,53.182
CC_0085,SMc03925,3.62e-21,94.4,29.381,2.28e-21,94.4,29.381
CC_0086,SMc04088,0,632,62.808,0,639,63.188
CC_0088,SMc04085,0,1149,42.354,0,1149,42.354
CC_0090,SMc00100,0,577,60.976,0,526,57.393
CC_0093,SMc02371,4.3e-32,118,30.169,2.86e-32,118,30.169
CC_0100,SMc04089,1.53e-35,138,30.26,2.42e-38,145,30.277
CC_0101,SMc00511,5.02e-87,254,57.078,3.18e-87,254,57.078
CC_0102,SMc04090,2.53e-86,268,41.403,1.76e-86,268,41.403
CC_0103,SMc04092,4.46e-12,54.3,44.944,4.57e-08,43.5,44.944
CC_0104,SM_b20585,2.26e-137,409,44.63,4.6e-136,405,45.02
CC_0105,SMc00412,2.2e-66,202,48.472,1.4e-66,202,48.472
CC_0106,SMc01232,2.22e-24,94,34.259,1.29e-22,88.6,34.259
CC_0107,SMc03804,6.71e-94,285,42.961,9.9e-98,295,42.961
CC_0108,SMc03803,3.54e-21,75.5,66.667,2.14e-21,75.5,66.667
CC_0109,SMc03802,8.86e-59,182,50.242,5.64e-59,182,50.242
CC_0110,SMc03801,4.7e-83,251,46.865,1.96e-78,239,47.157
CC_0111,SMc03800,4.23e-49,155,45.399,3.57e-49,155,45.399
CC_0113,SMc00812,8.39e-17,68.9,44.8,4.89e-23,84.3,44.8
CC_0117,SMc00637,0,582,64.108,0,582,64.108
CC_0118,SMa0878,0,678,55.428,0,665,55.428
CC_0123,SMc03833,8e-28,97.4,40,1.52e-24,88.2,40
CC_0124,SMa1452,1.5e-68,210,49.237,3.34e-72,219,49.237
CC_0126,SMc01851,1.16e-22,89.4,36.269,1.41e-19,80.5,36.269
CC_0129,SMc03826,0,650,78.519,0,650,78.519
CC_0131,SMc00873,0,672,55.096,0,672,55.096
CC_0132,SMc01160,5.17e-14,63.2,32.624,1.22e-08,48.1,36.283
CC_0134,SMc03831,6.88e-167,471,59.487,4.43e-167,471,59.487
CC_0137,SMc02889,9.2e-14,70.9,27.811,4.12e-14,70.9,27.811
CC_0138,SMc01128,1.07e-81,265,37.98,2.43e-74,246,38.182
CC_0139,SMc02721,1.35e-38,151,28.409,1.42e-44,169,28.571
CC_0140,SMc00420,0,560,62.2,0,555,62.2
CC_0141,SMc00419,2.84e-133,379,59.936,1.78e-133,379,59.936
CC_0143,SMc00418,7.92e-28,96.7,46.721,3.2e-24,87,47.414
CC_0144,SMc00416,9.97e-84,251,55.235,8.43e-80,241,55.235
CC_0145,SMc01147,1.54e-109,324,48.413,1.19e-106,316,48.413
CC_0146,SMc01146,1.77e-54,170,48.5,1.23e-54,170,48.5
CC_0147,SMc00605,1.44e-28,103,36.066,2.86e-23,89.4,36.066
CC_0152,SMc01144,5.69e-107,306,62.343,3.62e-107,306,62.343
CC_0153,SMc01143,1.36e-116,340,49.438,8.61e-117,340,49.438
CC_0154,SMc01142,1.69e-43,142,47.097,2.01e-43,141,47.097
CC_0156,SMc00415,5.78e-143,408,53.495,3.66e-143,408,53.495
CC_0157,SM_b20608,1.86e-23,85.1,44.444,1.09e-23,85.1,44.444
CC_0159,SMc02863,3.44e-83,256,46.505,2.1e-83,256,46.505
CC_0160,SMc02782,0,1040,65.968,0,1039,65.968
CC_0163,SMc04022,1.12e-11,63.9,25.397,4.78e-12,64.3,25.397
CC_0164,SM_b20961,8.15e-93,304,29.683,4.51e-83,277,29.837
CC_0167,SMc00998,1.88e-24,95.1,41.379,4.39e-25,95.9,41.379
CC_0168,SM_b21213,1.75e-27,103,34.934,9.01e-28,103,34.934
CC_0169,SMc01794,4.37e-34,117,40,2.84e-34,117,40
CC_0185,SMc02890,5.12e-27,114,23.795,2.71e-27,114,23.795
CC_0186,SM_b21281,3.58e-129,379,50.114,8.44e-124,364,50.114
CC_0190,SMc04228,1.36e-32,110,43.089,7.33e-33,110,43.089
CC_0193,SMc04405,2.48e-153,433,61.281,2.16e-149,423,61.281
CC_0195,SMc03795,2.8e-86,251,59.5,1.77e-86,251,59.5
CC_0196,SMc03823,0,667,71.064,0,666,71.064
CC_0197,SMc03863,7.26e-59,177,69.748,7.26e-60,179,69.748
CC_0198,SMc03861,9.82e-93,270,57.851,6.09e-93,270,57.851
CC_0201,SMc00354,4.49e-49,157,52.074,4.77e-55,172,48.148
CC_0203,SMc02220,2.05e-11,61.2,29.193,1.19e-11,60.8,29.193
CC_0204,SM_b21555,8.36e-136,407,42.883,1.64e-126,383,44.161
CC_0205,SMa0346,7e-32,111,44.231,1.05e-37,126,42.775
CC_0213,SMc01437,1.26e-34,118,40.462,2.68e-30,106,40.462
CC_0217,SMc00073,1.35e-12,66.6,33.036,3.34e-13,67,33.036
CC_0220,SMc02350,2.54e-08,49.3,29.121,1.42e-08,49.7,29.121
CC_0222,SMc02163,1.23e-173,499,49.906,3.32e-165,477,49.906
CC_0226,SMc01351,2.04e-23,84.7,49.412,8.25e-24,84.7,49.412
CC_0227,SMc00902,4.69e-56,173,49.735,2.94e-56,173,49.735
CC_0230,SMc00904,2.15e-91,285,58.228,5.66e-92,286,58.228
CC_0231,SMc00905,2.9e-47,148,54.795,6.17e-38,124,55.782
CC_0237,SMc02560,1.75e-106,305,64.435,6.37e-111,315,64.435
CC_0238,SMc04446,2.02e-119,362,41.786,1.43e-119,362,41.786
CC_0239,SMc02752,3.92e-13,60.5,36.842,2.55e-13,60.5,36.842
CC_0240,SMc02753,1.97e-60,180,66.418,1.13e-60,180,66.418
CC_0241,SMc02754,1.83e-28,96.3,56.977,1.21e-28,96.3,56.977
CC_0245,SMc03834,1.25e-31,104,56.25,8.76e-32,104,56.25
CC_0247,SMc02584,1.29e-82,240,67.816,1.38e-65,197,68.987
CC_0248,SMc02585,7.99e-85,265,39.474,3.09e-76,242,39.364
CC_0250,SMc02770,5.06e-161,458,53.528,3.18e-161,458,53.528
CC_0251,SMc02768,5.8e-33,117,32.906,3.85e-33,117,32.906
CC_0252,SMc02856,3.53e-171,505,45.946,1.31e-177,521,47.218
CC_0253,SMc04410,1.75e-168,470,67.16,1.12e-168,470,67.16
CC_0254,SMc02545,2.25e-60,192,40.717,1.49e-60,192,40.717
CC_0256,SMc04084,1.44e-25,100,31.802,3.37e-24,96.3,31.802
CC_0257,SMc02755,0,689,73.319,0,688,73.319
CC_0264,SMc02386,1.47e-143,419,52.506,9.63e-144,419,52.506
CC_0266,SMc02903,3.52e-51,169,46.114,2.32e-51,169,46.114
CC_0267,SMc02905,2.04e-161,473,47.692,9.31e-14,70.9,34.513
CC_0268,SMc02906,3.71e-18,70.9,41.905,2.46e-18,70.9,41.905
CC_0269,SMc02908,9.28e-58,176,58.389,7.75e-58,176,58.389
CC_0272,SMc01101,1.23e-64,194,54.839,8e-65,194,54.839
CC_0275,SMc01096,1.56e-127,370,55.928,1.31e-123,360,55.67
CC_0276,SMc00486,6.56e-96,283,49.18,1.09e-86,259,49.18
CC_0277,SMa1168,1.14e-42,139,41.451,6.32e-49,155,41.451
CC_0278,SMc01099,2.39e-96,280,58.3,1.51e-96,280,58.3
CC_0279,SMc01100,3.25e-103,302,51.456,2.08e-103,302,51.456
CC_0281,SMc01732,4.09e-128,363,67.138,7.44e-119,340,67.138
CC_0282,SMc01730,5.26e-56,176,42.793,3.89e-56,176,42.793
CC_0283,SMc01726,3.17e-112,324,55.172,1.69e-105,306,55.172
CC_0286,SM_b21133,4.25e-137,391,61.994,7.73e-143,405,63.43
CC_0289,SMc02147,3.35e-74,237,41.033,4.38e-74,236,39.344
CC_0290,SMc02144,1.94e-112,332,58.224,1.84e-109,323,58.224
CC_0291,SMc02143,2.45e-148,426,52.57,2.59e-155,444,52.57
CC_0292,SMc02142,3.09e-138,388,73.092,8.88e-138,386,73.092
CC_0293,SMc02141,4.59e-69,209,46.46,3e-69,209,46.46
CC_0294,SMc02140,1.88e-101,291,64.732,1.17e-101,291,64.732
CC_0297,SMc00993,1.93e-145,418,54.374,2.58e-149,427,54.374
CC_0300,SMa1677,1.32e-36,137,32.361,1.64e-36,136,32.361
CC_0301,SMc00892,3.28e-46,157,38.462,3.71e-47,159,38.462
CC_0302,SMc00894,2.34e-70,226,38.718,2.48e-69,223,39.945
CC_0303,SMc04167,6.67e-22,92.4,28.662,6.57e-25,100,28.966
CC_0305,SMc02836,1.91e-124,377,39.655,1.2e-124,377,39.655
CC_0307,SMc00895,6.19e-31,101,64.706,4.13e-31,101,64.706
CC_0308,SMc00896,4.38e-58,184,43.462,1.57e-54,174,43.462
CC_0309,SMc00897,3.3e-108,325,45.823,1.15e-107,323,45.54
CC_0313,SMa1288,0,556,55.419,0,556,55.419
CC_0314,SMc03776,2.42e-130,377,56.911,6.73e-122,355,56.911
CC_0315,SMc03775,9.28e-135,386,67.391,6.32e-138,394,67.391
CC_0317,SMc03773,4.81e-24,91.3,37.255,3.61e-24,91.3,37.255
CC_0318,SMc03772,1.56e-40,126,68.539,9.88e-41,126,68.539
CC_0319,SMc03770,3e-33,112,52.475,1.55e-36,119,53.211
CC_0321,SMc02978,1.43e-130,376,54.569,2.96e-125,362,57.104
CC_0323,SMc02979,9.39e-66,209,38.801,5.08e-66,209,38.801
CC_0325,SMc03883,2.97e-50,162,39.171,3.2e-50,162,41.176
CC_0327,SMc03199,8.23e-16,71.2,41.748,4.33e-11,57,41.748
CC_0328,SMc03196,4.68e-15,70.1,29.958,3.07e-15,70.1,29.958
CC_0329,SMc03197,3.64e-27,101,39.744,2.81e-27,101,39.744
CC_0337,SMc02480,0,572,74.121,0,587,74.121
CC_0338,SMc02481,1.12e-164,457,80.667,3.76e-173,478,80.667
CC_0339,SMc02482,0,1286,62.967,0,1289,63.068
CC_0340,SMc02483,3.36e-166,470,62.319,1.09e-160,455,62.077
CC_0342,SMc02487,0,557,62.009,0,544,62.009
CC_0343,SMc00975,2.01e-124,383,55.19,8.7e-129,394,54.501
CC_0344,SMc02489,1.35e-82,250,47.635,8.91e-85,255,49.158
CC_0346,SMc02496,0,655,50.139,0,646,50.139
CC_0347,SMc03171,2.74e-106,307,67.17,1.55e-116,333,67.17
CC_0351,SMc00989,1.6e-10,57.4,37,6.89e-11,57.8,37
CC_0357,SMc04242,1.13e-15,67,34.646,8.04e-15,64.3,34.646
CC_0360,SMc02983,5.95e-40,144,32.62,5.11e-44,154,32.62
CC_0361,SM_b21177,1.05e-64,201,43.145,7.86e-65,201,43.145
CC_0362,SM_b21176,2.64e-13,67,25.188,3.69e-12,62.8,26.291
CC_0363,SM_b21174,4.66e-33,124,41.753,1.4e-33,125,41.753
CC_0364,SMc00240,2.65e-110,329,41.205,1.57e-109,327,41.262
CC_0365,SMc00868,1.5e-31,108,48.077,3.02e-17,71.6,47.17
CC_0366,SMc00869,4.15e-29,104,37.427,2.73e-13,62.4,38.75
CC_0367,SMc00870,1.33e-18,69.7,62.295,1.48e-24,84.3,62.162
CC_0368,SMc00871,7.59e-73,220,49.407,4.75e-73,220,49.407
CC_0372,SMc04286,3.74e-79,239,51.261,3.35e-83,249,51.172
CC_0373,SMc00024,3.62e-114,380,54.948,0,738,46.735
CC_0375,SMc00023,1.77e-33,118,34.911,1.8e-33,118,34.911
CC_0376,SMc00022,1.48e-11,57.8,34.307,9.82e-12,57.8,34.307
CC_0377,SMc00452,7.41e-117,340,56.14,1.74e-105,311,56.14
CC_0378,SMc00021,4.83e-175,489,64.47,3.21e-175,489,64.47
CC_0379,SMc00867,1.15e-48,155,51.099,4.6e-51,161,51.099
CC_0380,SMa1587,6.57e-23,95.5,30.137,6.42e-23,95.5,30.137
CC_0382,SMc00923,4.28e-53,166,48.913,2.6e-53,166,48.168
CC_0385,SMc02558,1.02e-34,124,33.473,6.87e-35,124,33.473
CC_0388,SMc01821,7.32e-41,149,28.825,5.05e-41,149,28.825
CC_0396,SMc00562,4.64e-13,60.1,27.941,3e-13,60.1,27.941
CC_0397,SMc00976,2.93e-55,176,45.378,2.15e-62,193,46.614
CC_0401,SMc00520,1.01e-16,68.2,38,2.09e-13,58.5,38
CC_0402,SMc00906,1.11e-52,162,50.955,7.04e-53,162,50.955
CC_0403,SMc03237,4.22e-123,361,48.267,3.31e-115,340,48.267
CC_0405,SMc02707,4.12e-31,108,40.845,1.81e-27,99,40.845
CC_0406,SMc02702,8.85e-56,173,56.818,6.79e-56,173,56.818
CC_0407,SMc02701,1.04e-48,156,46.111,6.4e-49,156,46.111
CC_0408,SMc02700,5.79e-103,309,43.269,3.72e-103,309,43.269
CC_0414,SMa1077,7.32e-32,110,48.649,9.46e-38,124,48.649
CC_0417,SMc00603,4.75e-84,249,53.498,3.1e-81,241,53.498
CC_0418,SMc02711,7.75e-33,113,43.624,4.26e-33,113,43.624
CC_0419,SMc01971,0,514,55.391,0,532,55.391
CC_0421,SMc02732,2.54e-24,87.8,45.714,1.89e-24,87.8,45.714
CC_0424,SMc00131,3.94e-64,191,59.06,2.46e-64,191,59.06
CC_0425,SM_b21531,1.67e-43,154,40.694,1.09e-39,142,40.694
CC_0431,SMc03005,3.73e-15,62.8,40.741,2.41e-15,62.8,40.741
CC_0432,SMc03006,1.17e-56,169,68.908,7.38e-57,169,68.908
CC_0433,SMc03007,0,730,53.325,0,714,52.857
CC_0434,SMc03008,3.39e-66,196,61.29,2.15e-66,196,61.29
CC_0435,SMc03009,1.82e-105,306,53.357,1.19e-105,306,53.357
CC_0436,SMc03010,2.76e-145,412,63.188,1.66e-148,419,63.689
CC_0437,SMc03011,1.03e-47,147,54.688,6.5e-48,147,54.688
CC_0438,SMc03012,9.98e-64,192,54.286,6.18e-64,192,54.286
CC_0444,SMc02877,4.29e-90,271,47.478,1.24e-85,259,47.478
CC_0445,SMc02876,5.38e-72,218,50.638,3.5e-72,218,50.638
CC_0447,SM_b21160,1.98e-72,246,34.305,7.4e-73,246,34.305
CC_0450,SMa1913,1.23e-60,201,39.459,4.35e-67,218,38.221
CC_0453,SMc00647,1.32e-95,285,52.059,2.4e-90,271,51.032
CC_0457,SMc01004,4.51e-44,139,55.285,3.08e-44,139,55.285
CC_0459,SMc01005,5.57e-66,199,51.185,4.57e-73,217,51.185
CC_0460,SMc02551,1.72e-152,439,50.215,6.51e-150,432,50.429
CC_0462,SMc01006,2.91e-43,137,48.529,2.74e-38,124,48.529
CC_0463,SMc01007,2.04e-17,68.6,48.529,1.9e-17,68.6,48.529
CC_0464,SMc01010,0,778,56.641,0,769,56.641
CC_0465,SM_b21313,8.89e-13,66.2,27.749,1.5e-12,65.9,27.749
CC_0467,SM_b21125,2.6e-53,173,37.5,1.59e-53,173,37.5
CC_0469,SMc02384,1.91e-31,115,35.021,1.67e-31,115,35.021
CC_0471,SMc00184,6.32e-53,162,54.667,1.19e-56,171,54.667
CC_0472,SMc00187,6.21e-68,202,53.476,3.77e-60,182,53.476
CC_0473,SMc00188,0,548,63.657,0,548,63.657
CC_0474,SMc00189,1.33e-72,222,47.97,2.01e-76,231,44.762
CC_0479,SMc02695,4.11e-174,486,65.761,2.61e-174,486,65.761
CC_0484,SMc02693,1.22e-57,179,47.264,9.07e-58,179,47.264
CC_0485,SMc02692,1.04e-47,152,42.135,8.81e-48,152,42.135
CC_0487,SMc02686,2.79e-152,427,67.308,1.75e-152,427,67.308
CC_0490,SMc02683,2.44e-80,240,48.638,1.56e-80,240,48.638
CC_0491,SMc02682,9.06e-81,249,40.483,5.71e-81,249,40.483
CC_0492,SMc02681,2.79e-79,239,47.687,6.22e-80,241,46.853
CC_0493,SMc02678,6.08e-33,112,31.818,3.81e-33,112,31.818
CC_0494,SMc02677,1.41e-39,136,39.326,2.58e-41,140,37.828
CC_0496,SMc01319,3.46e-56,172,51.744,2.19e-56,172,51.744
CC_0497,SMc01318,3.5e-39,125,69.291,1.39e-39,126,69.291
CC_0499,SM_b20944,4.57e-14,71.2,25.926,1.24e-18,84.3,26.781
CC_0502,SMc01317,0,2065,73.719,0,2065,73.719
CC_0503,SMc01316,0,2035,70.458,0,2035,70.458
CC_0506,SMc00180,6.99e-127,361,61.512,2.66e-123,352,62.199
CC_0509,SMc03880,7.37e-58,179,49.756,2.78e-55,171,55.696
CC_0510,SMc03879,0,568,71.244,0,568,71.244
CC_0511,SMc03878,9.13e-107,305,63.9,1.09e-103,297,63.9
CC_0518,SMc00707,8.92e-54,164,59.859,7.99e-54,164,61.151
CC_0519,SMc00708,1.31e-75,227,49.213,2.86e-72,218,48.031
CC_0520,SMc00709,5.44e-64,199,45.382,3.08e-64,199,45.382
CC_0522,SM_b20094,1.38e-74,244,35.714,1.02e-74,244,35.714
CC_0523,SM_b20092,1.92e-80,240,53.469,1.34e-80,240,53.469
CC_0526,SMc03822,1.3e-19,79,38.255,8.88e-20,79,38.255
CC_0527,SMc02246,1.57e-31,105,53.922,1e-31,105,53.922
CC_0528,SMc02245,7.08e-113,330,52.023,1.93e-108,318,52.023
CC_0529,SMc01718,5.4e-37,129,33.333,3.61e-36,126,34.272
CC_0530,SMc01716,6.59e-72,234,33.703,1.28e-80,257,34.161
CC_0532,SM_b20510,1.47e-63,206,31.873,8.85e-64,206,31.873
CC_0534,SMc02878,6.04e-89,271,45.067,9.95e-88,268,46.027
CC_0580,SM_b20425,2.15e-40,131,46.154,1.38e-40,131,46.154
CC_0596,SMc00653,3.53e-21,79.7,34.211,2.23e-21,79.7,34.211
CC_0609,SMa0585,0,543,62.181,0,516,63.402
CC_0610,SMa0583,2.06e-116,334,60.69,6.14e-110,317,64.885
CC_0611,SMa0581,6.79e-135,379,69.767,4.38e-135,379,69.767
CC_0612,SM_b21115,2.58e-44,144,52.083,1.1e-44,144,52.083
CC_0613,SM_b21114,1.17e-67,216,41.369,3.68e-68,217,41.194
CC_0614,SM_b20436,4.15e-36,135,32.698,6.47e-47,164,33.696
CC_0615,SM_b20984,0,1050,62.5,0,1050,62.5
CC_0616,SM_b20985,6.54e-36,116,55.556,1.91e-37,119,54.902
CC_0617,SM_b20986,0,811,51.247,0,805,50.907
CC_0620,SMc02296,3.72e-23,100,23.707,1.15e-21,95.5,23.491
CC_0621,SMc02295,3.05e-11,62.4,27.273,1.67e-11,62.4,27.273
CC_0628,SM_b20611,8.92e-171,483,59.666,1.14e-176,498,59.666
CC_0634,SM_b20832,3.19e-25,97.1,29.843,1.77e-25,97.1,29.843
CC_0637,SMc00953,1.47e-13,67.8,40.476,8.58e-14,67.8,40.476
CC_0638,SM_b20319,4.78e-130,378,53.708,9.95e-128,372,53.708
CC_0639,SMc00900,6.49e-27,94.7,44.697,4.02e-27,94.7,44.697
CC_0640,SMc01320,1.37e-101,291,66.234,1.7e-93,271,66.234
CC_0641,SMc01321,9.61e-63,186,59.286,6.04e-63,186,59.286
CC_0645,SMa1960,1.13e-29,104,44.444,5.78e-30,104,44.444
CC_0653,SMc03874,9.44e-74,218,65.823,6.1e-74,218,65.823
CC_0654,SMc03875,9.66e-52,156,66.964,6.07e-52,156,66.964
CC_0656,SMc03876,7.31e-13,57.8,45.122,6.8e-13,57.8,45.122
CC_0657,SMc03877,0,631,46.173,0,630,46.173
CC_0658,SMa0101,8.63e-50,177,29.926,1.66e-43,159,29.926
CC_0659,SM_b20708,8.76e-43,139,41.42,2.26e-35,119,41.42
CC_0661,SMc00704,1.74e-32,106,56.25,2.63e-30,100,60.494
CC_0665,SMa0126,1.72e-36,114,78.261,1.09e-36,114,78.261
CC_0671,SMc00702,1.11e-16,77.4,29.392,3.65e-17,78.2,29.693
CC_0672,SMc00701,0,671,57.166,0,655,55.974
CC_0683,SMc02571,9.51e-15,72.8,25.714,4.37e-15,73.2,25.714
CC_0685,SM_b21566,0,828,77.407,0,818,78.053
CC_0686,SM_b22023,1.09e-52,157,78.125,7.45e-53,157,78.125
CC_0687,SMa1358,8.35e-22,79,60.345,1.02e-21,79,60.345
CC_0689,SMc01728,6.26e-35,125,40.719,2.32e-29,110,40.719
CC_0691,SMc03151,5.22e-17,73.9,29.231,3.68e-17,73.9,29.231
CC_0695,SMc00932,0,590,53.271,0,599,53.583
CC_0700,SMc01129,9.6e-16,68.2,32,2.33e-11,56.2,28.859
CC_0701,SMc00908,0,1031,55.041,0,1031,55.041
CC_0703,SMc00909,6.05e-76,233,42.809,4e-76,233,42.809
CC_0704,SM_b21110,1.1e-13,62,36.22,6.99e-14,62,36.22
CC_0705,SMc00910,4.05e-69,214,49.383,2.97e-72,222,49.383
CC_0706,SM_b20997,6.49e-49,155,46.114,1.73e-42,138,44.444
CC_0707,SMc02088,3.12e-33,108,57.303,1.94e-33,108,57.303
CC_0713,SM_b20457,9.95e-21,90.9,26.316,5.45e-18,82,26.316
CC_0715,SMc00727,3.41e-150,420,68.512,2.15e-150,420,68.512
CC_0716,SMc00355,5.9e-154,434,66.172,1.92e-152,429,66.172
CC_0720,SMc00356,3.24e-174,485,72.222,1.63e-180,501,72.222
CC_0721,SMc00357,1.87e-108,306,77.66,1.19e-108,306,77.66
CC_0723,SM_b20356,8.1e-63,220,38.542,5.11e-63,221,38.542
CC_0726,SMc00728,1.76e-133,379,65.049,1.44e-130,371,65.049
CC_0727,SMc00729,1.96e-114,326,67.871,1.4e-119,338,67.871
CC_0729,SMc00731,3.65e-93,267,68.75,2.31e-93,267,68.75
CC_0741,SMc03242,0,783,62.562,0,783,62.562
CC_0743,SMc04043,2.55e-77,234,47.308,3.31e-75,228,47.308
CC_0744,SMc04044,4.34e-47,145,61.864,2.79e-47,145,61.864
CC_0746,SMa0034,1.22e-35,139,30.946,6.47e-36,139,30.946
CC_0748,SM_b20878,8.62e-47,162,41.364,2.34e-47,162,41.364
CC_0750,SMc03022,9.32e-64,200,36.918,1.11e-63,199,36.918
CC_0752,SMa1225,1.26e-45,148,38.571,7.79e-46,148,38.571
CC_0756,SM_b21053,1.16e-13,69.7,26.087,8.11e-14,69.7,26.087
CC_0758,SMa1227,2.55e-66,200,53.202,1.63e-66,200,53.202
CC_0759,SMa1229,2.54e-138,406,48.312,6.14e-135,397,49.091
CC_0762,SMc02255,1.03e-58,199,29.495,7.2e-59,199,29.495
CC_0763,SMc02254,2.43e-34,127,29.781,2.53e-37,134,29.781
CC_0766,SMc01722,6.59e-70,209,57.286,4.55e-70,209,57.286
CC_0767,SMc01721,1.17e-169,493,43.967,5.63e-167,486,44.793
CC_0768,SMc01720,1.62e-18,73.9,50.602,8.81e-19,73.9,50.602
CC_0769,SMc04434,1.87e-17,64.7,72.727,1.28e-12,52,72.727
CC_0771,SMc01650,7.64e-35,127,38.667,3.91e-35,127,38.667
CC_0774,SMc04149,1.76e-12,66.2,28.44,1.08e-12,66.2,28.44
CC_0777,SMc04291,0,528,61.872,0,537,63.789
CC_0783,SM_b20509,9.43e-30,109,36.316,6.84e-30,109,35.149
CC_0784,SMc00882,1.04e-53,168,48.039,2.45e-54,169,48.039
CC_0785,SMc00881,7.8e-52,170,40.803,4.94e-52,170,40.803
CC_0790,SMa0353,5.57e-141,397,66.33,3.58e-141,397,66.33
CC_0791,SMa0340,9.31e-103,292,74.468,1.4e-105,299,73.096
CC_0804,SMc02181,0,806,47.747,0,816,47.747
CC_0805,SMc00681,1.85e-67,199,58.17,1.16e-67,199,58.17
CC_0807,SMc02867,0,1087,53.677,0,1090,53.89
CC_0808,SMc02868,1.2e-90,276,45.19,2.51e-86,265,42.819
CC_0810,SMc01731,1.24e-75,229,50.602,6.01e-84,250,50.602
CC_0811,SMa1131,8.25e-160,463,49.43,5.41e-159,460,49.43
CC_0814,SMc04362,8.62e-18,83.2,26.536,5.07e-18,83.2,26.536
CC_0819,SMa0235,0,946,74.155,0,946,74.155
CC_0820,SMa0717,1.22e-51,175,37.895,1.79e-51,175,37.895
CC_0821,SMc00880,2.52e-74,224,46.825,1.61e-66,204,46.825
CC_0822,SM_b20891,2.41e-176,501,54.237,2.51e-174,495,54.237
CC_0823,SMa0247,9.23e-123,360,51.928,5.26e-123,360,51.928
CC_0827,SMc02441,2.13e-40,130,43.478,1.32e-40,130,43.478
CC_0828,SMc02442,3.49e-84,251,51.575,2.23e-84,251,51.575
CC_0829,SMc02443,2.79e-30,100,57.647,1.85e-30,100,57.647
CC_0830,SMc02444,2.87e-42,142,40.928,3.91e-44,147,40.928
CC_0831,SMc02445,1.87e-74,228,47.333,3.27e-82,247,48.727
CC_0833,SMc02448,1.44e-63,188,67.424,9.21e-64,188,67.424
CC_0835,SM_b20880,1.69e-132,390,52.747,6.41e-132,388,52.747
CC_0836,SM_b20933,1.38e-59,214,41.194,1.39e-58,211,40.65
CC_0840,SMc02440,3.65e-92,269,55.833,1.04e-95,278,55.833
CC_0843,SMc02438,6.35e-170,480,61.085,5.75e-177,497,61.085
CC_0849,SMc02437,0,719,51.681,0,719,51.681
CC_0851,SMc03888,1.62e-43,154,33.903,3.83e-50,171,35.393
CC_0856,SMc02436,3.41e-158,446,61.798,2.02e-158,446,61.798
CC_0857,SMa0137,1.4e-114,360,35.254,8.13e-119,370,35.326
CC_0859,SM_b20072,5.33e-27,105,29.811,1.83e-27,106,28.866
CC_0860,SM_b21344,1.32e-132,392,47.904,8.06e-133,392,47.904
CC_0861,SM_b20854,8.13e-63,200,41.018,5.93e-51,169,40.719
CC_0869,SM_b20965,7.88e-33,122,29.688,4.94e-33,122,29.688
CC_0873,SM_b20063,8.51e-20,74.3,40,5.5e-20,74.3,40
CC_0874,SM_b20062,3.01e-25,87.4,70.667,8.83e-26,88.2,70.667
CC_0875,SMc02435,1.71e-57,185,40.283,5.94e-61,193,40.283
CC_0876,SMc02434,1.07e-19,84,66.102,7.68e-20,83.2,67.241
CC_0877,SMc03872,5.73e-17,77,31.548,4.73e-17,77.8,31.548
CC_0878,SMc02433,0,1191,69.849,0,1197,69.849
CC_0884,SM_b20258,9.4e-15,68.6,29.57,9.78e-17,73.6,30.476
CC_0885,SMc01772,8.58e-29,112,35.918,3.98e-22,93.2,32.727
CC_0886,SMc01773,9.54e-33,114,37.561,6.07e-33,114,37.561
CC_0887,SMc00008,7.26e-72,227,36.29,2.33e-62,202,36.29
CC_0894,SMa1450,6.3e-164,463,60.506,2e-169,476,60.506
CC_0897,SMc00659,1.16e-153,436,59.091,2.01e-154,438,58.684
CC_0901,SMc03052,1.03e-11,58.2,43.529,3.45e-08,47.4,43.529
CC_0902,SMc03047,4.96e-24,102,35.841,2.02e-24,102,35.841
CC_0903,SMc00657,1.01e-47,144,83.951,6.26e-48,144,83.951
CC_0905,SMc03014,4.45e-59,203,29.101,1.16e-54,191,29.101
CC_0906,SMc03019,1.95e-20,88.2,23.333,1.26e-20,88.2,23.333
CC_0908,SMc03020,5.02e-15,65.5,40.278,5.98e-15,65.5,40.278
CC_0910,SMc03054,7.05e-177,519,43.129,3.96e-168,496,43.129
CC_0915,SMc00098,8.56e-44,139,53.103,5.78e-44,139,53.103
CC_0916,SMc00040,1.45e-43,137,52.174,8.65e-39,125,52.174
CC_0917,SMc04233,1.48e-10,56.2,52.941,8.28e-11,56.2,52.941
CC_0918,SMc00069,1.62e-84,247,62.827,9.49e-85,247,62.827
CC_0923,SMc00087,3.44e-86,258,48.649,2.22e-86,258,48.649
CC_0927,SMc01135,6.88e-20,88.2,34.239,4.33e-19,84.7,34.239
CC_0932,SM_b20370,7.58e-58,181,47.788,3.48e-63,194,47.788
CC_0935,SMc03840,8.04e-57,174,53.216,5.23e-57,174,53.216
CC_0936,SMc00114,0,741,53.266,0,734,53.266
CC_0940,SM_b21424,1.39e-55,196,30.049,8.01e-56,196,30.049
CC_0942,SMa0874,7.79e-39,127,44.966,5.36e-39,127,44.966
CC_0943,SMa0209,1.48e-61,198,37.681,1.01e-61,198,37.681
CC_0946,SMc01812,1.78e-34,130,25.424,1.05e-34,130,25.424
CC_0949,SMc00058,3.28e-48,151,60.484,1.64e-48,151,60.484
CC_0950,SMc01103,1.55e-58,187,41.196,1.76e-50,166,41.196
CC_0951,SMc03036,1.02e-70,215,47.458,5.93e-71,215,47.458
CC_0953,SMc03027,1.5e-13,60.8,29.688,8.74e-14,60.8,29.688
CC_0954,SMc03028,9.79e-41,130,47.328,6.2e-41,130,47.328
CC_0955,SMc03029,8.24e-10,49.7,40.58,6.96e-10,49.3,40.58
CC_0957,SM_b21163,0,884,78.04,0,889,78.04
CC_0958,SM_b21164,7.96e-74,224,46.97,5.19e-76,229,47.744
CC_0959,SM_b21165,0,602,61.858,0,595,61.952
CC_0960,SM_b21166,3.64e-162,461,64.232,2.18e-163,464,64.232
CC_0961,SMc00673,9.23e-132,386,51.627,5.62e-132,386,50.976
CC_0962,SM_b20048,2.32e-68,207,45.455,1.47e-68,207,45.455
CC_0963,SMc00385,1.27e-67,200,70.064,6.48e-77,223,70.064
CC_0964,SMc02282,5.08e-23,99.4,44.262,2.53e-23,99.4,44.262
CC_0966,SMc00261,6.84e-78,252,31.559,4.49e-78,252,31.559
CC_0967,SMc00588,2.76e-110,320,54.098,1.75e-110,320,54.098
CC_0980,SMc04407,0,614,55.682,0,577,55.519
CC_0986,SM_b20106,1.64e-28,106,36.058,9.95e-29,106,36.058
CC_0989,SMc04247,0,570,54.144,0,570,54.144
CC_0994,SMc02885,2.52e-101,290,64.762,1.62e-97,280,64.762
CC_0998,SMa0036,0,846,76.58,0,868,76.58
CC_1004,SM_b21055,1.12e-09,55.5,35.78,2.55e-10,55.5,36.449
CC_1008,SMc04207,8.66e-138,411,38.86,2.28e-139,415,39.076
CC_1009,SM_b21465,1e-73,235,32.857,6.4e-74,235,32.857
CC_1012,SM_b21248,5.37e-54,181,45.022,6.28e-55,182,39.661
CC_1018,SMc01257,2.39e-12,62,26.203,1.67e-14,67.4,26.738
CC_1021,SMc01366,1.35e-20,79.3,38.739,9.56e-20,76.6,36.449
CC_1033,SMc03763,2.71e-14,70.9,23.15,2.25e-14,70.9,23.15
CC_1034,SMc00349,0,999,78.454,0,980,78.454
CC_1035,SMc00651,2.68e-45,147,45.57,9.33e-46,148,45.57
CC_1039,SMc02467,5.14e-47,150,41.538,3.29e-47,150,41.538
CC_1043,SMc00366,0,742,50.551,0,695,50.625
CC_1044,SMc00365,3.59e-176,491,63.611,1.74e-173,484,63.611
CC_1045,SMc00364,1.82e-52,159,67.797,1.31e-52,159,67.797
CC_1046,SMc00363,1.78e-23,81.6,59.701,1.14e-23,81.6,59.701
CC_1049,SMc00362,2.31e-73,214,71.127,1.18e-64,192,71.127
CC_1052,SMc01219,1.2e-14,71.6,29.008,3.36e-11,60.5,29.008
CC_1053,SMc00361,3.53e-69,213,47.162,2.23e-69,213,47.162
CC_1055,SMc00405,4.18e-68,211,42.414,2.69e-68,211,42.414
CC_1057,SMc01531,1.22e-37,133,36.964,1.16e-38,135,34.983
CC_1060,SMc03156,9.61e-121,347,57.143,1.42e-125,358,57.143
CC_1061,SMc00118,1.14e-46,145,51.095,7.14e-47,145,51.095
CC_1063,SMc00059,6.08e-60,206,46.304,5.45e-61,208,47.154
CC_1070,SMc00427,0,569,54.034,0,540,54.159
CC_1075,SMc03053,9.02e-16,63.5,40.476,2.63e-11,51.6,40.476
CC_1076,SMc03055,1.57e-25,98.6,25.541,8.31e-23,90.5,25.728
CC_1077,SMc03018,6.48e-67,213,36.111,7.29e-58,189,35.912
CC_1078,SMc00471,2.88e-105,338,41.856,3.87e-104,334,41.477
CC_1080,SMc03150,5.4e-11,55.8,50,5.9e-11,55.8,50
CC_1083,SMc01775,3.36e-47,149,42.604,2.2e-47,149,42.604
CC_1087,SMc00760,0,538,73.876,0,513,74.493
CC_1096,SMc00608,1.99e-41,142,33.333,1.33e-41,142,33.333
CC_1097,SMc00808,1.62e-97,298,44.138,5.91e-87,270,44.138
CC_1098,SMc01919,1.83e-11,58.9,50.847,7.38e-12,59.7,50.82
CC_1116,SMc02253,3.39e-16,66.2,44.318,1.79e-16,66.2,44.318
CC_1117,SMc04882,2.5e-54,177,36.364,1.51e-54,177,36.735
CC_1118,SMc01053,1.03e-68,219,46.667,6.23e-66,212,46.667
CC_1119,SMc02124,0,689,59.783,0,689,59.675
CC_1120,SMc02123,6.26e-25,92,45.217,3.92e-25,92,45.217
CC_1121,SMc00092,1.01e-30,112,34.579,6.91e-31,112,34.579
CC_1124,SM_b20005,1.65e-20,82.4,31.633,1.08e-20,82.4,31.633
CC_1130,SMc04204,5.01e-26,103,31.046,2.68e-27,106,33.188
CC_1140,SM_b21327,6.69e-59,188,43.793,4.47e-58,185,43.793
CC_1141,SM_b21324,2.31e-137,387,66.197,1.49e-137,387,66.197
CC_1146,SM_b20458,1.12e-158,444,66.346,7.85e-159,444,66.346
CC_1150,SM_b21520,5.23e-22,87,32.692,3.6e-22,87,32.692
CC_1151,SM_b20850,3.84e-120,350,47.312,2.43e-109,322,47.312
CC_1158,SMc02712,1.85e-46,156,36.727,1.15e-46,156,36.727
CC_1166,SM_b21244,5.65e-37,137,29.327,1.71e-37,138,33.121
CC_1168,SMc01136,1.3e-15,70.1,28.191,1.95e-12,60.8,27.907
CC_1169,SM_b21691,1.71e-13,68.6,29.032,1.37e-13,68.6,29.032
CC_1172,SMa1683,9.27e-48,171,32.22,3.48e-44,161,32.024
CC_1173,SM_b20334,7.97e-81,246,47.855,4.52e-81,246,47.855
CC_1181,SM_b20218,6.16e-60,201,37.942,2.2e-58,196,40.602
CC_1182,SM_b20219,2.09e-67,206,48.291,1.3e-59,186,48.511
CC_1183,SMc01587,5.21e-82,243,55.072,2.57e-82,243,55.072
CC_1185,SMc02586,0,742,52.083,0,735,52.083
CC_1187,SMc01130,4.13e-90,266,50.195,2.86e-90,266,50.195
CC_1188,SMc01131,5.21e-93,278,49.329,4.17e-93,278,49.329
CC_1189,SM_b20391,8.63e-12,64.7,22.68,2.47e-10,59.7,22.337
CC_1192,SM_b20057,2.54e-41,145,36.982,1.84e-39,139,37.987
CC_1193,SM_b20058,1.34e-33,120,35.417,8.95e-34,120,35.417
CC_1194,SMc02403,1.04e-93,302,36.672,2.22e-99,317,36.672
CC_1195,SMc02404,4.06e-113,326,57.388,2.57e-113,326,57.388
CC_1196,SMc02405,2.09e-65,194,62.252,1.39e-65,194,62.252
CC_1201,SMa1976,2.12e-29,110,35.802,5.57e-33,119,35.802
CC_1203,SMc01458,7.49e-28,110,29.167,6.5e-28,109,29.085
CC_1204,SMc01457,0,689,40.097,0,608,40.232
CC_1210,SM_b20172,4.88e-26,93.6,42.157,6.5e-27,95.5,43.81
CC_1214,SMc02563,4.28e-27,96.3,45.926,6.49e-34,113,49.64
CC_1215,SMc01271,1.73e-43,138,48.966,1.05e-43,138,48.966
CC_1216,SMc04385,0,634,63.8,0,634,63.8
CC_1217,SMc03059,1.71e-111,324,58.362,9.43e-112,324,58.362
CC_1219,SMc00779,4.77e-69,223,32.624,2.15e-67,218,31.915
CC_1221,SMc01331,2.12e-94,276,58.233,8.91e-100,289,58.233
CC_1223,SM_b21009,7.93e-177,504,53.17,1.56e-172,492,53.17
CC_1224,SMa0196,8.77e-41,142,34.364,6.96e-41,142,34.364
CC_1225,SM_b20353,5.09e-30,115,30.423,2.24e-30,115,30.423
CC_1227,SMc02547,2.22e-121,349,55.663,1.32e-125,359,55.663
CC_1229,SM_b20860,2.21e-16,75.5,40,1.17e-16,75.5,40
CC_1230,SMc00536,1.42e-35,132,31.398,1.86e-36,134,30.769
CC_1237,SMc04175,5.04e-64,196,60.302,5.47e-65,198,60.804
CC_1239,SMc01327,5.63e-43,146,42.152,2.93e-44,149,43.348
CC_1242,SMc03085,3.99e-56,181,43.21,6.74e-53,172,43.21
CC_1247,SMc01310,2.23e-64,187,89.216,1.41e-64,187,89.216
CC_1248,SMc01309,8.98e-103,296,67.453,2.95e-107,306,67.117
CC_1249,SMc01308,4.19e-89,258,65.049,2.58e-89,258,65.049
CC_1250,SMc01307,3.03e-44,136,72.043,1.9e-44,136,72.043
CC_1251,SMc01306,4.81e-135,380,72.401,3.03e-135,380,72.401
CC_1252,SMc01305,6.86e-50,150,77.174,3.05e-44,135,75.904
CC_1253,SMc01304,7.93e-55,165,65.891,5.14e-55,165,65.891
CC_1254,SMc01303,1.4e-129,363,73.932,5.52e-128,359,74.888
CC_1255,SMc01302,6.02e-72,209,73.333,3.65e-72,209,73.333
CC_1256,SMc01301,1.71e-26,89,66.129,1.14e-26,89,66.129
CC_1257,SMc01300,1.92e-31,102,62.821,1.2e-31,102,62.821
CC_1258,SMc01299,4.74e-72,208,80.328,3e-72,208,80.328
CC_1259,SMc01298,1.4e-39,125,61.765,8.81e-40,125,61.765
CC_1260,SMc01297,2.84e-99,282,75.41,2.08e-104,295,75.41
CC_1261,SMc01296,6.53e-45,138,66.337,4.14e-45,138,66.337
CC_1262,SMc01295,1.26e-60,180,65.909,7.98e-61,180,65.909
CC_1263,SMc01294,4.68e-68,202,55.932,2.97e-68,202,55.932
CC_1264,SMc01293,1.62e-48,148,63.559,7.36e-44,136,63.559
CC_1265,SMc01292,3.2e-87,253,71.505,1.39e-85,248,73.563
CC_1266,SMc01291,4.11e-22,77.8,66.667,2.85e-22,77.8,66.667
CC_1267,SMc01290,9.48e-59,177,60.784,7.56e-59,177,61.745
CC_1268,SMc01289,0,548,61.991,0,548,61.991
CC_1269,SMc01288,1.44e-61,187,51.309,9.19e-62,187,51.309
CC_1270,SMc01287,3.83e-67,196,86.726,6.54e-73,210,86.885
CC_1271,SMc01286,5.79e-78,224,82.946,3.66e-78,224,82.946
CC_1272,SMc01285,0,528,74.184,0,528,74.184
CC_1273,SMc01283,4.94e-68,199,76.613,1.25e-68,201,76.613
CC_1278,SM_b20496,0,640,58.223,0,606,58.223
CC_1279,SMa2009,7.53e-13,59.7,34.532,5.4e-16,67.4,36.154
CC_1280,SMc04162,4.03e-13,58.2,36.458,1.1e-13,59.3,35.577
CC_1281,SMc01212,1.55e-86,272,41.47,8.02e-88,275,41.085
CC_1282,SMc01280,1.1e-127,376,48.115,5.75e-119,353,48.124
CC_1283,SMc01279,0,570,65.525,0,540,65.525
CC_1286,SMc02037,2.75e-54,173,41.634,1.71e-54,173,41.634
CC_1296,SM_b20899,2.28e-82,250,48.322,3.67e-89,267,48.322
CC_1297,SMc01164,4.57e-48,159,34.074,3.41e-47,156,34.1
CC_1298,SMc01165,0,667,52.615,0,667,52.615
CC_1299,SMc01166,0,723,62.092,0,743,62.092
CC_1300,SMc00433,2.77e-95,281,48,1.76e-95,281,48
CC_1301,SMc00432,4.85e-103,298,56.391,3.05e-103,298,56.391
CC_1306,SMc04235,1.37e-120,349,52.778,9.13e-121,349,52.778
CC_1307,SMc04217,3.97e-18,76.3,40.517,2.85e-18,76.3,41.667
CC_1308,SMc04216,1.02e-14,60.1,53.191,6.35e-15,60.1,53.191
CC_1309,SMc04214,6.09e-64,202,47.059,2.71e-63,200,46.349
CC_1313,SMc02544,3.1e-56,182,46.829,2.42e-48,160,46.829
CC_1314,SMc00550,3.34e-148,441,43.958,8.79e-144,429,46.332
CC_1315,SMc00290,1.33e-77,225,73.973,7.5e-78,225,73.973
CC_1316,SMc00916,3e-82,244,68.508,1.08e-82,244,68.508
CC_1317,SMc02083,3.74e-26,97.4,34.862,2.68e-23,89.7,34.404
CC_1318,SMc02082,4.28e-69,225,36.645,4.02e-67,219,36.645
CC_1319,SMc02081,1.91e-10,55.5,43.333,1.71e-09,52.8,48.78
CC_1320,SMc02080,0,1152,60.695,0,1120,61.396
CC_1323,SMa2363,4.59e-34,131,31.646,1.18e-36,138,31.646
CC_1324,SMc00973,9.11e-63,194,48.988,5.96e-63,194,48.988
CC_1326,SMc00974,2.59e-95,290,42.389,4.74e-96,291,41.163
CC_1329,SMc01150,0,544,70.316,4.24e-177,502,70.316
CC_1330,SMc00866,1.01e-140,402,56.897,1.08e-136,391,56.897
CC_1333,SMc02375,4.56e-52,169,40.433,1.11e-46,155,39.493
CC_1334,SMc02377,0,671,62.996,0,687,62.996
CC_1335,SMc00861,3.31e-61,211,29.038,9.03e-53,187,29.431
CC_1336,SMc00862,1.08e-54,177,42.321,6.95e-55,177,42.321
CC_1338,SMc03807,1.37e-161,464,56.561,3.36e-159,457,56.561
CC_1339,SMc03806,2.38e-51,155,66.071,1.51e-51,155,66.071
CC_1341,SMc00855,9.71e-142,399,65.306,6.4e-142,399,65.306
CC_1342,SMc00851,0,593,47.951,0,593,47.951
CC_1347,SMc01766,1.29e-129,373,58.544,1.35e-132,380,58.544
CC_1350,SM_b20753,0,505,64.721,0,505,64.721
CC_1351,SMc00006,2.68e-20,82,33.333,3.95e-21,83.6,33.333
CC_1352,SM_b20752,2.81e-69,218,39.755,1.25e-69,219,39.755
CC_1354,SM_b20751,2.36e-99,291,57.679,4.12e-94,277,57.679
CC_1355,SMc03104,1.27e-179,503,64.428,0,526,64.428
CC_1357,SMc01770,0,630,71.096,0,630,71.096
CC_1358,SMc01771,4.33e-75,219,69.863,2.74e-75,219,69.863
CC_1359,SMc01777,1.97e-48,151,53.472,1.24e-48,151,53.472
CC_1360,SMc01778,4.54e-44,140,46.897,3.09e-44,140,46.897
CC_1363,SMc01780,0,942,69.943,0,907,69.943
CC_1365,SMc01781,6.39e-22,84.3,34.868,1.39e-20,80.5,38.983
CC_1366,SMc01782,3.04e-21,83.2,42.424,8.77e-22,84.3,42.574
CC_1367,SMc01783,4.49e-24,90.9,31.977,5.69e-17,71.6,31.977
CC_1368,SMc01784,4.59e-122,353,52.568,2.8e-122,353,52.568
CC_1369,SMc01785,1.27e-128,367,60.748,5.85e-127,363,60.748
CC_1370,SMc01786,2.64e-33,109,54.639,1.87e-33,109,54.639
CC_1371,SMc01787,5.01e-36,120,57.576,3.95e-36,120,57.576
CC_1374,SMc01800,5.22e-85,259,44.345,1.91e-72,226,44.062
CC_1376,SMc01804,2.02e-67,199,64.865,1.25e-67,199,64.865
CC_1377,SMc01803,4.45e-72,211,69.079,2.78e-72,211,69.079
CC_1378,SMc01801,4.75e-133,378,59.804,2.94e-133,378,59.804
CC_1380,SMc00296,0,540,45.641,0,553,45.641
CC_1382,SMc00294,0,571,64.824,0,571,64.824
CC_1383,SMc00293,1.88e-114,340,42.923,5.97e-91,279,41.206
CC_1385,SM_b20202,2.75e-89,269,47.351,1.81e-89,269,47.351
CC_1386,SMc00292,3.8e-136,407,43.306,5.15e-134,401,43.306
CC_1387,SMc00289,1.48e-20,77.4,64.407,2.78e-20,77.4,64.407
CC_1388,SMc00288,3.12e-31,108,44.444,4.62e-31,107,44.444
CC_1389,SMc00287,1.96e-37,119,55.446,1.24e-37,119,55.446
CC_1401,SMa1220,0,699,69.412,0,713,69.412
CC_1402,SMa1216,1.08e-119,338,67.227,1.66e-113,322,67.227
CC_1404,SMa0769,1.27e-92,273,46.713,6.63e-89,263,46.713
CC_1405,SMa1211,9.89e-161,464,50.324,2.72e-154,447,50.324
CC_1406,SMa1210,1.95e-09,51.2,30.233,1.04e-09,51.6,30.233
CC_1407,SMa1209,3.74e-175,517,45.063,2.78e-173,512,44.924
CC_1408,SMa0622,1.5e-14,58.9,50.98,1.47e-14,58.9,50.98
CC_1410,SMa1207,1.34e-12,62.8,28.713,4.92e-15,68.9,28.713
CC_1411,SMa1266,4.28e-135,394,47.846,2.99e-137,399,47.846
CC_1412,SMc02175,7.38e-11,58.5,24.352,3.84e-11,58.5,24.352
CC_1418,SMc03798,1.79e-78,242,41.765,1.01e-78,242,41.765
CC_1419,SM_b20892,3.01e-135,385,59.164,1.88e-135,385,59.164
CC_1420,SMc00241,1.59e-32,116,36.073,3.36e-33,118,36.239
CC_1422,SM_b20924,2.13e-59,202,29.167,1.32e-59,202,29.167
CC_1424,SMc02117,4.31e-128,371,52.468,1.22e-123,360,52.468
CC_1425,SMc01172,1.26e-95,281,48.364,8.03e-96,281,48.364
CC_1426,SMc01174,9.39e-177,491,71.988,6.46e-177,491,71.988
CC_1427,SMc00358,4.77e-61,201,33.421,3.05e-61,201,33.421
CC_1429,SMc01027,9.19e-116,332,67.803,5.16e-121,345,68.992
CC_1437,SMc00228,0,580,48.637,0,592,48.637
CC_1439,SMa0508,4.02e-85,251,55.882,2.52e-85,251,55.882
CC_1440,SMc03893,3.3e-66,201,53.052,9.95e-67,202,53.052
CC_1441,SMc03891,1.02e-43,146,36.929,6.61e-44,146,36.929
CC_1446,SM_b21353,9.09e-96,284,43.344,8.84e-96,284,44.966
CC_1447,SM_b21352,7.01e-32,108,40.288,5.27e-32,108,40.288
CC_1448,SM_b21351,5.64e-149,427,55.45,8.36e-152,434,56.127
CC_1450,SMc02565,5.67e-102,301,53.916,3.51e-102,301,53.916
CC_1451,SMc02559,5.62e-76,226,62.766,2.88e-76,226,62.766
CC_1452,SMa1231,2.49e-12,63.2,32.593,5.97e-11,58.5,32.593
CC_1455,SMc00515,5.76e-29,110,29.818,9.11e-26,100,28.727
CC_1458,SMc03051,5.92e-13,59.7,30.159,3.96e-13,59.7,30.159
CC_1460,SMc03040,6.18e-44,149,33.437,4.6e-44,149,33.437
CC_1468,SMc01233,1.18e-62,188,60,1.43e-62,187,60
CC_1471,SMc00025,0,1211,65.576,0,1185,65.636
CC_1476,SMc02376,5.01e-144,416,50,2.55e-138,400,50.116
CC_1477,SMc00763,0,544,68.622,0,544,68.622
CC_1478,SMc01090,0,578,51.708,0,570,51.708
CC_1480,SMc01192,1.68e-33,131,24,2.09e-33,130,24
CC_1481,SMc00172,1.28e-31,121,28.877,1.17e-30,118,28.378
CC_1482,SM_b21224,0,780,59.905,0,771,59.905
CC_1483,SM_b21223,1.48e-153,429,67.34,9e-154,429,67.34
CC_1486,SM_b20946,2.96e-34,118,37.688,9.64e-35,119,37.688
CC_1487,SM_b20749,3.03e-141,411,50.109,6.24e-131,384,50.109
CC_1488,SMc02776,6.1e-109,330,40.784,3.86e-109,330,40.784
CC_1490,SM_b21354,0,540,58.009,0,540,58.009
CC_1491,SM_b21349,2.34e-88,262,49.275,1.5e-88,262,49.275
CC_1492,SM_b21348,3.56e-102,295,58.964,9.03e-95,276,58.964
CC_1495,SMc02043,1.91e-21,86.3,29.327,4.63e-25,95.1,29.327
CC_1498,SMc04008,4.19e-32,105,59.259,2.6e-32,105,59.259
CC_1503,SMc02649,3.35e-49,152,58.915,2.17e-49,152,58.915
CC_1504,SMc02648,7.52e-75,224,57.078,4.95e-75,224,57.078
CC_1505,SMc02647,8.95e-30,101,48.98,7.11e-30,101,48.98
CC_1506,SMc02650,1.22e-112,320,70.485,7.64e-113,320,70.485
CC_1507,SMc01583,4.19e-102,306,46.281,8.03e-102,305,46.154
CC_1511,SMc01769,7.61e-51,177,30.882,4.3e-51,177,30.882
CC_1512,SMc04010,1.65e-38,137,45.513,2.85e-38,137,45.513
CC_1515,SMc02146,1.69e-80,246,42.587,2.42e-82,251,42.988
CC_1516,SMa1905,6.73e-154,466,46.325,2.48e-154,466,46.325
CC_1517,SMc01657,9.08e-50,183,28.687,6.01e-50,183,28.687
CC_1518,SMa1184,1.66e-46,154,38.961,1.32e-46,154,38.961
CC_1522,SMc01878,0,573,52.971,0,556,52.138
CC_1525,SMc01885,2.29e-171,498,45.663,1.6e-175,508,45.663
CC_1526,SMc01472,4.31e-61,193,40.226,2.76e-61,193,40.226
CC_1528,SMc01461,0,875,55.301,0,881,55.314
CC_1534,SMc01578,0,587,69.75,0,587,69.75
CC_1536,SMc01960,2.65e-35,119,39.891,1.76e-35,119,39.891
CC_1539,SMa2387,4.33e-08,49.7,38.182,2.51e-08,49.7,35.135
CC_1541,SMc02546,5.95e-43,158,29.234,3.87e-43,158,29.234
CC_1542,SMc01729,3.22e-40,140,35.017,5.32e-38,133,35.017
CC_1550,SMc02407,1.96e-89,258,63.212,1.2e-89,258,63.212
CC_1551,SMc00465,4.08e-12,58.9,33.077,6.65e-11,55.1,38.462
CC_1552,SMc02408,9.18e-31,104,62.069,1.98e-30,103,68.493
CC_1553,SMc02659,0,644,46.738,0,659,46.738
CC_1554,SMc00521,5.83e-33,110,46.457,3.59e-33,110,46.457
CC_1556,SMc02024,6.98e-55,191,32.415,4e-60,204,32.415
CC_1557,SMc01407,6.12e-35,123,34.286,3.81e-35,123,34.286
CC_1558,SMc02654,6.48e-62,184,67.939,4.29e-62,184,67.939
CC_1559,SMc02653,5.39e-75,227,46.947,3e-75,227,46.947
CC_1560,SMc02652,1.1e-59,186,47.945,7.69e-49,157,47.945
CC_1562,SMc02651,1.09e-118,342,53.727,6.5e-119,342,53.727
CC_1564,SMc02635,6.46e-52,167,39.819,3.61e-48,157,38.914
CC_1565,SMc03243,4.13e-25,106,26.838,1.36e-26,110,26.838
CC_1566,SMc01761,0,867,57.627,0,859,58.233
CC_1572,SMc01764,2.22e-85,253,50.781,1.31e-85,253,50.781
CC_1573,SMc03042,4.94e-19,84,48,2.78e-13,66.6,65
CC_1574,SMc00133,2.66e-117,336,62.021,1.64e-123,351,62.021
CC_1579,SMc02597,4.61e-26,95.5,37.853,1.68e-22,85.9,38.816
CC_1580,SMc01231,0,1123,62.528,0,1123,62.528
CC_1581,SMc01209,1.01e-43,140,41.615,6.36e-44,140,41.615
CC_1584,SMc01208,9.25e-72,211,64.024,6.38e-72,211,64.024
CC_1587,SMc01207,1.4e-166,467,66.667,1.37e-162,456,66.667
CC_1588,SMc01206,1.65e-163,460,62.465,1.06e-163,460,62.465
CC_1591,SMa2333,0,559,54.867,0,561,54.867
CC_1592,SMa2331,0,863,68.507,0,879,68.06
CC_1593,SMa2329,2.52e-58,179,56.15,1.53e-58,179,56.15
CC_1594,SMa2327,0,669,46.319,0,693,45.918
CC_1595,SMa2325,2.35e-85,251,56.054,1.33e-85,251,56.054
CC_1596,SM_b21132,1.45e-107,313,63.941,1.17e-113,327,63.941
CC_1597,SM_b21131,3.87e-111,320,64.085,4.1e-117,335,64.085
CC_1598,SM_b21130,5.99e-116,338,58.865,1.66e-111,327,58.865
CC_1600,SM_b20888,2.93e-37,132,31.206,2.5e-37,131,31.206
CC_1601,SM_b20887,5.48e-33,121,30.159,3.45e-33,121,30.159
CC_1602,SM_b20886,2.03e-175,501,52.878,1.1e-175,501,52.878
CC_1603,SMc03097,7.32e-55,194,29.762,7.2e-61,210,29.611
CC_1604,SMc03096,3.63e-39,157,28.226,2.69e-33,137,27.602
CC_1609,SM_b21153,3.96e-09,50.4,33.01,2.58e-09,50.4,33.01
CC_1613,SMc00949,3.19e-52,157,66.972,2.02e-52,157,66.972
CC_1614,SMc00810,1.19e-99,301,53.03,5.56e-104,311,53.191
CC_1615,SMc00811,2.79e-72,218,47.186,2.25e-72,218,47.186
CC_1617,SMc00815,0,637,67.901,0,671,67.901
CC_1619,SMc00403,1.8e-111,332,45.455,2.64e-110,328,45.27
CC_1620,SMc00394,0,743,69.038,0,743,69.038
CC_1621,SMc02030,1.97e-49,164,33.448,1.26e-49,164,33.448
CC_1625,SM_b21041,3.18e-59,194,34.75,2.13e-55,184,34.75
CC_1627,SM_b20014,1e-78,241,41.088,6.32e-79,241,41.088
CC_1629,SMc04254,2.25e-22,91.7,29.699,9.16e-23,92,29.434
CC_1630,SMc03161,7.85e-108,319,45.144,9.97e-115,337,45.144
CC_1631,SMc03162,1.09e-176,491,65.242,6.87e-177,491,65.242
CC_1632,SMa1487,2.32e-30,102,50,5.83e-30,101,52.747
CC_1634,SMc04392,6.56e-30,120,25.945,3.29e-29,117,26.117
CC_1639,SMc01158,8.64e-09,53.1,30,1.78e-09,53.1,30
CC_1642,SMc00386,1.8e-55,166,66.957,1.01e-55,166,66.957
CC_1651,SMc01881,1.33e-99,289,55.777,9.1e-100,289,55.777
CC_1652,SM_b20996,1.41e-16,73.9,25.714,7.24e-15,68.2,25.714
CC_1654,SM_b20995,0,533,56.838,0,531,56.838
CC_1656,SMc00553,2.84e-77,231,53.617,1.76e-77,231,53.617
CC_1657,SMc04030,1.33e-114,333,52.381,1.22e-106,312,52.381
CC_1658,SMc00554,0,640,62.851,0,640,62.851
CC_1659,SMc00555,4.29e-10,54.7,27.461,2.46e-08,48.9,27.461
CC_1660,SMc00556,7.45e-179,507,57.296,2.53e-171,487,57.296
CC_1661,SMc00557,3.94e-87,265,46.361,2.04e-91,276,46.361
CC_1665,SMc00561,3.61e-174,497,54.507,2.25e-174,497,54.507
CC_1667,SMc00565,3e-60,184,52.147,1.68e-60,184,52.147
CC_1668,SMc00567,2.45e-43,133,81.818,3.37e-41,127,86.957
CC_1669,SMc00568,1.84e-44,139,68.817,2.88e-49,151,62.609
CC_1674,SMc00571,4.7e-111,322,58.654,1.07e-110,321,58.786
CC_1675,SMc00572,7.37e-111,316,64.634,6.04e-103,296,64.634
CC_1677,SMc00573,1.78e-36,115,76.923,1.12e-36,115,76.923
CC_1678,SMc00574,0,535,60.798,0,549,60.798
CC_1679,SMc00575,3.64e-102,305,51.515,1.94e-106,315,49.102
CC_1680,SMc00576,3.07e-75,229,45.638,1.07e-71,220,45.638
CC_1681,SMc00577,2.47e-68,206,45.588,1.61e-68,206,45.588
CC_1682,SMc02320,3e-08,44.7,40.506,1.58e-08,44.7,40.506
CC_1685,SMc00579,2.45e-88,261,57.874,1.65e-88,261,57.874
CC_1686,SMc00580,5.72e-95,283,51.258,1.05e-102,302,51.796
CC_1688,SMc00581,4.6e-11,61.2,30.864,2e-11,61.2,30.864
CC_1689,SMc00582,1.41e-67,236,26.797,6.15e-69,239,26.851
CC_1690,SMc00583,1.13e-48,165,30.769,7.02e-49,165,30.769
CC_1691,SMc00584,3.09e-35,130,27.027,1.92e-31,120,27.027
CC_1692,SMc00585,1.49e-165,475,55.652,4.09e-165,473,54.451
CC_1693,SMc00586,6.38e-47,147,45.946,3.93e-47,147,45.946
CC_1696,SMa1104,1.91e-09,49.7,36.986,5.4e-10,49.7,36.986
CC_1698,SMc00590,0,640,52.716,0,599,52.836
CC_1699,SMc00595,7.13e-63,186,66.423,4.55e-63,186,66.423
CC_1700,SMa1297,6.2e-09,50.1,46.774,8.91e-09,49.7,46.774
CC_1702,SMc00614,5.15e-53,166,54.802,6.55e-57,176,54.802
CC_1703,SMc00615,8.42e-139,395,62.388,1.37e-144,409,62.388
CC_1704,SMc00622,1.58e-129,375,50.262,5.55e-129,373,51.351
CC_1708,SMc00619,8.1e-73,237,37.753,1.34e-79,254,37.584
CC_1710,SMc00618,0,830,59.143,0,828,59.143
CC_1711,SMc00617,1.25e-35,123,39.732,3.17e-29,106,38.117
CC_1720,SMc01025,0,791,71.455,0,792,71.455
CC_1721,SMc03881,1.8e-30,99,75,1.16e-30,99,75
CC_1724,SMc01028,0,635,74.824,0,634,74.824
CC_1725,SMc01029,7.66e-08,43.9,31.395,4.52e-08,43.9,31.395
CC_1726,SMc01030,8.05e-159,446,69.04,1.45e-158,445,69.04
CC_1727,SMc01031,0,592,65.208,0,591,64.551
CC_1729,SMc01032,3.23e-153,439,56.125,1.78e-151,434,56.793
CC_1731,SMc01035,0,512,55.602,0,512,55.602
CC_1735,SMc01037,3.39e-169,470,69.401,2.13e-169,470,69.401
CC_1736,SMc01038,3.09e-27,97.1,39.161,1.97e-27,97.1,39.161
CC_1737,SMc01039,5.8e-47,148,49.375,3.72e-47,148,49.375
CC_1738,SMc01040,2.22e-98,297,48.082,1.1e-93,284,47.57
CC_1739,SMc01041,3.56e-82,249,48.529,2.38e-76,234,48.529
CC_1740,SMc01042,3.01e-94,284,45.506,2e-94,284,45.506
CC_1741,SMc01043,0,542,56.108,0,542,56.108
CC_1742,SMc01044,8.95e-140,426,38.539,2.71e-131,403,38.539
CC_1743,SMc01045,0,569,62.555,0,558,62.555
CC_1744,SMc01047,2.85e-112,323,56.794,1.8e-112,323,56.794
CC_1745,SMc01048,5.45e-41,127,74.359,3.37e-41,127,74.359
CC_1746,SMc01049,5.49e-142,411,57.002,3.27e-140,406,57.002
CC_1747,SMc01051,1.09e-89,265,51.685,6.98e-90,265,51.685
CC_1758,SMc03838,1.96e-132,414,36.698,6.3e-107,346,36.848
CC_1759,SMc03837,1.08e-73,221,55.924,3.44e-63,194,55.924
CC_1760,SMc03836,5.27e-44,144,42.222,4.66e-44,144,42.222
CC_1761,SMa2047,9.1e-90,270,47.416,2.37e-94,281,47.416
CC_1763,SMc00769,4.35e-96,295,39.246,2.01e-98,300,39.69
CC_1764,SMc00768,5.69e-40,147,27.948,2.87e-40,147,27.948
CC_1766,SMa1874,4.51e-47,148,62.832,1.56e-47,148,62.832
CC_1769,SM_b21490,1.73e-42,142,53.788,6.68e-42,140,54.745
CC_1770,SM_b22024,1.33e-53,162,67.797,8.66e-54,162,67.797
CC_1771,SM_b21489,6.06e-105,298,69.458,3.88e-105,298,69.458
CC_1772,SM_b21488,0,1101,80.152,0,1115,80.152
CC_1773,SM_b21487,3.36e-154,436,61.471,2.12e-152,431,62.805
CC_1774,SM_b21486,0,548,66.125,0,548,66.125
CC_1776,SMc03258,1.18e-19,81.6,36.667,2.64e-19,80.1,36.552
CC_1778,SMc01611,3.7e-44,167,26.511,2.35e-44,167,26.511
CC_1784,SMc02239,3.24e-20,77,43,1.27e-14,62.4,50
CC_1786,SMa1882,1.53e-22,88.6,29.353,8.51e-22,86.3,29.353
CC_1787,SMa1885,1.04e-88,270,54.819,1.17e-96,289,54.819
CC_1788,SMa1884,0,1351,65.92,0,1394,65.92
CC_1792,SM_b21222,1.59e-32,124,30.971,1.7e-26,106,30.971
CC_1808,SMc00268,6.61e-46,151,40.726,2.4e-47,154,40.726
CC_1816,SMa0339,1.58e-43,152,40.392,3.67e-44,153,40.392
CC_1821,SMc01194,1.1e-76,231,45.185,7.25e-77,231,45.185
CC_1822,SMc01193,9.86e-89,261,49.225,1.54e-83,248,49.225
CC_1823,SMc01190,5.64e-53,175,37.898,2.38e-51,171,37.386
CC_1824,SMc01189,1.03e-64,197,48.341,7.35e-65,197,48.341
CC_1825,SMc01187,5.13e-42,146,56.098,7.67e-42,145,56.098
CC_1836,SMc01493,4.32e-27,95.1,45.098,3.87e-27,95.1,45.098
CC_1837,SMc00325,8.4e-27,105,35.743,1.61e-35,128,36.546
CC_1839,SMc00688,3.74e-10,48.5,40.984,2.43e-10,48.5,40.984
CC_1840,SM_b21363,1e-24,100,28.746,7.03e-25,100,28.746
CC_1843,SMc00952,2.9e-62,191,50.739,1.9e-62,191,50.739
CC_1844,SMc04450,0,1247,54.188,0,1247,54.188
CC_1845,SMc00227,5.68e-20,75.9,40.964,3.13e-20,75.9,40.964
CC_1846,SMc01426,7.39e-16,72,30,4.66e-16,72,30
CC_1847,SMc00522,6.93e-159,459,50.485,3.2e-157,454,61.413
CC_1851,SM_b21633,2.65e-64,199,43.82,1.66e-64,199,43.82
CC_1852,SMc01649,1.77e-31,105,56.842,1.49e-31,105,56.842
CC_1858,SMc00301,6.73e-33,108,45.455,5.32e-33,108,45.455
CC_1859,SMc00302,4.13e-46,142,60.185,2.79e-46,142,60.185
CC_1860,SMc00533,6.25e-180,504,59.113,4.01e-180,504,59.113
CC_1861,SMc00532,1.95e-40,144,37.168,1.53e-40,144,37.168
CC_1862,SMc00531,6.66e-114,324,63.745,4.25e-114,324,63.745
CC_1864,SMc00530,0,798,76.171,0,798,76.171
CC_1865,SMc00529,6.46e-83,255,46.073,7.22e-84,257,46.073
CC_1867,SMc00528,1.5e-93,273,56.398,7.63e-94,273,56.398
CC_1869,SMc00527,2.45e-77,241,39.785,1.54e-77,241,39.785
CC_1870,SMc00526,2.82e-173,488,56.971,3.63e-176,495,56.971
CC_1871,SMc00524,1.5e-62,187,57.237,9.63e-63,187,57.237
CC_1872,SMc00539,2.11e-40,145,45.763,1.54e-40,145,45.763
CC_1874,SMc01333,1.45e-148,421,63.939,6.55e-155,436,63.939
CC_1875,SMc01334,0,671,48.158,0,673,48.158
CC_1876,SMc01335,7.44e-51,174,36.317,5.08e-51,174,36.317
CC_1877,SMc01336,6.35e-172,520,61.667,3.38e-172,521,59.865
CC_1879,SMc01342,5.11e-33,118,33.333,5.2e-34,120,32.174
CC_1880,SM_b20617,3.15e-51,166,44.033,1.15e-54,174,44.033
CC_1882,SMc01343,2.51e-53,163,55.396,1.61e-53,163,55.396
CC_1883,SMc01344,1.6e-49,154,56.051,1.87e-39,128,56.051
CC_1884,SMc01345,0,644,71.205,0,630,70.759
CC_1885,SMc01346,2.3e-72,216,54.211,1.37e-72,216,54.211
CC_1886,SMc01347,7.13e-23,88.2,39.024,4.65e-23,87.8,39.024
CC_1887,SMc01348,9.24e-27,93.6,46.154,7.4e-27,93.6,46.154
CC_1889,SMc01237,8.75e-99,334,31.573,1.32e-81,285,36.617
CC_1891,SMc04201,2.59e-28,105,35.87,4.81e-29,107,34.123
CC_1892,SMc01756,0,792,61.928,0,792,61.928
CC_1893,SMc01023,1.87e-86,255,54.878,9.14e-80,238,54.878
CC_1894,SMc00234,1.24e-43,163,26.701,4.62e-47,172,26.701
CC_1895,SMc02725,3.51e-40,152,32.915,7.16e-42,157,32.576
CC_1898,SMc00235,2.89e-112,327,50.893,4.33e-110,321,50.893
CC_1899,SMc00236,2.43e-96,281,62.069,1.52e-101,294,62.069
CC_1901,SM_b21312,3.35e-43,146,38.889,2.1e-43,146,38.889
CC_1902,SMc01183,5.93e-104,298,67.5,2.79e-103,296,66.667
CC_1903,SMc02687,5.24e-53,171,45.418,1.26e-53,172,47.085
CC_1904,SMc02086,7.16e-71,244,32.756,5.52e-56,202,34.528
CC_1905,SMc03172,6.04e-63,209,32.438,9.42e-61,203,32.091
CC_1906,SMc02087,0,653,70.396,0,653,70.396
CC_1909,SMc02089,2.31e-45,158,32.821,3.99e-50,170,32.821
CC_1910,SMc02090,2.69e-46,154,41.091,2.19e-51,167,40.86
CC_1911,SMc02091,6.57e-69,211,42.085,4.27e-69,211,42.085
CC_1912,SMc02092,4.44e-44,140,46.667,2.72e-44,140,46.667
CC_1913,SMc02093,1.11e-69,219,41.691,3.68e-74,230,41.379
CC_1915,SMc02094,6.78e-152,459,36.993,7.07e-151,456,37.037
CC_1916,SMc02095,9.86e-79,245,36.785,4.7e-83,255,36.939
CC_1917,SMc03105,2.65e-120,352,52.235,6.72e-118,345,51.289
CC_1918,SMc02096,2.4e-35,125,39.382,1.58e-39,136,39.683
CC_1919,SMc02097,1e-75,228,47.863,6.05e-76,228,47.863
CC_1920,SMc02098,3.73e-75,221,61.111,2.33e-75,221,61.111
CC_1921,SMc02099,2.33e-85,251,55.649,6.93e-94,273,55.649
CC_1922,SMc02100,5.69e-129,367,60.201,1.65e-126,360,60.656
CC_1923,SMc02101,3.75e-129,364,67.704,1.52e-123,349,68.273
CC_1926,SMc01375,0,1107,50.824,0,1119,50.824
CC_1929,SMc01376,2.27e-85,250,58.796,3.21e-80,237,58.796
CC_1930,SMc01935,6.32e-130,378,48.309,3.83e-130,378,48.309
CC_1931,SMc01934,0,604,64.48,0,604,64.48
CC_1932,SMc01931,4.14e-08,44.7,43.75,3.88e-08,44.7,43.75
CC_1933,SMc01930,9.46e-51,155,55.556,5.78e-51,155,55.556
CC_1934,SMc01929,6.77e-161,468,43.907,1.2e-163,474,43.907
CC_1936,SMc01928,9.44e-27,101,38.912,2.47e-34,121,38.912
CC_1937,SMc01927,4.73e-134,393,47.083,4.49e-123,365,46.121
CC_1938,SMc01926,0,635,64.898,0,644,64.898
CC_1939,SMc01925,0,708,54.928,0,694,54.978
CC_1940,SMc01924,3.26e-49,149,77,3.42e-43,133,77
CC_1941,SMc01923,1.95e-84,246,62.255,1.51e-72,216,62.255
CC_1942,SMc01922,3e-88,253,75,1.91e-88,253,75
CC_1945,SMc01921,2.07e-131,377,60.909,5.63e-130,373,58.889
CC_1946,SMc01920,0,847,61.891,0,853,61.891
CC_1947,SMc01918,0,664,75.057,0,664,75.057
CC_1950,SMc01917,1.24e-66,204,54.412,9.46e-67,204,54.412
CC_1952,SMc01915,0,659,79.798,0,659,79.798
CC_1954,SMc01914,2.42e-92,266,65.829,1.56e-92,266,65.829
CC_1955,SMc01913,1.55e-108,306,87.195,3.02e-99,282,87.195
CC_1956,SMc01912,5.76e-59,175,72.8,3.53e-59,175,72.8
CC_1957,SMc03968,2.83e-127,365,56.481,1.75e-127,365,56.481
CC_1959,SMc01906,5.67e-23,82,46.067,3.52e-23,82,46.067
CC_1960,SMc01905,0,1120,68.045,0,1120,68.045
CC_1961,SMc01904,0,708,82.801,0,686,82.801
CC_1963,SMc01903,1.92e-125,350,79.512,1.21e-125,350,79.512
CC_1964,SMc02050,3.68e-121,360,40.848,1.83e-121,360,40.848
CC_1965,SMc00946,5.02e-87,273,43.983,3.66e-89,278,44.008
CC_1968,SMc00947,3.17e-59,175,76.786,2e-59,175,76.786
CC_1969,SMc00948,0,691,68.308,0,691,68.308
CC_1971,SMc01833,2.22e-08,47.8,35.354,6.59e-09,47.8,35.354
CC_1974,SMc01018,0,806,64.787,0,840,62.737
CC_1975,SM_b20755,0,779,71.373,0,779,71.373
CC_1976,SMc02387,3.29e-37,119,61.321,2.49e-34,111,62.5
CC_1977,SMc01277,1.29e-49,161,43.662,2.89e-51,164,43.478
CC_1980,SMc01275,1.91e-87,263,44.86,1.2e-87,263,44.86
CC_1981,SMc01274,2.73e-30,103,48.78,1.7e-30,103,48.78
CC_1983,SMc01877,5.88e-131,391,45.276,4.44e-115,350,45.242
CC_1984,SMc01876,4e-68,211,43.421,2.29e-68,211,43.421
CC_1985,SMc01875,2.63e-73,225,45.652,1.89e-73,225,45.652
CC_1987,SMc02055,1.09e-13,66.2,37.313,1.23e-13,65.9,37.313
CC_1989,SMc02056,5.11e-16,66.6,39.216,8.17e-20,75.9,42.342
CC_1991,SMc02265,1.96e-110,345,40.977,9.8e-120,370,40.977
CC_1992,SMc02058,6.85e-27,93.2,46.316,4.63e-27,93.2,46.316
CC_1993,SMc02059,6.32e-73,223,45.018,1.33e-63,199,44.649
CC_1994,SMc00351,5.97e-39,130,42.935,2.98e-38,127,43.094
CC_1995,SMc01017,3.73e-18,73.9,36.429,5.78e-22,83.2,36.17
CC_1996,SMc02060,2.67e-35,137,32.714,4.5e-33,129,32.576
CC_1997,SMa1547,4.5e-48,155,44.086,2.86e-48,155,44.086
CC_1998,SMc02063,1.9e-82,245,53.112,1.17e-82,245,53.112
CC_1999,SMc02064,2.46e-170,484,53.347,1.38e-170,484,53.347
CC_2001,SMc02065,5.1e-80,241,51.292,2.09e-74,226,49.828
CC_2002,SMc02066,6.04e-16,70.9,41.441,7.65e-23,88.6,44.211
CC_2003,SMc02067,5.43e-08,42.7,47.222,4.27e-14,57.8,47.222
CC_2004,SMc02069,1.4e-61,190,56.25,2.39e-61,189,56.25
CC_2005,SMc02070,5.38e-65,202,46.85,3.58e-65,202,46.85
CC_2006,SMc02071,2.37e-113,330,56.122,9.08e-118,341,53.55
CC_2008,SMc02074,4.66e-124,362,49.479,3.03e-124,362,49.479
CC_2009,SMc02075,1.18e-35,115,59.259,2.01e-41,129,59.259
CC_2011,SMc02077,3.91e-103,298,55.556,2.48e-103,298,55.556
CC_2020,SMc01211,7.49e-19,86.3,29.612,1.12e-17,82,29.075
CC_2022,SMc01122,8.09e-50,152,64.062,5.16e-50,152,64.062
CC_2029,SM_b20615,0,927,73.607,0,927,73.607
CC_2039,SMa0013,1.64e-16,76.3,32.812,3.56e-14,68.6,32.812
CC_2040,SMc02237,0,921,54.368,0,921,54.368
CC_2041,SMc02236,1.15e-55,176,45.374,2.07e-59,184,45.374
CC_2045,SMc02231,5.44e-21,90.5,34.081,4.98e-25,99.8,33.632
CC_2047,SMc00611,2.64e-98,314,37.09,4.77e-96,308,37.126
CC_2051,SMc04005,8.92e-161,461,51.277,5.04e-157,451,51.277
CC_2054,SMc02835,1.18e-54,179,40.252,2.42e-58,188,40.252
CC_2055,SMc03068,0,753,60.265,0,740,60.265
CC_2056,SMc03069,6.78e-31,111,36.098,8.25e-34,118,36.818
CC_2057,SMc03070,5.33e-152,439,48.017,2.46e-150,434,48.017
CC_2063,SMc03024,1.98e-40,137,35.2,1.23e-40,137,35.2
CC_2064,SMc03030,4.36e-91,268,52.51,5.47e-88,259,52.51
CC_2066,SMc03034,5.61e-51,164,42.449,4.29e-49,158,43.439
CC_2068,SMc00972,0,807,63.924,0,795,63.924
CC_2069,SMc03884,3.17e-54,176,45.333,3.67e-61,193,45.333
CC_2070,SMc00970,2.62e-22,80.1,56.757,1.64e-22,80.1,56.757
CC_2072,SMc00969,1.67e-69,215,45.455,3.33e-60,191,45.455
CC_2083,SMc02818,5.82e-10,57,35.915,2.43e-10,57.4,35.915
CC_2084,SMc04210,5.48e-72,214,52.764,3.74e-72,214,52.764
CC_2095,SMc00876,2.1e-100,300,46.369,7.39e-97,290,46.499
CC_2096,SMc01502,2.06e-12,61.6,27.072,1.32e-12,61.6,27.072
CC_2097,SMc01494,7.93e-83,249,54.733,4.12e-83,249,54.733
CC_2098,SMc01435,9.33e-71,218,43.158,6.07e-71,218,43.158
CC_2100,SMc01431,0,868,68.889,0,868,68.889
CC_2101,SMc01430,7.85e-71,210,54.974,5.1e-71,210,54.974
CC_2102,SMc01450,3.9e-45,144,45.833,6.55e-39,127,44.048
CC_2103,SMc00396,1.27e-08,48.5,30.769,7.67e-09,48.5,30.769
CC_2108,SMc01009,2.26e-22,87,35.359,1.25e-22,87,35.359
CC_2109,SMc00149,0,803,82.468,0,779,82.468
CC_2113,SMc00860,1.97e-103,305,52.308,1.03e-106,312,52.308
CC_2114,SMc00858,3.35e-20,84.7,34.818,3.83e-25,97.4,34.818
CC_2119,SMc01021,6.45e-12,59.3,30,1.13e-16,71.6,31.016
CC_2120,SMc04346,0,560,77.876,0,560,77.876
CC_2122,SMc00282,4.78e-56,174,53.073,3.58e-56,174,53.073
CC_2124,SMc01444,2.48e-150,418,75.285,1.49e-150,418,75.285
CC_2126,SMc01442,1.11e-54,168,51.176,7.37e-55,168,51.176
CC_2129,SMa2291,5.13e-53,177,34.324,5.4e-50,169,34.324
CC_2134,SMc01853,5.95e-53,169,41.202,3.43e-53,169,41.202
CC_2136,SMc03160,1.25e-99,304,39.052,1.07e-98,301,39.052
CC_2137,SMc03112,0,1192,67.299,0,1192,67.64
CC_2139,SMa0308,6.81e-09,53.1,33.562,4.59e-09,53.5,33.562
CC_2140,SMc01843,4.17e-98,289,51.22,9.96e-91,270,50.523
CC_2141,SMc01842,1.94e-81,248,48.562,4.36e-89,267,48.562
CC_2142,SMa1767,4.33e-10,49.7,50.98,1.22e-10,49.7,50.98
CC_2143,SMa1956,2.36e-30,113,38.496,1.65e-32,119,37.6
CC_2144,SMa5012,3.51e-10,53.1,24.576,2.7e-10,53.1,24.576
CC_2147,SMa0085,2.09e-67,211,40.328,1.32e-67,211,40.328
CC_2148,SMc04454,0,739,64.568,0,759,64.568
CC_2156,SMc02105,1.06e-148,424,56.104,9.17e-142,405,56.104
CC_2157,SMc02104,6.31e-31,112,34.874,3.75e-31,112,34.874
CC_2158,SMc02103,2.89e-45,142,54.412,2.08e-45,142,54.412
CC_2160,SMc02111,1.47e-15,67.4,39.175,5.02e-12,56.6,38.835
CC_2161,SMc00996,7.38e-78,248,48.864,2.55e-78,248,46.075
CC_2162,SMc04323,3.08e-145,417,51.128,7.69e-147,421,51.485
CC_2166,SMc01880,2.52e-70,216,43.11,4.13e-67,208,43.11
CC_2167,SMc00995,7.57e-37,120,46.479,4.25e-37,120,46.479
CC_2168,SM_b21124,0,612,52.853,0,606,52.853
CC_2169,SM_b21126,2.21e-47,156,39.759,1.39e-47,156,39.759
CC_2170,SM_b21122,0,738,67.477,0,749,67.477
CC_2171,SMc01003,3.08e-26,107,30.824,3.05e-27,108,30.824
CC_2172,SM_b21121,0,535,71.429,0,543,71.429
CC_2174,SMc01261,3.29e-115,345,44.138,1.01e-119,356,44.138
CC_2176,SMc01268,8.43e-99,285,64.84,1.41e-91,266,64.84
CC_2179,SM_b20756,0,736,56.994,0,735,56.994
CC_2183,SMc00117,1.7e-41,133,50.794,9.16e-42,133,50.794
CC_2185,SMc00505,8.59e-51,160,48.045,4.84e-51,160,48.045
CC_2187,SMc00512,2.1e-83,253,51.815,4.71e-93,277,50.301
CC_2188,SMc03209,1.15e-13,61.6,33.835,7.49e-14,61.6,33.835
CC_2194,SMc02726,2.74e-69,239,28.7,5.52e-68,235,29.032
CC_2196,SMc00738,1.12e-26,98.2,39.437,8.17e-27,97.8,39.568
CC_2200,SMc00737,1.22e-90,260,65.169,7.63e-91,260,65.169
CC_2201,SMc00736,7.54e-41,136,47.953,6.3e-43,140,47.674
CC_2202,SMa0149,3.12e-48,151,53.086,3.29e-43,137,53.086
CC_2204,SM_b20337,5.33e-10,54.7,32.53,3.19e-10,54.7,32.53
CC_2205,SMc00735,1.48e-83,250,51.228,3.97e-84,251,50.877
CC_2209,SMc02449,1.1e-12,63.2,45.57,2.91e-09,53.1,45.57
CC_2210,SMc00726,1.04e-23,92,34.146,5.74e-25,94.7,33.486
CC_2211,SMc00725,0,587,65.982,0,587,65.982
CC_2213,SMc00723,1.18e-148,426,53.521,7.5e-149,426,53.521
CC_2214,SMc00719,1.17e-24,92.4,33.929,8.05e-25,92.4,33.929
CC_2216,SMc00717,1.38e-84,248,57.209,3.16e-89,259,57.209
CC_2217,SMc00716,6.12e-35,126,32.569,3.7e-28,108,32.569
CC_2218,SMc00715,4.78e-43,142,42.529,3.53e-43,142,42.529
CC_2219,SMc00714,5.86e-48,156,38.559,4.56e-46,151,38.559
CC_2220,SMc00713,5.33e-43,139,46.784,8e-48,151,46.784
CC_2223,SMc00710,1.04e-115,338,49.584,6.11e-119,345,49.584
CC_2224,SMc00711,3.61e-117,337,57.667,2.25e-117,337,57.667
CC_2225,SM_b20729,8.42e-28,102,48.333,2.58e-28,102,48.333
CC_2237,SMc02218,5.95e-122,354,51.811,3.77e-122,354,51.811
CC_2238,SMc02217,1.03e-166,470,57.364,6.34e-167,470,57.364
CC_2239,SMc02135,3.02e-40,129,50.388,1.82e-40,129,50.388
CC_2241,SMc02136,2.25e-77,236,43.252,5.3e-79,240,43.558
CC_2242,SMc02137,1.45e-113,328,52.922,8.94e-114,328,52.922
CC_2243,SMc02138,1.15e-150,430,56.995,2.76e-153,436,57.294
CC_2245,SMc02139,3.33e-39,129,48,4.84e-38,126,47.701
CC_2246,SMc00378,2.72e-150,437,49.713,1.7e-145,425,50.202
CC_2247,SMc00933,1.9e-08,43.1,46.341,1.99e-08,43.1,46.341
CC_2250,SMc04268,1.74e-42,146,31.716,7.31e-44,149,30.824
CC_2252,SMc04042,4.02e-65,202,41.985,2.37e-65,202,41.985
CC_2253,SMc04041,9.5e-39,137,34.783,6.03e-39,137,34.783
CC_2258,SM_b21295,8.97e-52,160,52.83,5.82e-52,161,52.83
CC_2261,SMc02838,8.28e-60,185,49.296,4.67e-60,185,49.296
CC_2263,SM_b20830,5.83e-106,310,53.185,3.91e-106,310,53.185
CC_2264,SM_b21081,0,585,59.406,0,600,59.406
CC_2268,SMc04121,5.13e-102,291,67.464,3.25e-102,291,67.464
CC_2271,SMc00828,4.65e-34,116,47.727,4.48e-28,100,47.727
CC_2274,SMc00781,0,633,61.647,0,642,61.647
CC_2275,SMa0758,5.28e-38,126,46.324,4.27e-34,116,46.324
CC_2277,SM_b20958,5.75e-29,110,34.783,3.68e-29,110,34.783
CC_2281,SMc01104,0,583,43.86,0,536,43.734
CC_2285,SMc03064,0,543,52.788,0,547,52.985
CC_2294,SMc01556,5.3e-33,118,37.327,8.03e-37,127,37.327
CC_2298,SMa0259,2.02e-16,75.1,28.07,2.1e-18,80.1,28.326
CC_2300,SMc00155,0,655,66.449,0,655,66.449
CC_2302,SMc00154,1.8e-153,442,50.108,8.19e-162,462,50.108
CC_2303,SMc00152,1.42e-60,187,50.222,9.14e-61,187,50.222
CC_2304,SMc00232,9.01e-135,394,49.543,1.1e-132,388,49.77
CC_2305,SMc00151,5.74e-55,173,43.439,3.5e-56,176,43.439
CC_2309,SMa2319,2.26e-91,265,63.38,7.3e-86,250,63.38
CC_2312,SMc02902,8.38e-57,179,44.091,2.35e-60,187,44.545
CC_2314,SMc00649,2.89e-73,223,45.522,1.88e-73,223,45.522
CC_2318,SMc00174,1.09e-65,210,38.056,3.62e-71,224,38.056
CC_2319,SMc00175,7.48e-77,232,52.049,1.52e-74,226,51.852
CC_2320,SMc00176,3.55e-21,90.9,29.31,3.29e-21,90.9,29.31
CC_2323,SMc01015,4.38e-17,79.3,28.626,5.28e-27,107,27.961
CC_2333,SM_b21448,7.72e-59,190,51.075,2.18e-59,190,51.075
CC_2335,SMc02084,1.78e-37,122,46.763,1.1e-37,122,46.763
CC_2336,SMc02085,5.68e-54,176,39.49,7.6e-50,165,43.231
CC_2337,SM_b20214,2.61e-33,120,40.212,1.98e-33,119,40.212
CC_2340,SMc02312,6.02e-10,47,46.512,4.66e-10,47,46.512
CC_2342,SMc02311,5.71e-72,214,55.838,3.86e-72,214,55.838
CC_2343,SMc02310,5.92e-47,141,93.056,3.75e-47,141,93.056
CC_2344,SMc02309,4.61e-44,140,48.366,3.05e-44,140,48.366
CC_2345,SMc02308,9.37e-61,182,55.195,5.9e-61,182,55.195
CC_2346,SMc02307,7.03e-168,476,57.11,1.04e-160,457,57.11
CC_2347,SMc00922,3.3e-70,229,32.665,4.94e-67,220,32.727
CC_2349,SMc02306,1.83e-28,100,38.849,1.03e-28,100,38.849
CC_2350,SMc02305,1.83e-168,477,59.674,1.16e-168,477,59.674
CC_2352,SMa1987,1.35e-37,132,34.52,4.14e-40,138,34.52
CC_2360,SMc02879,3.15e-78,233,57.083,1.37e-76,229,57.083
CC_2369,SM_b20023,0,1344,58.361,0,1318,58.361
CC_2372,SMc02150,1.71e-153,432,69.182,5.68e-158,442,69.182
CC_2374,SM_b20757,0,837,61.309,0,845,61.309
CC_2378,SMc02640,2.24e-98,291,46.037,1.49e-98,291,46.037
CC_2379,SMc02641,0,609,68.349,0,609,68.349
CC_2383,SM_b20942,3.12e-149,420,65.094,7.45e-155,434,65.094
CC_2392,SM_b20773,1.8e-13,65.1,34.286,1.07e-13,65.1,34.286
CC_2394,SMa1500,9.86e-67,217,39.873,1.16e-66,217,39.873
CC_2399,SMa2412,3.05e-16,75.5,28.649,1.04e-15,73.2,29.189
CC_2400,SMa0150,1.42e-80,257,37.045,9.2e-81,257,37.045
CC_2403,SMc00558,9.82e-10,55.5,27.237,6.33e-10,55.5,27.237
CC_2404,SM_b20583,0,507,61.795,0,507,61.795
CC_2407,SM_b20589,0,542,70.25,0,558,70.25
CC_2408,SM_b20577,4.38e-68,207,49.138,2.98e-68,207,49.138
CC_2409,SM_b20576,3.17e-39,131,40.465,1.9e-39,131,40.465
CC_2410,SM_b20575,4.76e-32,121,34.375,2.02e-38,138,35.897
CC_2411,SM_b20579,1.58e-42,147,36.538,6.85e-43,147,36.538
CC_2419,SMa1315,0,547,40.152,0,547,40.689
CC_2421,SMa1306,2.03e-25,99,30.417,1.55e-26,101,31.466
CC_2422,SMa1303,3.84e-45,157,39.806,2.38e-48,165,40.777
CC_2423,SMa1302,4.02e-73,226,41.214,2.6e-73,226,41.214
CC_2425,SMc01792,5.12e-71,233,37.401,2.1e-74,241,38.158
CC_2428,SM_b21504,4.51e-42,142,37.657,2.79e-42,142,37.657
CC_2433,SMc02392,4.9e-08,43.9,46.97,3.49e-15,61.6,46.97
CC_2434,SMc02390,6.64e-108,308,62.656,4.06e-108,308,62.656
CC_2435,SMc04246,6.36e-11,55.1,28.655,1.43e-10,53.1,48.077
CC_2436,SMc01350,0,649,63.655,0,649,63.655
CC_2437,SMc01352,0,659,69.715,0,669,69.715
CC_2438,SMc01353,1.74e-31,103,52.632,1.1e-31,103,52.632
CC_2439,SMc01355,4.8e-50,155,51.282,3.21e-50,155,51.282
CC_2443,SMc01360,1.45e-138,393,66.118,1.07e-134,382,66.118
CC_2444,SMc01361,4.88e-122,359,45.327,4.84e-118,348,45.327
CC_2446,SMc01362,3.43e-51,162,54.45,1.87e-51,162,54.974
CC_2447,SMc01363,3.96e-93,281,46.61,2.64e-92,278,46.61
CC_2448,SMc02241,8.27e-37,134,40.773,5.22e-37,133,40.773
CC_2451,SMc01364,0,1076,61.582,0,1064,62.915
CC_2453,SMc01365,0,665,50.531,0,661,50.531
CC_2455,SMc01340,3.49e-102,305,43.979,2.87e-106,315,43.979
CC_2456,SMc02256,1.77e-77,243,37.99,4.16e-69,221,38.191
CC_2457,SMc01367,3.82e-25,97.4,37.946,2.91e-27,102,37.946
CC_2459,SMc01369,4.56e-23,79.7,69.091,2.89e-23,79.7,69.091
CC_2462,SMc01370,2.95e-150,433,50.989,1.87e-150,433,50.989
CC_2463,SMc01371,1.09e-66,195,76.667,6.53e-67,195,76.667
CC_2465,SMc03109,2.21e-102,299,52.203,2.11e-91,270,52.203
CC_2466,SMc01373,3.1e-144,415,52.518,2.02e-144,415,52.518
CC_2467,SMc02110,1.7e-55,166,71.296,1.06e-55,166,71.296
CC_2468,SMc02109,0,1116,70.153,0,1139,70.153
CC_2470,SMc02106,1e-46,145,55.797,1.13e-48,150,55.797
CC_2481,SMc02370,0,792,49.321,0,768,49.434
CC_2482,SMc02369,1.13e-124,391,39.291,2.38e-120,379,38.735
CC_2484,SMc03882,2.38e-51,162,43.902,1.55e-51,162,43.902
CC_2487,SMc00508,0,647,74.827,0,647,74.827
CC_2490,SMc00496,4.58e-26,90.9,52.941,4.78e-35,113,52.941
CC_2491,SMc00495,1.27e-138,387,74.583,8.07e-139,387,74.583
CC_2492,SMc00494,4.98e-24,84,53.165,3.19e-24,84,53.165
CC_2497,SMc00493,1.7e-81,240,54.839,1.09e-81,240,54.839
CC_2500,SMc00488,0,832,59.225,0,851,59.225
CC_2503,SMc00487,1.73e-21,78.2,46.053,8.62e-22,78.2,46.053
CC_2505,SMc00538,1.1e-45,141,63,6.82e-46,141,63
CC_2509,SMc04091,9.54e-110,319,59.146,1.22e-114,331,58.359
CC_2511,SMc00485,6.84e-116,326,75,4.33e-116,326,75
CC_2515,SMc01273,5.74e-95,278,52.518,3.63e-95,278,52.518
CC_2516,SMc01270,0,588,75.2,0,563,75.2
CC_2517,SMc00831,1.53e-60,192,38.276,9.88e-61,192,38.276
CC_2518,SMc01184,6.77e-38,141,28.604,1.15e-36,138,28.636
CC_2520,SMc00482,6.18e-69,211,47.034,4.3e-69,211,47.034
CC_2522,SMc00480,0,734,86.6,0,734,86.6
CC_2524,SMc02895,2.06e-16,75.9,28.793,3.85e-08,50.4,27.329
CC_2527,SMc03170,8.02e-17,77,25.606,4.15e-17,77,25.606
CC_2529,SMc00475,0,1115,63.811,0,1116,63.698
CC_2531,SMc03207,6.27e-170,473,70.871,4.01e-170,473,70.871
CC_2532,SMc03208,1.06e-163,466,54.06,7.14e-164,466,54.06
CC_2533,SMc03211,1.18e-114,335,47.632,7.71e-115,335,47.632
CC_2534,SMa0387,1.29e-73,231,37.119,6.52e-70,221,36.901
CC_2540,SMc01874,5.81e-136,403,49.746,3.1e-143,421,50
CC_2541,SMc01873,4.41e-99,300,42.969,7.34e-93,284,42.969
CC_2542,SMc01872,1.97e-32,119,29.603,1.29e-32,119,29.603
CC_2543,SMc01871,2.76e-112,325,53.896,1.11e-107,313,53.896
CC_2545,SMc01868,4.37e-95,281,53.287,6.49e-100,293,53.287
CC_2546,SMc01867,0,523,60.515,0,522,60.515
CC_2550,SM_b20631,9.71e-13,68.9,26.71,3.23e-13,69.7,26.71
CC_2551,SMc01866,3.47e-91,275,46.518,2.13e-91,276,46.518
CC_2552,SMc01865,6.34e-114,335,48.493,2.98e-119,348,48.493
CC_2554,SMa0113,5.27e-54,187,45.575,8.41e-54,187,45.575
CC_2556,SMc01864,6.41e-135,395,53.247,4.27e-151,435,53.132
CC_2557,SMc01863,5.65e-80,247,47.619,5.16e-82,251,47.653
CC_2558,SMc01862,4.17e-94,290,41.126,2.13e-94,290,41.501
CC_2559,SMc01861,9.07e-146,424,50.858,2.5e-138,404,50.858
CC_2560,SMc01860,6.79e-106,328,36.62,3.34e-104,323,36.46
CC_2562,SMc01858,1.26e-106,312,56.766,3.77e-97,287,55.776
CC_2563,SMc01857,1.76e-17,72,33.088,1.16e-17,72,33.088
CC_2567,SMc01854,6.11e-74,223,53.419,4.2e-74,223,53.419
CC_2569,SM_b20103,7.07e-14,71.2,29.07,2.4e-14,72.4,26.554
CC_2573,SMc01610,3.74e-08,50.8,37.931,2.58e-08,50.8,37.931
CC_2577,SMc00148,8.22e-89,257,63.235,5.16e-89,257,63.235
CC_2580,SMc00469,2.21e-65,193,68.148,1.49e-57,173,67.213
CC_2582,SMc03032,2.77e-104,309,47.411,3.23e-108,319,48.501
CC_2586,SMc00830,3.49e-50,172,34.132,2.19e-41,148,34.132
CC_2587,SMa2385,2.58e-151,441,48.659,2.89e-149,436,48.659
CC_2590,SMc01235,0,1395,72.141,0,1399,72.141
CC_2598,SMc02053,0,647,66.737,0,647,66.737
CC_2603,SMc01820,1.93e-54,184,33.594,2.38e-52,177,33.594
CC_2604,SMa1495,2.07e-77,241,37.166,1.35e-77,241,37.166
CC_2605,SM_b20875,6.57e-140,395,60.526,4.23e-140,395,60.526
CC_2606,SM_b20874,3.07e-41,134,45.806,1.71e-41,134,45.806
CC_2607,SM_b21292,2.1e-107,320,41.542,1.39e-107,320,41.542
CC_2608,SMc04134,7.53e-49,157,43.684,4.67e-49,157,43.684
CC_2610,SM_b20079,9.39e-54,196,33.387,8.8e-49,181,33.103
CC_2611,SMc04290,1.28e-37,133,33.882,8.46e-38,133,33.882
CC_2615,SMc03175,1.38e-102,301,51.582,8.58e-103,301,51.582
CC_2616,SM_b20849,2.55e-141,408,50.248,1.65e-141,408,50.248
CC_2617,SM_b21288,1.99e-24,98.2,40.94,1.67e-26,103,41.139
CC_2618,SM_b21287,0,937,61.924,0,927,61.924
CC_2619,SM_b21011,1.82e-153,443,50.62,1.32e-147,428,50.62
CC_2620,SM_b20872,2.9e-33,110,45.614,2.05e-33,110,45.614
CC_2622,SMc00169,0,816,58.722,0,862,59.091
CC_2625,SMc02267,7.23e-36,119,42.754,4.84e-36,119,42.754
CC_2626,SMc01002,1.84e-45,143,53.237,1.05e-45,143,53.237
CC_2627,SMc01001,5.5e-18,77.4,34.404,7.46e-21,84.7,35.065
CC_2631,SMc03866,2.65e-173,503,48.223,7.31e-147,435,47.185
CC_2633,SMc01827,9.78e-08,50.1,30.189,6.12e-08,50.1,30.189
CC_2635,SMc01826,1.84e-30,112,31.048,1.84e-31,114,30.83
CC_2640,SMc01000,2.66e-16,72.8,31.126,1.48e-16,72.8,31.126
CC_2641,SMc00374,1.47e-114,331,56.026,9.35e-107,311,56.026
CC_2642,SMc00093,1.35e-157,459,44.007,8.46e-158,459,44.007
CC_2643,SMc04241,1.93e-69,206,51.136,1.22e-69,206,51.136
CC_2647,SMc00097,4.45e-25,95.5,34.685,2.87e-25,95.5,34.685
CC_2651,SMc02113,1.75e-100,293,52.362,1.09e-100,293,52.362
CC_2653,SMc01012,1.43e-46,149,44.865,3.81e-50,157,45.355
CC_2654,SMc02723,2.88e-78,226,68.212,1.86e-78,226,68.212
CC_2655,SMa0187,3.25e-40,139,35.341,2.45e-40,139,35.341
CC_2664,SMc03157,4.85e-63,196,43.983,2.26e-63,196,42.692
CC_2668,SMc03158,1.41e-47,154,49.767,1.9e-42,140,50
CC_2669,SMc03159,8.37e-100,296,52.848,2.04e-95,284,52.848
CC_2674,SMc00944,5.81e-73,221,49.593,3.69e-73,221,49.593
CC_2675,SMc00297,3.85e-68,207,45.794,6.53e-65,199,45.794
CC_2677,SMc00298,9.87e-128,362,65.385,6.32e-128,362,65.385
CC_2680,SMc00299,9.36e-69,209,51.759,7.36e-68,206,54.444
CC_2681,SMc03246,8.18e-08,51.2,23.757,4.91e-08,51.2,23.757
CC_2694,SMc04309,0,533,59.459,0,533,59.459
CC_2706,SMc02184,2.21e-10,49.3,42.623,1.68e-10,49.3,42.623
CC_2722,SMa1124,1.8e-11,62.8,26.687,3.03e-08,52,28.804
CC_2726,SMc04128,1.75e-121,377,39.017,9.27e-120,372,39.017
CC_2727,SMa0280,3.84e-27,97.4,68.116,6.66e-27,97.4,68.116
CC_2729,SMc04250,6.17e-26,103,30.519,4.67e-26,103,30.519
CC_2735,SMa0592,4.31e-13,67.8,27.557,2.29e-10,58.5,27.507
CC_2741,SMa0841,1.56e-22,82.4,65.079,1.66e-22,82.4,65.079
CC_2742,SMa5029,1.22e-25,94.7,79.31,1.52e-26,94.4,79.31
CC_2746,SMc01524,1.08e-18,84.3,26.685,1.24e-16,77.4,29.258
CC_2747,SMc01282,4.54e-31,112,38.83,2.45e-31,112,38.83
CC_2748,SMc01281,3.52e-126,360,59.609,1.4e-129,369,59.609
CC_2751,SM_b20592,5.11e-13,62.8,32.099,3.95e-13,62.8,32.099
CC_2753,SMc02368,0,655,43.743,0,631,45.412
CC_2755,SMc02367,5.08e-84,264,36.632,5.98e-77,245,36.632
CC_2757,SMc02366,9.39e-99,284,62.1,6.21e-99,284,62.1
CC_2758,SMc02365,6.31e-107,326,39.36,5.57e-106,323,38.752
CC_2759,SMc02364,1.07e-35,118,48.462,2.36e-32,109,48.438
CC_2760,SMc02363,0,597,51.529,0,601,51.553
CC_2761,SMc02362,1.38e-34,116,44.138,8.12e-35,116,44.138
CC_2762,SMc02361,4.48e-25,102,33.333,2.04e-28,111,32.591
CC_2765,SMc00129,1.92e-67,220,35.974,1.61e-68,223,35.808
CC_2766,SMc00458,7.24e-111,315,68.468,1.05e-102,293,68.468
CC_2772,SMa0116,8.5e-86,258,43.73,6.13e-75,229,42.444
CC_2791,SM_b20262,6.49e-155,449,51.688,2e-151,440,52.088
CC_2794,SMc01819,1.59e-55,175,50.292,3.55e-55,173,50
CC_2795,SMc02355,1.16e-17,75.9,28.796,7.07e-18,75.9,28.796
CC_2796,SM_b21439,2.36e-14,62.8,33.333,1.51e-14,62.8,33.333
CC_2813,SM_b20441,1.72e-28,106,41.509,3.49e-37,128,41.509
CC_2826,SMc02703,3.89e-111,324,54.341,1.47e-110,322,54.397
CC_2827,SMc02704,4.39e-18,80.1,29.93,8.37e-18,79,30.224
CC_2833,SMc01940,1.6e-29,98.6,63.636,9.27e-30,98.6,63.636
CC_2834,SMc01569,0,512,64.829,1.94e-176,494,64.829
CC_2836,SMc02336,1.43e-43,145,40.329,6.67e-37,127,40.329
CC_2837,SM_b20080,2.08e-86,263,39.332,1.48e-86,263,39.332
CC_2848,SMc01218,1.2e-73,215,67.308,7.64e-74,215,67.308
CC_2849,SM_b20562,8.12e-32,119,32.549,4.23e-32,119,32.549
CC_2861,SMc00733,1.5e-26,102,31.818,6.12e-22,89.7,30.169
CC_2862,SMa1050,6.39e-21,84.7,53.271,1.21e-17,75.1,52.727
CC_2864,SMc04220,2.31e-25,89.7,52,1.32e-28,97.4,51.724
CC_2866,SMa1057,9.38e-93,278,53.03,9.59e-93,278,53.03
CC_2867,SMc02477,6.72e-20,74.7,43.182,3.61e-20,74.7,43.182
CC_2871,SMc01224,7e-158,443,66.879,4.13e-158,443,66.879
CC_2877,SMa1676,5.76e-26,103,30.288,5.32e-26,103,31.214
CC_2881,SMc00602,0,784,60.836,0,755,60.836
CC_2898,SM_b20414,3.19e-66,196,65.789,2.04e-66,196,65.789
CC_2899,SM_b20415,1.05e-94,289,42.13,3.24e-84,261,42.13
CC_2900,SMc01215,0,1478,65.221,0,1477,65.221
CC_2903,SMc01428,1.29e-34,109,73.529,8.16e-35,109,73.529
CC_2908,SMc00601,1.36e-24,93.2,38.835,8.67e-25,93.2,38.35
CC_2912,SMc02601,2.64e-149,424,60.182,1.59e-149,424,60.182
CC_2913,SMc02599,1.58e-156,454,52.199,1.82e-136,402,51.823
CC_2915,SMc02598,1.4e-86,258,54.296,5.79e-94,276,54.296
CC_2918,SM_b20964,1.38e-17,74.7,30.38,1.02e-17,74.7,30.38
CC_2923,SM_b20636,1.78e-23,96.3,30.565,1.22e-23,96.3,30.565
CC_2929,SMc00042,1.45e-29,111,28.159,9.07e-30,111,28.159
CC_2930,SMc01592,1.63e-12,59.7,30.37,9.73e-13,59.7,30.37
CC_2931,SMc01593,7.34e-64,196,48,8.15e-61,188,48
CC_2932,SMc01595,9.61e-121,357,43.155,9.69e-123,362,43.349
CC_2933,SMc02899,2.22e-106,308,55.797,1.97e-96,282,55.797
CC_2934,SMc02898,1.23e-70,214,49.789,7.97e-71,214,49.789
CC_2935,SMc02897,9.14e-30,109,40.826,1.59e-31,113,41.42
CC_2936,SMc02827,4.97e-62,195,41.901,3.2e-62,195,41.901
CC_2937,SMc02825,2.86e-127,375,46.98,3.34e-131,384,46.98
CC_2938,SMc02824,8.42e-31,114,37.629,5.48e-28,105,37.629
CC_2940,SMc02822,3.71e-103,305,48.765,1.45e-89,269,48.765
CC_2941,SMc02821,9.8e-86,259,47.482,3.4e-81,247,42.769
CC_2942,SMc02820,0,676,70.961,0,674,72.398
CC_2943,SMc04109,2.84e-126,373,47.872,3.52e-129,380,47.872
CC_2944,SMc04110,6.9e-14,65.9,39.623,4.48e-14,65.9,39.623
CC_2945,SMc04111,5.14e-84,268,34.701,1.67e-83,266,34.03
CC_2946,SMc04112,4.86e-38,133,36.296,1.81e-37,131,35.556
CC_2947,SMc04113,1.61e-21,83.6,37.952,8.5e-25,91.7,37.952
CC_2948,SMa1570,1.56e-14,58.5,53.704,9.38e-15,58.5,53.704
CC_2950,SMc04117,5.03e-18,75.5,32.065,3.54e-18,75.5,32.065
CC_2951,SMc04118,8.36e-14,64.3,25.581,5.61e-14,64.3,25.581
CC_2953,SMc04013,4.39e-51,176,38.163,2.76e-51,176,38.328
CC_2954,SMc04087,1.26e-57,195,33.115,1.11e-57,195,32.889
CC_2960,SM_b20215,3.27e-93,277,48.208,2.16e-93,277,48.208
CC_2964,SM_b20255,1.39e-09,52.8,32.203,3.17e-10,53.9,30.345
CC_2967,SMc00928,1.66e-41,149,52.713,1.13e-41,149,52.713
CC_2973,SMc00036,1.44e-25,96.3,34.146,1.5e-28,103,35.122
CC_2975,SM_b20209,8.89e-18,67.8,48.052,6.25e-18,67.8,48.052
CC_2976,SMc03039,2.12e-21,92.8,27.803,1.27e-21,92.8,27.803
CC_2979,SM_b20974,5.06e-15,66.6,34.899,4.89e-15,66.6,34.899
CC_2981,SMc04231,0,1079,75.073,0,1079,75.073
CC_2994,SMc02046,1.91e-11,55.5,38.776,4.28e-08,46.2,34.694
CC_2995,SMc00690,6.56e-133,378,58.466,4.11e-133,378,58.466
CC_2997,SMc02579,1.44e-53,184,31.739,6.86e-53,181,31.739
CC_2998,SMa1898,1.92e-26,100,39.568,3.13e-26,100,39.568
CC_3000,SMc00028,8.57e-30,117,33.333,1.64e-21,93.6,32.895
CC_3002,SMa0563,1.74e-125,360,56.38,1.09e-125,360,56.38
CC_3005,SMc00099,9.57e-28,92.8,68.571,5.81e-28,92.8,68.571
CC_3006,SMc00691,5.97e-97,286,50.164,1.08e-92,275,50.164
CC_3008,SMc00695,1.2e-45,147,41.916,7.3e-46,147,41.916
CC_3009,SMc00696,2.24e-120,350,52.186,1.44e-120,350,52.186
CC_3010,SMc00699,1.29e-36,124,38.71,6.43e-35,119,37.297
CC_3011,SMc00698,1.03e-16,66.2,42.857,6.66e-17,66.2,42.857
CC_3012,SMc04124,1.02e-29,103,43.548,6.98e-30,103,43.548
CC_3015,SMa0114,9.96e-32,106,46.429,6.2e-32,106,46.429
CC_3017,SMc00697,4.07e-146,419,54.293,2.79e-146,419,54.293
CC_3021,SMc00700,1.56e-177,492,72.923,9.71e-178,492,72.923
CC_3029,SMc03929,3.44e-82,253,42.135,7.56e-89,270,42.135
CC_3034,SMc02432,3.45e-60,205,41.445,3.08e-60,205,41.445
CC_3035,SMc00654,3.32e-141,392,83.482,2.12e-141,392,83.482
CC_3037,SMc00178,2.33e-16,68.6,36.471,2.28e-16,68.6,36.471
CC_3040,SMc03025,5.75e-108,325,48.333,7.63e-107,322,46.649
CC_3043,SMa2379,0,1083,74.145,0,1084,74.145
CC_3044,SMc04045,0,1003,80.065,0,1003,80.065
CC_3045,SM_b20009,2.02e-47,158,40.217,9.46e-50,164,40.217
CC_3047,SMc01563,0,870,69.369,0,866,69.369
CC_3049,SMc01567,4.01e-120,370,45.921,1.23e-120,370,42.449
CC_3056,SMc02351,1.69e-29,102,42.537,1.21e-29,102,42.537
CC_3062,SMa1188,7.67e-23,94.7,32.298,3.53e-22,92.4,33.218
CC_3066,SMc02450,2.32e-129,377,52.97,1.13e-129,377,52.97
CC_3067,SMc02451,2.74e-24,97.4,34.5,1.08e-24,97.8,34.5
CC_3068,SMc04458,0,1106,60.349,0,1106,60.349
CC_3069,SMa0185,1.7e-31,124,30.733,3.39e-32,125,29.93
CC_3070,SMc00080,3.8e-56,176,48.402,2.33e-56,176,48.402
CC_3077,SMc01149,1.15e-65,195,60,7.37e-66,195,60
CC_3078,SMc01217,2.84e-41,151,31.35,2.03e-40,148,30.361
CC_3082,SM_b21579,1e-13,60.8,36.364,7.91e-14,60.8,36.364
CC_3091,SM_b20221,1.49e-39,141,36.916,8.54e-40,141,36.916
CC_3093,SMc04029,1.19e-53,177,37.143,4.64e-42,146,35.26
CC_3094,SMa1548,2e-160,490,46.76,1.22e-160,490,46.76
CC_3096,SMc01145,8.26e-09,49.3,29.73,4.13e-09,49.3,29.73
CC_3098,SMc00646,3.53e-138,390,66.212,2.26e-138,390,66.212
CC_3103,SMc00643,0,596,69.374,0,596,69.374
CC_3105,SMa1872,2.01e-56,183,37.621,5.59e-64,202,37.621
CC_3106,SM_b21134,2.79e-30,116,31.694,2.77e-26,104,31.694
CC_3108,SMc01256,3.98e-162,464,54.025,1.03e-165,472,54.025
CC_3109,SMc01236,8.23e-86,255,48.551,5.06e-86,255,48.551
CC_3111,SMc00262,1.06e-50,172,35.989,7.71e-50,170,35.989
CC_3113,SMc00459,1.83e-90,271,49.544,1.68e-83,253,49.544
CC_3115,SMc01488,5.32e-41,132,53.279,4.13e-41,132,53.279
CC_3116,SMc01406,4.11e-89,276,41.704,7.96e-83,260,41.928
CC_3122,SMa0751,8.04e-28,111,26.11,5.19e-28,111,26.11
CC_3123,SMc02261,1.91e-31,111,36.139,1.93e-27,100,35.149
CC_3126,SMa0684,3.19e-78,247,39.03,1.13e-76,242,38.657
CC_3129,SMc00761,2.46e-113,337,44.262,1.24e-107,322,44.262
CC_3130,SMc00762,0,561,59.202,0,561,59.202
CC_3132,SMa1855,3.35e-107,323,38.312,2.08e-107,323,38.312
CC_3133,SMc03943,5.14e-43,143,36.239,3.61e-43,143,36.239
CC_3134,SMc00771,4.22e-124,360,50.938,2.67e-124,360,50.938
CC_3135,SMc00773,7.52e-60,190,44.828,4.09e-60,190,44.828
CC_3136,SMc00772,1.04e-53,175,39.024,1.64e-56,182,36.364
CC_3137,SMc00770,3.8e-50,169,30.836,2.38e-50,169,30.836
CC_3138,SMc01973,5.87e-92,284,37.716,3.68e-92,284,37.716
CC_3139,SMa0956,2.28e-42,153,31.068,6.52e-37,137,30.825
CC_3140,SMc02780,0,555,56.994,0,555,56.994
CC_3141,SMa0220,2.18e-119,357,43.841,2.59e-128,380,43.841
CC_3142,SMc01974,2.41e-23,89.7,35.185,1.02e-20,82.8,35.185
CC_3143,SMc01534,0,584,64.336,0,584,64.336
CC_3144,SMc03928,1.6e-56,186,37.941,1.11e-52,175,37.941
CC_3148,SMc00033,1.32e-25,103,30.924,1.65e-25,103,30.924
CC_3152,SM_b21239,4.12e-56,189,34.524,5.47e-55,185,34.293
CC_3154,SMc00007,0,513,71.35,0,508,71.35
CC_3158,SM_b20939,9.45e-15,63.2,35.514,5.89e-15,63.2,35.514
CC_3159,SM_b20938,7.91e-08,48.5,27.891,5.84e-08,48.5,27.891
CC_3160,SM_b20940,4.84e-12,61.2,30.263,1.37e-15,70.5,30.263
CC_3169,SMa1867,2.14e-35,120,42.657,1.07e-35,120,42.657
CC_3173,SM_b21250,1.53e-28,112,40.722,1.16e-28,112,40.722
CC_3174,SM_b20101,3.17e-34,128,28.325,4.52e-29,114,27.487
CC_3178,SMc00971,1.29e-83,251,48.582,8.71e-84,251,48.582
CC_3180,SMc04120,1.3e-54,179,34.268,5.76e-54,177,34.177
CC_3181,SMc00874,7.02e-19,83.2,25.152,4.5e-19,83.2,25.152
CC_3184,SMc04441,1.66e-31,101,74.194,1.05e-31,101,74.194
CC_3185,SMc04269,3.98e-53,162,59.542,3.35e-45,141,59.542
CC_3196,SMc01828,1.42e-27,109,27.895,2.74e-25,102,32.195
CC_3197,SMc01829,0,789,41.454,0,783,41.454
CC_3199,SMc01311,0,654,83.838,0,655,83.838
CC_3200,SMc01312,0,1023,71.879,0,1043,71.879
CC_3201,SMc01313,4.38e-89,254,75.159,2.76e-89,254,75.159
CC_3202,SMc01314,2.53e-72,209,82.927,1.6e-72,209,82.927
CC_3205,SMc01322,7.39e-93,266,71.676,4.45e-93,266,71.676
CC_3206,SMc01323,7.16e-12,52.8,42.623,4.07e-15,60.5,41.935
CC_3208,SMc02122,1.54e-99,289,56.489,9.91e-100,289,56.489
CC_3209,SMc00238,1.21e-110,328,51.621,1.22e-114,338,51.87
CC_3210,SM_b21232,5.75e-116,359,45.243,1.31e-115,358,42.328
CC_3211,SMc03788,0,1028,51.779,0,1034,52.011
CC_3212,SMc03789,9.98e-103,314,42.072,5.78e-96,296,41.772
CC_3213,SMa0888,6.04e-34,120,41.784,3.38e-25,97.4,41.784
CC_3215,SMc00641,0,637,60.152,0,637,60.152
CC_3216,SMc00640,0,546,69.543,0,546,69.543
CC_3221,SMa0180,4.31e-13,65.5,29.139,2.88e-13,65.5,29.139
CC_3223,SM_b20962,3.9e-54,174,44.49,4e-54,173,44.49
CC_3224,SMc00462,6.72e-51,166,43.243,5.4e-52,168,43.243
CC_3225,SMa1142,2.26e-90,290,39.882,2.63e-91,291,39.882
CC_3226,SMc04459,0,866,70.695,0,880,70.695
CC_3227,SMc02940,1.13e-25,105,32.857,9.76e-12,63.2,30.982
CC_3228,SMc02941,3.93e-21,89,34.646,1.36e-19,84.3,36.842
CC_3229,SMc02942,1.25e-37,125,58.12,6.03e-45,144,58.12
CC_3230,SMc04461,0,512,56.452,5.33e-180,506,58.354
CC_3231,SMc03956,4.73e-12,62.8,26.577,1.2e-09,55.1,26.797
CC_3232,SMc03957,1.47e-41,134,53.719,1.72e-41,133,53.719
CC_3233,SMc03958,1.03e-65,201,47.368,6.74e-66,201,47.368
CC_3234,SMc03960,5.54e-35,116,45.185,3.6e-35,116,45.185
CC_3236,SMc03965,2.33e-158,445,67.781,1.47e-158,445,67.781
CC_3237,SMc03966,1.3e-43,142,46.117,1.43e-45,147,46.117
CC_3238,SMc03967,3.5e-43,139,50,1.07e-42,137,50.323
CC_3243,SMc03969,1.38e-115,328,63.6,1e-108,311,63.6
CC_3244,SMc03973,9.74e-107,308,57.795,5.9e-107,308,57.795
CC_3245,SMc03974,3.78e-20,82,31.915,2.16e-20,82,31.915
CC_3247,SMc03976,5.25e-18,71.2,33.628,7.59e-18,70.5,40.26
CC_3248,SMc03979,1.08e-179,498,73.214,6.85e-180,498,73.214
CC_3249,SMc03981,2.62e-166,469,62.469,3.21e-170,478,62.469
CC_3250,SM_b20199,0,512,68.156,0,515,69.341
CC_3253,SM_b20531,1.56e-27,99.8,37.87,9.8e-28,99.8,37.87
CC_3254,SM_b20530,8.34e-20,77,52.632,1.1e-18,73.2,63.265
CC_3255,SM_b20529,1.59e-76,233,47.566,1.11e-76,233,47.566
CC_3256,SM_b20528,2.03e-21,87.8,32.105,2.33e-25,97.8,32.105
CC_3257,SM_b20527,5.56e-15,65.1,43.22,8.71e-26,92.4,41.791
CC_3262,SMc03786,2e-43,139,48.344,1.28e-43,139,48.344
CC_3264,SMc03996,1.01e-19,81.3,30.769,7.74e-18,75.9,30.612
CC_3266,SM_b20030,6.98e-78,236,49.097,8.97e-85,253,49.097
CC_3269,SMc03994,2.69e-93,273,54.582,1.77e-93,273,54.582
CC_3274,SMc03991,0,554,52.991,0,585,52.991
CC_3275,SMc03990,5.2e-35,111,66.197,3.17e-35,111,66.197
CC_3276,SMc00064,1.1e-58,177,57.447,6.66e-59,177,57.447
CC_3278,SMc01404,5.02e-69,210,51.739,1.36e-75,226,51.739
CC_3283,SMc04002,3.19e-109,321,51.032,8.35e-115,334,51.585
CC_3284,SMc04001,1.51e-64,192,71.338,6.97e-74,216,71.338
CC_3290,SMa2219,8.46e-71,209,66.443,6.51e-71,209,66.443
CC_3291,SMc03999,6.27e-09,44.7,40.351,3.24e-09,44.7,40.351
CC_3292,SMc04094,4.12e-70,211,60,9.52e-69,207,61.842
CC_3293,SMc00034,1.19e-90,271,48.624,9.73e-86,258,48.624
CC_3295,SMc03989,6e-32,111,50.394,4.4e-32,111,50.394
CC_3297,SMc04320,1.67e-35,113,75,2.28e-29,97.1,75
CC_3299,SM_b21206,7.21e-45,158,38.835,6.6e-45,158,38.835
CC_3303,SMc03938,0,602,70.339,0,607,70.339
CC_3304,SMc03939,8.77e-46,142,72.222,8.56e-39,124,69.444
CC_3305,SMc03950,2.14e-159,450,62.466,1.37e-159,450,62.466
CC_3313,SMc04012,4.97e-178,515,46.346,3.4e-172,500,46.346
CC_3315,SMc04011,2.07e-172,493,50.097,8.92e-171,488,50.586
CC_3319,SMc04009,2.59e-17,67.8,55.844,1.79e-24,85.5,55.844
CC_3320,SMc00081,9.62e-30,107,34.343,2.75e-26,97.8,33.824
CC_3321,SMc04003,1.14e-16,62.8,68.293,7.23e-17,62.8,68.293
CC_3322,SMc04024,9.69e-76,239,40.053,1.77e-68,220,40.053
CC_3323,SMa0077,2.34e-29,110,29.412,1.55e-29,110,29.412
CC_3324,SMc00961,1.17e-48,167,33.516,4.39e-41,147,33.516
CC_3331,SMc00453,6.39e-32,122,35.354,2.07e-32,123,34.389
CC_3344,SMc00171,2.64e-105,305,56.098,1.67e-105,305,56.098
CC_3345,SM_b20117,1.06e-11,62.8,32.584,5.8e-12,63.2,32.584
CC_3349,SMc03087,0,593,56.506,0,593,56.506
CC_3352,SMc02049,5.35e-84,277,40.87,1.08e-81,271,43.035
CC_3354,SMc02048,2.48e-42,133,52.941,1.56e-42,133,52.941
CC_3355,SMc02047,1.15e-117,344,54.011,7.34e-118,344,54.011
CC_3359,SMc02073,1.44e-25,108,25.276,7.63e-26,108,25.276
CC_3361,SMc00016,5.34e-133,379,63.514,3.71e-133,379,63.514
CC_3364,SMc00017,2.89e-122,351,55.484,1.88e-122,351,55.484
CC_3365,SMc00018,1.56e-68,202,68.613,1.02e-68,202,68.613
CC_3370,SMc01405,5.44e-27,102,38.095,2.1e-31,114,38.095
CC_3372,SMc04218,1.91e-120,341,64.683,1.21e-120,341,64.683
CC_3373,SMc04219,5.32e-146,410,67.327,7.88e-139,392,67.327
CC_3374,SMc04021,4.21e-09,50.1,30.328,3.38e-09,49.7,30.328
CC_3375,SMc04020,2.93e-128,366,58.94,8.3e-122,349,58.824
CC_3384,SM_b21010,2.16e-109,314,60.156,1.33e-109,314,60.156
CC_3389,SMc00985,1.25e-148,430,50.34,8.54e-149,430,50.34
CC_3390,SMc00984,1.43e-80,245,47.785,5.61e-76,233,49
CC_3391,SMc01022,1.08e-18,81.6,33.889,6.64e-17,75.1,33.889
CC_3393,SMc00977,0,531,51.864,1.43e-177,513,51.864
CC_3394,SMc00072,4.31e-53,163,50.932,2.74e-53,163,50.932
CC_3395,SMc00019,5.26e-50,158,46.597,3.43e-50,158,46.597
CC_3397,SMc00075,8.13e-59,181,47.568,2.62e-54,169,47.568
CC_3398,SMc00451,1.36e-91,281,39.848,1.86e-88,272,39.848
CC_3399,SMc00077,2.67e-173,492,53.93,1.69e-173,492,53.93
CC_3402,SMc00013,1.28e-99,291,57.338,4.02e-100,292,57.388
CC_3403,SMc00012,4.54e-57,176,45.989,2.85e-57,176,45.989
CC_3405,SMc00450,2.68e-94,281,51.299,2.63e-92,276,51.299
CC_3406,SMc00010,0,753,74.322,0,765,75.233
CC_3407,SMc00009,9.97e-76,231,50.355,1.62e-76,233,52.344
CC_3411,SMc00960,0,583,61.456,0,575,61.456
CC_3414,SMc00825,1.22e-169,482,52.391,3.28e-164,468,52.391
CC_3415,SMc00826,8.74e-58,181,47.28,2.81e-66,202,47.28
CC_3416,SMc02148,4.71e-77,233,52.133,3.53e-77,233,52.133
CC_3420,SM_b20941,7.29e-174,512,48.11,6.89e-179,525,48.11
CC_3421,SMc00988,1.59e-69,217,42.994,2.59e-71,221,43.91
CC_3423,SMc03226,1.52e-76,227,56.731,9.61e-77,227,56.731
CC_3424,SMc04266,8.79e-38,121,54.955,5.57e-38,121,54.955
CC_3428,SMc00101,5.43e-98,286,51.282,3.39e-98,286,51.282
CC_3430,SMc03777,4.53e-168,475,58.111,1.43e-156,446,58.111
CC_3431,SMc03778,8.55e-60,184,49.223,4.89e-60,184,49.223
CC_3432,SMc03780,2.36e-42,134,60.194,2.15e-42,134,60.194
CC_3433,SMc03781,3.09e-34,115,42.857,2.02e-34,115,42.857
CC_3434,SMc03782,1.56e-33,126,29.65,4.04e-22,94,39.2
CC_3435,SMc03783,6.91e-126,370,48.299,7.45e-126,370,48.299
CC_3439,SMc03784,3.62e-48,166,39.344,3.46e-48,165,39.344
CC_3440,SMc03785,4.76e-40,131,46.746,2.93e-40,131,46.746
CC_3443,SMc01278,7.31e-43,133,67.647,4.54e-43,133,67.647
CC_3445,SMc02502,1.8e-20,77,51.25,1.79e-20,77,51.25
CC_3447,SMc02501,0,729,75.267,0,728,75.267
CC_3448,SMc02500,2.87e-109,316,57.77,2.81e-120,343,58.108
CC_3449,SMc02499,0,803,77.059,0,803,77.059
CC_3450,SMc02498,2.54e-48,153,48.634,1.64e-48,153,48.634
CC_3455,SMc00853,4.7e-28,102,38.15,5.9e-30,106,40.94
CC_3464,SMc02850,0,1070,56.156,0,1061,56.456
CC_3465,SMc01566,7.09e-158,465,43.355,6.13e-150,444,43.355
CC_3467,SMc02583,1.91e-42,136,48.092,1.38e-42,136,48.092
CC_3469,SMc01952,3.06e-57,181,43.673,1.88e-57,181,43.673
CC_3470,SMc00652,3.6e-24,94.4,35.149,1.99e-24,94.4,35.149
CC_3472,SMa1552,1.43e-28,110,37.5,2.04e-28,110,37.5
CC_3475,SMc01506,2.98e-52,164,50.955,1.73e-52,164,50.955
CC_3477,SMc01504,9.33e-93,272,55.431,5.86e-93,272,55.431
CC_3481,SMa0279,2.57e-51,162,44.279,1.46e-47,152,44.279
CC_3483,SMc03791,1.55e-43,137,51.163,1.04e-43,137,51.163
CC_3484,SMc02756,1.35e-111,356,30.479,2.86e-104,336,31.902
CC_3486,SMc03997,3.25e-66,204,43.969,2.57e-61,191,43.969
CC_3487,SMc00455,6.82e-48,155,46.465,3.18e-45,147,46.465
CC_3489,SM_b21600,8.42e-19,86.3,26.685,3.78e-19,86.3,26.685
CC_3494,SMc00638,7.57e-11,60.1,26.848,6.29e-09,53.1,26.939
CC_3495,SMa0169,1.41e-33,120,38.843,2.22e-41,140,38.843
CC_3497,SM_b21035,1.06e-12,57,40,3.46e-13,57,40
CC_3502,SMc01242,6.69e-24,92.4,45.299,1.24e-23,92,45.299
CC_3503,SMc01471,2.13e-54,169,43.878,4.15e-54,168,48.447
CC_3506,SMc04264,5.19e-10,57,30.682,2.52e-09,53.9,31.034
CC_3510,SMc00820,7.7e-58,186,34.875,5.12e-58,186,34.875
CC_3511,SMc00917,2.89e-63,197,49.345,7.59e-54,172,49.345
CC_3512,SMc00918,1.34e-39,142,36.39,7.18e-28,110,35.714
CC_3513,SMc00919,5.91e-166,476,53.737,1.58e-170,487,53.737
CC_3522,SMa1965,6.43e-12,61.2,35.172,2.28e-12,60.5,33.099
CC_3524,SMc00192,2.36e-48,147,65.714,1.5e-48,147,65.714
CC_3525,SMc00914,8.71e-98,295,41.604,5.42e-98,295,41.604
CC_3526,SMc02466,2.04e-149,415,75.581,1.29e-149,415,75.581
CC_3527,SMc02465,0,872,70.764,0,857,70.764
CC_3528,SMc02464,1.01e-24,89.4,33.871,3.47e-19,74.7,33.871
CC_3529,SMc02463,1.6e-18,73.6,39.535,3.94e-14,61.6,39.535
CC_3530,SMc00610,8.59e-45,145,43.333,5.52e-45,145,43.333
CC_3531,SMc02478,2.53e-104,310,47.945,1.65e-104,310,47.945
CC_3533,SMc02490,9.17e-70,214,47.788,7.58e-70,214,47.788
CC_3535,SMc02757,5.88e-38,139,32.164,5.16e-38,139,32.164
CC_3536,SMc02758,6.05e-49,159,43.556,6.93e-51,163,43.612
CC_3537,SMc02759,1.13e-134,429,34.057,1.38e-134,429,34.522
CC_3538,SMc02760,0,618,38.303,5.66e-169,530,41.126
CC_3539,SMc02761,2.41e-39,124,50.476,1.48e-39,124,50.476
CC_3541,SMc02763,4.34e-124,365,52.558,1.02e-119,353,52.558
CC_3542,SMc02764,8.93e-114,328,56.631,5.6e-114,328,56.631
CC_3543,SMc02765,6.04e-86,256,53.6,3.36e-78,235,51.471
CC_3544,SMc02766,0,630,75.434,0,612,75.434
CC_3545,SMc02767,1.76e-52,166,41.905,4.89e-58,179,44.286
CC_3546,SMc00137,1.01e-34,111,56.977,6.34e-35,111,56.977
CC_3549,SMc01126,0,950,63.852,0,982,63.852
CC_3550,SMc02837,2.28e-73,223,50.562,1.08e-76,231,50.562
CC_3557,SMc00043,2.84e-50,159,46,1.75e-50,159,46
CC_3562,SM_b21182,2.15e-89,274,39.798,1.24e-89,274,39.798
CC_3563,SM_b22001,1.64e-14,66.6,34.091,6.65e-15,66.6,33.594
CC_3564,SMc01805,4.35e-31,106,42.963,3.62e-28,98.6,46.018
CC_3567,SMc04240,1.26e-74,223,52.113,3.01e-77,229,51.092
CC_3568,SMc03206,6.6e-49,156,44.66,5.25e-46,149,46.154
CC_3569,SMc04083,1.39e-17,75.9,31.148,9.03e-18,75.9,31.148
CC_3570,SM_b21297,2.4e-136,415,42.213,9.76e-132,402,41.81
CC_3571,SM_b21298,0,686,31.973,0,694,31.973
CC_3573,SMc01168,3.2e-35,117,42.069,1.97e-35,117,42.069
CC_3574,SMc01169,5.24e-170,476,65.753,5.47e-162,456,65.753
CC_3577,SMc00518,9.29e-18,78.6,34.194,4.04e-18,78.6,34.194
CC_3579,SMc02690,1.2e-100,296,52.866,7.73e-101,296,52.866
CC_3580,SMc02689,0,867,80.962,0,844,80.962
CC_3581,SMc04093,0,861,65.891,0,871,68.13
CC_3585,SMc02250,3.34e-31,106,47.518,2.38e-29,101,47.183
CC_3586,SMc01134,5.62e-36,115,60.44,3.06e-36,115,60.44
CC_3587,SMc00335,0,764,68.198,0,759,68.198
CC_3588,SMc00334,4.3e-72,215,55.556,2.71e-72,215,55.556
CC_3589,SMc00333,3.09e-149,430,55.149,2.01e-149,430,55.149
CC_3592,SMc01106,2.05e-40,130,50.345,1.13e-40,130,50.345
CC_3596,SMc01141,3.33e-37,123,42.857,1.81e-37,123,42.857
CC_3597,SMc01140,2.28e-48,154,39,8.69e-44,142,39
CC_3598,SMc00353,1.27e-12,62,26.923,1.62e-13,64.3,29.032
CC_3599,SMc01139,2.11e-160,462,50.973,1.38e-160,462,50.973
CC_3600,SMc01138,4.7e-107,308,61.017,1.52e-107,309,61.017
CC_3601,SMc01137,1.91e-12,60.5,31.452,3.6e-13,62,31.452
CC_3603,SMc00342,1.49e-81,239,60.096,9.55e-82,239,60.096
CC_3604,SMc00410,2.95e-110,321,56.013,1.18e-100,296,56.013
CC_3605,SMc00408,1.17e-112,323,68.675,1.26e-112,322,67.442
CC_3606,SMc04026,4.63e-81,257,36.864,3.13e-72,234,36.864
CC_3607,SMc04028,0,1221,45.437,0,1202,45.371
CC_3610,SMc03177,0,604,59.041,0,604,59.041
CC_3612,SMc04176,6e-24,100,28.462,9.96e-24,100,28.462
CC_3614,SMc02495,1.28e-102,293,65.741,8.13e-103,293,65.741
CC_3617,SMc03111,6.64e-111,327,48.128,1.26e-100,300,48.128
CC_3618,SM_b21082,6.01e-55,192,36.932,2.87e-49,176,36.932
CC_3619,SMc00161,4.9e-31,125,25.784,1.23e-32,129,26.471
CC_3620,SMc03978,0,720,58.525,0,759,59.282
CC_3621,SMc03238,4.64e-18,70.9,43.75,1.74e-16,66.2,47.826
CC_3624,SMc03764,7.5e-36,119,41.549,1.65e-30,104,41.549
CC_3625,SMc00421,4.46e-146,412,68.038,7.76e-138,390,68.038
CC_3629,SM_b21326,9.41e-156,439,60.458,5.96e-156,439,60.458
CC_3630,SMc03205,4.01e-108,313,54.317,2.67e-108,313,54.317
CC_3631,SMa1836,4.93e-81,251,40.65,3.14e-75,235,40.65
CC_3633,SM_b21325,5.13e-63,190,53.371,3.28e-63,190,53.371
CC_3637,SMc04023,1.76e-119,342,58.276,1.12e-118,339,59.42
CC_3638,SMc00406,1.66e-144,412,59.821,1.02e-144,412,59.821
CC_3639,SMc00407,4.38e-55,173,42.918,2.8e-55,173,42.918
CC_3641,SMc02724,1.12e-28,109,29.831,1.51e-30,114,30.169
CC_3644,SMc03176,1.39e-155,437,64.478,8.67e-156,437,64.478
CC_3649,SMc03805,2.6e-92,273,49.286,1.71e-92,273,49.286
CC_3651,SMc03860,2.8e-20,81.6,34.94,2.55e-26,96.7,36.145
CC_3652,SMc03859,2.39e-45,142,65.347,2.96e-48,149,63.964
CC_3653,SMc03857,6.28e-158,456,61.916,0,523,60.645
CC_3655,SMc02479,1.26e-160,448,71.16,1.55e-168,468,71.16
CC_3657,SMc02904,2.64e-29,104,42.857,2.85e-29,104,42.857
CC_3659,SMc03793,4.51e-58,186,43.986,2.7e-58,186,43.299
CC_3661,SMc03835,6.8e-33,114,39.548,4.69e-33,114,39.548
CC_3662,SMc00570,7.69e-102,303,48.451,1.88e-105,312,48.451
CC_3663,SMc03839,2.17e-67,207,47.451,1.2e-67,207,47.451
CC_3664,SMc03844,1.23e-37,121,58,9.61e-38,121,58
CC_3666,SMc03845,7.23e-34,120,36.058,5.04e-34,120,36.058
CC_3667,SMc03846,0,1197,66.555,0,1223,66.555
CC_3668,SMc03847,9.81e-35,119,38.424,3.65e-29,105,38.424
CC_3669,SMc03848,2.36e-29,107,38.991,6.64e-20,81.6,38.991
CC_3672,SMc03849,8.81e-79,235,49.18,5.78e-79,235,49.18
CC_3674,SMc03851,6.55e-32,111,40.491,4.93e-32,111,40.491
CC_3678,SMc03853,2.12e-29,105,35.971,2.11e-29,105,35.714
CC_3679,SMc03854,1.6e-103,311,50.485,1.78e-103,311,50.485
CC_3680,SMc00330,2.11e-55,174,51.546,3.37e-59,182,51.546
CC_3683,SMc02550,1.79e-44,140,50,1.27e-44,140,50
CC_3684,SMc03855,6.14e-162,461,58.413,1.05e-171,485,58.413
CC_3685,SMc01955,2.14e-103,300,55.516,1.14e-101,296,55.516
CC_3686,SMc03856,3.62e-75,229,46.237,2.42e-82,247,46.237
CC_3697,SMc00818,1.42e-63,200,40.433,1.23e-63,200,40.433
CC_3702,SMc04403,0,583,45.63,0,566,45.63
CC_3703,SMc00483,1.53e-11,60.8,30.638,9.3e-12,60.8,30.638
CC_3704,SMc03808,0,771,51.25,0,758,51.081
CC_3705,SMc03809,5.7e-28,103,38.462,5.07e-30,108,36.313
CC_3706,SMc03818,2.17e-81,243,45.788,1.38e-81,243,45.788
CC_3707,SMc01154,2.07e-101,297,52,1.25e-101,297,52
CC_3708,SMc01155,2.69e-78,235,50.988,1.82e-78,235,50.988
CC_3709,SMc01156,9.89e-147,428,48.401,6.53e-147,428,48.401
CC_3712,SMc01161,9.61e-142,407,59.194,3.89e-150,428,59.194
CC_3713,SMc00461,1.04e-52,162,56.849,6.81e-53,162,56.849
CC_3714,SM_b20699,1.65e-64,207,39.769,8.66e-61,197,39.884
CC_3715,SMc03167,5.81e-145,425,47.49,5.45e-151,440,46.904
CC_3716,SMc03169,1.32e-19,80.9,30.769,9.75e-20,80.9,30.769
CC_3717,SMc00326,1.87e-99,290,54.651,1.14e-99,290,54.651
CC_3719,SMc00327,0,582,69.307,0,582,69.307
CC_3720,SMc00328,5.86e-82,237,68.098,3.73e-82,237,68.098
CC_3721,SMc02848,6.52e-23,89,32.624,5.47e-23,89,32.624
CC_3722,SMc02849,1.36e-160,450,66.565,8.38e-161,450,66.565
CC_3725,SMc03098,1.93e-21,89,25.954,1.3e-21,89,25.954
CC_3726,SMc02864,2.66e-89,262,56.4,3.77e-81,241,57.317
CC_3727,SMc02575,1.26e-85,248,66.129,7.87e-86,248,66.129
CC_3728,SMc02577,0,605,70.575,0,552,70.575
CC_3729,SMc02841,1.1e-84,254,47.059,6.73e-85,254,47.059
CC_3731,SMc02843,7.77e-79,236,58.416,1.26e-79,237,54.667
CC_3733,SMc02846,1.26e-123,357,55.793,2.94e-119,345,55.793
CC_3734,SMc02574,2.17e-81,238,53.846,1.41e-81,238,53.846
CC_3735,SMc02572,8.5e-82,240,56.542,3.13e-77,228,56.542
CC_3736,SMc02570,2.31e-97,282,60.593,1.5e-97,282,60.593
CC_3737,SMc02569,6.17e-119,338,69.531,7.99e-127,357,69.531
CC_3738,SMc02568,3.18e-18,71.2,45.192,2.02e-18,71.2,45.192
CC_3739,SMc02784,2.03e-18,76.6,43.434,1.28e-18,76.6,43.434
CC_3740,SMc02785,1.24e-37,137,34.173,7.95e-41,145,31.215
CC_3741,SMc02786,5.47e-28,103,34.091,3.45e-28,103,34.091
CC_3742,SMc02788,1.34e-41,134,46.711,4.52e-47,148,46.711
CC_3743,SMc03820,7.6e-105,300,66.228,1.29e-102,294,65.566
CC_3744,SMc03821,2.04e-32,112,39.355,1.39e-32,112,39.355
CC_3745,SMc02812,2.13e-87,254,58.986,1.63e-82,242,61.224
CC_3749,SMc02804,0,1053,58.763,0,1061,58.534
CC_3751,SMc02802,1.34e-18,83.2,31.557,8.74e-19,83.2,34.021
CC_3752,SMc02801,2e-94,278,50,1.35e-82,248,50
CC_3753,SMc02800,3.18e-121,344,62.791,1.99e-121,344,62.791
CC_3754,SMc02799,3.05e-35,121,34.286,2.01e-35,121,34.286
CC_3755,SMc02798,0,770,61.475,0,751,61.475
CC_3756,SMc02797,4.1e-111,332,45.089,2.55e-111,332,45.089
CC_3758,SMc00817,6.45e-26,99.8,30.603,9.59e-24,93.6,30.603
CC_3759,SMc00246,7.53e-105,307,52.063,4.83e-105,307,52.063
CC_3760,SMc02796,0,716,80.998,0,717,80.998
CC_3761,SMc02795,1.02e-34,117,44.286,7.13e-35,117,44.286
CC_3762,SMc04019,1.33e-25,102,29.878,1.03e-22,94.4,29.193
CC_3763,SMc02794,3.03e-91,273,45.938,1.74e-91,273,45.938
CC_r02,SMc03220,0,587,82.821,0,587,82.821
CC_r06,SMc03222,4.24e-10,59.3,90.323,2.67e-10,59.3,90.323
CC_t02,SM_b21712,5.26e-10,44.7,80,3.33e-10,44.7,80
CC_t03,SMc03779,2.45e-11,48.5,76.667,1.55e-11,48.5,76.667
CC_t04,SMc01733,2.24e-08,40.4,76,1.42e-08,40.4,76
CC_t06,SMc04060,3e-10,45.4,96,1.9e-10,45.4,96
CC_t10,SMc02915,2.42e-14,55.8,83.333,1.53e-14,55.8,83.333
CC_t13,SMc04364,5.27e-09,42.4,76,3.34e-09,42.4,76
CC_t16,SMc01379,7.59e-08,39.3,87.5,4.8e-08,39.3,87.5
CC_t19,SMc02182,3.43e-10,45.1,92,2.17e-10,45.1,92
CC_t25,SMc01243,4.44e-13,52.8,80,2.81e-13,52.8,80
CC_t27,SMc01937,1.09e-10,46.6,88,6.93e-11,46.6,88
CC_t30,SMc01380,2.34e-13,53.5,100,1.48e-13,53.5,100
CC_t33,SMc01596,3.27e-11,47.8,92,2.07e-11,47.8,92
CC_t36,SMc02207,6.71e-09,42,80,4.25e-09,42,80
CC_t45,SMc01381,2.99e-08,40.4,76,1.89e-08,40.4,76
CC_t49,SMc00435,4.72e-09,42.4,84,2.99e-09,42.4,84
CC_t50,SMc00434,9.16e-10,44.3,79.31,5.8e-10,44.3,79.31
