C_crescentus,O_anthropi,G1.evalue,G1.bitscore,G1.pident,G2.evalue,G2.bitscore,G2.pident
CC_0001,OANT_RS04405,1.19e-80,243,48.438,5.17e-84,251,47.985
CC_0002,OANT_RS04400,5.67e-52,163,46.893,4.45e-56,173,47.872
CC_0003,OANT_RS04395,3.25e-64,201,44.961,2.8e-54,175,44.961
CC_0004,OANT_RS04390,1.15e-79,234,61.14,1.62e-79,234,61.14
CC_0005,OANT_RS04385,2.08e-71,215,50,1.62e-71,215,50
CC_0006,OANT_RS03690,2.78e-108,311,62.646,2.56e-102,295,62.646
CC_0007,OANT_RS00020,1.32e-35,113,67.442,1.02e-35,113,67.442
CC_0008,OANT_RS00025,1.88e-88,277,37.475,9.94e-96,296,37.952
CC_0009,OANT_RS18465,8.28e-43,141,42.021,8.8e-43,140,42.021
CC_0010,OANT_RS04085,0,1001,77.409,0,1001,77.409
CC_0011,OANT_RS04080,3.56e-143,409,55.789,6.03e-152,431,56.955
CC_0012,OANT_RS00805,0,858,51.778,0,837,51.257
CC_0013,OANT_RS00795,0,744,44.468,0,726,45.881
CC_0014,OANT_RS10625,6.66e-61,184,63.694,4.51e-61,184,63.694
CC_0015,OANT_RS18210,1.06e-13,63.2,32.609,1.34e-08,48.9,32.609
CC_0016,OANT_RS13450,2.94e-36,120,43.333,5.01e-41,132,43.333
CC_0018,OANT_RS11580,4.11e-162,454,67.568,3.23e-162,454,67.568
CC_0029,OANT_RS00450,2.46e-31,111,30.952,2.05e-31,111,30.952
CC_0030,OANT_RS13405,5.2e-23,90.9,33.529,1.58e-23,91.7,33.529
CC_0034,OANT_RS03830,0,1023,71.809,0,1020,72.222
CC_0035,OANT_RS03835,2.41e-45,138,77.528,1.92e-45,138,77.528
CC_0036,OANT_RS03840,9.48e-91,270,45.289,7.89e-91,270,45.289
CC_0037,OANT_RS03845,5.24e-34,114,44.853,4.2e-34,114,44.853
CC_0043,OANT_RS03855,2.44e-40,135,46.073,2.19e-40,135,46.073
CC_0044,OANT_RS03865,0,673,64.535,0,654,64.535
CC_0045,OANT_RS03870,4.71e-33,114,45.455,5.24e-33,114,45.455
CC_0047,OANT_RS05100,1.23e-68,204,54.651,9.78e-69,204,54.651
CC_0049,OANT_RS03875,1.59e-49,160,40.086,1.09e-49,160,40.086
CC_0050,OANT_RS03880,8.98e-156,443,59.906,2.08e-155,442,60.142
CC_0051,OANT_RS03885,7.74e-45,140,51.145,5.87e-45,140,51.145
CC_0052,OANT_RS03890,1.3e-82,264,38.115,1.59e-80,258,38.429
CC_0053,OANT_RS03895,2.54e-60,194,44.841,6.16e-62,198,44.262
CC_0054,OANT_RS03900,1.4e-39,129,47.799,1.15e-39,129,47.799
CC_0055,OANT_RS03905,7.62e-91,271,47.883,6.47e-91,271,47.883
CC_0056,OANT_RS03910,9.76e-171,484,61.795,8.76e-171,484,61.795
CC_0057,OANT_RS06395,5.12e-42,133,52.8,4.26e-42,133,52.8
CC_0058,OANT_RS03920,1.1e-29,103,38,9.97e-30,103,38
CC_0059,OANT_RS03925,1.1e-30,110,35.349,9.49e-31,110,35.349
CC_0062,OANT_RS00775,1.55e-69,208,55.208,1.05e-69,208,55.208
CC_0064,OANT_RS00785,1.62e-137,392,52.45,1.34e-137,392,52.45
CC_0065,OANT_RS00790,8.48e-95,296,39.956,3.21e-92,289,40.177
CC_0069,OANT_RS05020,3.86e-27,92.8,59.551,3.54e-27,92.4,59.551
CC_0070,OANT_RS05025,2.04e-100,296,50.459,1.62e-100,296,50.459
CC_0071,OANT_RS05030,6.38e-126,363,56.667,1.49e-127,367,56.077
CC_0072,OANT_RS05035,2.98e-88,264,54.545,2.32e-88,264,54.545
CC_0075,OANT_RS05050,5.97e-39,146,33.088,5.96e-29,117,31.762
CC_0076,OANT_RS20790,0,722,51.888,0,691,51.489
CC_0077,OANT_RS20795,0,577,69.9,0,577,69.9
CC_0080,OANT_RS20800,0,703,57.119,0,680,57.119
CC_0081,OANT_RS10450,4.28e-23,85.9,41.593,2.75e-23,85.9,41.593
CC_0082,OANT_RS20785,9.97e-68,204,50.459,8.1e-68,204,50.459
CC_0084,OANT_RS20485,0,597,54.891,0,602,54.448
CC_0085,OANT_RS00335,1.13e-21,95.5,28.289,8.98e-22,95.5,28.289
CC_0086,OANT_RS05625,0,699,66.919,0,679,66.919
CC_0088,OANT_RS05610,0,1194,44.949,0,1202,44.278
CC_0090,OANT_RS13990,0,548,59.834,0,514,59.381
CC_0091,OANT_RS19735,4.28e-180,534,40.344,0,537,40.344
CC_0092,OANT_RS22775,1.7e-109,319,49.841,1.36e-109,319,49.841
CC_0093,OANT_RS13805,1.08e-27,106,28.92,2.41e-29,110,28.92
CC_0094,OANT_RS10720,2.7e-45,151,37.5,1.79e-45,151,37.5
CC_0095,OANT_RS21865,2.64e-18,80.1,34.091,1.68e-18,80.1,34.091
CC_0100,OANT_RS05630,1.89e-43,160,30.693,1.1e-45,166,31.287
CC_0101,OANT_RS12345,7.71e-89,259,61.972,6.12e-89,259,61.972
CC_0102,OANT_RS05635,1.06e-91,282,41.593,9.19e-92,282,41.593
CC_0104,OANT_RS22725,3.04e-134,401,44.336,8.14e-134,399,44.51
CC_0105,OANT_RS04065,1.24e-64,198,50,1.02e-64,198,50
CC_0106,OANT_RS11330,2.67e-22,88.2,33.962,6.14e-23,89.4,34.906
CC_0107,OANT_RS04945,5.24e-107,319,44.903,6.84e-110,326,44.903
CC_0108,OANT_RS17020,6.91e-25,84.7,72.222,5.43e-25,84.7,72.222
CC_0109,OANT_RS17015,1.24e-58,182,50.885,7.08e-67,203,50.885
CC_0110,OANT_RS17010,6.78e-87,260,48.667,2.66e-82,248,47
CC_0111,OANT_RS17005,2.67e-45,144,43.59,2.19e-45,144,43.59
CC_0117,OANT_RS06300,0,571,63.288,0,571,63.288
CC_0118,OANT_RS18820,0,686,56.343,0,671,56.343
CC_0119,OANT_RS07185,3.33e-14,70.9,26.455,1.83e-14,70.1,27.027
CC_0123,OANT_RS00470,7.47e-24,87,35.833,1.86e-21,80.5,35.833
CC_0124,OANT_RS16075,3.69e-74,224,50.988,2.35e-76,229,50.988
CC_0129,OANT_RS00440,0,653,79.208,0,653,79.208
CC_0131,OANT_RS09415,0,650,51.208,0,650,51.208
CC_0134,OANT_RS00460,1.24e-168,476,60,1e-168,476,60
CC_0140,OANT_RS04045,0,598,61.4,0,562,61.4
CC_0141,OANT_RS04050,4.24e-128,365,56.55,3.33e-128,365,56.55
CC_0143,OANT_RS00950,5.33e-19,73.9,40.87,5.19e-16,66.2,40.87
CC_0144,OANT_RS00945,1.71e-70,217,49.462,9.63e-72,220,49.462
CC_0145,OANT_RS00940,1.1e-98,296,44.591,9.1e-96,289,44.591
CC_0146,OANT_RS00935,2.47e-57,177,49.239,2.23e-57,177,49.239
CC_0147,OANT_RS13410,2.31e-29,105,39.779,2.12e-23,89.7,39.779
CC_0152,OANT_RS00925,9.58e-109,310,63.713,7.64e-109,310,63.713
CC_0153,OANT_RS00920,6.18e-123,355,51.268,4.9e-123,355,51.268
CC_0154,OANT_RS00915,1.43e-41,137,45.223,2.03e-42,139,45
CC_0156,OANT_RS00030,1.08e-140,402,52.957,1.92e-141,404,52.957
CC_0159,OANT_RS00035,8.86e-74,232,44.241,3.04e-81,251,44.241
CC_0160,OANT_RS00705,0,1030,65.153,0,1028,65.153
CC_0163,OANT_RS22020,1.02e-15,76.3,24.147,1.38e-15,75.9,24.147
CC_0164,OANT_RS17440,1.3e-48,180,26.205,6.38e-46,172,26.094
CC_0167,OANT_RS06980,8.46e-27,100,38.994,4.55e-27,100,38.994
CC_0168,OANT_RS15565,1.21e-41,140,34.894,8.75e-42,140,34.894
CC_0169,OANT_RS13000,9.03e-37,124,40.854,6.38e-37,124,40.854
CC_0186,OANT_RS19475,1.8e-139,404,52.86,7.51e-133,386,52.86
CC_0187,OANT_RS08430,1.17e-50,170,35.78,1.06e-54,180,35.866
CC_0188,OANT_RS09480,5.15e-40,147,37.449,1.14e-39,147,37.449
CC_0190,OANT_RS08615,9.96e-31,105,42.5,6.74e-31,105,42.5
CC_0191,OANT_RS05590,1.03e-44,147,47.468,1.41e-44,147,47.468
CC_0193,OANT_RS17025,9.89e-151,426,61.345,9.43e-146,414,60.784
CC_0194,OANT_RS00445,2.98e-20,75.5,39.362,1.34e-15,63.5,39.362
CC_0195,OANT_RS17080,7.52e-89,257,61.5,5.97e-89,257,61.5
CC_0196,OANT_RS04895,0,640,67.591,0,638,67.591
CC_0197,OANT_RS04890,5.63e-52,158,64.655,1.29e-52,160,64.655
CC_0198,OANT_RS04880,1.56e-94,275,59.111,1.24e-94,275,59.111
CC_0199,OANT_RS15675,1.13e-09,58.2,27.966,1.38e-10,60.8,27.966
CC_0200,OANT_RS19570,1.46e-30,115,30.462,1.31e-30,115,30.462
CC_0201,OANT_RS10320,1.19e-46,151,51.389,7e-53,167,51.389
CC_0204,OANT_RS21460,5.29e-130,392,41.623,4.5e-118,361,42.623
CC_0211,OANT_RS05425,1.22e-41,147,29.94,1.79e-39,140,28.743
CC_0213,OANT_RS09355,2.8e-38,127,38.728,3.27e-34,116,38.728
CC_0217,OANT_RS16810,4.76e-29,119,31.209,2.16e-22,98.6,29.353
CC_0222,OANT_RS01945,1.16e-172,496,51.167,4.83e-163,472,51.167
CC_0226,OANT_RS08405,1.97e-31,104,57.647,1e-31,104,57.647
CC_0227,OANT_RS15720,1.82e-50,158,45.161,1.44e-50,158,45.161
CC_0230,OANT_RS15715,4.44e-94,291,58.403,3.23e-95,294,51.178
CC_0231,OANT_RS15710,7.45e-48,150,54.167,6.3e-39,127,54.615
CC_0237,OANT_RS04280,1.48e-111,317,66.094,1.2e-111,317,66.094
CC_0238,OANT_RS04275,1.25e-118,360,42.171,1.41e-118,359,42.171
CC_0239,OANT_RS04270,2.18e-13,60.8,38.525,1.93e-13,60.8,38.525
CC_0240,OANT_RS04265,2.78e-59,177,66.418,2.01e-59,177,66.418
CC_0241,OANT_RS04260,4.26e-31,102,58.14,3.83e-31,102,58.14
CC_0245,OANT_RS00480,3.65e-34,110,54.639,2.97e-34,110,54.639
CC_0247,OANT_RS00760,7.09e-80,233,69.364,1.08e-66,199,70.886
CC_0248,OANT_RS00750,8.04e-93,285,42.317,3.23e-92,283,43.855
CC_0251,OANT_RS04170,4.98e-34,120,33.484,4.2e-34,120,33.484
CC_0252,OANT_RS00665,1.68e-169,500,44.613,2.14e-166,492,44.613
CC_0253,OANT_RS17040,2.64e-175,487,70.554,2.12e-175,487,70.554
CC_0254,OANT_RS13530,8.39e-54,175,38.305,4.8e-56,180,38.305
CC_0256,OANT_RS05550,7.53e-28,106,31.944,3.35e-24,96.3,31.944
CC_0257,OANT_RS04250,0,686,72.668,0,686,72.668
CC_0264,OANT_RS13780,3.37e-131,387,45.868,2.78e-131,387,45.868
CC_0266,OANT_RS00105,6.54e-63,199,42.532,1.81e-66,208,42.532
CC_0267,OANT_RS00115,3.62e-162,474,47.069,3.58e-147,436,58.684
CC_0268,OANT_RS00120,1.52e-18,71.6,43.878,1.27e-18,71.6,43.878
CC_0269,OANT_RS00125,2.79e-60,182,60.403,2.93e-60,182,60.403
CC_0272,OANT_RS06940,3.07e-65,195,55.921,2.47e-65,195,55.921
CC_0275,OANT_RS06970,1.09e-113,334,48.477,5.71e-107,317,48.477
CC_0278,OANT_RS06950,1.81e-101,293,60.081,1.47e-101,293,60.081
CC_0279,OANT_RS06945,4.81e-110,319,53.846,3.81e-110,319,53.846
CC_0281,OANT_RS06995,6.55e-135,380,70.213,1.16e-125,356,70.213
CC_0282,OANT_RS07010,4.87e-56,175,45.495,1.19e-60,187,45.495
CC_0283,OANT_RS07015,6.63e-104,303,56.552,6.06e-104,303,56.552
CC_0286,OANT_RS00610,2.08e-139,396,61.25,7.19e-139,395,61.514
CC_0289,OANT_RS02000,4.19e-78,247,43.251,6.17e-78,246,43.251
CC_0290,OANT_RS03980,1.86e-124,369,44.423,1.46e-118,353,44.423
CC_0291,OANT_RS03975,1.45e-148,427,52.262,1.17e-148,427,52.262
CC_0292,OANT_RS03970,9.46e-137,384,75.2,3.4e-136,382,75.2
CC_0293,OANT_RS03965,6.05e-77,229,50.442,5.03e-77,229,50.442
CC_0294,OANT_RS03960,1.52e-100,288,63.839,1.2e-100,288,63.839
CC_0297,OANT_RS02755,1.37e-152,436,53.774,6.15e-152,434,53.774
CC_0301,OANT_RS15770,3.14e-51,170,35.207,2.55e-51,170,35.207
CC_0302,OANT_RS15765,1.84e-74,236,36.603,4.24e-72,230,37.772
CC_0303,OANT_RS16690,1.44e-45,156,34.256,2.86e-48,163,34.256
CC_0304,OANT_RS15760,1.74e-17,76.3,30.093,2.76e-20,84,32.716
CC_0305,OANT_RS06870,1.06e-124,378,37.716,8.47e-125,378,37.716
CC_0306,OANT_RS00230,2.93e-15,68.9,42.157,9.91e-17,72.4,40.741
CC_0307,OANT_RS15755,8.67e-32,103,67.647,7.74e-32,103,67.647
CC_0308,OANT_RS15750,2.17e-41,140,39.08,1.06e-39,135,38.077
CC_0309,OANT_RS15745,1.1e-112,336,45.538,1.52e-105,317,44.811
CC_0313,OANT_RS16125,0,570,55.221,0,570,55.221
CC_0314,OANT_RS05465,3.69e-130,375,59.341,2.51e-125,363,59.341
CC_0315,OANT_RS05460,1.2e-145,412,69.782,6.65e-141,400,69.782
CC_0317,OANT_RS05450,1.01e-24,93.6,36.184,1.05e-24,93.6,36.184
CC_0318,OANT_RS05445,1.55e-44,136,73.034,1.24e-44,136,73.034
CC_0319,OANT_RS05440,8.72e-31,105,53.333,1.15e-31,107,54.455
CC_0321,OANT_RS07090,5.52e-141,403,57.592,3.07e-135,388,56.579
CC_0323,OANT_RS07085,1.87e-69,219,40.491,1.26e-69,219,40.491
CC_0325,OANT_RS05825,9.69e-48,155,43.814,7.43e-47,152,49.045
CC_0327,OANT_RS17420,1.2e-08,48.1,36.364,2.07e-09,48.5,36.364
CC_0328,OANT_RS21935,8.45e-20,82.8,30.04,2.18e-20,84.3,30.04
CC_0329,OANT_RS21930,8.67e-31,110,39.011,5.27e-30,108,39.011
CC_0337,OANT_RS04820,0,570,72.796,0,570,72.796
CC_0338,OANT_RS04825,2.09e-165,458,81,2.02e-175,483,81
CC_0339,OANT_RS04830,0,1324,64.048,0,1313,63.948
CC_0340,OANT_RS04835,1.43e-163,462,62.899,1.15e-160,455,63.3
CC_0341,OANT_RS19605,3.67e-13,66.2,30.994,2.65e-13,66.2,30.994
CC_0342,OANT_RS04855,0,573,63.203,0,560,63.203
CC_0344,OANT_RS04870,4.11e-80,243,47.987,3.39e-80,243,47.987
CC_0346,OANT_RS05690,0,666,49.237,0,650,49.237
CC_0347,OANT_RS06165,2.09e-93,275,62.934,7.67e-106,305,62.977
CC_0351,OANT_RS15690,3.21e-15,70.9,28.87,3.67e-15,70.5,28.87
CC_0357,OANT_RS21565,3.9e-16,68.2,36.434,2.4e-13,60.5,35.714
CC_0360,OANT_RS21890,4.88e-41,147,32.086,3.5e-41,147,32.086
CC_0361,OANT_RS11350,6.07e-60,188,42.292,5.04e-60,188,42.292
CC_0362,OANT_RS11345,1.18e-12,64.7,25.781,8e-13,65.1,25.833
CC_0363,OANT_RS11340,4.05e-47,156,50,9.22e-42,142,45.312
CC_0364,OANT_RS17335,1.51e-99,301,41.628,2.91e-96,293,41.487
CC_0365,OANT_RS02630,2.6e-30,105,42.949,2.44e-15,66.6,47.115
CC_0366,OANT_RS02625,7.61e-28,100,38.125,3.5e-15,67.4,38.125
CC_0367,OANT_RS02620,1.71e-18,69.3,60.656,2.58e-24,84,60.811
CC_0368,OANT_RS02615,6.74e-77,230,51.807,5.29e-77,230,51.807
CC_0372,OANT_RS09775,1.17e-80,241,50.82,1.67e-81,243,50.195
CC_0373,OANT_RS03185,0,836,47.256,0,748,47.526
CC_0375,OANT_RS03180,3.28e-37,126,37.725,4.37e-37,125,37.725
CC_0376,OANT_RS03175,1.04e-12,60.5,32.414,8.13e-13,60.5,32.414
CC_0377,OANT_RS03155,1.13e-106,314,49.854,6.94e-97,289,50.146
CC_0378,OANT_RS03145,5.61e-176,491,64.205,4.71e-176,491,64.205
CC_0379,OANT_RS02645,1.84e-46,150,49.735,8.84e-50,158,49.735
CC_0382,OANT_RS15610,3.55e-51,161,45.355,3.12e-51,161,45.355
CC_0385,OANT_RS13600,1.99e-39,136,32.794,1.91e-39,136,32.794
CC_0388,OANT_RS13595,0,567,63.122,0,567,63.122
CC_0396,OANT_RS05725,7.32e-10,51.2,29.921,5.75e-10,51.2,29.921
CC_0397,OANT_RS02745,2.5e-61,191,40.964,3.49e-60,187,40.964
CC_0401,OANT_RS11665,4.52e-20,76.6,39.286,6.63e-17,68.2,39.286
CC_0402,OANT_RS14800,9.1e-14,62.8,33.835,7.89e-14,62.8,33.835
CC_0403,OANT_RS05060,5.33e-118,348,46.747,3.94e-113,335,46.747
CC_0405,OANT_RS08360,3.73e-35,118,42.405,6.54e-32,110,42.405
CC_0406,OANT_RS08385,1.38e-57,177,56,1.29e-57,177,56
CC_0407,OANT_RS08390,6.7e-52,164,48.352,5.12e-52,164,48.352
CC_0408,OANT_RS08395,2.47e-95,289,41.505,7.86e-99,298,41.505
CC_0414,OANT_RS08820,1.03e-55,171,58.389,2.21e-55,170,58.389
CC_0417,OANT_RS13430,4.89e-94,275,54.435,5.83e-88,259,54.435
CC_0418,OANT_RS08345,5.5e-35,118,44.295,3.53e-35,118,44.295
CC_0419,OANT_RS19535,0,520,54.927,0,520,54.927
CC_0424,OANT_RS12260,1.61e-62,187,57.047,1.24e-62,187,57.047
CC_0425,OANT_RS00145,5.14e-10,57.8,30.252,1.91e-09,55.5,28.992
CC_0426,OANT_RS22045,3.54e-15,74.7,24.242,2.63e-15,74.7,24.242
CC_0443,OANT_RS07515,1.11e-96,290,44.503,3.13e-94,284,44.503
CC_0444,OANT_RS07510,1.72e-86,262,45.294,1.76e-80,246,45.294
CC_0448,OANT_RS21205,1.39e-100,324,35.41,1.38e-97,315,35.061
CC_0450,OANT_RS02685,1.28e-159,452,61.458,8.84e-159,450,62.772
CC_0453,OANT_RS06365,1.24e-103,305,52.454,3.47e-97,288,52.454
CC_0457,OANT_RS11190,2.39e-50,154,63.2,1.94e-50,154,63.2
CC_0458,OANT_RS07005,2.7e-102,298,59.677,2.22e-102,298,59.677
CC_0459,OANT_RS11185,3.05e-70,211,51.196,4.07e-75,223,51.196
CC_0460,OANT_RS13545,2.71e-135,396,46.535,1.43e-132,389,46.535
CC_0462,OANT_RS11180,8.06e-48,149,49.275,2.49e-40,129,49.275
CC_0463,OANT_RS11175,3.58e-19,72.8,52.459,4.03e-19,72.8,52.459
CC_0464,OANT_RS11165,0,785,57.645,0,781,57.645
CC_0465,OANT_RS17765,1.12e-15,74.7,28.458,2.18e-15,74.7,28.458
CC_0467,OANT_RS00215,2.89e-62,196,41.392,2.21e-62,196,41.392
CC_0469,OANT_RS08920,6.22e-59,184,45.852,1.19e-60,188,45.852
CC_0471,OANT_RS08435,9.72e-49,152,47.26,7.7e-49,152,47.26
CC_0472,OANT_RS08450,2.54e-64,193,51.667,7.41e-56,171,51.667
CC_0473,OANT_RS08455,0,538,64.583,0,559,64.583
CC_0474,OANT_RS08460,1.94e-68,211,49.632,6.83e-77,233,49.632
CC_0479,OANT_RS08480,7.07e-171,478,65.489,4.35e-173,483,65.489
CC_0481,OANT_RS20550,1.75e-41,141,39.608,1.46e-41,141,39.608
CC_0484,OANT_RS08485,3.37e-55,173,47.15,1.89e-55,174,47.15
CC_0485,OANT_RS08490,2.19e-46,149,41.53,2.8e-47,151,40.957
CC_0487,OANT_RS08505,6.36e-156,436,69.231,5.04e-156,436,69.231
CC_0490,OANT_RS08520,2.02e-70,214,44.715,2.26e-72,219,44.269
CC_0491,OANT_RS08525,1.5e-82,253,42.857,1.16e-82,253,42.857
CC_0492,OANT_RS08530,6.24e-73,223,42.321,3.99e-77,234,42.321
CC_0493,OANT_RS08540,9.66e-37,122,33.987,7.61e-37,122,33.987
CC_0494,OANT_RS20445,6.41e-45,149,41.481,2.43e-44,148,40.892
CC_0496,OANT_RS10125,2.41e-55,169,50.581,1.92e-55,169,50.581
CC_0497,OANT_RS10130,4.21e-37,120,69.291,6.88e-38,122,64.567
CC_0499,OANT_RS02035,3.83e-12,64.3,26.012,2.38e-12,64.3,26.012
CC_0502,OANT_RS10135,0,2093,74.725,0,2093,74.725
CC_0503,OANT_RS10140,0,2039,71.439,0,2039,71.439
CC_0506,OANT_RS08415,6e-132,374,62.329,2.48e-122,349,62.329
CC_0510,OANT_RS05840,0,582,72.539,0,582,72.539
CC_0519,OANT_RS04780,4.26e-79,236,53.15,2.85e-79,236,53.15
CC_0520,OANT_RS05130,7.54e-59,186,42.683,5.48e-59,186,42.683
CC_0523,OANT_RS06830,7.01e-23,92,28.137,2.07e-22,90.5,28.346
CC_0526,OANT_RS11000,2.59e-17,72.4,32.215,2.02e-17,72.4,32.215
CC_0527,OANT_RS02125,8.4e-30,100,49.107,6.81e-30,100,49.107
CC_0528,OANT_RS02120,9.23e-118,342,52.478,3.38e-113,330,52.478
CC_0530,OANT_RS01800,3.54e-76,246,33.54,1.21e-84,268,33.747
CC_0536,OANT_RS18315,2.07e-70,216,49.791,1.41e-70,216,49.791
CC_0575,OANT_RS13415,2.15e-18,84,23.797,1.36e-18,84,23.797
CC_0576,OANT_RS15955,1.18e-70,218,48.333,9.93e-71,218,48.333
CC_0578,OANT_RS24395,3.11e-55,189,29.498,3.57e-51,178,29.498
CC_0580,OANT_RS17950,1.82e-39,129,43.709,1.48e-39,129,43.709
CC_0597,OANT_RS24140,8.51e-26,99.8,32.787,3.57e-26,99.8,32.787
CC_0598,OANT_RS24145,2.96e-18,79.7,28.889,2.39e-18,79.7,28.889
CC_0610,OANT_RS18120,1.05e-23,95.1,29.536,4.47e-27,103,29.536
CC_0611,OANT_RS18125,1.46e-56,179,39.147,1.2e-56,179,39.147
CC_0614,OANT_RS14985,3.69e-45,166,32.632,3.95e-41,154,32.632
CC_0617,OANT_RS13385,3.4e-24,105,24.052,5.16e-25,107,23.942
CC_0628,OANT_RS18000,1.58e-178,503,60.533,1.33e-178,503,60.533
CC_0634,OANT_RS14215,7.82e-72,217,43.515,6.16e-72,217,43.515
CC_0635,OANT_RS14220,2.74e-36,127,29.845,2.35e-36,127,29.845
CC_0637,OANT_RS16085,1.57e-21,90.9,31.39,1.23e-21,90.9,31.39
CC_0638,OANT_RS11020,8.49e-121,354,50.386,9.88e-116,341,50.386
CC_0639,OANT_RS16420,2.03e-24,88.2,41.538,1.57e-24,88.2,41.538
CC_0640,OANT_RS10120,2.81e-95,275,66.376,8.79e-94,271,66.376
CC_0641,OANT_RS10115,1.44e-67,198,63.83,1.14e-67,198,63.83
CC_0643,OANT_RS22430,3.16e-16,70.9,28.293,2.42e-16,70.9,28.293
CC_0645,OANT_RS05815,1.57e-26,96.3,40.146,1.01e-26,96.3,40.146
CC_0648,OANT_RS08810,4.37e-21,83.6,27.119,3.08e-21,83.6,27.119
CC_0653,OANT_RS05860,4.57e-72,213,60.947,3.88e-72,213,60.947
CC_0654,OANT_RS05855,2.4e-51,155,66.071,1.9e-51,155,66.071
CC_0656,OANT_RS05850,3.88e-17,68.2,46.341,4.1e-17,68.2,46.341
CC_0657,OANT_RS05845,0,635,46.684,0,635,46.684
CC_0658,OANT_RS19565,1.29e-52,185,29.889,2.75e-46,167,29.889
CC_0659,OANT_RS00985,3.05e-53,166,46.927,1.35e-44,143,46.927
CC_0661,OANT_RS04755,1.89e-33,108,54.545,1.6e-30,101,58.025
CC_0672,OANT_RS04740,0,655,55.829,0,660,55.868
CC_0683,OANT_RS11250,3.67e-39,142,29.201,2.86e-40,144,29.201
CC_0684,OANT_RS11255,1.14e-179,526,43.541,0,534,43.541
CC_0685,OANT_RS15665,0,772,77.083,0,791,77.099
CC_0686,OANT_RS15670,3.03e-49,148,75.532,2.47e-49,148,75.532
CC_0687,OANT_RS04935,3.78e-19,72,69.565,5.75e-19,72,69.565
CC_0691,OANT_RS21920,4.76e-25,95.1,34.054,4.11e-25,95.1,34.054
CC_0695,OANT_RS15780,0,630,54.046,0,630,54.046
CC_0700,OANT_RS16580,5.65e-25,91.7,40.58,3.77e-18,73.6,38.406
CC_0701,OANT_RS15695,0,1018,54.462,0,1028,54.462
CC_0703,OANT_RS15685,4.69e-74,228,41.86,3.93e-74,228,41.86
CC_0704,OANT_RS01665,3.32e-15,65.9,37.5,2.58e-15,65.9,37.5
CC_0705,OANT_RS15680,7.1e-75,229,50.41,5.04e-75,229,50.41
CC_0708,OANT_RS02495,1.99e-94,274,57.778,1.62e-94,274,57.778
CC_0709,OANT_RS02490,1.34e-53,174,56.522,1.6e-53,174,56.522
CC_0713,OANT_RS14315,1.05e-28,113,26.421,4.34e-26,105,26.421
CC_0715,OANT_RS05225,2.95e-157,437,71.972,2.36e-157,437,71.972
CC_0717,OANT_RS24460,9.62e-93,269,63.519,4.7e-93,270,63.519
CC_0721,OANT_RS06215,1.05e-55,172,41.398,8.27e-56,172,41.398
CC_0723,OANT_RS24150,3.5e-63,222,33.976,5.39e-63,222,33.976
CC_0726,OANT_RS05220,1.1e-137,389,68.932,8.54e-141,397,68.932
CC_0727,OANT_RS05215,4.11e-122,345,69.355,3.28e-122,345,69.355
CC_0729,OANT_RS05195,1.02e-72,215,61.421,2.75e-79,232,61.421
CC_0730,OANT_RS05190,2.64e-09,46.2,47.826,2.96e-08,43.1,48.718
CC_0733,OANT_RS17395,7.36e-10,53.5,38.272,5.69e-10,53.5,38.272
CC_0738,OANT_RS19590,8.99e-117,342,48.148,2.52e-111,328,47.989
CC_0741,OANT_RS17115,0,787,62.726,0,787,62.726
CC_0743,OANT_RS22085,2.06e-79,239,47.328,1.88e-76,232,47.328
CC_0744,OANT_RS22090,1.84e-46,143,62.185,1.49e-46,143,62.185
CC_0750,OANT_RS21755,7.36e-63,197,34.965,1.48e-57,183,34.965
CC_0752,OANT_RS13665,2.5e-31,112,37.234,2.3e-31,112,37.234
CC_0758,OANT_RS21275,3.72e-44,143,39.062,2.97e-44,143,39.062
CC_0759,OANT_RS21280,4.41e-35,134,35.458,2.73e-35,135,35.458
CC_0761,OANT_RS18290,5.25e-69,230,37.045,2.5e-57,198,36.971
CC_0762,OANT_RS18300,0,659,63.006,0,659,63.006
CC_0763,OANT_RS18305,3.27e-156,442,59.459,6.11e-150,426,59.459
CC_0766,OANT_RS07025,1.01e-71,216,57.353,1.24e-71,215,57.353
CC_0767,OANT_RS07030,8.18e-171,497,43.464,9.38e-168,489,44.046
CC_0768,OANT_RS07035,2.78e-09,49.7,36.429,1.77e-15,65.9,36.429
CC_0769,OANT_RS07040,2.32e-16,61.6,68.182,8.2e-12,50.1,68.182
CC_0771,OANT_RS14930,1.23e-15,73.6,26.636,7.31e-16,73.6,26.636
CC_0783,OANT_RS07300,1.34e-31,113,37.156,9.88e-32,114,36.697
CC_0784,OANT_RS07350,2.05e-58,180,50.259,2.9e-54,169,50.259
CC_0785,OANT_RS07345,4.81e-40,139,35.738,3.2e-42,145,35.88
CC_0790,OANT_RS18535,1.08e-29,111,29.655,8.38e-30,111,29.655
CC_0791,OANT_RS11070,6.53e-86,249,61.616,5.2e-86,249,61.616
CC_0804,OANT_RS19850,0,828,47.601,0,824,47.601
CC_0805,OANT_RS08310,8.85e-62,184,56.954,6.97e-62,184,56.954
CC_0806,OANT_RS18395,1.01e-46,166,30.238,1.58e-51,178,30.238
CC_0807,OANT_RS01980,0,940,47.505,0,919,47.89
CC_0808,OANT_RS01975,3.05e-51,174,36,3.54e-51,173,36.364
CC_0810,OANT_RS07000,2.09e-79,238,46.063,1.79e-79,238,46.063
CC_0814,OANT_RS07270,1.56e-16,79,24.242,1.15e-16,79,24.242
CC_0820,OANT_RS04055,1.48e-35,126,34.932,1.19e-35,126,34.932
CC_0822,OANT_RS01470,3e-176,500,54.237,2.44e-171,488,54.237
CC_0823,OANT_RS19445,7.67e-131,380,54.663,5.38e-131,380,54.663
CC_0826,OANT_RS21090,1.68e-12,60.8,53.571,1.05e-13,60.8,53.571
CC_0827,OANT_RS05315,2.48e-46,144,48.592,1.92e-46,144,48.592
CC_0828,OANT_RS05310,5.51e-96,281,51.825,4.41e-96,281,51.825
CC_0829,OANT_RS05305,1.11e-39,123,67.857,9.26e-40,123,67.857
CC_0830,OANT_RS05300,6.19e-48,157,39.035,7.65e-43,144,39.035
CC_0831,OANT_RS05295,1.91e-88,263,51.027,3.52e-86,257,51.866
CC_0833,OANT_RS05285,1.43e-63,187,67.692,1.17e-63,187,67.692
CC_0835,OANT_RS11090,1.5e-119,355,49.866,1.27e-119,355,49.866
CC_0836,OANT_RS18870,1.05e-59,207,34.89,2.88e-57,199,34.89
CC_0838,OANT_RS15165,2.22e-45,151,39.648,2.23e-45,151,39.648
CC_0840,OANT_RS05325,2.52e-97,282,57.895,2.27e-101,292,59.746
CC_0843,OANT_RS05330,2.15e-176,496,59.906,1.74e-176,496,59.906
CC_0849,OANT_RS05335,0,701,51.608,0,701,51.608
CC_0851,OANT_RS05805,3.7e-49,168,35.657,2.48e-54,182,35.955
CC_0856,OANT_RS05340,3.45e-155,439,60.623,2.55e-155,439,60.623
CC_0859,OANT_RS14550,1.6e-29,112,30.662,5.53e-27,105,31.276
CC_0860,OANT_RS17330,3e-140,411,44.334,2.38e-140,411,44.334
CC_0861,OANT_RS20970,6.77e-78,239,44.578,2.13e-66,209,46.844
CC_0868,OANT_RS02900,6.23e-09,50.4,28.571,4.69e-09,50.4,28.571
CC_0869,OANT_RS11035,6.21e-15,72.4,28.214,6.45e-15,72.4,28.214
CC_0875,OANT_RS05345,2.12e-60,192,41.544,1.5e-60,192,41.544
CC_0876,OANT_RS05350,1e-13,67.8,36.517,5.35e-19,82,61.905
CC_0877,OANT_RS05885,1.94e-22,92.8,36.527,2.89e-22,92.8,36.527
CC_0878,OANT_RS05355,0,1212,69.24,0,1203,69.24
CC_0884,OANT_RS15020,2.38e-17,75.1,30.5,1.98e-17,75.1,30.5
CC_0885,OANT_RS13110,2.34e-24,99.4,32.012,9.85e-22,91.7,32.374
CC_0886,OANT_RS13105,4.81e-38,128,38.537,3.78e-38,128,38.537
CC_0887,OANT_RS02810,1.57e-73,231,36.533,4.31e-63,204,36.533
CC_0888,OANT_RS19715,2.2e-19,77,32.653,1.81e-19,77,32.653
CC_0894,OANT_RS16070,5.03e-173,486,61.616,4.02e-173,486,61.616
CC_0897,OANT_RS08215,5.01e-157,444,58.713,2.24e-157,445,58.713
CC_0899,OANT_RS21630,1.4e-10,61.2,26.689,2.73e-12,65.9,27.027
CC_0902,OANT_RS21635,2.03e-21,94,32.66,7.08e-22,94.4,32.653
CC_0903,OANT_RS25570,2.87e-47,143,83.951,2.24e-47,143,83.951
CC_0905,OANT_RS21670,8.86e-67,224,30.397,1.66e-62,213,30.034
CC_0906,OANT_RS21775,3.46e-40,142,28.571,2.84e-40,142,28.571
CC_0908,OANT_RS21770,1.66e-19,74.3,42.5,1.39e-19,74.3,42.5
CC_0910,OANT_RS21600,0,537,43.875,1.33e-167,494,43.875
CC_0915,OANT_RS17045,6.2e-52,159,57.576,5.04e-52,159,57.576
CC_0916,OANT_RS17050,3.07e-44,139,55.797,1.03e-37,122,55.797
CC_0918,OANT_RS02765,3.73e-87,253,62.105,2.72e-87,253,62.105
CC_0919,OANT_RS24280,1.61e-12,61.2,31.481,1.12e-12,61.6,31.481
CC_0923,OANT_RS03565,1.23e-78,238,44.983,9.9e-79,238,44.983
CC_0924,OANT_RS19725,4.12e-23,84.7,43.519,5.98e-21,78.6,43.519
CC_0927,OANT_RS02680,2.08e-20,89,30.667,1.45e-19,85.5,30.667
CC_0932,OANT_RS18385,1.05e-54,182,43.421,2.33e-54,182,43.421
CC_0935,OANT_RS00515,2.57e-54,167,49.718,2.04e-54,167,49.718
CC_0936,OANT_RS13960,0,741,53.079,0,734,53.079
CC_0942,OANT_RS07170,1.53e-31,107,43.056,5.02e-37,121,47.445
CC_0949,OANT_RS13955,3.28e-47,148,57.353,2.05e-47,148,57.353
CC_0950,OANT_RS22935,6.66e-45,152,39.869,3.32e-48,160,39.869
CC_0951,OANT_RS21685,2.15e-73,222,53.271,9.95e-74,222,53.271
CC_0954,OANT_RS21725,1.92e-41,132,49.242,1.54e-41,132,49.242
CC_0955,OANT_RS21720,3.39e-12,55.5,38.356,4.43e-12,55.1,38.356
CC_0957,OANT_RS07400,0,885,78.766,0,887,78.766
CC_0958,OANT_RS07405,1.23e-79,239,48.846,9.76e-79,236,48.462
CC_0959,OANT_RS07410,0,599,62.549,0,592,62.549
CC_0960,OANT_RS07415,0,537,67.75,0,507,67.5
CC_0961,OANT_RS07420,9.32e-151,434,51.351,6.02e-141,409,51.351
CC_0962,OANT_RS07425,4.11e-69,210,46.957,3.46e-69,210,46.957
CC_0964,OANT_RS16735,1.91e-40,150,27.624,7.27e-43,157,27.4
CC_0967,OANT_RS07335,1.01e-110,321,54.276,8.16e-111,321,54.276
CC_0980,OANT_RS17035,2.52e-180,520,58.37,0,577,54.133
CC_0986,OANT_RS20140,7.94e-46,150,42.273,5.88e-46,150,42.273
CC_0994,OANT_RS06770,1.35e-108,308,68.246,1.36e-104,298,68.246
CC_0998,OANT_RS11510,0,851,76.766,0,870,76.766
CC_1008,OANT_RS17780,1.01e-126,381,39.074,2.42e-122,370,39.033
CC_1009,OANT_RS17775,1.07e-64,212,29.736,9.21e-65,212,29.736
CC_1010,OANT_RS17455,1.21e-119,346,52.802,1.06e-119,346,52.802
CC_1019,OANT_RS16090,1.94e-166,474,56.559,1.83e-178,504,56.559
CC_1033,OANT_RS07805,4.58e-25,101,26,4.5e-25,101,26
CC_1034,OANT_RS06920,0,997,79.035,0,977,79.035
CC_1035,OANT_RS08195,3.91e-49,157,49.342,4.44e-49,156,48.125
CC_1036,OANT_RS17225,1.09e-38,127,44.379,2.71e-40,131,45.029
CC_1043,OANT_RS04120,0,716,50.493,0,689,50.503
CC_1044,OANT_RS04125,1.29e-165,464,58.967,1.24e-163,459,58.967
CC_1045,OANT_RS04135,5.97e-53,160,70.085,5.4e-53,160,70.085
CC_1046,OANT_RS04140,4.88e-26,87.8,62.121,3.89e-26,87.8,62.121
CC_1049,OANT_RS04150,8.81e-87,249,71.93,1.35e-76,223,71.93
CC_1053,OANT_RS04155,1.95e-74,226,51.429,1.78e-74,226,51.429
CC_1055,OANT_RS06895,1.72e-68,211,40.909,1.39e-68,211,40.909
CC_1057,OANT_RS12305,1.22e-45,154,37,9.55e-45,151,36.275
CC_1058,OANT_RS13945,6.55e-14,61.2,34.066,6.32e-14,61.2,34.066
CC_1059,OANT_RS13940,6.96e-20,82.4,32.195,1.07e-20,84.7,32.85
CC_1060,OANT_RS21940,1.99e-121,348,54.723,1.54e-121,348,54.723
CC_1061,OANT_RS13930,3.2e-51,157,56.738,2.55e-51,157,56.738
CC_1065,OANT_RS13910,5.49e-18,70.9,39.216,4.74e-18,70.9,39.216
CC_1070,OANT_RS06815,0,566,53.714,0,539,53.578
CC_1075,OANT_RS21605,1.21e-16,65.5,40.741,7.18e-13,55.8,40.741
CC_1076,OANT_RS21595,2.44e-17,76.3,28.634,2.93e-17,75.9,28.111
CC_1077,OANT_RS21780,1.58e-78,242,41.143,6.9e-63,202,37.912
CC_1078,OANT_RS11015,2.29e-112,356,47.677,2.65e-113,358,47.677
CC_1087,OANT_RS10325,0,544,73.864,0,518,74.203
CC_1090,OANT_RS18635,7.31e-19,78.2,41.176,8e-16,70.9,40.426
CC_1096,OANT_RS13395,4.14e-45,151,35.156,3.51e-45,151,35.156
CC_1097,OANT_RS08500,8.96e-84,260,44.471,6.96e-75,237,45.176
CC_1117,OANT_RS17385,8.43e-61,194,40.404,8.17e-61,193,40.541
CC_1118,OANT_RS00955,8.52e-65,208,47.41,3.7e-62,202,47.41
CC_1119,OANT_RS00965,0,690,60,0,690,60
CC_1120,OANT_RS00975,1.26e-19,78.6,35.294,1.04e-19,78.6,35.294
CC_1121,OANT_RS00970,1.11e-74,224,51.152,1.28e-75,226,47.951
CC_1129,OANT_RS14390,6.04e-13,60.5,29.299,3.47e-13,60.8,29.299
CC_1140,OANT_RS14105,1.23e-66,207,44.637,2.21e-65,204,44.637
CC_1141,OANT_RS14120,4.79e-136,384,65.141,3.87e-136,384,65.141
CC_1146,OANT_RS22780,2.41e-146,412,63.107,1.96e-146,412,63.107
CC_1149,OANT_RS02320,3.18e-15,73.9,27.329,3.69e-14,70.9,27.329
CC_1150,OANT_RS02325,2.08e-28,103,34.921,2.96e-31,110,34.921
CC_1151,OANT_RS07475,9.74e-123,357,47.297,1.77e-111,328,47.297
CC_1158,OANT_RS08340,3.25e-64,202,38.87,2.55e-64,202,38.87
CC_1169,OANT_RS22465,2.46e-20,89,25.797,2.47e-20,89,25.797
CC_1170,OANT_RS23155,5.18e-14,65.5,29,1.32e-11,58.5,34.906
CC_1172,OANT_RS17210,5.22e-16,77.8,23.646,1.05e-13,70.1,23.646
CC_1173,OANT_RS22595,1e-08,52.8,31.159,7.25e-09,52.8,31.159
CC_1183,OANT_RS08580,3.16e-84,249,56.938,2.02e-84,249,56.938
CC_1185,OANT_RS00745,0,805,54.3,0,774,54.3
CC_1187,OANT_RS00820,3.85e-90,266,49.421,3.43e-90,266,49.421
CC_1188,OANT_RS00825,6.98e-98,290,52.189,7.99e-98,290,52.189
CC_1189,OANT_RS01990,3.32e-86,272,39.866,3.48e-81,259,40
CC_1190,OANT_RS02265,7.51e-10,53.9,25.806,5.79e-10,53.9,25.806
CC_1191,OANT_RS09495,1.06e-11,60.8,28.745,3.51e-11,58.9,27.854
CC_1192,OANT_RS09500,2.34e-42,147,43.939,4.23e-62,198,46.953
CC_1193,OANT_RS09505,5.44e-57,180,43.096,4.42e-57,180,43.096
CC_1194,OANT_RS13705,2.67e-93,301,34.451,1.51e-92,299,35.537
CC_1195,OANT_RS13700,8.54e-112,322,53.793,6.78e-112,322,53.793
CC_1196,OANT_RS13695,1.92e-63,189,61.745,1.59e-63,189,61.745
CC_1203,OANT_RS11290,5.34e-36,132,28.533,4.89e-39,140,28.65
CC_1204,OANT_RS01810,0,643,38.364,0,584,37.951
CC_1205,OANT_RS03420,0,808,52.732,0,812,52.732
CC_1214,OANT_RS04290,1.08e-31,107,46.429,1.45e-38,125,50.714
CC_1215,OANT_RS05170,2.37e-48,150,51.02,1.99e-48,150,51.02
CC_1216,OANT_RS07530,0,608,61.753,0,608,61.753
CC_1217,OANT_RS20425,8.65e-115,332,58.784,6e-115,332,58.784
CC_1221,OANT_RS11675,4.13e-93,272,58.468,2.41e-98,285,58.468
CC_1223,OANT_RS05620,4.29e-124,369,43.32,7.18e-124,368,43.522
CC_1224,OANT_RS20180,2e-38,135,34.628,1.43e-38,135,34.628
CC_1227,OANT_RS02135,9.91e-129,367,56.731,4.26e-134,380,57.097
CC_1229,OANT_RS18570,1.01e-12,65.1,36.937,1.15e-14,70.5,34.375
CC_1230,OANT_RS09215,2.1e-62,203,36.388,4.37e-62,202,36.388
CC_1239,OANT_RS10080,1.06e-46,155,41.379,5.95e-44,148,41.379
CC_1242,OANT_RS19720,1.74e-59,188,44.628,5.22e-55,176,43.388
CC_1243,OANT_RS07480,0,804,54.04,0,798,54.172
CC_1247,OANT_RS10170,1.23e-64,187,90.196,9.84e-65,187,90.196
CC_1248,OANT_RS10175,3.41e-107,307,66.514,1.05e-108,310,66.216
CC_1249,OANT_RS10180,4.35e-90,261,63.592,3.37e-90,261,63.592
CC_1250,OANT_RS10185,2.63e-46,141,74.194,2.07e-46,141,74.194
CC_1251,OANT_RS10190,2.87e-138,388,74.101,1.51e-138,389,74.101
CC_1252,OANT_RS10195,1.1e-48,147,73.913,2.8e-43,133,73.494
CC_1253,OANT_RS10200,2.97e-52,158,63.566,2.42e-52,158,63.566
CC_1254,OANT_RS10205,1.43e-128,361,72.65,2e-128,360,75.688
CC_1255,OANT_RS10210,2.47e-83,238,82.963,1.89e-83,238,82.963
CC_1256,OANT_RS10215,4.47e-25,85.1,66.667,3.73e-25,85.1,66.667
CC_1257,OANT_RS10220,2.45e-31,102,64.557,1.98e-31,102,64.557
CC_1258,OANT_RS10225,1.67e-72,209,81.967,1.33e-72,209,81.967
CC_1259,OANT_RS10230,1.34e-35,114,56.863,1.06e-35,114,56.863
CC_1260,OANT_RS10235,1.15e-97,278,70.492,9.2e-98,278,70.492
CC_1261,OANT_RS10240,9.07e-49,147,70.297,7.23e-49,147,70.297
CC_1262,OANT_RS10245,1.16e-61,182,65.909,9.22e-62,182,65.909
CC_1263,OANT_RS10250,4.2e-70,207,58.757,3.35e-70,207,58.757
CC_1264,OANT_RS10255,3.19e-44,137,67.797,3.41e-46,142,66.949
CC_1265,OANT_RS10260,5.41e-88,254,73.224,2.51e-87,252,74.713
CC_1266,OANT_RS10265,4.03e-22,77.8,61.905,3.42e-22,77.8,61.905
CC_1267,OANT_RS10270,9.88e-53,162,54.902,1.39e-52,161,55.705
CC_1268,OANT_RS10275,0,537,60.592,0,537,60.592
CC_1269,OANT_RS10280,1.44e-63,192,52.332,1.17e-63,192,52.332
CC_1270,OANT_RS10285,5.26e-69,200,87.611,9.67e-75,214,87.705
CC_1271,OANT_RS10290,3.95e-77,221,80.62,3.15e-77,221,80.62
CC_1272,OANT_RS10295,0,533,75.668,0,533,75.668
CC_1273,OANT_RS10300,4.88e-68,199,75.2,1.21e-68,201,75.2
CC_1276,OANT_RS22410,5.19e-44,149,35.401,4.94e-44,149,35.401
CC_1278,OANT_RS07210,0,625,57.736,0,599,57.736
CC_1280,OANT_RS02520,2e-11,53.5,34.783,1.58e-11,53.5,34.783
CC_1281,OANT_RS08750,4.96e-82,260,39.95,4.05e-84,265,40.365
CC_1282,OANT_RS10305,3.45e-123,365,45.88,5.91e-112,336,46.102
CC_1283,OANT_RS10310,0,562,65.207,0,536,65.207
CC_1286,OANT_RS19415,1.64e-58,184,37.209,1.3e-58,184,37.209
CC_1296,OANT_RS19795,3.26e-86,260,46.769,1.1e-91,274,46.769
CC_1297,OANT_RS19800,2.36e-57,183,38.868,1.36e-55,178,39.608
CC_1298,OANT_RS19805,0,686,55.38,0,686,55.38
CC_1299,OANT_RS19810,0,746,62.215,0,741,62.215
CC_1300,OANT_RS19815,7.08e-90,267,46.959,5.66e-90,267,46.959
CC_1301,OANT_RS19820,3.27e-96,281,50.746,2.61e-96,281,50.746
CC_1302,OANT_RS05530,0,647,64.2,0,646,64.2
CC_1306,OANT_RS12285,4.46e-135,385,58.75,6.11e-136,387,58.055
CC_1307,OANT_RS12280,9.03e-24,90.9,43.966,9.78e-24,90.9,43.966
CC_1308,OANT_RS12275,2.64e-15,60.8,45.455,1.82e-15,60.8,45.455
CC_1309,OANT_RS12265,3.2e-59,189,44.444,3.57e-61,194,44.127
CC_1313,OANT_RS02865,3.12e-56,182,44.974,3.92e-48,159,44.974
CC_1314,OANT_RS02885,5.43e-155,458,42.784,2.62e-145,433,42.784
CC_1315,OANT_RS09995,7.86e-78,225,70.548,5.58e-78,225,70.548
CC_1317,OANT_RS11645,5.92e-27,99.4,34.978,1.53e-23,90.5,34.529
CC_1318,OANT_RS11640,3.67e-75,241,36.547,5.66e-73,235,36.547
CC_1319,OANT_RS11635,1.39e-12,61.2,39.13,7.03e-10,53.9,53.659
CC_1320,OANT_RS11630,0,1043,59.243,0,1062,60.134
CC_1321,OANT_RS13970,7.76e-73,240,30.331,7.82e-73,240,30.331
CC_1323,OANT_RS17140,3.21e-42,154,33.83,3.95e-44,159,33.83
CC_1324,OANT_RS02850,5.28e-71,215,49.793,4.38e-71,215,49.793
CC_1326,OANT_RS02855,5.55e-119,350,46.394,1.1e-114,338,46.394
CC_1330,OANT_RS02650,2.15e-142,406,55.46,6.57e-137,392,55.46
CC_1333,OANT_RS13795,1.81e-65,203,44.565,1.58e-62,195,44.322
CC_1334,OANT_RS13790,0,691,62.389,0,695,62.389
CC_1335,OANT_RS02710,2.64e-59,205,30.224,1.32e-53,189,29.907
CC_1336,OANT_RS02670,5.22e-57,183,41.414,4.33e-57,183,41.414
CC_1338,OANT_RS04955,1.77e-135,396,49.378,1.46e-132,388,48.747
CC_1341,OANT_RS02715,9.93e-140,394,63.946,8.23e-140,394,63.946
CC_1342,OANT_RS02720,0,604,47.644,0,615,47.644
CC_1346,OANT_RS01850,4.13e-20,77.4,39.695,3.31e-20,77.4,39.695
CC_1347,OANT_RS13155,2.03e-130,373,58.879,1.68e-130,373,58.879
CC_1350,OANT_RS09730,0,515,66.133,0,515,66.133
CC_1351,OANT_RS02790,1.08e-24,93.2,34.184,8.48e-25,93.2,34.184
CC_1352,OANT_RS13150,2.08e-74,231,40.237,1.12e-65,208,40.237
CC_1354,OANT_RS09725,1.38e-111,322,59.044,9.39e-101,294,59.044
CC_1355,OANT_RS02160,3.67e-164,465,60.506,1.72e-173,488,60.506
CC_1357,OANT_RS13125,0,613,70,0,614,70
CC_1358,OANT_RS13115,1.77e-68,202,63.014,1.42e-68,202,63.014
CC_1359,OANT_RS13100,2.24e-43,138,50.35,1.78e-43,138,50.35
CC_1360,OANT_RS13095,2.65e-41,133,50,2.38e-41,133,50
CC_1363,OANT_RS13090,0,892,69.62,0,894,69.62
CC_1365,OANT_RS13085,2.16e-22,85.5,34.247,2.23e-21,82.8,41.837
CC_1366,OANT_RS13080,2.47e-24,91.7,32.692,5.12e-25,93.2,32.692
CC_1367,OANT_RS13075,2.02e-15,67.8,31.579,1.8e-11,57,31.579
CC_1368,OANT_RS13070,2.51e-123,356,53.495,1.96e-123,356,53.495
CC_1369,OANT_RS13065,1.31e-128,367,56.075,4.19e-124,355,56.075
CC_1370,OANT_RS13060,6.53e-35,112,60.638,5.56e-35,112,60.638
CC_1371,OANT_RS13055,1.09e-36,121,58.242,1.1e-36,121,58.242
CC_1374,OANT_RS12980,7.21e-76,235,43.02,6.75e-70,219,43.373
CC_1376,OANT_RS12945,6.9e-65,192,62.416,5.39e-65,192,62.416
CC_1377,OANT_RS12950,3.98e-76,221,69.427,3.19e-76,221,69.427
CC_1378,OANT_RS12970,6.27e-135,382,61.889,4.9e-135,382,61.889
CC_1379,OANT_RS07075,1.07e-42,140,44.751,8.82e-43,140,44.751
CC_1382,OANT_RS09965,0,567,64.899,0,567,64.899
CC_1383,OANT_RS09970,3.72e-129,377,46.528,3.74e-106,318,47.118
CC_1384,OANT_RS09980,1.15e-119,344,61.538,6.66e-134,380,61.538
CC_1385,OANT_RS15050,5.42e-65,206,38.742,4.37e-65,206,38.742
CC_1386,OANT_RS09985,4.19e-138,412,42.353,3.59e-129,389,42.353
CC_1387,OANT_RS10000,1.09e-20,77.4,61.017,2.59e-20,77.4,61.017
CC_1388,OANT_RS10005,3.31e-21,82.8,34.711,2.88e-21,82.4,34.711
CC_1389,OANT_RS13335,2.57e-41,129,59.406,2.05e-41,129,59.406
CC_1401,OANT_RS02455,0,708,64.906,0,706,66.082
CC_1402,OANT_RS02450,6.65e-117,331,65.546,1.89e-112,320,65.546
CC_1404,OANT_RS02440,2.13e-90,267,44.637,8.05e-87,258,44.637
CC_1405,OANT_RS02435,1.4e-160,463,48.057,2.4e-153,444,48.057
CC_1406,OANT_RS02430,1.47e-11,57,30.345,1.16e-11,57,30.345
CC_1407,OANT_RS02425,1.18e-174,516,43.961,4.53e-164,488,43.803
CC_1408,OANT_RS02420,7.17e-13,53.5,51.852,5.41e-13,53.5,51.852
CC_1409,OANT_RS08350,4.62e-28,103,39.264,2.5e-28,103,39.264
CC_1410,OANT_RS14980,8.36e-53,169,38.393,9.12e-53,168,38.393
CC_1411,OANT_RS13660,2.26e-114,340,41.163,2.94e-112,335,41.163
CC_1412,OANT_RS22600,3.59e-11,58.9,27.442,2.32e-11,58.9,27.442
CC_1418,OANT_RS12310,2.99e-71,223,40.286,2.14e-71,223,40.286
CC_1419,OANT_RS07330,6.54e-147,414,63.582,5.57e-150,422,63.582
CC_1421,OANT_RS07340,0,997,79.732,0,976,79.732
CC_1424,OANT_RS13280,2.17e-117,343,47.105,1.1e-114,337,47.105
CC_1425,OANT_RS11105,1.5e-96,283,49.123,1.19e-96,283,49.123
CC_1426,OANT_RS11095,1.64e-174,484,70.948,1.35e-174,484,70.948
CC_1427,OANT_RS02935,3.84e-59,196,34.627,3.18e-59,196,34.627
CC_1428,OANT_RS01790,8.51e-142,412,45.69,6.57e-142,412,45.69
CC_1429,OANT_RS10665,6.48e-123,350,66.54,1.05e-120,343,66.288
CC_1436,OANT_RS17235,5.45e-88,263,49.045,1.56e-85,257,49.045
CC_1437,OANT_RS18815,0,622,50.716,0,622,50.716
CC_1439,OANT_RS24875,8.19e-97,280,59.494,6.43e-97,280,59.494
CC_1440,OANT_RS19670,4.8e-65,198,58.095,1.46e-70,212,58.095
CC_1441,OANT_RS19665,8.68e-45,149,38.889,8.27e-45,149,38.889
CC_1444,OANT_RS19920,1.04e-110,320,53.979,8.67e-111,320,53.979
CC_1446,OANT_RS22845,1.1e-48,163,28.662,5.32e-48,161,28.328
CC_1448,OANT_RS21110,2.48e-89,275,39.623,5.22e-83,258,38.875
CC_1450,OANT_RS02240,5.33e-78,239,44.144,3.93e-78,239,44.144
CC_1451,OANT_RS13605,2.79e-83,245,62.437,1.83e-83,245,62.437
CC_1452,OANT_RS11060,1.85e-10,57.4,33.929,5.93e-09,52.8,27.607
CC_1458,OANT_RS21615,2.08e-15,65.9,30.952,1.79e-15,65.9,30.952
CC_1459,OANT_RS21620,1.1e-10,52,33,8.37e-11,52,33
CC_1463,OANT_RS21675,6.7e-30,112,34.545,2.07e-37,132,34.545
CC_1468,OANT_RS11410,3.47e-67,199,68.023,5e-70,206,68.023
CC_1471,OANT_RS03535,0,1298,69.536,0,1273,69.416
CC_1476,OANT_RS02575,5.04e-150,431,49.42,3.37e-146,421,49.42
CC_1477,OANT_RS09350,0,567,71.173,0,567,71.173
CC_1478,OANT_RS00700,0,556,51.789,0,550,50.39
CC_1480,OANT_RS10790,1.12e-34,134,25.096,3.41e-34,132,25.096
CC_1482,OANT_RS01020,0,756,59.675,0,746,59.675
CC_1483,OANT_RS01015,1.96e-156,437,72.391,1.09e-165,460,72.391
CC_1487,OANT_RS19860,2.91e-88,275,37.045,7.55e-81,256,37.045
CC_1488,OANT_RS20135,5.77e-97,300,37.45,4.71e-97,300,37.45
CC_1492,OANT_RS18475,8.7e-64,197,45.238,3.03e-58,183,45.238
CC_1495,OANT_RS21950,1.79e-20,83.2,30.198,1.35e-20,83.2,30.198
CC_1503,OANT_RS16560,3.74e-48,149,53.906,3.07e-48,149,53.906
CC_1504,OANT_RS05065,2.87e-08,49.7,32.618,2.33e-08,49.7,32.618
CC_1505,OANT_RS16570,3.03e-29,99.4,53.535,2.64e-29,99.4,53.535
CC_1506,OANT_RS16550,1.53e-114,325,74.519,1.19e-114,325,74.519
CC_1507,OANT_RS06115,9.77e-82,253,39.535,1.74e-81,252,39.535
CC_1511,OANT_RS13130,2.05e-54,186,32.865,1.53e-54,186,32.865
CC_1512,OANT_RS21955,6.96e-36,130,45.098,6.94e-36,131,42.529
CC_1515,OANT_RS03985,1.95e-84,256,42.121,1.57e-84,256,42.121
CC_1517,OANT_RS14400,5.11e-54,196,26.829,4.9e-54,196,26.829
CC_1522,OANT_RS09120,0,580,54.53,0,563,54.181
CC_1525,OANT_RS09140,0,532,48.689,0,532,48.689
CC_1526,OANT_RS09145,1.93e-61,193,38.545,1.52e-61,193,38.545
CC_1528,OANT_RS09170,0,874,53.74,0,879,55.448
CC_1532,OANT_RS18680,6.77e-08,44.3,39.726,3.67e-08,44.3,39.726
CC_1533,OANT_RS10350,4.04e-19,79,31.818,3.15e-19,79,31.818
CC_1534,OANT_RS08700,0,605,71.5,0,605,71.5
CC_1536,OANT_RS04070,4.35e-12,58.9,29.57,3.72e-12,58.9,29.57
CC_1537,OANT_RS16485,8.07e-09,51.2,34.167,5.31e-11,57,30.667
CC_1541,OANT_RS13535,1.74e-44,162,30.019,1.61e-45,164,30.15
CC_1549,OANT_RS13690,1.68e-78,232,54.976,1.29e-78,232,54.976
CC_1550,OANT_RS13685,1.22e-86,251,63.736,9.4e-87,251,63.736
CC_1551,OANT_RS10980,3.55e-10,53.5,31.132,2.03e-10,53.9,31.132
CC_1552,OANT_RS13680,7.94e-32,106,62.105,4.21e-31,104,69.863
CC_1553,OANT_RS13675,0,647,47.02,0,665,47.02
CC_1555,OANT_RS13670,2.78e-84,244,65.285,2.2e-84,244,65.285
CC_1556,OANT_RS15970,1.08e-60,206,32.903,1.16e-62,211,32.903
CC_1557,OANT_RS09410,1.29e-31,114,35.124,4.58e-36,125,35.124
CC_1558,OANT_RS13635,1.04e-59,179,63.636,9.81e-60,179,63.636
CC_1559,OANT_RS13630,3.6e-75,227,46.565,2.65e-75,227,46.565
CC_1560,OANT_RS13625,4.34e-58,181,46.119,2.75e-48,155,45.74
CC_1562,OANT_RS13620,2.81e-116,336,53.526,2.09e-116,336,53.526
CC_1564,OANT_RS13615,8.2e-57,179,41.909,1.65e-51,165,40.664
CC_1566,OANT_RS13175,0,835,54.417,0,838,55.204
CC_1572,OANT_RS13165,3.92e-91,268,53.719,2.79e-91,268,53.719
CC_1573,OANT_RS21660,6.37e-20,85.9,32.961,5.78e-20,85.9,32.961
CC_1574,OANT_RS11620,1.36e-117,337,58.537,1.11e-117,337,58.537
CC_1575,OANT_RS14620,2.52e-15,69.3,31.429,7.83e-14,64.7,29.48
CC_1576,OANT_RS14625,8e-52,176,34.857,4.39e-47,163,34.571
CC_1577,OANT_RS14615,1.33e-75,238,38.402,3.9e-83,258,37.215
CC_1579,OANT_RS19760,3.91e-18,74.7,32.571,9.38e-15,65.5,33.775
CC_1580,OANT_RS11325,0,1132,62.016,0,1132,61.707
CC_1581,OANT_RS11320,6.73e-43,137,45.695,7.15e-45,142,45.342
CC_1584,OANT_RS11310,3.34e-66,196,61.35,2.88e-66,196,61.35
CC_1585,OANT_RS13785,2.41e-14,69.7,25.338,7.53e-15,71.2,25.559
CC_1587,OANT_RS11305,8.81e-180,500,69.167,1.63e-174,487,69.167
CC_1588,OANT_RS11300,1.67e-161,455,61.064,1.37e-161,455,61.064
CC_1591,OANT_RS19505,0,555,53.036,0,535,52.66
CC_1592,OANT_RS19510,0,855,66.37,0,862,66.468
CC_1593,OANT_RS19515,1.4e-64,195,55.914,1.08e-64,195,55.914
CC_1594,OANT_RS19520,0,694,44.683,0,691,44.57
CC_1595,OANT_RS19525,2.54e-57,180,47.414,1.84e-57,180,47.414
CC_1596,OANT_RS00615,1.57e-111,322,60.791,9.59e-112,323,60.791
CC_1597,OANT_RS00620,5.2e-116,333,67.986,2.77e-124,353,66.667
CC_1598,OANT_RS00625,2.7e-111,326,57.801,6.76e-106,312,57.801
CC_1600,OANT_RS18225,3.48e-41,142,33.099,2.08e-41,142,33.099
CC_1601,OANT_RS18220,8.71e-36,128,29.206,6.9e-36,128,29.206
CC_1602,OANT_RS18215,2.7e-176,503,53.747,1.86e-176,503,53.747
CC_1603,OANT_RS00275,3.85e-60,209,29.881,7.19e-68,230,30.483
CC_1604,OANT_RS00280,5.73e-31,130,30.529,1.24e-36,148,30.529
CC_1613,OANT_RS18785,4.17e-50,152,66.99,3.41e-50,152,66.99
CC_1614,OANT_RS19680,8.39e-107,321,50,1.61e-106,320,52.16
CC_1615,OANT_RS19685,1.15e-74,223,54.68,3.74e-75,224,51.477
CC_1617,OANT_RS15795,0,635,66.736,0,653,66.736
CC_1618,OANT_RS04840,5.96e-26,92.4,47.17,1.21e-24,89,42.063
CC_1619,OANT_RS15810,6.46e-113,335,47.344,5.52e-112,332,46.759
CC_1620,OANT_RS15825,0,720,66.538,0,720,66.538
CC_1622,OANT_RS14445,1.15e-32,130,25.779,1.79e-28,117,24.913
CC_1627,OANT_RS04490,7.12e-40,140,32.551,5.94e-40,140,32.551
CC_1629,OANT_RS17890,4.41e-18,79.3,26.908,1.86e-18,80.1,26.908
CC_1630,OANT_RS17645,2.7e-115,338,48.011,3.44e-122,355,48.011
CC_1631,OANT_RS17640,0,521,70.655,0,521,70.655
CC_1634,OANT_RS00310,4.73e-51,181,28.064,2.08e-52,184,28.13
CC_1639,OANT_RS06630,1.08e-09,55.8,33.784,4.96e-10,55.8,33.784
CC_1642,OANT_RS02500,3.29e-50,153,61.404,2.32e-50,153,61.404
CC_1651,OANT_RS02235,2.12e-104,301,56.8,1.85e-104,301,56.8
CC_1652,OANT_RS02545,4.35e-19,80.5,29.907,7.49e-18,76.6,29.907
CC_1654,OANT_RS02550,0,543,57.588,0,543,57.796
CC_1656,OANT_RS02905,4.21e-81,241,55.3,3.29e-81,241,55.3
CC_1657,OANT_RS11135,2.01e-108,317,55.592,1.01e-111,325,55.592
CC_1658,OANT_RS02910,0,652,64.609,0,652,64.609
CC_1660,OANT_RS02920,2.1e-176,499,61.253,3.91e-174,493,61.253
CC_1661,OANT_RS07460,9.91e-86,261,44.101,8.24e-86,261,44.101
CC_1664,OANT_RS08705,5.28e-12,60.1,37.333,4.33e-12,60.1,37.333
CC_1665,OANT_RS02925,3.41e-176,502,53.459,2.69e-176,502,53.459
CC_1667,OANT_RS02940,2.21e-60,184,55,2.75e-60,183,55
CC_1668,OANT_RS02950,4.09e-45,137,90.541,6.43e-43,131,91.429
CC_1669,OANT_RS02955,2.4e-45,142,69.474,9.77e-49,150,63.866
CC_1674,OANT_RS02960,7.76e-106,309,56.129,1.37e-105,308,56.452
CC_1675,OANT_RS02965,1.42e-120,341,69.919,1.43e-111,318,69.919
CC_1677,OANT_RS02970,6.69e-37,116,76.923,5.33e-37,116,76.923
CC_1678,OANT_RS02975,5e-178,501,63.38,0,557,63.38
CC_1679,OANT_RS02980,4.03e-98,294,48.173,5.72e-99,296,47.319
CC_1680,OANT_RS02985,2.07e-72,222,44.518,3.34e-68,211,44.518
CC_1681,OANT_RS02990,9.52e-61,187,42.927,7.84e-61,187,42.927
CC_1682,OANT_RS02830,3.1e-25,87.8,51.163,2.13e-25,87.8,51.163
CC_1685,OANT_RS13520,4.95e-84,249,54.297,4.25e-84,249,54.297
CC_1686,OANT_RS13515,5.34e-109,318,54.268,4.37e-109,318,54.268
CC_1689,OANT_RS13505,1.01e-67,236,26.842,7.79e-68,236,26.842
CC_1690,OANT_RS13500,6.3e-43,150,30.028,2.7e-47,161,30.028
CC_1691,OANT_RS13495,3e-25,103,26,7.75e-22,93.2,25.85
CC_1692,OANT_RS13490,1.68e-162,467,55.928,6.96e-161,462,54.054
CC_1693,OANT_RS13485,2.78e-43,137,43.243,2.16e-43,137,43.243
CC_1698,OANT_RS13470,0,585,48,0,550,48.052
CC_1699,OANT_RS13460,8.34e-65,191,67.883,6.7e-65,191,67.883
CC_1700,OANT_RS05520,9.04e-13,60.1,65.116,1.78e-12,59.3,65.116
CC_1701,OANT_RS09630,3.73e-24,92.4,34.545,2.9e-28,103,32.143
CC_1702,OANT_RS13375,1.02e-56,175,55.435,1.29e-61,187,55.978
CC_1703,OANT_RS13370,7e-151,426,63.69,5.94e-151,426,63.69
CC_1704,OANT_RS13190,4.47e-131,379,50.781,4.78e-128,370,51.344
CC_1708,OANT_RS13195,2.77e-77,248,36.478,2.43e-79,253,36.709
CC_1710,OANT_RS13200,0,848,59.634,0,847,59.634
CC_1711,OANT_RS13360,2.03e-38,130,37.069,6.16e-29,105,37.021
CC_1719,OANT_RS10650,2.84e-09,51.2,40,1.52e-17,73.2,41.732
CC_1720,OANT_RS10660,0,814,72.909,0,816,72.909
CC_1721,OANT_RS05830,1e-27,91.7,69.492,7.84e-28,91.7,69.492
CC_1724,OANT_RS10670,0,629,74.057,0,629,74.057
CC_1725,OANT_RS10680,2.25e-12,55.8,37.778,1.96e-12,55.8,37.778
CC_1726,OANT_RS10685,1.47e-165,462,65.97,2.73e-158,444,65.97
CC_1727,OANT_RS10690,0,596,64.44,0,582,64.348
CC_1729,OANT_RS10695,4.18e-153,438,55.804,5.79e-151,432,55.011
CC_1731,OANT_RS10705,3.79e-178,505,54.747,3.16e-178,505,54.747
CC_1732,OANT_RS03335,3.27e-81,257,34.864,5.76e-77,246,34.864
CC_1735,OANT_RS10710,2.44e-174,483,70.219,1.92e-174,483,70.219
CC_1736,OANT_RS10715,2.15e-25,92,35.556,1.75e-25,92,35.556
CC_1737,OANT_RS10725,2.36e-44,141,50.685,1.88e-44,141,50.685
CC_1738,OANT_RS10730,3.61e-94,285,45.269,2.38e-91,277,45.013
CC_1739,OANT_RS10735,1.38e-86,260,47.771,3.38e-79,241,47.771
CC_1740,OANT_RS10740,1.46e-95,286,46.518,1.2e-95,286,46.518
CC_1741,OANT_RS10745,0,530,55.165,0,530,55.165
CC_1742,OANT_RS11480,1.76e-135,415,38.506,1.68e-131,405,38.129
CC_1743,OANT_RS11475,0,558,62.555,0,548,62.555
CC_1744,OANT_RS07370,7.7e-86,256,47.751,6.26e-86,256,47.751
CC_1745,OANT_RS11465,9.71e-42,128,79.452,7.36e-42,128,79.452
CC_1746,OANT_RS11460,2.39e-140,407,58.438,1.13e-140,407,58.186
CC_1747,OANT_RS11145,1.71e-96,282,53.257,1.36e-96,282,53.257
CC_1750,OANT_RS09490,9.75e-40,151,27.071,2.35e-40,153,27.1
CC_1758,OANT_RS00505,6.35e-135,420,34.515,3.98e-101,330,34.515
CC_1759,OANT_RS00500,3.34e-74,222,53.67,1.35e-63,195,54.206
CC_1760,OANT_RS00495,2.01e-48,155,41.667,2.41e-47,153,44.311
CC_1761,OANT_RS23680,2.82e-96,286,46.687,1e-95,285,46.687
CC_1763,OANT_RS10415,3.14e-95,292,36.913,2.62e-95,292,36.913
CC_1764,OANT_RS20280,9.44e-41,149,27.729,5.99e-41,149,27.729
CC_1766,OANT_RS22365,3.21e-57,176,52.41,2.06e-57,176,52.41
CC_1769,OANT_RS18370,4.32e-73,219,53.266,8.14e-75,224,51.818
CC_1770,OANT_RS00265,4.15e-40,127,53.719,3.13e-40,127,53.719
CC_1771,OANT_RS00260,6.89e-78,229,60.317,5.52e-78,229,60.317
CC_1772,OANT_RS00255,0,913,69.512,0,957,69.512
CC_1773,OANT_RS00250,1.65e-113,330,52.98,8.78e-113,328,50.968
CC_1774,OANT_RS19770,1.69e-73,235,37.17,1.18e-83,261,37.17
CC_1776,OANT_RS06180,1.45e-18,78.2,28.23,4.33e-18,76.6,28.042
CC_1784,OANT_RS20370,1.67e-15,64.7,37.273,1.81e-12,57,45.902
CC_1787,OANT_RS07495,1.7e-35,130,29.888,2.55e-31,119,31.884
CC_1788,OANT_RS07500,0,705,37.621,0,716,37.621
CC_1792,OANT_RS12900,6.01e-46,160,30.423,6.95e-42,149,30.133
CC_1799,OANT_RS11030,1.24e-10,60.5,25.606,6.37e-11,60.5,25.606
CC_1802,OANT_RS07575,2.79e-40,145,39.394,1.92e-40,145,39.394
CC_1803,OANT_RS17835,2.3e-39,134,41.004,2.43e-35,123,41.004
CC_1816,OANT_RS23625,1.76e-46,160,38.61,2.63e-46,159,39.113
CC_1821,OANT_RS10800,5.94e-79,237,45.865,4.8e-79,237,45.865
CC_1822,OANT_RS10795,4.19e-83,247,46.718,8.36e-77,231,46.718
CC_1823,OANT_RS10785,9.25e-51,169,37.419,8.41e-44,151,37.419
CC_1824,OANT_RS10780,2.18e-67,203,52.475,1.78e-67,203,52.475
CC_1825,OANT_RS10770,1.71e-45,157,50,9.26e-45,155,57.692
CC_1833,OANT_RS07385,1.9e-18,82,28.34,4.9e-18,80.5,28.216
CC_1834,OANT_RS21465,6.96e-37,121,52.991,3.99e-37,121,52.991
CC_1836,OANT_RS15660,3.41e-28,97.1,44.33,3.23e-28,97.1,44.33
CC_1837,OANT_RS03825,7.73e-30,113,34.538,6.94e-30,113,34.538
CC_1839,OANT_RS04685,3.35e-12,53.5,42.857,2.7e-12,53.5,42.857
CC_1843,OANT_RS18800,3.89e-65,198,49.761,3.24e-65,198,49.761
CC_1844,OANT_RS18805,0,1269,55.488,0,1269,55.488
CC_1845,OANT_RS18810,3.85e-20,75.9,44.578,2.52e-20,75.9,44.578
CC_1846,OANT_RS00645,6.69e-14,66.2,28.177,5.38e-14,66.2,28.177
CC_1847,OANT_RS11670,2.8e-159,459,60.733,1.54e-159,459,60.892
CC_1849,OANT_RS06835,6.19e-120,357,42.035,4.73e-120,357,42.035
CC_1858,OANT_RS11660,3.83e-33,109,52,3.7e-33,109,52
CC_1859,OANT_RS11685,7.4e-46,142,57.273,6.94e-46,142,57.273
CC_1860,OANT_RS11690,0,516,60.741,0,516,60.741
CC_1861,OANT_RS11695,3.53e-47,162,33.681,3.49e-47,162,33.681
CC_1862,OANT_RS11700,6.72e-116,329,63.347,5.4e-116,329,63.347
CC_1864,OANT_RS11705,0,805,74.606,0,805,74.606
CC_1865,OANT_RS11715,2.78e-81,251,43.669,3.67e-76,238,43.669
CC_1867,OANT_RS11720,6.07e-93,271,58.019,3.86e-93,271,58.019
CC_1869,OANT_RS16190,4.69e-113,332,49.593,3.59e-113,332,49.593
CC_1870,OANT_RS11730,4.8e-175,493,57.108,3.81e-175,493,57.108
CC_1871,OANT_RS11740,6.33e-70,205,64,5.08e-70,205,64
CC_1872,OANT_RS11750,2.63e-41,148,39.565,1.6e-41,149,39.565
CC_1874,OANT_RS11755,2.77e-155,438,60.465,2.06e-155,438,60.465
CC_1875,OANT_RS11760,0,669,46.71,0,671,46.839
CC_1876,OANT_RS11765,7.02e-57,188,36.623,5.61e-57,188,36.623
CC_1877,OANT_RS11775,5.95e-176,531,61.224,4.02e-175,528,62.383
CC_1878,OANT_RS11785,2.81e-70,229,33.259,5.33e-81,257,34.286
CC_1879,OANT_RS11790,1.62e-33,119,36,6.17e-35,123,36.916
CC_1880,OANT_RS01495,1.66e-58,184,43.725,2.25e-55,176,43.725
CC_1882,OANT_RS11795,6.32e-49,152,50.36,5.42e-49,152,50.36
CC_1883,OANT_RS11800,7.95e-45,142,57.419,2.34e-42,135,54.194
CC_1884,OANT_RS11805,0,660,71.332,0,634,71.332
CC_1885,OANT_RS11810,6.44e-66,199,51.648,4.57e-66,199,51.648
CC_1886,OANT_RS11815,2.04e-20,81.6,36.29,9.93e-21,81.6,36.29
CC_1887,OANT_RS11820,3.13e-30,102,47.222,3.22e-30,102,47.222
CC_1889,OANT_RS11045,4.39e-100,338,31.329,4.15e-80,281,35.039
CC_1892,OANT_RS13185,0,816,63.711,0,816,63.711
CC_1893,OANT_RS10645,7.11e-80,238,52.869,4.07e-70,213,52.869
CC_1894,OANT_RS10640,3.53e-41,156,28.571,4.13e-54,192,28.195
CC_1895,OANT_RS08315,2.09e-42,158,32.405,2.27e-43,161,35.689
CC_1898,OANT_RS10635,1.24e-104,308,49.405,3.83e-108,316,49.405
CC_1899,OANT_RS10630,3.6e-116,331,65,6.13e-114,325,65
CC_1901,OANT_RS17760,1.85e-42,144,35.897,1.46e-42,144,35.897
CC_1902,OANT_RS10610,9.67e-105,300,68.88,1.14e-103,297,67.635
CC_1903,OANT_RS15205,2.76e-15,70.9,29.717,2.82e-15,70.9,29.717
CC_1904,OANT_RS10605,2.69e-64,226,30.178,1.39e-51,189,29.926
CC_1905,OANT_RS10600,1.74e-165,473,52.917,2.72e-163,467,52.818
CC_1906,OANT_RS10595,0,639,68.765,0,639,68.765
CC_1909,OANT_RS10590,3.28e-53,179,35.068,2.59e-53,179,35.068
CC_1910,OANT_RS10585,1.99e-56,181,41.071,1.69e-56,181,41.071
CC_1911,OANT_RS10580,3.84e-67,207,43.969,1.47e-72,221,43.969
CC_1912,OANT_RS10575,6.66e-44,139,46.98,5.24e-44,139,46.98
CC_1913,OANT_RS10570,4.6e-81,248,40.698,5.26e-76,234,40.698
CC_1915,OANT_RS10565,1.5e-170,508,38.284,1e-164,493,38.284
CC_1916,OANT_RS10560,2.51e-73,231,38.251,2.03e-85,262,38.947
CC_1918,OANT_RS10555,1.34e-30,112,39.431,3.05e-40,137,39.37
CC_1919,OANT_RS10550,9.69e-74,223,48.899,7.6e-74,223,48.899
CC_1920,OANT_RS10545,4.37e-68,203,55.172,3.44e-68,203,55.172
CC_1921,OANT_RS10540,1.07e-85,252,53.975,3.88e-94,273,53.975
CC_1922,OANT_RS10535,8.05e-125,357,60.403,3.78e-122,349,60.855
CC_1923,OANT_RS10530,1.96e-134,377,70.27,5.76e-129,363,71.486
CC_1926,OANT_RS12475,0,1126,52.418,0,1126,52.418
CC_1929,OANT_RS12480,6.52e-90,261,59.817,2.56e-84,247,59.817
CC_1930,OANT_RS12485,5.26e-132,384,49.296,1.77e-138,400,49.296
CC_1931,OANT_RS12490,0,621,68.109,0,621,68.109
CC_1932,OANT_RS12495,1.13e-13,58.2,37.349,9.32e-14,58.2,37.349
CC_1933,OANT_RS12500,7.15e-48,148,52.593,5.5e-48,148,52.593
CC_1934,OANT_RS12505,2.3e-175,504,46.25,1.83e-175,504,46.25
CC_1936,OANT_RS12510,7.4e-41,138,38.866,5.18e-36,125,39.024
CC_1937,OANT_RS12515,1.1e-124,369,49.77,1.76e-127,376,48.157
CC_1938,OANT_RS12520,0,638,65.244,0,638,65.244
CC_1939,OANT_RS12525,0,682,54.161,0,672,54.161
CC_1940,OANT_RS12530,1.47e-46,142,77,2.59e-40,126,77
CC_1941,OANT_RS12535,1.52e-75,223,60.938,6.26e-69,206,59.701
CC_1942,OANT_RS12540,2.94e-89,255,76.25,2.34e-89,255,76.25
CC_1945,OANT_RS12545,1.36e-128,369,59.94,2.65e-128,369,59.819
CC_1946,OANT_RS12550,0,877,63.61,0,861,63.61
CC_1947,OANT_RS12555,0,644,71.101,0,644,71.101
CC_1950,OANT_RS12560,2.67e-69,214,55.34,1.94e-69,215,55.34
CC_1952,OANT_RS12565,0,658,78.535,0,658,78.535
CC_1954,OANT_RS12575,1.18e-91,264,69.886,9.68e-92,264,69.886
CC_1955,OANT_RS12580,1.17e-107,304,87.117,4.21e-98,279,87.117
CC_1956,OANT_RS12585,5.11e-60,177,72,3.94e-60,177,72
CC_1957,OANT_RS11280,1.07e-141,401,62.382,8.41e-142,401,62.382
CC_1959,OANT_RS11440,1.78e-24,85.9,50,1.41e-24,85.9,50
CC_1960,OANT_RS11445,0,1122,71.32,0,1149,71.32
CC_1961,OANT_RS11450,0,698,80.529,0,675,80.529
CC_1963,OANT_RS11455,6.03e-126,351,79.412,4.78e-126,351,79.412
CC_1964,OANT_RS11835,3.25e-117,349,42.857,3.98e-123,364,42.857
CC_1965,OANT_RS10840,7.44e-105,319,45.363,6.9e-104,316,45.161
CC_1968,OANT_RS10835,4.85e-61,179,77.679,3.86e-61,179,77.679
CC_1969,OANT_RS10830,0,691,68.737,0,691,68.737
CC_1970,OANT_RS21080,4.48e-26,111,24.265,1.17e-24,106,24.094
CC_1974,OANT_RS18895,0,858,64.023,0,852,65.644
CC_1975,OANT_RS10410,0,798,73.725,0,798,73.725
CC_1976,OANT_RS13025,6.37e-42,130,60.952,5.2e-33,108,60.952
CC_1977,OANT_RS10825,9.59e-51,163,40.435,3.16e-47,154,40.777
CC_1980,OANT_RS10810,4.11e-91,272,45.426,3.23e-91,272,45.426
CC_1981,OANT_RS18660,1.21e-19,76.3,39.2,1.07e-19,76.3,39.2
CC_1983,OANT_RS09115,1.14e-127,382,45.699,3.72e-119,360,45.989
CC_1984,OANT_RS09110,6.52e-78,236,45.42,1.16e-75,230,46.888
CC_1985,OANT_RS09105,4.07e-73,224,47.445,3.57e-73,224,47.445
CC_1987,OANT_RS12135,5.55e-13,63.9,30.165,2.5e-12,62,33.146
CC_1989,OANT_RS12140,5.4e-18,71.2,39.64,4.74e-18,71.2,39.64
CC_1991,OANT_RS09675,1.02e-134,409,42.964,2.15e-141,426,42.964
CC_1992,OANT_RS12150,8.28e-26,90.1,46.809,7.23e-26,90.1,46.809
CC_1993,OANT_RS12155,2.04e-82,247,46.831,2.57e-69,213,46.479
CC_1995,OANT_RS18915,3.48e-18,73.9,36.429,2.81e-18,73.9,36.429
CC_1996,OANT_RS12160,7.88e-30,119,31.179,1.89e-31,123,30.065
CC_1997,OANT_RS22100,3.2e-43,142,40.394,2.16e-46,150,40.394
CC_1998,OANT_RS12170,2.1e-91,268,53.15,1.65e-91,268,53.15
CC_1999,OANT_RS12175,2.69e-177,501,55.021,0,513,55.021
CC_2001,OANT_RS12180,1.1e-90,268,51.903,1.01e-79,240,51.903
CC_2002,OANT_RS12185,2.25e-13,63.2,41.758,5.79e-20,80.9,32.71
CC_2003,OANT_RS12190,1.18e-10,49.7,43.243,7.37e-17,65.1,43.243
CC_2004,OANT_RS12195,2.15e-60,187,53.234,3.12e-59,184,53.234
CC_2005,OANT_RS12200,2.02e-57,182,45.693,4.39e-64,199,45.693
CC_2006,OANT_RS12205,5.52e-113,329,51.32,4.37e-113,329,51.32
CC_2008,OANT_RS12225,1.66e-138,398,54.83,4.17e-144,412,54.83
CC_2009,OANT_RS12230,5.78e-40,126,55.238,4.53e-40,126,55.238
CC_2011,OANT_RS12240,7.17e-107,307,58.14,5.67e-107,307,58.14
CC_2016,OANT_RS05540,7.03e-88,265,41.813,5.57e-88,265,41.813
CC_2020,OANT_RS02310,6.21e-24,101,27.714,5.12e-17,80.1,27.252
CC_2040,OANT_RS20845,0,905,53.995,0,935,54.224
CC_2041,OANT_RS20840,1.1e-64,198,52.885,8.9e-65,198,52.885
CC_2045,OANT_RS20820,1.44e-27,117,31.034,1.09e-26,114,31.034
CC_2047,OANT_RS18835,6.18e-109,342,39.139,1.64e-105,333,39.139
CC_2051,OANT_RS06015,5.57e-159,456,49.467,3.18e-155,447,49.467
CC_2053,OANT_RS01455,4.13e-94,281,42.814,3.3e-94,281,42.814
CC_2054,OANT_RS06875,5.81e-60,193,37.888,4.84e-60,193,37.888
CC_2055,OANT_RS20420,0,745,61.706,0,734,61.706
CC_2056,OANT_RS20415,6.98e-40,134,36.522,1.15e-41,139,36.522
CC_2057,OANT_RS20410,1.44e-156,451,50.943,1.17e-154,446,50.943
CC_2061,OANT_RS21760,2.81e-10,58.2,20.629,8.67e-12,62,19.014
CC_2063,OANT_RS21745,1.42e-39,134,35.433,1.13e-39,134,35.433
CC_2064,OANT_RS21715,3.54e-91,267,54.44,6.88e-88,259,54.44
CC_2066,OANT_RS21695,4.32e-60,187,45.228,7.68e-57,178,44.493
CC_2068,OANT_RS02845,0,899,70.27,0,885,70.27
CC_2069,OANT_RS05820,1.63e-69,215,49.627,2.26e-69,214,49.627
CC_2070,OANT_RS02820,4.52e-23,81.6,54.321,3.61e-23,81.6,54.321
CC_2072,OANT_RS02815,5.85e-81,244,45.875,2.13e-67,210,46.026
CC_2082,OANT_RS23665,6.42e-13,66.6,26.198,7.91e-13,66.6,26.198
CC_2083,OANT_RS08925,1.27e-08,52.8,34.615,8.54e-09,52.8,34.615
CC_2084,OANT_RS12255,1.85e-62,190,47.368,1.68e-68,205,49.756
CC_2095,OANT_RS00330,2.33e-102,305,44.416,7.26e-99,295,44.359
CC_2096,OANT_RS07165,8.67e-15,67.8,30.114,6.97e-15,67.8,30.114
CC_2097,OANT_RS09360,4.13e-86,257,58.85,3.33e-86,257,58.85
CC_2098,OANT_RS09365,8.04e-72,221,46.237,6.69e-72,221,46.237
CC_2100,OANT_RS09380,0,866,68.718,0,866,68.718
CC_2101,OANT_RS09385,1.02e-66,199,55.978,8.36e-67,199,55.978
CC_2102,OANT_RS09205,4.81e-37,123,47.244,2.54e-34,116,50
CC_2105,OANT_RS07290,8.79e-11,62,29.714,2.29e-11,63.2,29.714
CC_2109,OANT_RS15645,0,686,71.429,0,667,71.429
CC_2110,OANT_RS23715,6.74e-21,80.9,38.462,7.1e-18,73.2,36.364
CC_2113,OANT_RS02705,3.54e-111,324,52.615,9.42e-108,315,52.615
CC_2114,OANT_RS02695,1.82e-21,87.4,35.714,4.39e-27,102,35.714
CC_2119,OANT_RS20590,3.48e-16,70.5,34.286,2.72e-16,70.5,34.286
CC_2120,OANT_RS09425,0,520,74.926,0,541,74.926
CC_2122,OANT_RS10420,3.13e-51,160,49.451,2.4e-51,160,49.451
CC_2124,OANT_RS09320,1.59e-148,414,74.905,1.2e-148,414,74.905
CC_2126,OANT_RS09325,8.86e-58,176,52.381,7.18e-58,176,52.381
CC_2134,OANT_RS09000,8.82e-45,148,41.799,6.43e-45,148,41.799
CC_2136,OANT_RS14345,2.52e-101,308,41.609,2.17e-101,308,41.609
CC_2137,OANT_RS01000,0,1197,66.741,0,1197,66.741
CC_2140,OANT_RS08960,2.88e-124,355,59.655,2.81e-118,340,59.31
CC_2141,OANT_RS08955,1.37e-93,279,44.969,1.11e-86,261,44.969
CC_2143,OANT_RS20570,4.2e-20,85.9,28.526,2.66e-17,77.8,28.526
CC_2147,OANT_RS19355,5.56e-61,194,37.624,4.39e-61,194,37.624
CC_2148,OANT_RS08930,0,746,67.086,0,774,67.086
CC_2156,OANT_RS10510,9.43e-142,406,51.562,2.5e-135,389,51.562
CC_2157,OANT_RS10515,8.42e-36,125,37.344,6.3e-36,125,37.344
CC_2158,OANT_RS10520,9.9e-41,130,51.471,8.99e-41,130,51.471
CC_2161,OANT_RS10480,2.84e-98,299,40.466,4.14e-97,296,41.763
CC_2162,OANT_RS09435,1.77e-149,427,53.117,1.36e-149,427,53.117
CC_2166,OANT_RS02230,1.28e-69,214,43.463,9.88e-68,209,43.31
CC_2167,OANT_RS10470,1.16e-34,114,47.552,1.01e-34,114,47.552
CC_2168,OANT_RS00210,0,607,54.737,0,610,55.142
CC_2169,OANT_RS00220,1.51e-49,161,39.113,2.81e-53,171,40
CC_2170,OANT_RS00205,0,751,68.657,0,751,68.657
CC_2171,OANT_RS11195,4.23e-24,100,29.391,1.79e-24,100,29.391
CC_2172,OANT_RS00200,0,558,70.106,0,543,70.106
CC_2174,OANT_RS17110,9.61e-51,176,29.108,7.22e-51,176,29.108
CC_2176,OANT_RS18885,1.52e-102,295,66.972,1.66e-95,277,66.972
CC_2179,OANT_RS10405,0,746,56.93,0,746,56.93
CC_2181,OANT_RS15885,1.83e-20,80.1,41.732,9.8e-21,80.5,41.732
CC_2183,OANT_RS17415,1.98e-33,112,52.137,1.47e-33,112,52.137
CC_2185,OANT_RS09660,3.33e-57,176,51.705,2.4e-57,176,51.705
CC_2187,OANT_RS15785,6.97e-53,175,39.879,6.11e-53,175,39.879
CC_2195,OANT_RS06550,2.06e-37,126,37.766,1.59e-37,126,37.766
CC_2196,OANT_RS06545,3.45e-28,102,41.259,3.13e-28,101,41.429
CC_2200,OANT_RS06540,7.33e-88,253,66.102,5.94e-88,253,66.102
CC_2201,OANT_RS06535,3.02e-47,152,47.059,2.04e-46,149,51.163
CC_2202,OANT_RS14040,8.63e-40,129,46.875,5.62e-36,119,46.875
CC_2205,OANT_RS06530,2.04e-83,249,48.299,1.7e-83,249,48.299
CC_2209,OANT_RS05280,2.47e-16,72.4,30.918,2.95e-12,61.2,30.918
CC_2210,OANT_RS05160,1.58e-27,102,32.9,1.43e-27,102,32.9
CC_2211,OANT_RS05155,0,586,65.148,0,586,65.148
CC_2213,OANT_RS05145,4.31e-152,434,54.118,3.44e-152,434,54.118
CC_2214,OANT_RS05135,3.33e-24,90.5,35.119,2.69e-24,90.5,35.119
CC_2216,OANT_RS05080,1.1e-94,273,60,8.62e-95,273,60
CC_2217,OANT_RS05085,4.7e-43,148,34.016,3.42e-31,116,34.862
CC_2218,OANT_RS05090,9e-41,137,39.205,1.05e-40,137,39.205
CC_2219,OANT_RS05095,2.94e-50,162,39.738,5e-49,159,39.738
CC_2220,OANT_RS05110,1.86e-48,153,45.882,1.56e-48,153,45.882
CC_2223,OANT_RS05125,4.24e-115,336,48.315,7.19e-119,345,48.315
CC_2224,OANT_RS05120,4.43e-123,352,58,3.53e-123,352,58
CC_2237,OANT_RS02095,3.85e-123,357,52.235,3.06e-123,357,52.235
CC_2238,OANT_RS02090,7.49e-164,463,57.252,7.02e-167,470,57.252
CC_2239,OANT_RS02085,5.15e-39,126,50.388,3.04e-39,126,50.388
CC_2241,OANT_RS02080,2.77e-83,252,45.192,2.5e-83,252,45.192
CC_2242,OANT_RS02075,3.86e-117,337,55.738,3.08e-117,337,55.738
CC_2243,OANT_RS02070,3.49e-159,451,56.489,1.16e-156,444,57.447
CC_2245,OANT_RS02065,4.64e-41,134,46.629,1.02e-40,133,44.944
CC_2246,OANT_RS15520,1.32e-135,400,45.92,6.65e-134,395,47.082
CC_2250,OANT_RS12340,6.03e-44,150,30.451,1.31e-46,156,30.108
CC_2252,OANT_RS22080,1.96e-65,202,47.39,1.48e-66,205,47.39
CC_2253,OANT_RS22075,1.24e-45,155,33.123,9.97e-46,155,33.123
CC_2258,OANT_RS22065,1.9e-53,163,56.835,1.55e-53,163,56.835
CC_2261,OANT_RS06860,1.89e-56,176,46.948,1.31e-56,176,46.948
CC_2263,OANT_RS22015,7.02e-96,284,53.061,2.36e-101,298,53.061
CC_2265,OANT_RS00740,3.65e-39,127,45.833,2.95e-39,127,45.833
CC_2268,OANT_RS06790,1.21e-103,295,68.599,9.66e-104,295,68.599
CC_2271,OANT_RS11050,8.98e-33,112,41.135,8.22e-27,97.1,41.135
CC_2275,OANT_RS09840,1.19e-21,84,34.568,5.03e-18,73.9,34.568
CC_2277,OANT_RS21855,5.35e-10,56.6,28.017,4.6e-10,56.6,28.017
CC_2294,OANT_RS08800,1.15e-41,140,37.597,1.77e-37,129,36.726
CC_2298,OANT_RS22645,7.15e-16,73.6,26.699,4.09e-16,73.9,26.699
CC_2300,OANT_RS10870,0,634,68.514,0,655,68.514
CC_2302,OANT_RS10865,1.39e-167,478,52.423,1.1e-167,478,52.423
CC_2303,OANT_RS10855,1.98e-59,184,50,1.61e-59,184,50
CC_2304,OANT_RS18825,2.6e-138,402,48.63,2.59e-133,389,48.63
CC_2305,OANT_RS10850,3.7e-49,158,42.439,3.95e-48,155,42.439
CC_2309,OANT_RS20375,6.53e-95,274,65.072,1.05e-89,260,65.072
CC_2312,OANT_RS06090,4.25e-43,144,42.079,1.12e-41,139,42.079
CC_2314,OANT_RS08225,3.9e-76,230,52.326,1.07e-80,241,52.326
CC_2318,OANT_RS10925,3.62e-68,217,38.564,1.64e-73,231,38.564
CC_2319,OANT_RS10930,4.25e-72,220,49.794,1.37e-70,216,49.794
CC_2320,OANT_RS10935,8.28e-29,110,27.245,7e-29,110,27.245
CC_2323,OANT_RS10435,2.95e-23,97.1,27.184,2.25e-23,97.1,27.184
CC_2326,OANT_RS25020,1.65e-09,55.1,29.53,6.22e-09,54.3,29.53
CC_2331,OANT_RS24040,1.42e-32,106,53.846,1.13e-32,106,53.846
CC_2333,OANT_RS22185,2.05e-58,189,48.108,7.07e-59,189,48.108
CC_2335,OANT_RS06450,4.39e-40,129,48.921,4.1e-40,129,48.921
CC_2336,OANT_RS06445,2.06e-50,167,43.21,3.94e-49,164,45.217
CC_2340,OANT_RS01695,1.25e-12,53.5,55.814,1.24e-12,53.5,55.814
CC_2342,OANT_RS01700,8.59e-74,218,56.853,7.38e-74,218,56.853
CC_2343,OANT_RS01705,3.4e-46,139,91.667,2.71e-46,139,91.667
CC_2344,OANT_RS01710,3.91e-36,119,45.07,3.14e-36,119,45.07
CC_2345,OANT_RS01715,4.98e-60,181,55.625,4e-60,181,55.625
CC_2346,OANT_RS01720,1.45e-168,477,58.195,3.89e-163,463,58.195
CC_2349,OANT_RS01725,7.95e-28,98.6,35.915,5.65e-28,98.6,35.915
CC_2350,OANT_RS01730,1.45e-166,472,59.907,1.71e-172,487,59.907
CC_2352,OANT_RS08665,1.48e-31,116,30.534,1.18e-31,116,30.534
CC_2354,OANT_RS15215,2.2e-89,275,41.73,3.5e-95,290,41.584
CC_2360,OANT_RS18040,3.2e-71,215,51.883,2.74e-65,200,51.883
CC_2368,OANT_RS25215,3.58e-34,115,40.881,2.96e-34,115,40.881
CC_2369,OANT_RS19660,0,1347,58.272,0,1331,58.272
CC_2372,OANT_RS20865,1.29e-162,454,71.25,4.19e-164,457,71.25
CC_2374,OANT_RS10400,0,865,60.674,0,850,60.674
CC_2378,OANT_RS03170,8.42e-100,294,50.779,6.73e-100,294,50.779
CC_2382,OANT_RS22765,4.19e-180,508,61.379,0,529,61.379
CC_2392,OANT_RS06640,3.6e-18,77.8,35.266,3.91e-16,72,33.659
CC_2394,OANT_RS08895,1.96e-13,67.4,24.503,3.26e-14,69.7,24.503
CC_2395,OANT_RS04295,3.58e-15,70.9,26.502,2.71e-15,70.9,26.502
CC_2403,OANT_RS19245,7.83e-33,119,28.044,6.8e-33,119,28.044
CC_2404,OANT_RS19250,7.92e-173,485,60.256,6.28e-173,485,60.256
CC_2405,OANT_RS19235,2.15e-69,210,50,1.67e-69,210,50
CC_2406,OANT_RS19230,1.48e-64,197,47.264,3.2e-64,196,47.236
CC_2407,OANT_RS19225,0,548,69.5,0,548,69.5
CC_2408,OANT_RS19270,6.5e-66,201,46.862,5.43e-66,201,46.862
CC_2409,OANT_RS19275,2.43e-41,137,41.346,1.84e-41,137,41.346
CC_2410,OANT_RS19280,5.82e-37,134,31.737,4.3e-37,134,31.737
CC_2411,OANT_RS19260,1.19e-42,147,35.246,6.35e-43,147,35.246
CC_2412,OANT_RS18415,1.37e-21,93.2,29.24,9.53e-17,78.6,28.226
CC_2416,OANT_RS23515,7.46e-27,102,43.165,9.58e-27,102,43.165
CC_2418,OANT_RS23505,4.93e-14,59.3,36.264,5e-16,64.3,36.264
CC_2419,OANT_RS23500,0,608,39.797,0,597,39.67
CC_2420,OANT_RS23480,2.54e-13,67.4,23.305,2.66e-09,54.7,22.477
CC_2421,OANT_RS23470,1.32e-39,135,37.264,2.96e-39,134,37.037
CC_2422,OANT_RS23465,5.84e-49,167,43.498,1.71e-48,166,43.75
CC_2423,OANT_RS23460,3.33e-84,255,41.896,1.83e-84,255,41.896
CC_2425,OANT_RS13015,1.59e-83,265,40.27,2.05e-83,265,40.27
CC_2428,OANT_RS02050,3e-41,140,34.914,2.47e-41,140,34.914
CC_2433,OANT_RS13765,7.71e-10,48.1,39.062,5.68e-10,48.1,39.062
CC_2434,OANT_RS13775,1.15e-101,292,58.75,8.95e-102,292,58.75
CC_2435,OANT_RS13295,8.6e-17,70.1,50,1.87e-17,70.9,50
CC_2436,OANT_RS11830,0,669,65.269,0,669,65.269
CC_2437,OANT_RS18910,0,649,68.228,0,649,68.228
CC_2438,OANT_RS18920,7.46e-25,87,51.579,2.74e-29,97.8,51.579
CC_2439,OANT_RS18930,1.55e-42,136,49.359,1.31e-42,136,49.359
CC_2443,OANT_RS18940,2.28e-135,385,68.106,1.46e-136,387,68.106
CC_2444,OANT_RS18945,1.76e-123,362,47.281,1.1e-123,363,47.281
CC_2446,OANT_RS18950,8.6e-60,184,57.071,2.7e-55,172,55.556
CC_2447,OANT_RS18955,1.98e-95,287,45.989,5.8e-94,283,45.989
CC_2448,OANT_RS11130,2.12e-35,129,38.571,2.72e-35,127,38.571
CC_2451,OANT_RS18965,0,1110,64.414,0,1102,65.833
CC_2453,OANT_RS18970,0,696,50.789,0,698,50.789
CC_2455,OANT_RS11780,4.84e-97,291,42.147,4.82e-101,301,43.194
CC_2456,OANT_RS17165,2.02e-70,224,38.56,7.35e-63,204,38.56
CC_2457,OANT_RS18980,4.28e-41,139,43.434,2.07e-38,131,43.434
CC_2459,OANT_RS18990,5.22e-25,84.3,74.545,4.16e-25,84.3,74.545
CC_2462,OANT_RS18995,1.19e-152,439,49.458,9.6e-153,439,49.458
CC_2463,OANT_RS19000,3.19e-69,201,79.167,2.4e-69,201,79.167
CC_2465,OANT_RS18035,3.32e-31,115,33.993,3.93e-25,99.4,33.993
CC_2466,OANT_RS19015,8.91e-142,409,50.966,7.56e-142,409,50.966
CC_2467,OANT_RS10485,1.04e-54,164,69.444,7.57e-55,164,69.444
CC_2468,OANT_RS10490,0,1143,71.114,0,1144,71.748
CC_2470,OANT_RS10505,5.02e-52,159,55.634,3.89e-52,159,55.634
CC_2481,OANT_RS13810,0,812,49.549,0,779,49.549
CC_2482,OANT_RS13815,5.66e-117,370,38.742,1.66e-113,361,38.079
CC_2487,OANT_RS12350,0,631,71.594,0,612,71.594
CC_2490,OANT_RS12370,2.61e-28,96.3,52.336,2.14e-28,96.3,52.336
CC_2491,OANT_RS12375,1.98e-137,384,72.581,1.59e-137,384,72.581
CC_2492,OANT_RS12380,4.71e-24,84,53.165,3.8e-24,84,53.165
CC_2493,OANT_RS09795,6.34e-08,48.1,30.769,4.23e-08,48.1,30.769
CC_2497,OANT_RS12385,9.82e-89,258,58.605,7.93e-89,258,58.605
CC_2500,OANT_RS12410,0,867,60.298,0,871,60.298
CC_2503,OANT_RS12415,1.46e-19,73.2,44.928,9.15e-20,73.2,44.928
CC_2505,OANT_RS12420,4.78e-46,141,63,3.71e-46,141,63
CC_2509,OANT_RS05640,8.84e-110,319,56.918,6.94e-111,322,55.758
CC_2511,OANT_RS12445,8.25e-118,330,73.529,6.58e-118,330,73.529
CC_2515,OANT_RS00715,6.04e-94,276,51.439,4.83e-94,276,51.439
CC_2516,OANT_RS00730,0,586,75.405,0,561,75.405
CC_2517,OANT_RS21900,2.23e-65,204,41.844,1.81e-65,204,41.844
CC_2520,OANT_RS10370,5.31e-61,191,45.106,4.73e-61,191,45.106
CC_2522,OANT_RS10355,0,747,88.089,0,747,88.089
CC_2529,OANT_RS10330,0,1122,66.168,0,1150,65.611
CC_2533,OANT_RS22840,1.69e-38,142,31.672,3.83e-42,153,31.672
CC_2534,OANT_RS18470,3.08e-71,224,36.188,1.06e-66,213,36.857
CC_2535,OANT_RS02635,5.09e-54,167,50.955,3.41e-54,167,50.955
CC_2540,OANT_RS09100,2.68e-132,392,66.94,7.68e-144,422,63.704
CC_2541,OANT_RS09095,3.85e-97,295,41.509,4.04e-97,295,41.509
CC_2542,OANT_RS09090,5.4e-38,134,34.934,4.49e-38,134,34.934
CC_2543,OANT_RS09085,5.2e-104,304,54.545,2.34e-105,307,54.545
CC_2545,OANT_RS09080,5.43e-101,296,53.741,1.02e-106,310,53.741
CC_2546,OANT_RS09075,0,556,62.907,0,554,62.907
CC_2551,OANT_RS09070,7.89e-93,280,44.818,2.93e-90,273,44.818
CC_2552,OANT_RS09065,2e-130,377,51.499,1.58e-130,377,51.499
CC_2555,OANT_RS03140,3.97e-164,479,46.007,1.98e-147,436,46.007
CC_2556,OANT_RS09060,4e-159,456,53.053,1.93e-156,449,53.548
CC_2557,OANT_RS09055,2.29e-86,263,51.504,5.02e-87,264,51.504
CC_2558,OANT_RS09050,6.47e-105,318,41.739,4.19e-102,310,41.739
CC_2559,OANT_RS09045,1.24e-148,431,52.851,3.48e-145,422,52.802
CC_2560,OANT_RS09040,1.84e-107,333,38.993,8.93e-107,331,40.08
CC_2562,OANT_RS09030,5.26e-104,305,54.167,3.78e-96,285,54.167
CC_2567,OANT_RS09005,4.34e-81,241,54.31,3.83e-81,241,54.31
CC_2580,OANT_RS11005,4.65e-72,209,74.046,3.97e-63,187,72.881
CC_2582,OANT_RS21705,7.98e-104,309,49.284,6.96e-104,309,49.284
CC_2586,OANT_RS24815,2.75e-46,161,32.703,1.41e-39,143,33.151
CC_2587,OANT_RS04975,1.25e-151,442,49.046,4.65e-156,453,49.046
CC_2590,OANT_RS11420,0,1433,72.859,0,1428,72.859
CC_2594,OANT_RS17985,3.49e-12,60.1,28.105,3.19e-12,60.1,28.105
CC_2598,OANT_RS12130,0,654,67.511,0,656,67.368
CC_2603,OANT_RS01840,8.04e-50,171,29.688,1.89e-48,167,29.688
CC_2605,OANT_RS02355,1.73e-138,397,61.905,2.15e-138,397,61.905
CC_2607,OANT_RS02385,6.69e-107,318,41.076,5.54e-107,318,41.076
CC_2608,OANT_RS22835,2.22e-40,135,34.928,1.66e-40,135,34.928
CC_2610,OANT_RS14450,4.92e-24,103,33.113,1.04e-18,86.3,31.429
CC_2615,OANT_RS22930,6.84e-42,145,35.125,5.25e-42,145,35.125
CC_2616,OANT_RS02390,3.18e-144,415,48.931,2.57e-144,415,48.931
CC_2617,OANT_RS02375,1.24e-25,101,31.646,2.06e-38,135,33.333
CC_2618,OANT_RS02370,0,853,58.094,0,863,58.094
CC_2619,OANT_RS02365,1.04e-158,456,51.055,3.4e-146,424,51.055
CC_2620,OANT_RS02360,2.54e-33,110,48.246,2.13e-33,110,48.246
CC_2622,OANT_RS10890,0,804,58.411,0,857,58.411
CC_2625,OANT_RS21535,7.59e-28,97.8,44.776,1.52e-34,114,46.269
CC_2626,OANT_RS10075,1.42e-34,115,41.844,1.03e-34,115,41.844
CC_2627,OANT_RS10070,5.22e-19,79.7,33.48,4.69e-19,79.7,33.48
CC_2631,OANT_RS05915,1.71e-163,478,45.983,7.03e-136,407,45.983
CC_2633,OANT_RS19985,1.63e-72,225,41.176,1.31e-72,225,41.176
CC_2634,OANT_RS19965,5.01e-69,211,47.39,2.03e-65,201,47.39
CC_2635,OANT_RS19970,1.86e-51,166,42.972,1.63e-51,166,42.972
CC_2640,OANT_RS10065,3.97e-08,49.7,30.303,2.73e-08,49.7,30.303
CC_2641,OANT_RS05920,2.92e-118,340,54.777,7.99e-112,324,54.777
CC_2642,OANT_RS14050,3.12e-172,496,46.082,2.46e-172,496,46.082
CC_2643,OANT_RS10050,7.14e-72,212,54.335,5.66e-72,212,54.335
CC_2647,OANT_RS11615,7.3e-59,181,42.233,5.58e-59,181,42.233
CC_2651,OANT_RS10015,4.21e-97,283,50.195,3.3e-97,283,50.195
CC_2652,OANT_RS21375,1.16e-17,75.1,33.537,9.24e-18,75.1,33.537
CC_2653,OANT_RS11155,3.31e-46,147,42.623,9.37e-44,141,42.857
CC_2654,OANT_RS10425,5.81e-79,228,68.707,4.75e-79,228,68.707
CC_2655,OANT_RS22205,2.4e-34,122,33.858,2.05e-34,122,33.858
CC_2664,OANT_RS03800,7.78e-65,201,44.304,5.99e-65,201,44.304
CC_2668,OANT_RS19575,1.18e-57,179,50.739,3.45e-42,140,50.739
CC_2669,OANT_RS07200,3.48e-100,296,49.695,4.65e-94,281,50.318
CC_2674,OANT_RS11065,1.59e-68,209,45.306,1.27e-68,209,45.306
CC_2675,OANT_RS09935,1.02e-75,226,48.43,1.44e-72,218,48.43
CC_2677,OANT_RS09930,2.58e-124,352,62.791,2.05e-124,352,62.791
CC_2680,OANT_RS09925,6.38e-62,191,53.333,2.27e-62,192,53.333
CC_2681,OANT_RS09580,8.38e-13,66.6,23.821,6.59e-13,66.6,24.057
CC_2683,OANT_RS24035,9.7e-17,68.2,39.423,7.07e-17,68.2,39.423
CC_2685,OANT_RS16670,2.27e-84,260,44.529,1.18e-76,239,44.529
CC_2686,OANT_RS16665,4.73e-73,226,42.368,2.04e-73,227,47.177
CC_2687,OANT_RS16660,1.73e-85,251,53.363,1.24e-85,251,53.363
CC_2688,OANT_RS16655,7.34e-100,302,51.523,8.35e-100,302,49.647
CC_2694,OANT_RS09735,0,539,58.246,0,539,58.246
CC_2705,OANT_RS09605,2.67e-14,58.9,42.029,2.13e-14,58.9,42.029
CC_2706,OANT_RS03455,3.25e-13,55.8,46.377,2.59e-13,55.8,46.377
CC_2708,OANT_RS14395,2.43e-28,109,31.229,2.56e-28,109,31.699
CC_2726,OANT_RS16605,1.81e-127,391,43.077,8.26e-122,376,43.077
CC_2727,OANT_RS16795,1.06e-22,85.5,67.213,2.48e-22,85.5,68.966
CC_2728,OANT_RS26010,2.12e-53,166,72.807,1.89e-57,177,75.893
CC_2729,OANT_RS26020,2.76e-46,149,68.269,7.07e-47,149,68.269
CC_2739,OANT_RS23780,3.48e-25,92.8,44.615,1.27e-20,81.3,44.275
CC_2740,OANT_RS23275,1e-89,270,47.432,4.16e-98,291,47.432
CC_2741,OANT_RS23325,6.68e-38,127,72.727,4.53e-38,129,72.727
CC_2742,OANT_RS23065,5.85e-117,333,78.414,6.31e-118,335,78.414
CC_2746,OANT_RS09915,1.95e-19,86.3,26.171,1.25e-18,83.2,29.487
CC_2747,OANT_RS07060,2.37e-38,130,37.688,1.64e-38,130,37.688
CC_2748,OANT_RS07065,1.53e-127,364,60.131,3.6e-133,378,60.458
CC_2753,OANT_RS13820,0,657,42.368,0,618,42.933
CC_2755,OANT_RS13825,6.6e-76,243,35.789,1.41e-68,223,35.789
CC_2757,OANT_RS13830,5.35e-98,282,63.801,4.49e-98,282,63.801
CC_2758,OANT_RS13835,5.56e-114,345,40.441,7.67e-110,334,39.852
CC_2759,OANT_RS13840,7.36e-42,134,52.941,6.28e-36,119,53.03
CC_2760,OANT_RS13845,0,618,48.485,0,599,48.758
CC_2761,OANT_RS13850,1.9e-40,131,46.528,1.54e-40,131,46.528
CC_2762,OANT_RS13855,1.03e-21,92.4,29.747,6.21e-24,98.6,30.028
CC_2765,OANT_RS13865,1.63e-74,238,34.649,6.61e-60,199,34.498
CC_2766,OANT_RS13870,1.32e-112,319,68.61,3.33e-104,298,68.61
CC_2772,OANT_RS02780,1.1e-61,196,42.056,5.43e-64,202,42.284
CC_2779,OANT_RS25155,9.38e-09,50.8,49.091,7.77e-08,50.1,49.057
CC_2788,OANT_RS01285,4.25e-12,64.7,25.291,5.27e-12,63.9,27.124
CC_2794,OANT_RS01845,6.12e-65,199,51.813,6.55e-62,191,51.813
CC_2796,OANT_RS20105,8.44e-20,76.3,37.615,6.42e-20,76.3,37.615
CC_2797,OANT_RS03780,1e-14,69.7,26.259,6.74e-14,67,26.522
CC_2809,OANT_RS22460,8.7e-62,202,37.5,6.7e-62,202,37.5
CC_2812,OANT_RS19440,3.42e-36,134,26.551,2.72e-36,134,26.551
CC_2815,OANT_RS00185,1.56e-21,92,27.397,2.06e-19,85.5,27.397
CC_2826,OANT_RS08380,3.55e-108,316,50.784,6.84e-107,313,50.799
CC_2827,OANT_RS08375,1.21e-17,78.6,28.788,4.3e-17,77,27.668
CC_2834,OANT_RS08755,0,512,65.172,4.03e-176,493,65.172
CC_2837,OANT_RS17865,3.22e-29,113,31.662,4.8e-33,124,31.662
CC_2848,OANT_RS08640,3.8e-70,206,62.42,3.03e-70,206,62.42
CC_2861,OANT_RS05185,9.47e-29,108,30.325,4.61e-21,87.4,28.47
CC_2862,OANT_RS24475,6.44e-45,149,48.8,1.26e-36,127,51.5
CC_2864,OANT_RS24470,7.06e-26,91.3,48.276,5.27e-26,91.3,48.276
CC_2866,OANT_RS24465,9.34e-91,272,51.515,1.2e-90,272,51.515
CC_2867,OANT_RS24565,7.09e-25,87.4,46.237,5.32e-25,87.4,46.237
CC_2871,OANT_RS08660,3.29e-144,408,64.087,3.07e-150,423,63.889
CC_2877,OANT_RS12720,5.7e-23,95.1,26.042,7.87e-23,94.4,26.816
CC_2881,OANT_RS13435,0,768,57.757,0,745,57.645
CC_2896,OANT_RS26090,2.01e-17,73.2,35.714,2.5e-17,73.2,35.714
CC_2900,OANT_RS08735,0,1489,65.476,0,1481,65.306
CC_2903,OANT_RS08720,2.25e-35,111,73.913,1.79e-35,111,73.913
CC_2908,OANT_RS13440,2.9e-21,84.3,38.942,1.02e-24,93.2,39.512
CC_2912,OANT_RS02245,1.61e-137,392,59.177,1.12e-137,392,59.177
CC_2913,OANT_RS02250,3.77e-121,362,49.798,4.75e-111,336,49.798
CC_2915,OANT_RS02255,1.9e-102,298,57.143,1.53e-102,298,57.143
CC_2918,OANT_RS19780,1.37e-24,92,33.908,1.07e-24,92,33.908
CC_2929,OANT_RS08570,7.25e-162,449,71.626,5.78e-162,449,71.626
CC_2930,OANT_RS08560,1.87e-10,53.9,32.609,1.54e-10,53.9,32.609
CC_2931,OANT_RS08555,4.32e-68,207,50,6.2e-64,196,50
CC_2932,OANT_RS08550,1.13e-118,351,43.807,3.95e-120,355,43.807
CC_2933,OANT_RS00100,3.13e-115,330,59.206,1.58e-104,303,59.206
CC_2934,OANT_RS00095,5.27e-68,207,48.536,4.26e-68,207,48.536
CC_2935,OANT_RS00090,6.51e-34,119,41.071,5.27e-32,113,38.728
CC_2936,OANT_RS03775,4.19e-64,200,40.727,3.42e-64,200,40.727
CC_2937,OANT_RS03765,6.04e-141,409,53.271,2.32e-146,423,53.271
CC_2938,OANT_RS03760,1.88e-30,112,34.762,1.69e-25,99.4,34.762
CC_2940,OANT_RS03755,2.55e-108,318,52.16,5.41e-96,286,52.16
CC_2941,OANT_RS03750,1.07e-68,215,39.628,3.66e-65,206,39.628
CC_2942,OANT_RS03745,0,673,65.551,0,665,70.087
CC_2943,OANT_RS03740,9.16e-136,397,47.328,6.52e-136,397,47.328
CC_2944,OANT_RS03735,3.04e-13,63.9,47.692,1.75e-13,64.3,47.692
CC_2945,OANT_RS03730,3.68e-84,268,34.549,9.42e-83,264,34.549
CC_2946,OANT_RS03725,2.61e-35,125,36.652,3.08e-37,130,35.581
CC_2947,OANT_RS03720,1.37e-15,68.2,38.926,1.31e-15,67.8,38.926
CC_2948,OANT_RS12915,2.64e-19,70.5,63.793,2.1e-19,70.5,63.793
CC_2950,OANT_RS03705,2.3e-20,81.3,27.326,1.87e-20,81.3,27.326
CC_2951,OANT_RS03700,5.45e-21,82.8,29.05,4.32e-21,82.8,29.05
CC_2952,OANT_RS21980,5.64e-15,69.3,29.048,4.37e-11,57.8,27.962
CC_2953,OANT_RS21975,4.25e-51,176,41.406,2.98e-51,176,41.406
CC_2954,OANT_RS05615,3.33e-45,161,29.478,5.83e-48,169,29.673
CC_2960,OANT_RS15140,9.04e-41,142,31.19,7.32e-41,142,31.19
CC_2962,OANT_RS07635,2.61e-48,148,58.974,2.08e-48,148,58.974
CC_2967,OANT_RS02605,5.43e-45,159,57.364,3.75e-45,159,57.364
CC_2973,OANT_RS06705,1.36e-49,157,44.335,1.04e-49,157,44.335
CC_2979,OANT_RS14350,6.66e-10,52.8,31.387,1.47e-09,52,31.387
CC_2981,OANT_RS08605,0,1090,75.501,0,1092,75.501
CC_2994,OANT_RS02595,1.93e-10,52.4,32.143,5.14e-09,48.5,32.143
CC_2995,OANT_RS04695,4.69e-127,363,60.383,2.36e-138,391,60.383
CC_2997,OANT_RS00710,5.11e-61,203,33.48,2.35e-60,201,33.48
CC_3002,OANT_RS04105,5.78e-139,394,59.159,4.51e-139,394,59.159
CC_3005,OANT_RS08890,2.66e-28,94,72.059,2.12e-28,94,72.059
CC_3006,OANT_RS04700,8.66e-82,247,45.847,5.23e-81,244,45.847
CC_3008,OANT_RS04710,3.21e-57,176,51.955,2.51e-57,176,51.955
CC_3009,OANT_RS04715,5.79e-121,352,54.372,9.8e-129,371,54.372
CC_3010,OANT_RS04730,6.09e-38,128,37.037,1.03e-36,125,35.648
CC_3011,OANT_RS04725,9.31e-18,68.9,43.956,2.09e-19,73.2,46.591
CC_3015,OANT_RS00580,9.33e-16,65.5,37.391,7.74e-16,65.5,37.391
CC_3017,OANT_RS04720,3.91e-141,406,53.077,3.38e-141,406,53.077
CC_3021,OANT_RS04735,0,503,74.224,0,503,74.224
CC_3033,OANT_RS10815,1.38e-14,70.1,28.311,1.98e-13,66.6,28.311
CC_3034,OANT_RS05365,2.53e-53,186,45.729,3.99e-53,186,45.729
CC_3035,OANT_RS08180,2.38e-140,389,80.519,1.91e-140,389,80.519
CC_3040,OANT_RS21740,2.6e-109,327,44.573,4.26e-107,322,44.573
CC_3044,OANT_RS00570,0,948,76.471,0,969,76.471
CC_3045,OANT_RS17615,6.61e-41,141,32.877,5.21e-41,141,32.877
CC_3047,OANT_RS08775,0,864,68.477,0,855,68.326
CC_3049,OANT_RS08770,4.56e-128,389,36.738,3.24e-131,397,37.67
CC_3056,OANT_RS07625,1.35e-21,81.6,36.752,1.09e-21,81.6,36.752
CC_3062,OANT_RS22395,4.47e-17,78.2,30.542,3.11e-23,95.5,31.646
CC_3066,OANT_RS05275,4.51e-135,390,53.713,1.02e-135,392,53.713
CC_3067,OANT_RS05270,1.42e-24,98.6,34.518,1.31e-24,98.6,34.694
CC_3068,OANT_RS05265,0,1060,60.086,0,1100,60.194
CC_3069,OANT_RS15880,1.85e-49,173,33.176,3.1e-35,134,32.71
CC_3070,OANT_RS10345,2.05e-50,161,48.372,7.16e-56,175,48.372
CC_3077,OANT_RS12615,7.25e-08,46.2,27.273,5.38e-08,46.2,27.273
CC_3078,OANT_RS02285,3.89e-54,185,32.889,2.23e-50,175,32.662
CC_3082,OANT_RS20880,4.95e-18,72,38.532,4.97e-18,72,38.532
CC_3083,OANT_RS20700,1.42e-30,121,33.7,2.06e-30,121,33.7
CC_3092,OANT_RS02600,9.97e-21,79,34.074,7.71e-21,79,34.074
CC_3093,OANT_RS22060,1.31e-48,164,35.942,2.61e-45,155,34.795
CC_3094,OANT_RS01515,9.98e-158,471,43.824,7.52e-158,471,43.824
CC_3098,OANT_RS06360,4.57e-145,407,73.285,2.05e-148,416,72.125
CC_3103,OANT_RS06335,0,604,68.458,0,604,68.458
CC_3105,OANT_RS09395,1.43e-80,245,42.857,1.62e-91,273,42.857
CC_3106,OANT_RS20070,3.05e-24,99.4,29.144,3.02e-19,84.7,29.144
CC_3108,OANT_RS10465,9.7e-169,480,55.814,7.95e-172,488,55.814
CC_3109,OANT_RS07285,2.99e-84,251,50.192,6.49e-85,252,48.519
CC_3113,OANT_RS10920,2.29e-89,268,46.835,2.25e-83,252,46.835
CC_3115,OANT_RS03050,9.79e-37,119,47.015,7.52e-37,119,47.015
CC_3116,OANT_RS17905,2.21e-49,172,29.186,6.89e-45,159,29.907
CC_3122,OANT_RS08900,7.51e-28,111,28,6.15e-28,111,28
CC_3123,OANT_RS14045,2.98e-13,62.8,31.073,4.37e-08,48.1,30.769
CC_3125,OANT_RS12725,3.99e-42,152,30.465,5.86e-42,151,30.465
CC_3129,OANT_RS20310,2.76e-108,323,44.86,2.23e-107,321,44.86
CC_3130,OANT_RS20305,0,570,60.31,0,570,60.31
CC_3132,OANT_RS01010,4.3e-121,358,42.667,3.34e-121,358,42.667
CC_3133,OANT_RS07115,9.67e-51,162,40.826,8.62e-51,162,40.826
CC_3134,OANT_RS20265,2.44e-129,374,52.717,1.95e-129,374,52.717
CC_3135,OANT_RS20255,4.52e-60,191,42.616,3.09e-60,191,42.616
CC_3136,OANT_RS14535,5.76e-59,188,37.943,4.43e-59,188,37.943
CC_3137,OANT_RS20270,6.78e-58,189,34.571,5.39e-58,189,34.571
CC_3139,OANT_RS17520,3.39e-31,122,28.935,2.99e-28,113,28.935
CC_3140,OANT_RS06555,0,564,62.025,0,591,62.025
CC_3142,OANT_RS20735,2.67e-17,73.6,31.977,8.93e-17,72.4,30.899
CC_3143,OANT_RS07445,0,555,62.998,0,555,62.998
CC_3149,OANT_RS15540,2.59e-09,52.4,34.783,9.47e-10,52.4,34.783
CC_3154,OANT_RS02805,0,507,66.942,1.17e-173,485,66.942
CC_3158,OANT_RS05205,5.18e-14,60.8,35.514,4.03e-14,60.8,35.514
CC_3160,OANT_RS05210,1.62e-15,70.5,29.825,7.85e-18,76.6,29.825
CC_3173,OANT_RS17515,3.85e-17,79,31.538,3.61e-17,79,31.538
CC_3174,OANT_RS06690,2.06e-34,128,28.71,1.17e-29,115,27.979
CC_3176,OANT_RS20695,1.31e-10,62.4,23.386,2.83e-13,70.1,23.165
CC_3178,OANT_RS02840,1.29e-75,230,45.172,1.09e-75,230,45.172
CC_3181,OANT_RS14025,1.6e-11,61.2,22.468,1.31e-11,61.2,22.468
CC_3189,OANT_RS20725,4.54e-157,466,42.249,8.78e-163,481,42.314
CC_3199,OANT_RS10165,0,633,80.556,0,635,80.556
CC_3200,OANT_RS10160,0,1011,71.593,0,1030,71.593
CC_3201,OANT_RS10155,3.48e-88,251,75.159,2.76e-88,251,75.159
CC_3202,OANT_RS10150,2.4e-72,209,84.553,1.91e-72,209,84.553
CC_3205,OANT_RS10110,4.85e-86,248,68.208,3.66e-86,248,68.208
CC_3206,OANT_RS10105,1e-11,52.4,45.902,1.65e-15,61.2,45.161
CC_3208,OANT_RS02270,1.88e-97,283,53.906,1.46e-97,283,53.906
CC_3209,OANT_RS10620,9.03e-89,272,42.893,7.52e-94,285,42.893
CC_3210,OANT_RS03590,1.61e-78,258,43.2,6.4e-77,254,43.2
CC_3211,OANT_RS00405,0,1146,55.759,0,1146,55.759
CC_3212,OANT_RS16295,5.4e-106,321,46.121,4.16e-102,311,45.474
CC_3213,OANT_RS16290,2.27e-32,116,39.916,2.9e-24,94.4,39.916
CC_3215,OANT_RS06325,0,626,60.531,0,640,60.531
CC_3216,OANT_RS06320,0,555,71.244,0,560,70.812
CC_3221,OANT_RS00640,2.39e-08,50.8,38.554,7.17e-09,52.4,26.786
CC_3222,OANT_RS04095,1.84e-39,131,39.896,1.63e-39,131,39.896
CC_3223,OANT_RS01510,2.49e-62,195,50,9.78e-62,193,50
CC_3224,OANT_RS10970,7.36e-54,173,43.561,5.5e-57,181,43.561
CC_3226,OANT_RS06295,0,870,71.074,0,886,71.074
CC_3227,OANT_RS06290,1.22e-24,102,33.434,5.37e-17,79.3,39.535
CC_3228,OANT_RS06285,9.49e-20,85.9,32.886,1.09e-18,83.2,36.842
CC_3229,OANT_RS06280,1.01e-45,145,57.265,8.59e-46,145,57.265
CC_3230,OANT_RS06275,4.75e-180,507,57.011,5.83e-178,501,59.179
CC_3232,OANT_RS06265,2.01e-46,146,56.911,4.34e-46,145,58.333
CC_3233,OANT_RS06260,5.16e-75,224,51.965,4.19e-75,224,51.965
CC_3234,OANT_RS06255,4.73e-31,106,44.03,4e-31,106,44.03
CC_3236,OANT_RS06250,3.87e-161,451,69.512,3.08e-161,451,69.512
CC_3237,OANT_RS06245,8.79e-43,140,49.029,1.3e-41,137,49.029
CC_3238,OANT_RS06240,8e-44,140,50.98,1.45e-43,139,50.98
CC_3243,OANT_RS06185,7.64e-106,304,58.8,1.03e-98,285,58.8
CC_3244,OANT_RS06160,4.46e-109,314,56.044,3.51e-109,314,56.044
CC_3245,OANT_RS06155,3.44e-24,92.4,37.241,2.55e-24,92.4,37.241
CC_3247,OANT_RS06145,6.92e-16,65.5,29.825,2.28e-15,63.9,33.766
CC_3248,OANT_RS06130,0,503,72.836,0,503,72.836
CC_3249,OANT_RS06120,3.26e-171,481,62,5.29e-167,470,62
CC_3250,OANT_RS15055,0,566,75.637,0,561,75.931
CC_3252,OANT_RS21155,6.8e-28,102,37.559,3.51e-29,105,37.089
CC_3253,OANT_RS21160,2.49e-40,132,42.945,1.87e-40,132,42.945
CC_3262,OANT_RS18735,3.64e-47,148,50.331,2.94e-47,148,50.331
CC_3264,OANT_RS06225,1.45e-17,75.5,32.536,9.83e-20,80.9,32.275
CC_3266,OANT_RS20365,3.63e-80,241,48.746,2.84e-80,241,48.746
CC_3269,OANT_RS06210,3.13e-90,265,50.988,2.56e-90,265,50.988
CC_3274,OANT_RS06195,0,551,51.993,0,575,52.076
CC_3275,OANT_RS06190,3.06e-31,101,61.972,2.35e-31,101,61.972
CC_3276,OANT_RS08790,8.89e-53,162,55.556,7.22e-54,164,52.113
CC_3278,OANT_RS02860,5.97e-121,341,71.239,4.32e-121,341,71.239
CC_3283,OANT_RS06030,8.11e-115,335,52.125,1.67e-123,357,52.125
CC_3284,OANT_RS06035,4.43e-65,194,71.975,1.07e-74,218,71.975
CC_3289,OANT_RS24685,8.91e-11,55.1,29.752,7.06e-11,55.1,29.752
CC_3290,OANT_RS24680,1.33e-75,221,70.47,1.26e-75,221,70.47
CC_3291,OANT_RS06045,2.73e-08,42.7,39.286,1.84e-08,42.7,39.286
CC_3292,OANT_RS06065,2.54e-68,207,49.065,2.01e-65,199,46.725
CC_3293,OANT_RS06060,3.12e-104,305,52.454,2.42e-98,290,52.454
CC_3295,OANT_RS06235,1.95e-39,129,49.673,1.55e-39,129,49.673
CC_3297,OANT_RS07180,1.05e-27,93.2,86.765,2.87e-28,94.4,86.765
CC_3303,OANT_RS07155,0,630,76.271,0,659,76.483
CC_3304,OANT_RS07150,1.65e-44,138,71.028,7.15e-37,119,68.519
CC_3305,OANT_RS07145,9.76e-159,450,64.946,7.11e-161,456,64.706
CC_3313,OANT_RS21970,9.73e-174,504,44.167,9.02e-167,486,44.167
CC_3315,OANT_RS21960,1.27e-99,306,37.449,9.22e-100,306,37.449
CC_3319,OANT_RS06000,7.85e-22,78.6,51.351,5.98e-22,78.6,51.351
CC_3320,OANT_RS03150,1.11e-26,98.6,29.293,2.05e-24,92.4,29.293
CC_3321,OANT_RS06025,2.15e-19,69.3,73.171,1.72e-19,69.3,73.171
CC_3322,OANT_RS22035,2.28e-89,275,42.308,7.8e-82,254,43.085
CC_3344,OANT_RS10910,6.09e-112,322,53.65,4.97e-112,322,53.65
CC_3345,OANT_RS10915,2.81e-105,311,46.131,1.71e-105,311,46.131
CC_3352,OANT_RS19930,2.49e-79,264,41.304,2.92e-76,256,41.045
CC_3354,OANT_RS19935,6.74e-42,132,53.782,5.42e-42,132,53.782
CC_3355,OANT_RS19940,9.37e-95,285,45.455,7.31e-95,285,45.455
CC_3359,OANT_RS12220,9.46e-22,96.3,24.109,3e-22,97.4,24.109
CC_3361,OANT_RS03060,1.07e-127,366,59.615,9.35e-128,366,59.615
CC_3363,OANT_RS14035,2.32e-25,90.5,42.857,1.83e-25,90.5,42.857
CC_3364,OANT_RS03065,1.01e-119,345,54.984,8.31e-120,345,54.984
CC_3365,OANT_RS03070,2.38e-63,188,66.667,1.96e-63,188,66.667
CC_3366,OANT_RS06355,3.73e-44,139,53.03,2.84e-40,129,54.386
CC_3367,OANT_RS06350,1.42e-126,362,59.936,2.71e-121,349,59.936
CC_3370,OANT_RS08710,5e-18,77.8,31.481,5.09e-15,69.3,31.481
CC_3371,OANT_RS24600,4.5e-08,47.8,30.667,4.09e-08,47.8,30.667
CC_3375,OANT_RS22005,3.73e-129,368,60.137,2.27e-122,351,60.204
CC_3376,OANT_RS13565,3.1e-08,46.6,29.412,2.21e-08,46.6,29.412
CC_3382,OANT_RS13560,7.23e-16,67.4,37.607,6.12e-16,67.4,37.607
CC_3384,OANT_RS05800,4.32e-95,278,56.538,6.27e-100,290,56.538
CC_3389,OANT_RS02735,5.65e-141,410,46.739,4.6e-141,410,46.739
CC_3390,OANT_RS02730,2.27e-85,257,49.355,7.94e-80,243,49.505
CC_3393,OANT_RS02750,2.97e-178,514,51.783,3.15e-179,517,51.765
CC_3394,OANT_RS03075,2.5e-61,184,56.522,2.01e-61,184,56.522
CC_3395,OANT_RS03095,7.2e-51,160,46.114,5.89e-51,160,46.114
CC_3397,OANT_RS03105,1.85e-70,210,51.579,3.3e-65,196,51.579
CC_3398,OANT_RS03110,6.95e-88,271,37.589,7.15e-85,263,37.589
CC_3399,OANT_RS03115,2.08e-165,472,52.288,1.65e-165,472,52.288
CC_3402,OANT_RS03045,2.26e-93,275,55.986,1.52e-94,278,55.986
CC_3403,OANT_RS03040,4.99e-61,186,50.27,4.04e-61,186,50.27
CC_3405,OANT_RS03030,2.67e-110,321,56.27,2.59e-107,313,56.27
CC_3406,OANT_RS03025,0,725,71.429,0,743,71.881
CC_3407,OANT_RS03020,2.21e-73,225,47.872,3.34e-74,227,50.787
CC_3411,OANT_RS03010,0,591,60.043,0,571,60.043
CC_3414,OANT_RS15530,3.2e-168,478,51.214,1.12e-163,466,51.214
CC_3415,OANT_RS15535,1.37e-63,196,46.444,5.66e-70,212,46.444
CC_3416,OANT_RS01995,8.07e-71,217,51.471,3.69e-74,226,51.389
CC_3420,OANT_RS01465,9.66e-173,509,48.359,1.11e-175,516,48.359
CC_3421,OANT_RS02760,3.87e-72,224,41.284,1.26e-72,225,41.566
CC_3423,OANT_RS05010,2.29e-80,237,58.852,1.82e-80,237,58.852
CC_3428,OANT_RS15180,8.07e-83,247,47.529,5.76e-86,255,47.529
CC_3430,OANT_RS05470,6.22e-166,469,59.951,5.79e-160,454,59.951
CC_3431,OANT_RS05475,8.94e-53,166,46.277,7.16e-53,166,46.277
CC_3432,OANT_RS05480,1.41e-38,123,60.638,1.25e-38,123,60.638
CC_3433,OANT_RS05485,5.54e-36,119,42.138,4.56e-36,119,42.138
CC_3434,OANT_RS05495,1.23e-33,126,30.33,1.29e-32,123,29.429
CC_3435,OANT_RS05500,5.07e-133,389,49.446,1.07e-132,387,49.446
CC_3439,OANT_RS05505,9.59e-47,162,39.313,7.8e-51,172,39.313
CC_3440,OANT_RS05510,7.47e-41,133,47.771,6.02e-41,133,47.771
CC_3443,OANT_RS13050,3e-27,93.6,51.429,2.37e-27,93.6,51.429
CC_3445,OANT_RS05720,1.51e-18,71.6,48.75,1.88e-18,71.6,48.75
CC_3447,OANT_RS05715,0,721,73.95,0,717,74.414
CC_3448,OANT_RS05710,1.29e-111,322,57.877,1.4e-119,342,57.877
CC_3449,OANT_RS05705,0,815,77.255,0,815,77.255
CC_3450,OANT_RS05700,4.5e-47,149,49.123,3.63e-47,149,49.123
CC_3455,OANT_RS05595,1.53e-79,234,58.421,1.04e-75,224,58.421
CC_3456,OANT_RS05600,1.03e-43,149,44.67,4.98e-44,149,42.857
CC_3457,OANT_RS05605,6.03e-33,117,34.389,2.13e-32,115,33.182
CC_3464,OANT_RS00695,0,1129,60.082,0,1108,59.979
CC_3467,OANT_RS00765,7.98e-38,124,44.275,6.86e-38,124,44.275
CC_3469,OANT_RS01025,1.86e-47,156,41.935,4.55e-52,168,41.935
CC_3470,OANT_RS08190,8.11e-27,100,34.555,5.34e-27,100,34.555
CC_3471,OANT_RS08185,6.23e-33,109,49.558,5.21e-33,109,49.558
CC_3475,OANT_RS06420,7.66e-56,172,50,5.77e-56,172,50
CC_3477,OANT_RS06410,5.7e-92,270,54.753,4.51e-92,270,54.753
CC_3478,OANT_RS14700,1.14e-30,107,40,8.92e-31,107,40
CC_3483,OANT_RS17075,4.36e-44,139,48.855,3.58e-44,139,48.855
CC_3484,OANT_RS04245,1.66e-104,337,34.399,1.22e-107,346,34.703
CC_3486,OANT_RS19495,3.66e-41,139,34.146,2.41e-38,131,34.146
CC_3487,OANT_RS00400,4.49e-36,124,37.327,8.03e-34,118,38.579
CC_3492,OANT_RS15305,9.81e-44,164,26.418,4.77e-39,150,26.248
CC_3497,OANT_RS09255,3.71e-09,48.1,35.366,1.73e-09,48.1,35.366
CC_3501,OANT_RS18845,2.48e-32,125,26.824,2.43e-29,117,26.824
CC_3502,OANT_RS00300,2.52e-21,85.5,46,1.55e-20,84,46
CC_3503,OANT_RS09150,1.22e-55,172,49.398,1.93e-55,171,49.398
CC_3510,OANT_RS15515,3.28e-56,181,37.415,2.76e-56,181,37.415
CC_3511,OANT_RS15630,1.02e-63,199,51.174,4.06e-53,171,51.174
CC_3512,OANT_RS15625,1.5e-54,181,37.017,2.1e-42,149,37.017
CC_3513,OANT_RS15620,9.64e-155,448,50.195,7.15e-164,471,50.195
CC_3521,OANT_RS14630,1.25e-132,379,56.958,2.34e-132,378,56.958
CC_3524,OANT_RS10955,1.26e-45,140,60.748,1.01e-45,140,60.748
CC_3525,OANT_RS19955,5.46e-100,301,41.791,4.33e-100,301,41.791
CC_3526,OANT_RS04930,4.75e-149,414,76.154,3.77e-149,414,76.154
CC_3527,OANT_RS04925,0,891,72.955,0,879,72.637
CC_3528,OANT_RS04920,8.71e-20,76.6,30.645,4.17e-16,67,30.645
CC_3529,OANT_RS04915,4.53e-23,85.1,35.772,2.16e-19,75.5,35.772
CC_3531,OANT_RS04810,7.18e-103,306,44.267,5.95e-103,306,44.267
CC_3535,OANT_RS04240,4.22e-41,148,32.676,4.71e-41,148,32.676
CC_3536,OANT_RS04235,1.41e-51,165,44.958,9.62e-49,157,44.783
CC_3537,OANT_RS04230,2.12e-148,466,35.755,3.45e-150,470,36.217
CC_3538,OANT_RS04225,0,580,37.826,4.17e-179,556,37.808
CC_3539,OANT_RS04220,2.08e-42,132,52.941,1.62e-42,132,52.941
CC_3541,OANT_RS04205,2.95e-128,375,50.93,5.24e-114,338,50.698
CC_3542,OANT_RS04200,9.71e-111,320,57.818,7.59e-111,320,57.818
CC_3543,OANT_RS04195,2.45e-90,266,55.645,3.62e-79,238,55.645
CC_3544,OANT_RS04185,0,621,72.167,0,604,72.167
CC_3545,OANT_RS04180,3.4e-67,203,50,2.75e-67,203,50
CC_3546,OANT_RS05655,7.67e-38,119,60.227,6.52e-38,119,60.227
CC_3549,OANT_RS00800,0,939,62.869,0,949,62.869
CC_3550,OANT_RS06865,9.15e-73,221,51.163,2.1e-75,228,50.746
CC_3557,OANT_RS14010,2.32e-55,172,46.269,1.78e-55,172,46.269
CC_3560,OANT_RS22995,3.09e-50,184,33.333,1.78e-41,158,33.333
CC_3562,OANT_RS11265,2.98e-80,250,36.458,2.09e-80,250,36.458
CC_3564,OANT_RS12940,1.17e-32,110,45.255,1.08e-29,102,48.276
CC_3567,OANT_RS00375,2.23e-83,245,54.464,6.57e-86,251,54.077
CC_3568,OANT_RS12390,1.2e-10,56.2,28.713,4.31e-08,48.5,28.743
CC_3569,OANT_RS14815,4.27e-74,220,52.632,3.17e-74,220,52.632
CC_3570,OANT_RS17825,2.15e-138,419,40.757,1.5e-134,409,41.63
CC_3571,OANT_RS17830,0,719,32.138,0,709,32.138
CC_3574,OANT_RS21440,1.79e-153,434,63.288,5.67e-158,445,63.288
CC_3578,OANT_RS19960,2.52e-12,62.4,26.357,7.52e-11,57.8,25.301
CC_3579,OANT_RS01435,9.47e-110,319,55.873,7.77e-110,319,55.873
CC_3580,OANT_RS01440,0,842,79.644,0,838,79.644
CC_3581,OANT_RS05650,0,894,67.442,0,884,67.442
CC_3584,OANT_RS15725,2.47e-61,214,31.866,5.93e-52,186,31.222
CC_3585,OANT_RS02150,4.38e-41,131,51.079,8.08e-33,110,48.201
CC_3586,OANT_RS00835,1.67e-40,126,64.835,1.3e-40,126,64.835
CC_3587,OANT_RS00155,0,766,67.965,0,754,67.965
CC_3588,OANT_RS00160,3.6e-71,213,55.714,6.54e-74,219,55.714
CC_3589,OANT_RS00165,3e-153,439,55.991,2.43e-153,439,55.991
CC_3592,OANT_RS00885,2.01e-43,138,54.225,1.37e-43,138,54.225
CC_3595,OANT_RS25925,2.63e-27,98.6,42.727,1.57e-28,102,44.538
CC_3596,OANT_RS00875,6.94e-42,135,43.59,4.74e-42,135,43.59
CC_3597,OANT_RS00870,4.98e-45,145,45.641,2.81e-51,161,45.641
CC_3599,OANT_RS00860,2.03e-169,485,48.855,1.67e-169,485,48.855
CC_3600,OANT_RS00855,1.65e-108,311,62.882,1.46e-108,311,62.882
CC_3601,OANT_RS00850,7.87e-16,69.7,30.693,6.8e-16,70.1,32.727
CC_3602,OANT_RS00845,4.85e-13,63.2,25,1.26e-11,59.3,24.432
CC_3603,OANT_RS00685,1.21e-73,219,54,9.65e-74,219,54
CC_3604,OANT_RS06915,1.01e-108,317,53.312,6.27e-94,279,53.312
CC_3605,OANT_RS06910,4.88e-119,338,66.031,9.24e-108,310,66.031
CC_3606,OANT_RS22050,2.93e-77,247,38.086,2.15e-74,239,37.882
CC_3607,OANT_RS22055,0,1233,44.59,0,1200,44.692
CC_3610,OANT_RS20855,0,661,63.37,0,661,63.37
CC_3611,OANT_RS08160,1.87e-141,404,54.167,1.44e-141,404,54.167
CC_3612,OANT_RS11075,2.02e-41,143,32.941,1.42e-41,143,32.941
CC_3614,OANT_RS05685,2.23e-100,287,64.352,1.77e-100,287,64.352
CC_3618,OANT_RS14085,9.46e-69,223,36.842,3.91e-64,211,36.111
CC_3619,OANT_RS10880,8.56e-32,127,26.027,3.6e-33,131,26.027
CC_3620,OANT_RS06135,0,748,60.125,0,766,60.125
CC_3621,OANT_RS05105,1.99e-19,74.3,48.684,9.96e-20,74.3,50.685
CC_3625,OANT_RS05230,4.84e-133,379,67.089,1.98e-133,380,67.089
CC_3629,OANT_RS14110,1.25e-173,484,67.049,1e-173,484,67.049
CC_3630,OANT_RS07525,4.47e-107,310,54.48,3.74e-107,310,54.48
CC_3631,OANT_RS23225,7.5e-88,268,39.895,3.92e-83,255,39.895
CC_3632,OANT_RS25110,1.3e-13,67.4,30.323,8.8e-14,67.4,30.323
CC_3633,OANT_RS14115,5.7e-72,213,53.591,4.52e-72,213,53.591
CC_3637,OANT_RS22030,4.61e-123,351,57.439,6.16e-122,348,58.845
CC_3638,OANT_RS06900,1.33e-155,441,60.446,1.11e-155,441,60.446
CC_3639,OANT_RS06905,1.67e-58,182,45.022,1.35e-58,182,45.022
CC_3641,OANT_RS08320,3.84e-24,97.1,26.056,1.74e-26,103,26.056
CC_3642,OANT_RS10905,1.43e-162,456,65.11,1.15e-162,456,65.11
CC_3643,OANT_RS10900,8.3e-90,273,45.312,8.96e-92,278,45.312
CC_3644,OANT_RS20850,1.11e-164,460,65.964,8.74e-165,460,65.964
CC_3649,OANT_RS04950,7.54e-90,266,49.104,6.35e-90,266,49.104
CC_3651,OANT_RS04875,5.44e-31,108,38.636,4.25e-31,108,38.636
CC_3652,OANT_RS05585,1.74e-42,135,66.667,6.98e-45,141,65.766
CC_3653,OANT_RS05575,2.85e-154,447,59.112,6.19e-174,497,58.531
CC_3655,OANT_RS04815,2.02e-170,473,73.981,1.61e-170,473,73.981
CC_3657,OANT_RS00110,4.4e-37,120,43.165,3.34e-37,120,43.165
CC_3659,OANT_RS17090,7.56e-76,231,47.857,1.76e-72,222,47.857
CC_3661,OANT_RS00490,3.8e-30,106,38.418,4.89e-33,114,38.418
CC_3662,OANT_RS19175,2.02e-112,330,49.57,1.39e-112,330,49.57
CC_3663,OANT_RS00510,1.42e-65,203,47.328,1.55e-68,210,47.328
CC_3664,OANT_RS00520,5.55e-37,119,58.242,2.59e-37,120,58.242
CC_3666,OANT_RS00525,1.56e-36,126,34.764,1.23e-36,126,34.764
CC_3667,OANT_RS00535,0,1226,67.486,0,1252,67.486
CC_3668,OANT_RS00540,1.55e-37,126,40.426,1.79e-31,110,40.426
CC_3669,OANT_RS00545,7.8e-28,102,42.458,9.3e-19,78.6,39.908
CC_3672,OANT_RS00550,2.8e-76,229,50.84,2.39e-76,229,50.84
CC_3674,OANT_RS00560,5.95e-43,139,45.349,5.38e-43,139,45.349
CC_3677,OANT_RS25525,4.98e-08,47.8,27.778,1.36e-08,48.9,27.778
CC_3678,OANT_RS04785,3e-32,113,37.179,3.22e-29,105,36.62
CC_3679,OANT_RS04790,3.93e-106,316,51.768,5.04e-106,316,51.768
CC_3680,OANT_RS00910,7.63e-58,180,49.758,5.79e-58,180,49.758
CC_3682,OANT_RS15500,1.5e-115,335,55.769,1.22e-115,335,55.769
CC_3683,OANT_RS13540,1.31e-44,141,51.701,1.18e-44,141,51.701
CC_3684,OANT_RS04795,0,512,60.57,0,512,60.57
CC_3686,OANT_RS04800,1.21e-70,218,48.029,2.96e-83,249,48.029
CC_3690,OANT_RS09940,8.72e-19,72,47.312,5.94e-19,72,47.312
CC_3697,OANT_RS19785,2.62e-77,235,43.098,2.1e-77,235,43.098
CC_3698,OANT_RS19775,2.16e-41,135,39.535,6.39e-33,112,38.728
CC_3702,OANT_RS17105,0,580,45.007,0,564,45.007
CC_3703,OANT_RS10375,4.15e-13,65.1,31.25,3.18e-13,65.1,31.25
CC_3704,OANT_RS04960,0,757,52.878,0,741,52.758
CC_3705,OANT_RS04965,6.29e-21,84.7,38.636,2.91e-21,85.5,36.478
CC_3706,OANT_RS04970,3.76e-82,245,47.253,3e-82,245,47.253
CC_3707,OANT_RS03695,2.38e-102,299,52.74,1.76e-102,299,52.74
CC_3708,OANT_RS06795,7.59e-87,256,52.778,6.31e-87,256,52.778
CC_3709,OANT_RS06800,2.21e-139,409,47.807,1.85e-139,409,47.807
CC_3712,OANT_RS06805,7.39e-149,426,58.25,5.81e-149,426,58.25
CC_3713,OANT_RS06490,4.4e-54,165,58.451,3.56e-54,165,58.451
CC_3714,OANT_RS20580,5.81e-74,234,42.025,1.76e-62,204,42.025
CC_3715,OANT_RS21805,3.21e-161,466,47.893,1.48e-156,454,47.893
CC_3716,OANT_RS21795,4.12e-13,63.5,29.648,4.17e-13,63.5,29.648
CC_3717,OANT_RS03820,4.15e-108,311,56.757,3.24e-108,311,56.757
CC_3719,OANT_RS03815,0,610,72.84,0,610,72.84
CC_3720,OANT_RS03810,3.39e-78,228,65.432,2.73e-78,228,65.432
CC_3721,OANT_RS03790,2.89e-26,96.7,33.793,2.81e-26,96.3,33.793
CC_3722,OANT_RS03785,1.88e-163,457,66.667,1.45e-163,457,66.667
CC_3723,OANT_RS15965,1.8e-26,111,29.712,1.3e-26,111,29.712
CC_3724,OANT_RS11120,9.62e-167,478,49.304,7.4e-167,478,49.304
CC_3726,OANT_RS00040,1.23e-86,255,53.815,1.28e-73,222,53.815
CC_3727,OANT_RS04335,9.45e-88,253,71.751,7.37e-88,253,71.751
CC_3728,OANT_RS04345,0,618,71.198,0,562,71.198
CC_3731,OANT_RS00895,6.88e-76,227,52.466,1.08e-75,226,52.466
CC_3733,OANT_RS00905,5.97e-113,329,50.76,3.58e-109,320,50.76
CC_3734,OANT_RS04330,5.77e-77,226,56.186,4.74e-77,226,56.186
CC_3735,OANT_RS04320,1.71e-76,226,51.869,2.42e-72,216,51.869
CC_3736,OANT_RS04315,8.26e-94,273,59.914,3.04e-96,278,60.169
CC_3737,OANT_RS04310,3.43e-121,343,70,5.65e-129,363,70
CC_3738,OANT_RS04305,2.55e-17,68.6,46.465,2.03e-17,68.6,46.465
CC_3739,OANT_RS04360,3.87e-23,89,31.633,3.34e-23,89,31.633
CC_3740,OANT_RS04365,3.27e-33,125,30.919,4.92e-36,132,32.869
CC_3741,OANT_RS04370,1.09e-27,102,31.163,1.26e-29,107,30.804
CC_3742,OANT_RS04380,2.6e-39,128,43.038,8.21e-45,142,43.038
CC_3743,OANT_RS04985,1.33e-107,306,64.286,4.47e-101,290,64.623
CC_3744,OANT_RS04990,1.47e-38,127,46.711,1.26e-38,127,46.711
CC_3745,OANT_RS05660,4.95e-84,246,61.194,1.06e-83,245,62.245
CC_3749,OANT_RS05665,0,1049,57.991,0,1041,57.991
CC_3751,OANT_RS04455,9.08e-26,103,33.333,6.18e-26,103,33.333
CC_3752,OANT_RS04450,4.59e-104,303,53.147,1.83e-94,278,53.147
CC_3753,OANT_RS04445,5.78e-122,346,64.865,4.57e-122,346,64.865
CC_3754,OANT_RS04440,2.49e-45,147,39.785,2.06e-45,147,39.785
CC_3755,OANT_RS04435,0,738,58.833,0,739,58.833
CC_3756,OANT_RS04430,1.54e-111,333,44.124,1.21e-111,333,44.124
CC_3758,OANT_RS17230,7.65e-20,83.2,31.224,3.03e-20,84.3,30.38
CC_3759,OANT_RS18770,1.83e-108,316,52.336,1.47e-108,316,52.336
CC_3760,OANT_RS04420,0,710,80.285,0,711,80.285
CC_3761,OANT_RS04415,8.54e-43,137,50.714,7.86e-43,137,50.714
CC_3762,OANT_RS22000,1.6e-29,113,30.031,1.09e-24,99.8,30.031
CC_3763,OANT_RS04410,4.22e-101,299,45.994,3.27e-101,299,45.994
CC_r02,OANT_RS21510,6.12e-171,520,78.462,2.14e-177,537,78.462
CC_r06,OANT_RS21525,7.84e-11,61.2,93.548,6.25e-11,61.2,93.548
CC_t02,OANT_RS11505,5.23e-12,49.7,88,4.17e-12,49.7,88
CC_t03,OANT_RS05435,7.12e-11,47,73.333,5.67e-11,47,73.333
CC_t04,OANT_RS01795,4.88e-09,42,80,3.89e-09,42,80
CC_t06,OANT_RS22095,4.86e-11,47,100,3.87e-11,47,100
CC_t10,OANT_RS06760,4.94e-16,60.1,93.333,3.94e-16,60.1,93.333
CC_t13,OANT_RS09625,5.17e-08,39.3,76,4.12e-08,39.3,76
CC_t16,OANT_RS10090,6.03e-08,39.3,87.5,4.8e-08,39.3,87.5
CC_t19,OANT_RS13030,2.72e-10,45.1,92,2.17e-10,45.1,92
CC_t27,OANT_RS12605,8.11e-12,48.9,92,6.46e-12,48.9,92
CC_t30,OANT_RS11205,1.86e-13,53.5,100,1.48e-13,53.5,100
CC_t31,OANT_RS05245,3.85e-12,50.1,89.286,3.07e-12,50.1,89.286
CC_t36,OANT_RS01690,5.33e-09,42,80,4.25e-09,42,80
CC_t47,OANT_RS21515,9.03e-09,41.2,84,7.2e-09,41.2,84
CC_t49,OANT_RS00175,1.6e-08,40.8,80,1.27e-08,40.8,80
CC_t50,OANT_RS06855,1.42e-09,43.5,79.31,1.13e-09,43.5,79.31
