B_henselae|Q.,S_meliloti|S.,% identity,alignment length,mismatches,gap opens,q. start,q. end,s. start,s. end,evalue,bit score
AYT27_RS00005,SMc02793,57.875,273,113,1,1,271,1,273,1.27e-116,333
AYT27_RS00010,SMc02792,50.256,195,95,1,6,198,5,199,2.95e-60,184
AYT27_RS00015,SMc02791,49.638,276,131,3,16,288,12,282,2.45e-91,270
AYT27_RS00020,SMc02790,47.396,192,100,1,1,192,1,191,1.10e-59,182
AYT27_RS00025,SMc02789,50.000,232,115,1,1,232,1,231,7.23e-82,242
AYT27_RS00030,SMc02850,63.247,1004,333,4,1,968,1,1004,0.0,1297
AYT27_RS00035,SMc01813,53.612,263,122,0,15,277,2,264,1.55e-101,296
AYT27_RS00040,SMc03839,55.939,261,95,3,1,257,1,245,2.62e-93,272
AYT27_RS00050,SMc01129,44.218,147,81,1,13,159,18,163,8.12e-41,132
AYT27_RS00055,SMc01130,61.029,272,106,0,5,276,14,285,7.63e-124,352
AYT27_RS00060,SMc01131,61.842,304,111,1,11,309,79,382,1.41e-137,392
AYT27_RS00065,SMc01133,36.145,83,53,0,4,86,3,85,7.94e-15,62.4
AYT27_RS00070,SMc01134,73.626,91,24,0,1,91,1,91,1.66e-48,147
AYT27_RS00075,SMc01136,30.481,187,125,2,27,211,27,210,2.04e-24,94.0
AYT27_RS00080,SMc01137,34.615,156,83,4,37,192,40,176,5.02e-24,91.7
AYT27_RS00085,SMc01138,70.082,244,73,0,21,264,27,270,1.41e-124,353
AYT27_RS00095,SMc01141,66.883,154,51,0,1,154,1,154,1.16e-71,210
AYT27_RS00100,SMc03832,48.795,166,85,0,1,166,1,166,2.05e-58,177
AYT27_RS00105,SMc03831,81.794,379,69,0,28,406,26,404,0.0,654
AYT27_RS00110,SMc03827,42.654,211,121,0,1,211,1,211,1.11e-49,158
AYT27_RS00120,SMc00427,72.553,521,143,0,2,522,3,523,0.0,794
AYT27_RS00125,SMc02761,64.151,106,38,0,1,106,1,106,9.14e-49,148
AYT27_RS00130,SMc02760,42.132,1201,622,20,7,1160,13,1187,0.0,840
AYT27_RS00135,SMc02759,38.667,1050,618,11,5,1032,5,1050,0.0,679
AYT27_RS00140,SMc02757,39.683,189,113,1,1,189,310,497,1.86e-45,154
AYT27_RS00145,SMc02757,46.575,73,39,0,1,73,214,286,9.48e-20,78.6
AYT27_RS00150,SMc02757,50.993,151,73,1,6,156,7,156,8.93e-42,142
AYT27_RS00155,SMc02756,40.000,770,451,5,60,821,57,823,0.0,593
AYT27_RS00160,SMc02755,78.788,462,98,0,4,465,5,466,0.0,773
AYT27_RS00165,SMc00410,44.136,324,176,2,7,329,3,322,3.10e-96,286
AYT27_RS00170,SMc02763,48.848,434,217,2,10,438,13,446,1.50e-142,412
AYT27_RS00175,SMc02764,66.553,293,98,0,1,293,1,293,9.36e-153,427
AYT27_RS00185,SMc02882,46.552,232,124,0,1,232,1,232,2.39e-58,182
AYT27_RS00190,SMc01161,57.143,399,168,2,56,454,2,397,3.01e-157,449
AYT27_RS00195,SMc01156,58.779,524,215,1,1,524,1,523,0.0,644
AYT27_RS00200,SMc01155,66.275,255,86,0,6,260,16,270,1.02e-124,353
AYT27_RS00205,SMc02782,75.313,798,197,0,13,810,14,811,0.0,1228
AYT27_RS00215,SMc02219,33.788,293,190,1,1,289,15,307,1.40e-65,205
AYT27_RS00220,SMc00420,64.427,506,180,0,1,506,1,506,0.0,649
AYT27_RS00225,SMc03097,33.545,629,384,11,33,653,16,618,1.05e-101,320
AYT27_RS00230,SMc03096,35.780,545,331,9,1015,1548,1333,1869,3.32e-91,325
AYT27_RS00235,SMc02187,44.382,178,94,2,12,184,46,223,7.38e-35,124
AYT27_RS00240,SMc02836,40.669,568,335,2,16,582,22,588,3.25e-160,469
AYT27_RS00245,SMc00362,73.239,142,38,0,31,172,2,143,4.65e-76,221
AYT27_RS00250,SMc00361,51.915,235,106,1,28,255,45,279,1.15e-86,257
AYT27_RS00255,SMc02768,45.690,232,120,3,11,241,24,250,1.72e-70,214
AYT27_RS00260,SMc01096,60.411,389,150,3,5,389,4,392,1.38e-163,462
AYT27_RS00265,SMc01147,57.789,398,150,1,1,398,13,392,5.00e-165,466
AYT27_RS00270,SMc01146,60.849,212,83,0,1,212,1,212,5.53e-96,276
AYT27_RS00275,SMc01143,63.188,345,126,1,13,356,15,359,1.05e-156,441
AYT27_RS00280,SMc01142,71.084,166,47,1,55,219,40,205,4.94e-84,246
AYT27_RS00285,SMc03835,40.698,172,101,1,1,172,1,171,3.20e-41,135
AYT27_RS00290,SMc02754,58.511,94,39,0,5,98,2,95,5.64e-38,120
AYT27_RS00295,SMc02753,62.879,132,47,1,1,132,1,130,1.36e-52,160
AYT27_RS00300,SMc02752,36.585,123,75,2,8,127,8,130,5.61e-19,75.9
AYT27_RS00305,SMc04446,57.292,576,231,7,20,591,26,590,0.0,626
AYT27_RS00310,SMc02560,80.591,237,40,1,9,239,2,238,3.54e-135,377
AYT27_RS00315,SMc02564,54.839,155,64,2,1,149,1,155,2.15e-43,138
AYT27_RS00320,SMc01242,40.650,123,73,0,44,166,185,307,1.83e-27,103
AYT27_RS00325,SMc02857,83.438,634,99,2,1,628,1,634,0.0,1071
AYT27_RS00330,SMc02858,70.185,379,110,2,1,377,1,378,0.0,553
AYT27_RS00340,SMc01726,78.472,288,62,0,13,300,7,294,8.25e-168,465
AYT27_RS00345,SMc01584,25.347,288,192,6,25,298,16,294,8.32e-16,73.9
AYT27_RS00350,SMc00349,83.389,596,98,1,6,600,11,606,0.0,1043
AYT27_RS00355,SMc01732,71.174,281,80,1,3,282,16,296,1.71e-150,420
AYT27_RS00360,SMc01731,63.704,270,98,0,16,285,16,285,9.08e-118,338
AYT27_RS00365,SMc01099,60.729,247,97,0,1,247,1,247,1.79e-116,331
AYT27_RS00370,SMc01100,55.449,312,126,2,3,309,3,306,8.77e-123,352
AYT27_RS00375,SMc01101,63.953,172,62,0,1,172,5,176,2.53e-84,244
AYT27_RS00380,SMc01102,56.633,392,143,4,15,394,25,401,1.32e-155,442
AYT27_RS00385,SMc01561,55.056,178,77,2,16,193,14,188,3.37e-66,199
AYT27_RS00390,SMc01107,41.558,77,45,0,7,83,9,85,5.88e-21,76.6
AYT27_RS00395,SMc01106,50.355,141,67,1,1,138,1,141,1.79e-52,160
AYT27_RS00400,SMc02843,63.470,219,80,0,19,237,33,251,9.06e-105,301
AYT27_RS00405,SMc00363,86.567,67,9,0,1,67,1,67,5.24e-39,120
AYT27_RS00410,SMc00364,80.597,134,25,1,1,133,1,134,6.06e-73,211
AYT27_RS00415,SMc00365,72.067,358,100,0,1,358,1,358,0.0,547
AYT27_RS00420,SMc00366,64.233,808,285,1,1,804,1,808,0.0,1060
AYT27_RS00425,SMc02509,73.723,274,72,0,22,295,26,299,1.14e-152,427
AYT27_RS00430,SMc02508,71.074,242,70,0,5,246,21,262,2.53e-122,349
AYT27_RS00435,SMc02507,69.039,281,87,0,1,281,1,281,1.42e-144,405
AYT27_RS00440,SMc02506,52.492,301,116,3,2,300,5,280,1.58e-95,281
AYT27_RS00445,SM_b20557,43.396,106,60,0,22,127,1,106,8.47e-18,70.9
AYT27_RS00455,SMc02276,75.576,434,106,0,1,434,1,434,0.0,706
AYT27_RS00460,SMc04382,47.954,2811,1417,14,25,2816,22,2805,0.0,2798
AYT27_RS00465,SMc00335,80.600,567,109,1,1,566,1,567,0.0,923
AYT27_RS00470,SMc00334,58.571,210,87,0,4,213,3,212,1.81e-86,252
AYT27_RS00475,SMc00333,66.515,439,144,1,6,441,9,447,0.0,596
AYT27_RS00480,SMc00332,83.333,42,7,0,1,42,1,42,9.31e-22,81.6
AYT27_RS00485,SMc00435,100.000,25,0,0,1,25,1,25,1.80e-12,50.8
AYT27_RS00495,SMc04045,74.183,612,155,1,1,612,1,609,0.0,957
AYT27_RS00505,SMc01125,63.379,882,322,1,27,907,30,911,0.0,1112
AYT27_RS00510,SMc01126,67.374,754,246,0,9,762,6,759,0.0,1046
AYT27_RS00515,SMc02788,57.669,163,64,1,1,158,1,163,2.29e-62,187
AYT27_RS00520,SMc02787,36.025,161,95,3,10,162,2,162,6.49e-24,90.1
AYT27_RS00525,SMc02786,47.619,231,117,2,3,230,4,233,5.68e-76,227
AYT27_RS00530,SMc02784,40.217,184,102,4,13,196,7,182,5.01e-40,132
AYT27_RS00535,SMc02136,52.500,320,150,2,13,330,7,326,1.70e-119,345
AYT27_RS00540,SMc02138,59.033,393,159,1,1,393,1,391,1.05e-169,478
AYT27_RS00545,SMc02139,56.250,176,74,2,1,176,1,173,4.11e-66,197
AYT27_RS00550,SMc03851,37.569,181,106,1,20,193,19,199,7.21e-47,151
AYT27_RS00560,SMc03849,54.043,235,108,0,15,249,15,249,2.60e-92,270
AYT27_RS00565,SMc03848,44.651,215,117,1,3,217,3,215,1.69e-45,148
AYT27_RS00570,SMc03847,41.148,209,112,3,1,201,1,206,1.40e-54,171
AYT27_RS00575,SMc03846,77.778,891,198,0,4,894,5,895,0.0,1422
AYT27_RS00580,SMc01152,60.920,87,34,0,1,87,1,87,5.54e-31,102
AYT27_RS00585,SMc01167,65.966,476,152,1,55,520,32,507,0.0,613
AYT27_RS00590,SMc00415,64.439,374,130,3,1,373,1,372,2.54e-174,487
AYT27_RS00595,SMc02863,51.752,371,173,5,6,373,3,370,3.58e-125,363
AYT27_RS00600,SMc01343,52.027,148,71,0,1,148,1,148,2.00e-48,150
AYT27_RS00605,SM_b21487,42.244,303,151,4,11,303,11,299,1.37e-82,253
AYT27_RS00610,SM_b21488,56.203,669,279,6,1,668,11,666,0.0,756
AYT27_RS00615,SM_b21489,42.654,211,99,3,11,221,21,209,3.32e-56,175
AYT27_RS00620,SM_b22024,34.579,107,65,2,4,107,18,122,1.75e-16,70.9
AYT27_RS00625,SMc03229,38.623,334,196,6,2,333,7,333,8.70e-68,213
AYT27_RS00630,SMc00326,70.412,267,78,1,1,267,1,266,7.25e-140,392
AYT27_RS00635,SMc00327,72.414,406,109,2,1,405,1,404,0.0,601
AYT27_RS00640,SMc00328,77.381,168,38,0,1,168,1,168,1.29e-98,279
AYT27_RS00645,SMc00329,63.636,132,43,2,33,163,10,137,5.79e-63,188
AYT27_RS00650,SMc02848,54.167,144,64,1,40,181,77,220,6.34e-57,176
AYT27_RS00655,SMc03934,89.855,69,7,0,1,69,15,83,2.58e-40,125
AYT27_RS00660,SMc02728,31.250,80,44,1,1,69,370,449,4.64e-11,55.8
AYT27_RS00665,SMc02728,34.043,188,114,3,3,186,5,186,5.83e-17,79.0
AYT27_RS00670,SMc01733,100.000,25,0,0,1,25,1,25,3.01e-13,52.8
AYT27_RS00675,SMc01458,44.218,294,164,0,68,361,88,381,1.35e-83,258
AYT27_RS00680,SMc01457,56.641,1024,437,2,22,1044,23,1040,0.0,1139
AYT27_RS00690,SMc02163,58.131,535,224,0,14,548,2,536,0.0,663
AYT27_RS00695,SMc03779,73.333,30,8,0,1,30,1,30,1.23e-11,49.3
AYT27_RS00700,SMc03770,66.337,101,34,0,1,101,1,101,1.21e-43,138
AYT27_RS00705,SMc03772,78.652,89,19,0,1,89,1,89,6.01e-48,145
AYT27_RS00710,SMc02437,33.568,426,274,5,386,804,294,717,1.37e-62,222
AYT27_RS00715,SMc02915,83.333,30,5,0,1,30,1,30,3.21e-14,55.5
AYT27_RS00770,SMc01708,38.571,350,156,11,1388,1726,990,1291,4.41e-41,163
AYT27_RS00780,SMc01708,41.875,160,79,3,1,153,1139,1291,6.31e-23,91.3
AYT27_RS00785,SMc01708,35.217,230,120,7,188,391,419,645,1.27e-13,70.1
AYT27_RS00790,SMc01708,34.646,127,58,2,8,109,899,1025,4.26e-13,61.2
AYT27_RS00800,SMc01707,38.068,176,105,3,23,195,15,189,5.79e-40,132
AYT27_RS00805,SMc00810,60.736,326,124,2,103,425,92,416,8.73e-140,405
AYT27_RS00810,SMc00811,59.111,225,90,1,13,237,8,230,3.55e-101,292
AYT27_RS00820,SMc03775,72.086,326,91,0,1,326,41,366,3.12e-150,425
AYT27_RS00825,SMc03776,65.668,367,126,0,6,372,6,372,8.22e-170,477
AYT27_RS00830,SMc03777,64.407,413,146,1,7,418,15,427,0.0,556
AYT27_RS00835,SMc03778,53.158,190,89,0,1,190,1,190,8.54e-73,216
AYT27_RS00840,SMc03780,61.111,108,42,0,34,141,55,162,1.05e-47,149
AYT27_RS00845,SMc03781,52.201,159,76,0,1,159,1,159,1.26e-55,170
AYT27_RS00850,SMc03782,36.432,398,225,3,57,426,63,460,1.36e-84,264
AYT27_RS00855,SMc03783,65.306,441,146,2,1,436,1,439,0.0,584
AYT27_RS00860,SMc03785,51.852,162,78,0,5,166,1,162,1.03e-60,183
AYT27_RS00870,SMc03238,48.235,85,44,0,4,88,3,87,7.72e-25,87.0
AYT27_RS00880,SMc03239,75.862,174,42,0,1,174,1,174,2.07e-102,289
AYT27_RS00885,SMc03242,88.264,605,71,0,1,605,1,605,0.0,1100
AYT27_RS00890,SMc01261,29.157,439,285,9,18,450,49,467,6.37e-52,179
AYT27_RS00895,SMc04403,56.953,676,285,2,5,674,10,685,0.0,803
AYT27_RS00900,SMc04025,37.799,209,130,0,52,260,117,325,4.63e-48,164
AYT27_RS00905,SMc04024,50.746,402,197,1,17,417,4,405,1.63e-134,389
AYT27_RS00910,SMc04023,69.178,292,89,1,2,293,5,295,4.44e-150,420
AYT27_RS00915,SM_b20830,48.889,315,158,2,20,331,23,337,2.01e-109,320
AYT27_RS00920,SMc04017,45.977,87,46,1,32,118,36,121,8.14e-24,86.3
AYT27_RS00925,SMc04011,29.659,499,294,6,5,450,5,499,9.53e-61,204
AYT27_RS00930,SMc04448,47.025,521,264,6,7,523,9,521,1.75e-153,446
AYT27_RS00935,SMc00815,79.032,496,103,1,1,495,1,496,0.0,764
AYT27_RS00940,SMc00403,48.131,428,221,1,1,427,1,428,1.31e-143,414
AYT27_RS00945,SMc00394,76.744,516,119,1,4,518,5,520,0.0,843
AYT27_RS00950,SMc03129,31.020,245,152,5,5,237,3,242,1.00e-25,99.0
AYT27_RS00955,SM_b20419,55.271,351,147,5,1,344,1,348,2.05e-131,377
AYT27_RS00960,SM_b20418,54.064,283,129,1,1,283,1,282,1.13e-110,319
AYT27_RS00965,SM_b20417,58.188,287,120,0,8,294,6,292,5.92e-123,351
AYT27_RS00970,SM_b20416,46.934,424,213,6,13,430,4,421,7.38e-133,387
AYT27_RS00975,SMc02509,31.034,290,192,3,17,305,19,301,1.07e-52,172
AYT27_RS00980,SMc02506,29.839,248,170,1,11,258,13,256,5.95e-32,117
AYT27_RS00985,SMc02508,31.799,239,152,5,2,229,21,259,3.49e-34,122
AYT27_RS01010,SMc02435,40.925,281,166,0,4,284,3,283,3.76e-75,229
AYT27_RS01015,SMc02436,71.875,352,99,0,1,352,1,352,0.0,550
AYT27_RS01020,SMc02510,59.843,127,51,0,11,137,15,141,5.46e-54,164
AYT27_RS01025,SMc04458,70.374,908,258,3,1,904,1,901,0.0,1339
AYT27_RS01030,SMc02451,40.984,244,144,0,51,294,29,272,3.94e-63,199
AYT27_RS01035,SMc02450,62.836,409,149,1,5,410,24,432,0.0,508
AYT27_RS01040,SMc02448,62.879,132,49,0,5,136,4,135,3.93e-60,179
AYT27_RS01045,SMc02827,46.071,280,149,2,5,283,6,284,1.29e-86,258
AYT27_RS01050,SMc02825,53.182,440,201,4,15,451,19,456,4.34e-161,461
AYT27_RS01055,SMc02567,69.677,310,94,0,23,332,22,331,2.47e-163,456
AYT27_RS01065,SMc02575,77.419,186,40,2,1,185,1,185,7.64e-102,289
AYT27_RS01070,SMc02577,76.212,433,101,2,5,436,4,435,0.0,666
AYT27_RS01075,SMc00325,35.241,332,211,4,3,332,9,338,8.50e-57,185
AYT27_RS01080,SMc00324,80.395,709,139,0,1,709,1,709,0.0,1194
AYT27_RS01085,SMc00323,69.663,89,27,0,1,89,1,89,6.28e-41,127
AYT27_RS01090,SMc02910,54.682,534,241,1,4,536,14,547,0.0,572
AYT27_RS01095,SMc00321,58.176,318,124,3,1,318,1,309,1.83e-126,361
AYT27_RS01100,SMc00320,60.156,128,48,1,3,130,6,130,2.81e-54,164
AYT27_RS01105,SMc02914,66.111,900,239,11,1,845,1,889,0.0,1126
AYT27_RS01110,SMc02913,40.933,193,112,1,2,192,22,214,6.37e-44,144
AYT27_RS01115,SMc02912,76.686,519,121,0,1,519,1,519,0.0,832
AYT27_RS01120,SMc02911,53.631,179,83,0,9,187,1,179,3.87e-74,221
AYT27_RS01125,SMc01108,58.929,224,90,2,7,230,27,248,7.41e-93,270
AYT27_RS01130,SMc01109,76.867,415,88,1,5,419,4,410,0.0,645
AYT27_RS01135,SMc01110,63.846,130,43,1,1,126,1,130,8.94e-56,168
AYT27_RS01140,SMc01111,42.722,529,282,6,27,542,11,531,9.99e-143,420
AYT27_RS01145,SMc01112,50.482,311,135,3,32,324,40,349,4.50e-97,290
AYT27_RS01150,SMc01113,47.205,161,79,1,2,156,4,164,9.06e-51,157
AYT27_RS01155,SMc01114,64.798,321,112,1,30,350,18,337,1.23e-153,434
AYT27_RS01160,SMc01115,63.778,450,158,3,8,455,18,464,0.0,617
AYT27_RS01165,SMc01117,32.099,162,103,3,1,156,3,163,1.16e-25,94.0
AYT27_RS01170,SMc01118,35.345,232,128,5,1,225,1,217,6.94e-27,100
AYT27_RS01175,SMa1737,27.333,300,202,5,14,305,29,320,1.55e-24,99.8
AYT27_RS01180,SMc02908,73.869,199,52,0,1,199,1,199,2.11e-107,304
AYT27_RS01185,SMc02906,57.009,107,46,0,1,107,1,107,9.98e-43,133
AYT27_RS01190,SMc02905,50.469,640,274,8,4,635,12,616,0.0,620
AYT27_RS01195,SMc05021,75.000,32,8,0,1,32,1,32,3.29e-09,43.1
AYT27_RS01210,SMc02899,67.870,277,89,0,3,279,1,277,5.44e-146,409
AYT27_RS01215,SMc02898,64.286,238,85,0,6,243,10,247,1.06e-111,318
AYT27_RS01220,SMc02897,29.444,180,119,3,1,175,7,183,3.70e-28,103
AYT27_RS01225,SMc02831,58.445,373,142,2,1,373,1,360,8.65e-165,463
AYT27_RS01230,SMc02830,62.534,363,131,2,21,380,17,377,8.16e-166,466
AYT27_RS01235,SMc02829,64.607,534,188,1,1,533,1,534,0.0,721
AYT27_RS01240,SMc02864,65.726,248,80,1,6,248,4,251,2.82e-111,318
AYT27_RS01245,SMc00419,69.132,311,96,0,1,311,5,315,1.99e-167,465
AYT27_RS01250,SMc02146,64.174,321,115,0,25,345,24,344,4.56e-160,449
AYT27_RS01255,SMc02144,74.582,299,71,1,193,486,5,303,5.03e-148,422
AYT27_RS01260,SMc02143,68.246,422,134,0,8,429,18,439,0.0,576
AYT27_RS01265,SMc02142,74.297,249,64,0,4,252,23,271,3.64e-141,394
AYT27_RS01270,SMc02141,58.369,233,97,0,1,233,1,233,3.39e-96,278
AYT27_RS01280,SMc00928,46.429,56,30,0,42,97,248,303,4.26e-10,57.0
AYT27_RS01285,SMc00382,69.779,407,123,0,9,415,12,418,0.0,596
AYT27_RS01290,SMc01154,50.993,302,136,3,1,291,1,301,3.42e-102,298
AYT27_RS01295,SMc02852,68.122,458,145,1,2,458,5,462,0.0,650
AYT27_RS01300,SMc00342,68.137,204,64,1,4,206,5,208,1.17e-98,282
AYT27_RS01310,SMc00604,28.682,129,74,2,150,276,100,212,5.85e-10,55.5
AYT27_RS01315,SMc00257,38.938,113,52,3,167,279,120,215,8.65e-14,66.2
AYT27_RS01320,SMc00257,36.607,112,54,3,281,391,120,215,1.24e-13,67.0
AYT27_RS01325,SMc00908,70.704,966,281,2,1,965,1,965,0.0,1437
AYT27_RS01330,SMc00907,30.270,185,109,7,19,192,20,195,2.35e-13,63.5
AYT27_RS01335,SMc00905,58.451,142,59,0,6,147,8,149,5.94e-57,172
AYT27_RS01340,SMc00904,50.427,468,183,9,6,463,45,473,6.36e-138,406
AYT27_RS01345,SMc00902,52.717,184,87,0,1,184,1,184,1.17e-63,192
AYT27_RS01365,SMc00897,60.690,435,170,1,9,442,13,447,1.29e-167,476
AYT27_RS01370,SMc00896,41.897,253,146,1,11,262,15,267,3.52e-66,204
AYT27_RS01375,SMc00895,63.158,76,28,0,1,76,1,76,6.17e-32,103
AYT27_RS01385,SMc00894,46.296,432,230,2,1,431,1,431,1.88e-132,386
AYT27_RS01390,SMc00892,40.252,318,187,2,1,315,1,318,1.07e-76,236
AYT27_RS01395,SMc00933,39.286,56,34,0,3,58,7,62,2.40e-14,59.3
AYT27_RS01400,SMc00932,54.369,618,261,4,1,611,1,604,0.0,689
AYT27_RS01405,SMc02218,73.278,363,96,1,1,362,1,363,0.0,533
AYT27_RS01410,SM_b20850,40.701,371,218,2,8,377,9,378,3.97e-99,297
AYT27_RS01430,SMa0684,21.867,375,265,9,11,372,8,367,4.89e-12,65.1
AYT27_RS01435,SMc00962,43.119,218,124,0,4,221,3,220,1.74e-66,202
AYT27_RS01445,SMc00964,47.594,187,92,2,1,182,1,186,3.32e-36,122
AYT27_RS01505,SMc02187,55.729,384,168,1,2,383,3,386,1.23e-153,437
AYT27_RS01520,SMa0471,46.970,66,27,1,4,61,7,72,9.19e-13,56.6
AYT27_RS01550,SMc00178,43.182,88,49,1,1,87,1,88,1.73e-19,76.3
AYT27_RS01555,SMc00178,41.860,86,50,0,2,87,103,188,3.15e-20,78.6
AYT27_RS01635,SMc02477,39.706,68,40,1,13,79,2,69,8.67e-11,51.6
AYT27_RS01640,SMa5007,46.667,60,28,2,1,57,2,60,2.24e-11,52.0
AYT27_RS01690,SMa1990,30.693,101,64,2,1,100,4,99,7.71e-09,47.4
AYT27_RS01745,SMc01135,30.303,165,112,2,109,272,79,241,1.19e-10,59.3
AYT27_RS01770,SMc02476,49.462,93,46,1,12,104,1,92,3.18e-26,90.9
AYT27_RS01775,SMc02477,47.826,69,36,0,9,77,2,70,3.73e-18,70.1
AYT27_RS01780,SMa0471,46.154,52,28,0,1,52,1,52,3.27e-11,52.4
AYT27_RS01835,SMc04269,34.586,133,78,2,1,129,1,128,6.86e-22,82.8
AYT27_RS01850,SMc01233,52.252,111,53,0,2,112,5,115,8.34e-42,134
AYT27_RS01860,SMc02151,35.897,78,50,0,5,82,13,90,1.17e-12,56.6
AYT27_RS01905,SMc04198,45.161,62,33,1,7,68,6,66,6.60e-10,54.3
AYT27_RS01955,SMc02207,80.000,25,5,0,1,25,1,25,5.28e-08,39.7
AYT27_RS01960,SMc00640,68.475,387,122,0,1,387,1,387,0.0,560
AYT27_RS01965,SMc00643,72.454,432,116,2,1,429,1,432,0.0,647
AYT27_RS01970,SMc00644,32.677,254,135,5,219,437,490,742,1.66e-33,131
AYT27_RS01975,SMc00646,74.048,289,75,0,1,289,1,289,1.44e-168,467
AYT27_RS01980,SMc00647,57.729,317,133,1,15,331,24,339,5.56e-133,380
AYT27_RS01985,SMc01971,53.586,474,216,2,1,473,1,471,0.0,526
AYT27_RS01990,SM_b20595,77.183,504,113,1,336,839,97,598,0.0,790
AYT27_RS02005,SMc00776,35.054,368,213,6,80,433,772,1127,2.46e-60,209
AYT27_RS02010,SMc02250,53.191,141,61,3,1,136,1,141,8.52e-47,145
AYT27_RS02015,SMc02245,57.265,351,149,1,7,356,8,358,1.33e-145,414
AYT27_RS02020,SMc00841,80.000,25,5,0,1,25,1,25,3.29e-09,42.7
AYT27_RS02025,SMc00762,67.957,465,148,1,11,475,15,478,0.0,658
AYT27_RS02030,SMc00761,50.935,428,209,1,1,427,1,428,1.04e-151,434
AYT27_RS02035,SMc03070,62.729,491,183,0,1,491,1,491,0.0,657
AYT27_RS02040,SMc03069,49.778,225,113,0,11,235,8,232,5.45e-67,205
AYT27_RS02045,SMc03068,65.017,606,211,1,1,606,1,605,0.0,825
AYT27_RS02050,SMc03059,58.528,299,124,0,1,299,1,299,4.83e-133,377
AYT27_RS02055,SMc00838,23.345,574,380,16,30,574,40,582,1.71e-24,105
AYT27_RS02060,SMc00826,48.770,244,125,0,1,244,1,244,6.62e-74,223
AYT27_RS02065,SMc00825,63.676,457,166,0,1,457,1,457,0.0,616
AYT27_RS02070,SM_b20611,24.103,390,268,13,68,447,47,418,2.17e-08,53.5
AYT27_RS02075,SMc02445,55.017,289,130,0,5,293,3,291,1.13e-103,302
AYT27_RS02080,SMc02444,44.262,244,136,0,9,252,1,244,2.82e-69,211
AYT27_RS02085,SMc02443,54.217,83,36,1,1,81,4,86,1.48e-28,95.9
AYT27_RS02090,SMc02440,58.943,246,101,0,1,246,1,246,7.57e-110,314
AYT27_RS02095,SMc02438,80.189,424,76,2,1,417,1,423,0.0,677
AYT27_RS02100,SMa1913,36.623,456,261,8,1,447,26,462,1.47e-75,241
AYT27_RS02105,SM_b20614,23.975,317,210,11,33,330,42,346,2.57e-12,67.0
AYT27_RS02110,SMc04179,56.007,591,259,1,1,590,1,591,0.0,676
AYT27_RS02115,SM_b20996,36.866,217,137,0,4,220,6,222,2.66e-45,148
AYT27_RS02120,SM_b20995,66.038,477,158,2,1,475,1,475,0.0,657
AYT27_RS02130,SMc00872,40.458,131,75,3,4,133,14,142,4.36e-21,80.9
AYT27_RS02135,SMc00871,69.388,245,75,0,7,251,4,248,6.22e-126,355
AYT27_RS02140,SMc00870,96.491,57,2,0,6,62,5,61,1.17e-33,107
AYT27_RS02145,SMc00869,48.039,204,85,2,1,186,1,201,2.06e-61,187
AYT27_RS02150,SMc00868,52.174,161,72,2,4,164,6,161,4.17e-41,133
AYT27_RS02155,SMc00851,57.995,738,291,3,1,738,1,719,0.0,851
AYT27_RS02160,SMc00855,79.743,311,61,1,7,315,1,311,0.0,536
AYT27_RS02165,SMc00861,34.457,534,347,2,33,563,45,578,2.68e-117,358
AYT27_RS02170,SMc00860,66.463,328,110,0,29,356,11,338,1.17e-156,441
AYT27_RS02175,SMc00858,52.245,245,116,1,10,254,28,271,7.70e-76,229
AYT27_RS02180,SMc00857,57.292,288,118,1,1,283,1,288,4.84e-122,348
AYT27_RS02190,SMc00862,40.940,298,163,5,12,301,7,299,1.54e-67,210
AYT27_RS02200,SMc00867,54.774,199,88,2,18,216,19,215,1.73e-67,204
AYT27_RS02205,SMc00984,54.341,311,141,1,10,319,14,324,3.18e-113,328
AYT27_RS02210,SMc00985,54.721,466,211,0,4,469,25,490,0.0,526
AYT27_RS02215,SMc00987,39.157,166,88,7,15,168,15,179,1.37e-27,99.8
AYT27_RS02220,SMc00993,64.103,429,144,2,1,425,1,423,0.0,563
AYT27_RS02225,SMc00988,54.740,327,131,4,10,329,1,317,3.06e-114,331
AYT27_RS02235,SMc00069,65.829,199,67,1,9,207,9,206,2.28e-97,279
AYT27_RS02240,SMa0116,38.411,302,166,7,3,299,4,290,9.62e-62,196
AYT27_RS02245,SMc00005,75.735,272,66,0,1,272,1,272,7.86e-159,440
AYT27_RS02250,SMc00007,72.603,365,100,0,1,365,1,365,0.0,544
AYT27_RS02255,SMc00008,65.768,371,119,3,1,368,1,366,1.47e-176,493
AYT27_RS02260,SMc00970,69.737,76,23,0,9,84,8,83,4.20e-34,109
AYT27_RS02265,SMc00972,70.128,626,186,1,6,631,12,636,0.0,904
AYT27_RS02270,SMc00973,53.527,241,112,0,6,246,10,250,7.02e-84,248
AYT27_RS02275,SMc00974,44.794,413,222,1,2,408,3,415,7.40e-122,357
AYT27_RS02280,SMc00960,69.231,468,143,1,3,470,4,470,0.0,667
AYT27_RS02285,SMc00071,39.073,151,92,0,28,178,26,176,1.80e-38,127
AYT27_RS02290,SMc00450,57.000,300,128,1,5,304,41,339,7.37e-119,343
AYT27_RS02295,SMc00016,76.147,327,78,0,5,331,23,349,0.0,512
AYT27_RS02300,SMc00017,56.740,319,138,0,1,319,1,319,1.45e-137,390
AYT27_RS02305,SMc00018,60.417,144,57,0,6,149,2,145,7.98e-66,195
AYT27_RS02310,SMc00073,28.090,178,119,6,48,216,60,237,2.46e-16,75.1
AYT27_RS02315,SMc00019,50.794,189,93,0,6,194,13,201,9.75e-70,208
AYT27_RS02320,SMc00074,50.263,951,469,1,10,960,23,969,0.0,1004
AYT27_RS02325,SMc00451,60.993,423,164,1,1,422,1,423,0.0,549
AYT27_RS02330,SMc00077,61.472,462,178,0,1,462,2,463,0.0,610
AYT27_RS02350,SMc00079,46.320,231,120,2,1,231,1,227,5.28e-72,217
AYT27_RS02355,SMc00021,69.786,374,113,0,1,374,1,374,0.0,565
AYT27_RS02360,SMc00452,55.556,351,148,3,24,366,14,364,2.92e-133,383
AYT27_RS02365,SMc00022,36.527,167,103,1,1,164,21,187,8.22e-38,125
AYT27_RS02370,SMc00023,54.696,181,81,1,37,216,89,269,1.41e-71,216
AYT27_RS02375,SMc00025,71.833,884,249,0,1,884,1,884,0.0,1330
AYT27_RS02390,SMc00118,56.061,132,57,1,4,134,3,134,1.81e-52,160
AYT27_RS02395,SMc00058,55.147,136,61,0,7,142,6,141,1.69e-49,153
AYT27_RS02400,SMc00114,60.260,692,270,1,9,695,21,712,0.0,883
AYT27_RS02405,SMc00043,77.551,196,44,0,1,196,1,196,1.95e-113,319
AYT27_RS02410,SMc00125,88.000,25,3,0,1,25,1,25,5.58e-12,49.7
AYT27_RS02415,SMc00026,28.859,298,155,6,5,251,5,296,1.30e-30,113
AYT27_RS02420,SMc00128,28.324,173,113,2,7,168,7,179,3.44e-25,93.6
AYT27_RS02425,SMc00457,30.208,192,133,1,3,194,4,194,8.81e-31,109
AYT27_RS02430,SMc00122,48.860,702,348,4,6,700,12,709,0.0,670
AYT27_RS02440,SMc00458,71.041,221,64,0,1,221,1,221,1.11e-120,339
AYT27_RS02445,SMc00129,41.138,457,260,2,19,468,4,458,2.34e-105,319
AYT27_RS02450,SMc02361,32.961,179,109,3,66,239,100,272,2.09e-18,80.9
AYT27_RS02455,SMc02362,42.336,137,78,1,19,154,3,139,5.35e-34,114
AYT27_RS02460,SMc02363,53.625,662,306,1,1,661,1,662,0.0,665
AYT27_RS02465,SMc02364,48.120,133,68,1,17,149,14,145,2.03e-39,128
AYT27_RS02470,SMc02365,53.629,496,216,5,17,500,8,501,0.0,529
AYT27_RS02475,SMc02366,73.874,222,58,0,1,222,5,226,8.30e-115,325
AYT27_RS02480,SMc02367,49.676,463,228,3,1,460,1,461,4.06e-152,438
AYT27_RS02485,SMc02368,52.523,971,452,4,10,972,14,983,0.0,969
AYT27_RS02490,SMc00257,28.061,196,89,9,81,274,70,215,2.55e-13,65.1
AYT27_RS02495,SMc02841,27.778,162,112,2,10,169,128,286,1.43e-24,94.4
AYT27_RS02500,SMc02369,42.318,742,411,6,36,769,37,769,0.0,584
AYT27_RS02505,SMc02370,51.932,880,417,4,1,874,1,880,0.0,938
AYT27_RS02510,SMc02375,36.727,275,153,5,14,271,15,285,9.38e-60,189
AYT27_RS02515,SM_b20962,33.333,219,144,2,24,241,22,239,3.66e-35,124
AYT27_RS02520,SM_b20618,59.701,201,81,0,1,201,1,201,8.98e-86,249
AYT27_RS02525,SM_b20617,68.110,254,81,0,4,257,4,257,3.25e-125,353
AYT27_RS02535,SM_b20616,53.822,314,144,1,3,315,2,315,3.61e-123,353
AYT27_RS02540,SM_b20615,73.524,593,153,1,6,598,11,599,0.0,914
AYT27_RS02555,SMc01510,48.092,262,133,2,1,261,1,260,1.03e-90,267
AYT27_RS02560,SMc01511,58.333,348,142,3,14,360,16,361,1.95e-123,358
AYT27_RS02565,SMc01512,46.953,279,140,4,24,297,38,313,2.73e-85,256
AYT27_RS02570,SMc01513,46.552,348,180,5,4,347,10,355,1.30e-102,303
AYT27_RS02575,SMc02726,38.024,739,414,17,14,725,22,743,4.33e-150,452
AYT27_RS02585,SMc02403,46.793,686,345,3,15,700,12,677,0.0,605
AYT27_RS02590,SMc02404,61.433,293,112,1,1,292,1,293,8.76e-139,391
AYT27_RS02595,SMc02405,70.667,150,44,0,9,158,10,159,1.43e-76,223
AYT27_RS02605,SMc02408,74.074,135,32,1,1,132,1,135,2.63e-62,184
AYT27_RS02610,SMc02659,67.881,741,232,3,1,738,1,738,0.0,1021
AYT27_RS02620,SMc02655,31.915,188,120,2,1,188,30,209,2.86e-28,103
AYT27_RS02625,SMc02654,65.649,131,45,0,1,131,1,131,4.52e-63,187
AYT27_RS02630,SMc02653,64.583,240,85,0,12,251,8,247,2.05e-111,319
AYT27_RS02635,SMc02652,53.097,226,106,0,8,233,13,238,5.86e-87,255
AYT27_RS02640,SMc02651,67.577,293,95,0,7,299,19,311,3.70e-151,423
AYT27_RS02645,SMc02635,52.340,235,111,1,1,235,13,246,1.92e-84,250
AYT27_RS02650,SMc01880,53.357,283,132,0,1,283,1,283,1.98e-99,291
AYT27_RS02655,SMc01881,56.410,273,118,1,1,272,1,273,9.47e-113,323
AYT27_RS02660,SMc02559,58.549,193,79,1,12,204,4,195,1.78e-83,244
AYT27_RS02665,SMc02558,37.818,275,164,4,8,280,2,271,6.79e-60,189
AYT27_RS02670,SMc01821,28.194,454,280,14,7,428,3,442,2.19e-46,164
AYT27_RS02675,SMc02555,36.842,114,70,2,12,123,34,147,4.27e-21,80.1
AYT27_RS02685,SMc02551,52.789,502,189,10,4,502,7,463,3.02e-173,494
AYT27_RS02695,SMc00550,69.256,618,190,0,8,625,5,622,0.0,885
AYT27_RS02700,SMc00551,60.909,220,86,0,1,220,1,220,2.10e-105,301
AYT27_RS02705,SMc00552,58.000,250,104,1,14,263,23,271,3.99e-100,292
AYT27_RS02710,SMc00553,58.159,239,100,0,11,249,8,246,6.90e-104,299
AYT27_RS02715,SMc00554,76.763,482,112,0,13,494,13,494,0.0,783
AYT27_RS02720,SMc00555,48.241,199,96,2,1,192,1,199,6.94e-61,186
AYT27_RS02725,SMc00556,76.652,454,106,0,1,454,21,474,0.0,722
AYT27_RS02730,SMc00561,69.102,479,142,3,16,489,17,494,0.0,672
AYT27_RS02740,SMc00565,68.391,174,55,0,1,174,1,174,9.37e-86,249
AYT27_RS02745,SMc00566,26.667,315,214,8,1,311,1,302,3.60e-16,75.5
AYT27_RS02750,SMc00567,81.481,81,15,0,1,81,1,81,7.36e-49,146
AYT27_RS02755,SMc00568,74.528,106,27,0,1,106,1,106,3.21e-54,165
AYT27_RS02770,SMc00571,68.954,306,95,0,1,306,1,306,1.45e-152,427
AYT27_RS02775,SMc00572,71.429,245,70,0,1,245,1,245,7.73e-135,377
AYT27_RS02780,SMc00573,80.769,78,15,0,1,78,1,78,4.05e-40,124
AYT27_RS02785,SMc00574,77.088,419,96,0,1,419,1,419,0.0,641
AYT27_RS02790,SMc00575,54.819,332,150,0,33,364,42,373,2.74e-122,356
AYT27_RS02795,SMc00577,55.882,204,89,1,17,219,13,216,2.82e-86,252
AYT27_RS02800,SMc00579,65.328,274,91,2,3,275,4,274,2.25e-123,350
AYT27_RS02805,SMc00580,56.311,309,135,0,9,317,14,322,7.29e-119,344
AYT27_RS02810,SMc00581,38.535,314,190,3,1,313,2,313,3.77e-72,223
AYT27_RS02815,SMc00582,42.371,734,400,7,53,781,53,768,0.0,609
AYT27_RS02820,SMc00583,48.493,365,183,1,1,365,1,360,1.25e-123,358
AYT27_RS02825,SMc00584,38.649,370,224,2,1,370,1,367,5.95e-100,300
AYT27_RS02830,SMc00586,45.578,147,80,0,2,148,3,149,2.45e-50,155
AYT27_RS02845,SMc01869,56.047,430,187,1,2,429,7,436,4.36e-160,456
AYT27_RS02865,SMc00590,61.264,617,234,2,1,612,11,627,0.0,772
AYT27_RS02870,SMc00595,86.429,140,19,0,1,140,1,140,9.05e-89,252
AYT27_RS02875,SMc00601,75.401,187,46,0,6,192,7,193,8.88e-105,297
AYT27_RS02880,SMc00602,67.712,638,202,2,23,660,37,670,0.0,929
AYT27_RS02885,SMc00608,53.147,286,133,1,1,286,1,285,5.79e-114,328
AYT27_RS02895,SMc02067,58.000,50,21,0,5,54,4,53,5.46e-11,51.6
AYT27_RS02900,SMc02066,35.211,142,83,1,1,142,1,133,1.38e-18,76.3
AYT27_RS02905,SMc02065,46.122,245,131,1,7,250,4,248,3.48e-76,230
AYT27_RS02910,SMc02064,65.012,423,148,0,1,423,1,423,0.0,566
AYT27_RS02915,SMc02062,37.255,204,128,0,16,219,1,204,2.68e-47,152
AYT27_RS02920,SMc02060,39.695,262,125,6,133,391,281,512,1.71e-52,180
AYT27_RS02925,SMc02058,60.360,111,42,2,1,110,1,110,6.47e-45,140
AYT27_RS02930,SMc02056,59.664,119,47,1,1,118,3,121,3.47e-47,146
AYT27_RS02935,SMc02055,39.033,269,162,2,9,277,9,275,7.37e-59,187
AYT27_RS02940,SMc00234,32.000,625,411,8,1,617,1,619,7.57e-100,315
AYT27_RS02945,SMc01023,57.874,254,107,0,1,254,1,254,8.14e-105,302
AYT27_RS02950,SMc01024,53.571,84,39,0,1,84,1,84,1.48e-13,62.0
AYT27_RS02955,SMc01025,79.336,542,112,0,1,542,1,542,0.0,890
AYT27_RS02960,SMc01027,68.817,279,83,1,1,275,1,279,7.78e-127,360
AYT27_RS02965,SMc01028,76.794,418,97,0,1,418,1,418,0.0,652
AYT27_RS02975,SMc01029,41.935,93,53,1,14,105,1,93,3.97e-21,78.2
AYT27_RS02980,SMc01030,79.128,321,67,0,26,346,28,348,0.0,518
AYT27_RS02985,SMc01031,74.130,460,115,1,1,456,1,460,0.0,704
AYT27_RS02990,SMc01032,60.754,451,164,3,1,442,1,447,0.0,527
AYT27_RS02995,SMc01035,77.618,487,102,2,1,486,1,481,0.0,773
AYT27_RS03000,SMc01037,76.489,319,73,1,1,317,1,319,0.0,513
AYT27_RS03005,SMc01038,61.333,150,57,1,1,150,1,149,6.21e-63,187
AYT27_RS03010,SMc01039,50.633,158,78,0,2,159,3,160,3.11e-52,161
AYT27_RS03015,SMc01040,52.699,389,179,3,4,389,36,422,3.40e-141,407
AYT27_RS03020,SMc00785,70.769,130,38,0,1,130,1,130,4.01e-67,198
AYT27_RS03025,SMc01044,48.045,716,367,4,28,738,21,736,0.0,665
AYT27_RS03030,SMc01045,70.925,454,129,3,1,451,1,454,0.0,667
AYT27_RS03035,SMc01046,60.262,458,182,0,1,458,1,458,0.0,590
AYT27_RS03045,SMc01903,75.000,208,52,0,1,208,1,208,8.07e-121,338
AYT27_RS03050,SMc01904,86.824,425,55,1,1,424,1,425,0.0,768
AYT27_RS03055,SMc01905,77.175,793,180,1,16,807,14,806,0.0,1265
AYT27_RS03060,SMc01906,65.556,90,31,0,1,90,1,90,4.33e-39,122
AYT27_RS03065,SMc02053,71.087,460,127,3,7,460,9,468,0.0,699
AYT27_RS03070,SMc00957,70.370,27,8,0,1,27,1,27,1.67e-08,41.2
AYT27_RS03075,SMc02050,57.143,448,187,2,1,444,1,447,0.0,538
AYT27_RS03080,SMc01350,81.964,499,90,0,1,499,17,515,0.0,872
AYT27_RS03085,SMc01348,58.594,128,53,0,4,131,5,132,5.71e-55,166
AYT27_RS03090,SMc01347,65.179,112,39,0,25,136,29,140,2.23e-55,168
AYT27_RS03100,SMc01001,35.211,213,125,4,17,222,20,226,1.92e-35,124
AYT27_RS03105,SMc01327,54.930,284,116,3,3,274,8,291,1.35e-97,285
AYT27_RS03115,SMc01379,95.833,24,1,0,1,24,1,24,1.86e-09,43.1
AYT27_RS03120,SMc01311,90.793,391,36,0,1,391,1,391,0.0,706
AYT27_RS03125,SMc01381,92.000,25,2,0,1,25,1,25,9.08e-11,46.6
AYT27_RS03130,SMc01323,60.714,56,22,0,1,56,1,56,4.35e-15,60.5
AYT27_RS03135,SMc01322,78.977,176,37,0,1,176,1,176,3.25e-101,286
AYT27_RS03140,SMc01321,78.873,142,30,0,1,142,1,142,3.13e-81,233
AYT27_RS03145,SMc01320,76.190,231,55,0,1,231,1,231,2.06e-129,362
AYT27_RS03150,SMc01319,71.512,172,49,0,1,172,1,172,1.12e-91,262
AYT27_RS03155,SMc01318,78.571,126,24,1,1,123,1,126,7.36e-49,150
AYT27_RS03160,SMc01317,85.245,1369,198,1,1,1369,1,1365,0.0,2432
AYT27_RS03165,SMc01316,84.301,1395,217,2,1,1395,1,1393,0.0,2459
AYT27_RS03170,SMc01260,46.774,124,66,0,4,127,4,127,1.84e-37,121
AYT27_RS03180,SMc01256,66.309,466,156,1,1,465,1,466,0.0,626
AYT27_RS03190,SMc00996,41.250,480,221,9,14,445,30,496,1.79e-112,338
AYT27_RS03195,SMc02110,57.407,108,45,1,17,124,11,117,1.86e-41,131
AYT27_RS03200,SMc02109,69.816,762,221,3,1,753,1,762,0.0,1087
AYT27_RS03205,SMc02106,60.870,138,54,0,3,140,2,139,5.01e-56,169
AYT27_RS03210,SMc02103,54.248,153,70,0,1,153,1,153,1.30e-55,169
AYT27_RS03215,SMc02102,42.023,257,143,3,18,273,21,272,4.82e-69,212
AYT27_RS03220,SMc02101,81.818,253,46,0,1,253,1,253,3.05e-162,447
AYT27_RS03225,SMc02100,72.638,307,84,0,1,307,1,307,3.10e-159,444
AYT27_RS03230,SMc02099,75.107,233,58,0,7,239,7,239,4.82e-122,344
AYT27_RS03235,SMc02098,72.778,180,49,0,7,186,7,186,1.10e-97,278
AYT27_RS03240,SMc02096,41.065,263,145,4,2,258,3,261,3.00e-46,154
AYT27_RS03245,SMc02095,36.467,351,210,2,31,376,26,368,6.51e-83,255
AYT27_RS03250,SMc02094,48.060,799,391,10,1,798,1,776,0.0,726
AYT27_RS03255,SMc02093,46.705,349,183,2,1,346,1,349,5.66e-93,279
AYT27_RS03260,SMc02092,59.211,152,61,1,4,155,2,152,2.75e-65,194
AYT27_RS03265,SMc02091,45.038,262,144,0,2,263,4,265,4.46e-84,250
AYT27_RS03270,SMc02090,43.116,276,154,3,12,285,13,287,4.58e-64,201
AYT27_RS03275,SMc02089,46.429,392,205,2,1,392,1,387,1.59e-122,358
AYT27_RS03280,SMc02121,57.371,251,106,1,7,257,9,258,1.12e-108,312
AYT27_RS03285,SMc00138,51.770,226,109,0,10,235,50,275,1.48e-82,245
AYT27_RS03290,SMc00139,43.556,225,127,0,7,231,37,261,3.96e-57,180
AYT27_RS03295,SMc00140,45.490,255,131,3,2,250,6,258,1.15e-74,225
AYT27_RS03300,SMc02087,76.690,429,100,0,1,429,1,429,0.0,724
AYT27_RS03305,SMc03172,34.096,481,286,8,3,467,6,471,1.27e-84,266
AYT27_RS03310,SMc02086,28.911,799,511,16,7,761,10,795,2.56e-100,325
AYT27_RS03315,SMc00152,60.000,220,88,0,1,220,1,220,1.47e-87,256
AYT27_RS03320,SMc00153,39.394,165,96,2,7,167,1,165,4.90e-34,116
AYT27_RS03325,SMc00154,58.315,463,190,2,1,461,1,462,0.0,543
AYT27_RS03330,SMc00155,73.348,454,121,0,1,454,1,454,0.0,727
AYT27_RS03335,SMc00161,62.591,548,204,1,5,551,11,558,0.0,713
AYT27_RS03340,SMc03172,28.074,488,303,8,2,459,6,475,8.31e-47,166
AYT27_RS03345,SMc00522,62.702,496,147,3,5,463,1,495,0.0,607
AYT27_RS03350,SMc01331,58.943,246,101,0,10,255,10,255,3.60e-98,285
AYT27_RS03355,SM_b21712,75.000,24,6,0,1,24,1,24,1.15e-08,41.2
AYT27_RS03360,SM_b21165,71.373,510,146,0,1,510,1,510,0.0,737
AYT27_RS03375,SMc02187,45.000,60,30,1,4,63,97,153,4.64e-08,45.4
AYT27_RS03430,SMc02151,30.682,88,59,2,12,97,11,98,6.46e-10,49.7
AYT27_RS03435,SMc02476,29.032,93,64,2,1,92,1,92,7.13e-09,46.2
AYT27_RS03530,SMc00561,67.442,129,36,2,21,144,331,458,5.69e-51,168
AYT27_RS03535,SMc02476,41.935,62,35,1,33,93,31,92,3.13e-10,49.7
AYT27_RS03540,SMc02151,34.177,79,52,0,5,83,13,91,6.55e-13,57.4
AYT27_RS03625,SMa0473,50.549,91,44,1,1,90,1,91,1.78e-25,88.6
AYT27_RS03635,SMc01233,51.351,111,54,0,2,112,5,115,1.53e-41,134
AYT27_RS03755,SMc00561,66.667,129,37,2,29,152,331,458,2.67e-50,167
AYT27_RS03760,SMc04060,96.000,25,1,0,1,25,1,25,3.00e-10,45.4
AYT27_RS03765,SMc04044,83.761,117,19,0,3,119,4,120,1.54e-68,199
AYT27_RS03770,SMc04041,24.126,286,204,5,27,300,27,311,1.10e-23,96.3
AYT27_RS03775,SMc04040,55.102,147,65,1,1,147,1,146,3.48e-51,158
AYT27_RS03790,SMc04240,31.250,192,127,4,5,191,27,218,3.15e-27,100
AYT27_RS03815,SMc02182,100.000,25,0,0,1,25,1,25,2.19e-12,50.8
AYT27_RS03820,SMc00301,58.824,119,47,1,4,120,3,121,2.83e-47,146
AYT27_RS03825,SMc01051,48.507,268,138,0,3,270,3,270,3.24e-90,266
AYT27_RS03830,SMc04268,54.074,270,124,0,38,307,37,306,1.31e-111,323
AYT27_RS03835,SMc04270,74.269,342,88,0,1,342,1,342,0.0,540
AYT27_RS03840,SMc04273,66.271,421,139,2,3,421,5,424,0.0,551
AYT27_RS03845,SMc04275,50.127,393,187,5,6,390,8,399,1.59e-117,345
AYT27_RS03850,SMc04278,84.615,91,14,0,1,91,3,93,3.81e-52,155
AYT27_RS03855,SMc00169,71.505,751,214,0,15,765,17,767,0.0,1060
AYT27_RS03860,SMc00190,22.157,1354,847,33,288,1518,818,2087,9.91e-52,198
AYT27_RS03865,SMc01048,87.179,78,10,0,1,78,1,78,5.47e-50,149
AYT27_RS03870,SMc01049,57.763,438,174,4,12,439,18,454,1.53e-161,461
AYT27_RS03880,SMc01800,48.468,359,176,3,7,364,7,357,3.69e-122,355
AYT27_RS03885,SMc01801,55.340,309,138,0,1,309,1,309,8.05e-133,377
AYT27_RS03890,SMc01770,74.194,434,109,1,1,434,1,431,0.0,682
AYT27_RS03895,SMc01771,69.079,152,47,0,1,152,1,152,3.01e-74,217
AYT27_RS03900,SMc01772,41.872,406,183,7,6,369,7,401,4.64e-102,305
AYT27_RS03905,SMc01773,55.392,204,84,2,1,201,1,200,1.06e-81,239
AYT27_RS03910,SMc01777,66.438,146,46,1,7,149,5,150,1.40e-66,197
AYT27_RS03915,SMc01778,62.676,142,53,0,14,155,14,155,4.26e-67,199
AYT27_RS03920,SMc01781,46.429,140,70,2,16,153,17,153,1.48e-43,139
AYT27_RS03925,SMc01783,38.953,172,103,2,12,182,8,178,8.88e-41,134
AYT27_RS03930,SMc01784,64.286,336,120,0,1,336,1,336,3.45e-158,445
AYT27_RS03935,SMc01785,69.136,324,99,1,1,324,1,323,7.79e-161,449
AYT27_RS03940,SMc01786,74.510,102,26,0,1,102,1,102,1.80e-52,158
AYT27_RS03945,SMc01787,55.618,178,66,4,1,167,1,176,1.88e-62,188
AYT27_RS03950,SMc01010,73.252,658,174,2,1,658,2,657,0.0,1050
AYT27_RS03955,SMc01007,65.686,102,35,0,14,115,22,123,1.14e-47,146
AYT27_RS03960,SMc01006,48.592,142,73,0,1,142,1,142,9.74e-50,154
AYT27_RS03965,SMc01005,60.622,193,76,0,11,203,9,201,1.07e-82,242
AYT27_RS03970,SMc01380,96.429,28,1,0,1,28,1,28,1.20e-12,51.6
AYT27_RS03975,SMc00955,31.915,329,203,8,52,368,21,340,1.03e-44,156
AYT27_RS04010,SMc01371,72.500,120,33,0,1,120,1,120,6.96e-63,185
AYT27_RS04015,SMc01803,78.065,155,34,0,7,161,1,155,9.19e-88,251
AYT27_RS04020,SMc01804,81.169,154,29,0,1,154,1,154,1.68e-94,268
AYT27_RS04025,SMc00292,53.571,588,272,1,5,591,10,597,0.0,561
AYT27_RS04030,SMc01018,72.263,685,188,2,3,685,2,686,0.0,1012
AYT27_RS04035,SMc01268,60.829,217,85,0,24,240,30,246,2.10e-103,298
AYT27_RS04045,SMc00853,37.143,175,99,3,40,213,18,182,3.59e-28,102
AYT27_RS04115,SMc01345,80.761,447,85,1,1,447,3,448,0.0,741
AYT27_RS04120,SMc01344,55.346,159,66,2,8,163,2,158,4.47e-54,166
AYT27_RS04125,SMc01342,41.014,217,125,2,69,285,35,248,7.55e-58,183
AYT27_RS04135,SMc02520,54.545,495,218,5,11,501,5,496,0.0,516
AYT27_RS04140,SMc04235,53.295,349,124,3,17,326,1,349,1.68e-123,356
AYT27_RS04145,SMc04214,63.497,326,118,1,5,330,7,331,2.29e-133,380
AYT27_RS04150,SMc00131,74.074,162,42,0,1,162,1,162,2.87e-91,260
AYT27_RS04155,SMc04210,53.140,207,93,2,6,210,3,207,2.59e-77,228
AYT27_RS04160,SMc04211,34.356,163,100,4,5,164,6,164,1.89e-30,107
AYT27_RS04165,SMc01369,87.273,55,7,0,1,55,1,55,1.20e-29,96.3
AYT27_RS04180,SMc01365,50.875,743,354,4,4,740,30,767,0.0,764
AYT27_RS04185,SMc01364,66.976,863,272,2,1,850,7,869,0.0,1198
AYT27_RS04195,SMc01363,51.169,385,175,2,10,394,10,381,6.92e-136,392
AYT27_RS04200,SMc01362,53.968,189,81,3,20,208,21,203,4.27e-56,174
AYT27_RS04205,SMc01361,59.953,427,170,1,1,426,1,427,0.0,553
AYT27_RS04210,SMc01360,73.026,304,82,0,10,313,4,307,2.32e-170,473
AYT27_RS04215,SMc01359,35.902,532,331,4,13,541,24,548,2.43e-106,327
AYT27_RS04220,SMc01355,62.821,156,58,0,1,156,1,156,1.12e-68,203
AYT27_RS04225,SMc01353,70.526,95,28,0,1,95,1,95,6.58e-43,132
AYT27_RS04230,SMc01352,76.673,493,115,0,1,493,1,493,0.0,756
AYT27_RS04240,SMc01948,48.511,235,119,2,3,236,5,238,1.59e-78,234
AYT27_RS04245,SMc01949,47.510,261,124,5,3,252,11,269,2.59e-76,231
AYT27_RS04250,SMc01950,36.223,323,153,9,39,330,140,440,3.65e-39,142
AYT27_RS04255,SMc01951,36.056,355,171,8,4,358,2,300,3.90e-55,180
AYT27_RS04260,SMc01946,28.125,352,237,9,10,356,11,351,5.98e-33,124
AYT27_RS04265,SMc00289,63.102,187,63,3,2,187,6,187,1.44e-82,240
AYT27_RS04270,SMc00288,39.286,112,62,1,47,158,46,151,9.14e-20,79.0
AYT27_RS04275,SMc02114,60.976,246,94,1,9,252,11,256,3.70e-107,308
AYT27_RS04285,SMc02112,67.647,68,21,1,1,68,15,81,1.87e-29,97.4
AYT27_RS04290,SMc00299,58.824,221,91,0,44,264,42,262,7.11e-97,282
AYT27_RS04295,SMc00298,69.517,269,82,0,1,269,1,269,5.06e-145,405
AYT27_RS04300,SMc00297,57.604,217,92,0,3,219,3,219,4.41e-87,255
AYT27_RS04305,SMc00482,59.851,269,108,0,1,269,1,269,1.83e-116,333
AYT27_RS04310,SMc00483,58.301,259,107,1,4,262,7,264,2.65e-112,322
AYT27_RS04315,SMc00485,80.976,205,39,0,1,205,1,205,6.71e-130,361
AYT27_RS04320,SMc00534,73.864,264,69,0,28,291,44,307,1.28e-153,429
AYT27_RS04325,SMc01115,29.067,461,285,13,3,437,21,465,9.61e-53,181
AYT27_RS04330,SMc01183,62.869,237,85,1,1,234,1,237,1.70e-104,300
AYT27_RS04335,SMc00303,96.000,25,1,0,1,25,1,25,3.94e-11,47.4
AYT27_RS04340,SMc01187,43.363,226,107,3,72,276,67,292,6.91e-57,184
AYT27_RS04345,SMc01188,47.207,358,189,0,26,383,27,384,1.56e-120,352
AYT27_RS04350,SMc01189,48.558,208,105,2,3,210,14,219,3.50e-71,214
AYT27_RS04355,SMc01190,38.509,322,188,4,18,332,14,332,7.78e-70,219
AYT27_RS04360,SMc01192,60.234,513,199,4,1,509,1,512,0.0,672
AYT27_RS04365,SMc01193,57.812,256,108,0,1,256,1,256,9.38e-114,325
AYT27_RS04370,SMc01194,54.647,269,121,1,1,268,1,269,8.60e-112,321
AYT27_RS04375,SMc01767,32.031,128,78,2,8,126,10,137,7.78e-18,72.0
AYT27_RS04380,SM_b20752,38.393,336,193,6,10,335,9,340,1.85e-58,190
AYT27_RS04385,SMc00247,60.000,235,94,0,29,263,5,239,5.13e-100,290
AYT27_RS04390,SMc00316,50.384,391,194,0,7,397,24,414,1.90e-134,390
AYT27_RS04395,SMa5002,31.373,102,64,3,11,107,4,104,4.49e-13,58.2
AYT27_RS04420,SMc00302,82.407,108,19,0,26,133,19,126,2.05e-63,187
AYT27_RS04425,SMc00533,65.842,404,138,0,9,412,10,413,0.0,591
AYT27_RS04430,SMc00532,41.647,425,245,3,1,422,1,425,2.60e-115,341
AYT27_RS04435,SMc00531,76.096,251,60,0,1,251,1,251,1.37e-142,397
AYT27_RS04440,SMc00530,82.704,503,73,1,1,503,1,489,0.0,879
AYT27_RS04445,SMc00529,47.781,383,198,1,1,381,1,383,2.70e-114,336
AYT27_RS04450,SMc00528,78.539,219,47,0,1,219,1,219,1.58e-132,370
AYT27_RS04455,SMc00526,72.222,414,115,0,4,417,4,417,0.0,634
AYT27_RS04460,SMc00524,58.000,150,63,0,2,151,6,155,4.08e-64,191
AYT27_RS04465,SMc01333,72.434,341,93,1,14,353,1,341,9.55e-179,496
AYT27_RS04470,SMc01334,61.510,821,309,4,4,821,1,817,0.0,1032
AYT27_RS04475,SMc01335,42.700,363,192,6,47,398,60,417,7.04e-90,276
AYT27_RS04485,SMc01336,76.000,425,101,1,160,583,217,641,0.0,671
AYT27_RS04490,SMc00950,37.278,169,106,0,34,202,40,208,1.49e-41,137
AYT27_RS04495,SMc00951,50.415,603,289,3,9,603,1,601,0.0,640
AYT27_RS04500,SMc04450,60.435,1150,444,4,22,1164,24,1169,0.0,1413
AYT27_RS04505,SMc00227,49.438,89,45,0,1,89,1,89,7.27e-25,87.4
AYT27_RS04510,SMc01376,66.516,221,74,0,5,225,7,227,1.06e-105,302
AYT27_RS04515,SMc01935,54.902,408,184,0,15,422,1,408,1.63e-166,471
AYT27_RS04520,SMc01934,70.320,438,130,0,1,438,1,438,0.0,664
AYT27_RS04525,SMc01929,59.494,553,224,0,4,556,2,554,0.0,710
AYT27_RS04530,SMc01928,36.752,234,145,1,24,257,25,255,1.81e-35,125
AYT27_RS04535,SMc01927,56.757,481,201,2,5,484,6,480,0.0,544
AYT27_RS04540,SMc01926,75.565,487,119,0,1,487,1,487,0.0,750
AYT27_RS04545,SMc01925,71.254,654,181,1,5,651,8,661,0.0,950
AYT27_RS04550,SMc01924,82.353,102,18,0,1,102,1,102,7.08e-50,150
AYT27_RS04555,SMc01923,67.327,202,66,0,5,206,3,204,7.72e-94,270
AYT27_RS04560,SMc01922,85.890,163,23,0,1,163,2,164,8.01e-105,294
AYT27_RS04565,SMc01921,79.420,345,70,1,4,348,4,347,0.0,528
AYT27_RS04570,SMc01920,72.294,693,188,2,1,689,1,693,0.0,1041
AYT27_RS04575,SMc01918,77.931,435,95,1,1,435,1,434,0.0,736
AYT27_RS04580,SMc01917,71.041,221,61,1,1,218,1,221,3.21e-119,338
AYT27_RS04585,SMc01915,81.313,396,74,0,1,396,1,396,0.0,686
AYT27_RS04590,SMc01914,63.682,201,73,0,1,201,1,201,8.89e-99,282
AYT27_RS04595,SMc01913,83.158,190,32,0,4,193,3,192,4.16e-123,343
AYT27_RS04600,SMc01912,73.554,121,32,0,1,121,1,121,4.16e-63,186
AYT27_RS04605,SMc01937,92.000,25,2,0,1,25,1,25,5.13e-11,47.4
AYT27_RS04610,SMc01938,100.000,25,0,0,1,25,1,25,2.95e-12,50.4
AYT27_RS04630,SMc02187,60.366,164,64,1,1,164,181,343,2.53e-68,212
AYT27_RS04635,SMc02201,56.923,65,28,0,1,65,1,65,1.19e-21,77.0
AYT27_RS04640,SMa0911,29.796,245,152,10,60,291,82,319,1.59e-16,76.3
AYT27_RS04655,SMc03825,23.377,231,175,2,1,230,121,350,4.81e-13,65.9
AYT27_RS04700,SMc01243,80.000,30,6,0,1,30,1,30,1.59e-10,46.2
AYT27_RS04840,SMc01233,51.351,111,54,0,2,112,5,115,1.53e-41,134
AYT27_RS04845,SMc02476,28.571,91,65,0,3,93,2,92,4.11e-09,47.0
AYT27_RS04850,SMc02151,35.897,78,50,0,5,82,13,90,1.17e-12,56.6
AYT27_RS04865,SMc00287,47.525,101,53,0,1,101,1,101,1.39e-33,109
AYT27_RS04875,SMc00617,41.553,219,122,2,7,225,8,220,3.61e-54,171
AYT27_RS04880,SMc00616,53.429,350,161,2,44,393,9,356,1.74e-120,352
AYT27_RS04885,SMc00615,67.507,357,113,2,7,361,1,356,4.86e-167,468
AYT27_RS04890,SMc00614,56.771,192,83,0,2,193,7,198,4.55e-76,225
AYT27_RS04920,SMc00471,39.331,867,466,15,18,843,20,867,0.0,575
AYT27_RS04925,SMc00470,38.636,88,54,0,9,96,6,93,7.83e-08,48.1
AYT27_RS04930,SMc00469,74.820,139,34,1,1,138,8,146,5.10e-72,210
AYT27_RS04935,SMc00514,47.712,153,80,0,23,175,23,175,2.69e-46,147
AYT27_RS04940,SMc00511,70.561,214,63,0,7,220,8,221,4.98e-115,325
AYT27_RS04945,SMc00508,83.834,433,70,0,1,433,1,433,0.0,765
AYT27_RS04950,SMc00505,60.440,182,72,0,1,182,1,182,5.96e-82,238
AYT27_RS04955,SMc00495,82.677,254,44,0,1,254,1,254,6.21e-160,441
AYT27_RS04960,SMc00494,62.821,78,29,0,1,78,2,79,1.55e-30,100
AYT27_RS04965,SMc00493,71.818,220,62,0,1,220,1,220,7.61e-127,355
AYT27_RS04970,SMc00488,71.042,739,206,4,1,734,1,736,0.0,1045
AYT27_RS04975,SMc00487,64.935,77,27,0,1,77,1,77,4.71e-35,111
AYT27_RS04980,SMc00538,70.000,110,33,0,1,110,1,110,4.16e-57,169
AYT27_RS04985,SMc00537,46.988,415,212,3,1,413,1,409,1.83e-115,341
AYT27_RS04990,SMc01761,67.560,746,234,1,12,749,13,758,0.0,1073
AYT27_RS04995,SMc01756,74.454,595,152,0,1,595,1,595,0.0,963
AYT27_RS05000,SMc00622,52.756,381,180,0,4,384,1,381,6.95e-152,431
AYT27_RS05005,SMc00619,49.603,504,249,2,1,500,1,503,4.00e-152,441
AYT27_RS05010,SMc00618,65.149,703,245,0,16,718,29,731,0.0,941
AYT27_RS05015,SMc02115,67.089,79,26,0,1,79,1,79,1.59e-39,123
AYT27_RS05020,SMc02116,35.589,399,232,6,7,402,9,385,3.45e-82,255
AYT27_RS05025,SMc01375,64.056,1149,411,2,16,1162,21,1169,0.0,1488
AYT27_RS05030,SMc00228,53.989,702,322,1,1,702,1,701,0.0,764
AYT27_RS05055,SMc02187,48.837,43,22,0,1,43,245,287,1.55e-09,48.9
AYT27_RS05065,SMa0878,60.691,608,238,1,1,607,1,608,0.0,763
AYT27_RS05070,SMc00232,56.916,441,186,2,2,440,3,441,7.71e-177,500
AYT27_RS05075,SMc00248,55.510,245,108,1,2,246,3,246,1.37e-80,240
AYT27_RS05080,SMc01011,44.637,289,144,4,37,309,28,316,6.04e-83,251
AYT27_RS05085,SMc02075,69.524,105,32,0,3,107,5,109,1.97e-44,137
AYT27_RS05090,SMc02074,53.731,402,183,2,1,399,3,404,5.67e-159,451
AYT27_RS05095,SMc02073,63.419,585,214,0,1,585,1,585,0.0,798
AYT27_RS05100,SMc02072,25.344,363,226,11,508,839,597,945,8.06e-22,98.6
AYT27_RS05110,SMc02896,52.691,353,167,0,10,362,9,361,2.93e-138,395
AYT27_RS05120,SMc00293,63.218,435,158,1,1,433,1,435,0.0,574
AYT27_RS05130,SMc00480,84.864,403,61,0,1,403,1,403,0.0,734
AYT27_RS05135,SMc01217,26.047,430,313,3,1,430,21,445,2.77e-35,134
AYT27_RS05140,SMc02161,42.929,396,208,4,6,396,24,406,1.63e-91,279
AYT27_RS05145,SMc01206,75.741,371,90,0,1,371,1,371,0.0,596
AYT27_RS05150,SMc01208,76.786,168,39,0,1,168,1,168,7.40e-99,280
AYT27_RS05155,SMc01700,62.025,158,55,2,25,180,27,181,3.15e-66,199
AYT27_RS05160,SMc01209,60.870,161,63,0,1,161,1,161,1.95e-66,197
AYT27_RS05165,SMc01231,77.915,892,195,2,15,905,15,905,0.0,1414
AYT27_RS05170,SMc01233,56.989,186,54,2,1,172,1,174,1.57e-65,196
AYT27_RS05175,SMc01235,74.431,966,245,2,1,965,1,965,0.0,1476
AYT27_RS05180,SMc00947,74.107,112,29,0,1,112,1,112,9.48e-59,174
AYT27_RS05185,SMc00948,81.237,469,88,0,1,469,1,469,0.0,832
AYT27_RS05195,SMc01277,45.914,257,138,1,1,256,1,257,8.30e-81,241
AYT27_RS05205,SMc01275,66.667,330,107,2,1,327,1,330,3.82e-165,461
AYT27_RS05210,SMc03900,57.292,576,246,0,1,576,32,607,0.0,690
AYT27_RS05215,SMc00475,70.575,887,261,0,1,887,1,887,0.0,1306
AYT27_RS05220,SMc00760,83.768,345,55,1,1,345,14,357,0.0,598
AYT27_RS05225,SMc01279,78.009,432,95,0,4,435,3,434,0.0,702
AYT27_RS05230,SMc01280,52.727,440,203,5,26,463,29,465,1.12e-153,442
AYT27_RS05235,SMc01283,83.206,131,22,0,1,131,1,131,3.73e-79,228
AYT27_RS05240,SMc01285,81.899,337,60,1,1,337,1,336,0.0,573
AYT27_RS05245,SMc01286,90.698,129,12,0,1,129,1,129,1.36e-88,251
AYT27_RS05250,SMc01287,84.956,113,17,0,1,113,1,113,3.28e-68,199
AYT27_RS05255,SMc01288,64.398,191,68,0,1,191,1,191,4.04e-87,252
AYT27_RS05260,SMc01289,73.333,450,114,2,1,448,1,446,0.0,673
AYT27_RS05265,SMc01290,68.667,150,47,0,1,150,1,150,2.75e-71,209
AYT27_RS05270,SMc01291,73.438,64,17,0,4,67,3,66,2.51e-28,94.0
AYT27_RS05275,SMc01292,82.081,173,31,0,2,174,8,180,1.59e-104,295
AYT27_RS05280,SMc01293,70.000,120,36,0,1,120,1,120,6.63e-58,172
AYT27_RS05285,SMc01294,73.446,177,47,0,1,177,1,177,5.24e-99,281
AYT27_RS05290,SMc01295,76.515,132,31,0,1,132,1,132,1.94e-75,218
AYT27_RS05295,SMc01296,69.307,101,31,0,1,101,1,101,8.96e-51,153
AYT27_RS05300,SMc01297,75.676,185,45,0,1,185,1,185,1.31e-101,288
AYT27_RS05305,SMc01298,77.885,104,22,1,1,104,1,103,4.35e-56,166
AYT27_RS05310,SMc01299,95.082,122,6,0,1,122,1,122,3.10e-82,234
AYT27_RS05315,SMc01300,77.027,74,17,0,1,74,1,74,1.74e-40,125
AYT27_RS05320,SMc01301,66.667,66,22,0,1,66,1,66,9.41e-27,89.7
AYT27_RS05325,SMc01302,77.372,137,31,0,1,137,1,137,7.01e-80,229
AYT27_RS05330,SMc01303,82.278,237,41,1,1,236,1,237,1.05e-150,416
AYT27_RS05335,SMc01304,82.946,129,22,0,1,129,1,129,7.31e-75,216
AYT27_RS05340,SMc01305,91.304,92,8,0,1,92,1,92,3.62e-60,176
AYT27_RS05345,SMc01306,83.453,278,45,1,1,277,1,278,9.42e-165,455
AYT27_RS05350,SMc01307,79.381,97,20,0,1,97,1,97,1.92e-52,157
AYT27_RS05355,SMc01308,72.816,206,56,0,1,206,1,206,1.35e-114,323
AYT27_RS05360,SMc01309,78.037,214,47,0,1,214,1,214,3.52e-125,352
AYT27_RS05365,SMc01310,94.118,102,6,0,1,102,1,102,7.13e-69,199
AYT27_RS05370,SMc01311,90.793,391,36,0,1,391,1,391,0.0,706
AYT27_RS05375,SMc01312,83.477,696,113,2,1,694,1,696,0.0,1193
AYT27_RS05380,SMc01313,83.333,156,26,0,1,156,1,156,1.03e-99,281
AYT27_RS05385,SMc01314,93.496,123,8,0,1,123,1,123,2.80e-82,234
AYT27_RS05390,SMc02077,60.000,260,103,1,1,259,1,260,7.26e-119,338
AYT27_RS05395,SMc00676,25.296,253,171,5,8,256,8,246,1.69e-22,93.2
AYT27_RS05400,SM_b21095,30.415,217,136,4,32,238,66,277,7.10e-25,97.4
AYT27_RS05405,SMc02120,29.952,207,132,3,36,232,174,377,8.48e-25,98.6
AYT27_RS05410,SMc02121,59.091,242,97,1,6,247,19,258,1.36e-100,291
AYT27_RS05415,SMc02078,41.256,223,130,1,41,262,44,266,5.65e-60,188
AYT27_RS05420,SMc02080,62.434,945,314,5,1,906,1,943,0.0,1227
AYT27_RS05430,SMc02082,40.191,418,244,3,27,438,17,434,5.15e-92,283
AYT27_RS05435,SMc02083,55.656,221,95,1,4,224,2,219,1.56e-75,225
AYT27_RS05475,SM_b20880,51.613,372,174,5,7,375,2,370,9.61e-126,372
AYT27_RS05490,SMc00936,57.212,416,175,1,10,425,3,415,1.25e-160,456
AYT27_RS05500,SMc00604,34.211,114,61,3,184,294,110,212,4.12e-13,64.7
AYT27_RS05505,SMc04174,30.000,90,61,1,1,90,1,88,1.18e-13,58.2
AYT27_RS05510,SMc04176,33.333,765,483,9,35,784,70,822,1.31e-137,426
AYT27_RS05520,SMc02265,54.632,842,373,6,1,837,1,838,0.0,908
AYT27_RS05525,SMa1600,52.021,569,261,3,2,565,1,562,0.0,549
AYT27_RS05530,SMc02853,50.476,315,153,3,2,315,3,315,1.24e-101,298
AYT27_RS05535,SMc03171,49.153,236,116,2,7,240,10,243,5.93e-61,198
AYT27_RS05560,SMc04346,79.941,339,68,0,1,339,1,339,0.0,580
AYT27_RS05565,SMc01407,60.246,244,94,2,1,241,1,244,7.49e-103,296
AYT27_RS05570,SMc01414,75.467,375,90,1,1,373,36,410,0.0,582
AYT27_RS05575,SMc01431,71.235,591,169,1,10,599,2,592,0.0,898
AYT27_RS05580,SMc01435,45.552,281,151,1,8,286,13,293,4.87e-90,267
AYT27_RS05585,SMc01438,49.900,501,232,7,16,505,11,503,1.89e-155,450
AYT27_RS05590,SMc01440,47.893,261,127,3,30,283,30,288,7.56e-72,222
AYT27_RS05595,SMc01441,46.106,321,166,4,44,359,40,358,3.10e-94,284
AYT27_RS05600,SMc01442,52.121,165,79,0,5,169,7,171,1.68e-58,178
AYT27_RS05605,SMc01444,77.652,264,59,0,1,264,1,264,2.74e-163,451
AYT27_RS05610,SMa1328,31.409,433,272,10,9,425,6,429,1.75e-55,187
AYT27_RS05615,SMa1328,29.545,440,287,9,9,433,6,437,1.80e-54,185
AYT27_RS05620,SMa1328,29.885,435,279,9,7,425,5,429,6.41e-56,189
AYT27_RS05625,SMc01449,46.078,102,54,1,1,101,1,102,1.70e-24,86.7
AYT27_RS05630,SMc04478,69.014,71,22,0,48,118,36,106,2.58e-25,89.7
AYT27_RS05635,SMc01450,53.297,182,72,3,1,181,1,170,1.58e-61,186
AYT27_RS05640,SMc01451,51.923,52,25,0,5,56,6,57,1.57e-10,48.9
AYT27_RS05645,SMc01452,47.826,69,36,0,10,78,2,70,4.55e-15,61.6
AYT27_RS05650,SMc01461,64.527,857,223,6,1,777,1,856,0.0,1121
AYT27_RS05655,SM_b20765,43.005,193,110,0,13,205,8,200,2.31e-56,175
AYT27_RS05660,SMc01471,41.872,203,98,4,1,190,1,196,2.44e-49,156
AYT27_RS05665,SMc01472,48.264,288,147,1,3,288,2,289,4.88e-95,280
AYT27_RS05670,SMc01885,52.554,607,285,3,1,605,1,606,0.0,647
AYT27_RS05680,SMc01878,60.976,697,257,5,27,716,29,717,0.0,860
AYT27_RS05685,SMc01877,60.701,542,212,1,1,541,1,542,0.0,636
AYT27_RS05690,SMc01876,52.688,279,129,2,10,288,6,281,4.23e-100,293
AYT27_RS05695,SMc01875,47.687,281,146,1,8,287,13,293,5.21e-92,273
AYT27_RS05700,SMc01874,56.480,625,193,12,1,581,1,590,0.0,523
AYT27_RS05705,SMc01873,55.765,425,183,3,12,433,20,442,2.34e-173,490
AYT27_RS05710,SMc01872,36.786,280,177,0,20,299,27,306,9.24e-65,203
AYT27_RS05715,SMc01871,65.696,309,102,2,1,306,1,308,8.27e-155,432
AYT27_RS05720,SMc01868,58.413,315,131,0,7,321,4,318,1.65e-127,365
AYT27_RS05725,SMc01867,70.149,469,140,0,1,469,1,469,0.0,651
AYT27_RS05730,SMc01866,53.243,370,171,2,3,370,2,371,2.99e-132,381
AYT27_RS05735,SMc01865,55.285,369,164,1,1,369,1,368,2.82e-142,407
AYT27_RS05740,SMc01864,54.095,464,206,1,1,464,1,457,7.39e-162,463
AYT27_RS05745,SMc01863,69.399,366,102,1,1,356,1,366,0.0,510
AYT27_RS05750,SMc01862,48.172,465,240,1,4,468,4,467,4.13e-141,411
AYT27_RS05755,SMc01861,60.345,464,183,1,15,478,21,483,0.0,574
AYT27_RS05760,SMc01860,52.890,571,265,3,2,570,13,581,0.0,603
AYT27_RS05765,SMc01859,33.333,93,62,0,3,95,1,93,2.10e-19,75.9
AYT27_RS05770,SMc01858,59.226,336,129,2,14,341,1,336,1.69e-130,374
AYT27_RS05780,SMc01855,58.678,121,50,0,48,168,59,179,5.05e-53,164
AYT27_RS05795,SMc01842,36.562,320,179,2,2,298,4,322,3.46e-51,170
AYT27_RS05800,SMc04454,79.964,549,110,0,1,549,1,549,0.0,917
AYT27_RS05810,SMc02275,60.302,199,79,0,1,199,13,211,1.47e-92,267
AYT27_RS05815,SM_b21468,60.117,341,136,0,4,344,11,351,2.73e-133,382
AYT27_RS05855,SMc01556,41.860,215,120,3,36,245,47,261,1.43e-41,140
AYT27_RS05860,SMc00064,56.738,141,58,2,4,142,3,142,2.13e-56,171
AYT27_RS05865,SMc01563,72.899,690,158,4,1,667,1,684,0.0,983
AYT27_RS05870,SMc01567,44.292,657,336,6,1,629,1,655,0.0,531
AYT27_RS05880,SM_b21536,37.615,545,339,1,8,552,8,551,5.75e-120,363
AYT27_RS05885,SMc01036,53.659,82,38,0,1,82,1,82,1.35e-22,80.5
AYT27_RS05895,SMc01569,71.134,388,109,2,11,396,7,393,0.0,590
AYT27_RS05905,SMc01215,77.692,1161,258,1,1,1160,1,1161,0.0,1877
AYT27_RS05910,SMc01428,72.464,69,19,0,1,69,1,69,2.33e-34,109
AYT27_RS05915,SMc01578,77.525,396,89,0,1,396,1,396,0.0,652
AYT27_RS05920,SMc01225,66.000,300,101,1,2,301,4,302,3.76e-153,428
AYT27_RS05925,SMc01224,69.649,313,95,0,1,313,1,313,3.65e-168,468
AYT27_RS05930,SMa1691,45.671,462,250,1,1,462,24,484,3.91e-141,411
AYT27_RS05935,SMc01219,54.441,349,155,2,3,347,2,350,1.30e-136,390
AYT27_RS05940,SMc01218,79.487,156,32,0,1,156,2,157,2.74e-89,254
AYT27_RS05945,SMa2297,34.146,82,51,2,1,79,1,82,2.47e-11,55.8
AYT27_RS05950,SMc04231,73.609,773,168,2,3,739,115,887,0.0,1192
AYT27_RS05955,SMc01586,41.739,115,58,5,118,229,32,140,6.31e-15,67.0
AYT27_RS05960,SMc01587,56.132,212,92,1,4,214,2,213,4.85e-89,258
AYT27_RS05965,SMc01593,62.281,228,86,0,7,234,7,234,4.05e-109,311
AYT27_RS05970,SMc01595,62.791,430,158,2,17,445,31,459,0.0,552
AYT27_RS05975,SMc02678,53.614,166,77,0,1,166,1,166,3.37e-62,187
AYT27_RS05985,SMc03744,53.846,78,36,0,1,78,1,78,6.85e-22,79.3
AYT27_RS05990,SMc02681,45.802,262,136,3,11,272,13,268,3.67e-76,231
AYT27_RS05995,SMc02682,43.978,357,197,2,4,357,10,366,2.51e-102,304
AYT27_RS06000,SMc02683,45.736,258,136,1,3,256,6,263,3.83e-86,254
AYT27_RS06005,SMc02686,78.641,309,66,0,1,309,1,309,0.0,514
AYT27_RS06010,SMc00484,64.400,500,169,3,1,498,1,493,0.0,644
AYT27_RS06015,SMc02692,67.204,186,61,0,1,186,1,186,6.69e-94,270
AYT27_RS06020,SMc02693,62.105,190,72,0,1,190,1,190,2.02e-81,239
AYT27_RS06030,SMc02636,65.341,176,61,0,43,218,1,176,5.13e-80,236
AYT27_RS06035,SMc02695,77.384,367,83,0,1,367,1,367,0.0,595
AYT27_RS06040,SMa0541,50.000,96,44,2,54,146,37,131,1.14e-30,105
AYT27_RS06045,SMc00189,48.333,60,31,0,1,60,223,282,5.90e-17,69.3
AYT27_RS06060,SMc00184,59.333,150,61,0,3,152,4,153,2.55e-59,179
AYT27_RS06065,SMc02700,49.877,405,203,0,12,416,9,413,1.59e-148,426
AYT27_RS06070,SMc02703,69.677,310,94,0,33,342,26,335,7.54e-167,466
AYT27_RS06075,SMc02704,46.667,285,152,0,2,286,3,287,1.21e-95,282
AYT27_RS06080,SMc02705,40.000,935,548,8,3,930,9,937,0.0,680
AYT27_RS06085,SMc02706,44.877,693,373,6,7,698,5,689,0.0,602
AYT27_RS06095,SMc02712,47.811,297,151,1,5,297,1,297,8.01e-98,288
AYT27_RS06100,SMc02724,51.761,284,137,0,6,289,8,291,3.09e-92,273
AYT27_RS06105,SMc00649,36.029,272,158,5,8,270,8,272,2.90e-47,156
AYT27_RS06110,SMc00659,69.474,380,111,1,3,377,1,380,0.0,542
AYT27_RS06115,SMc00657,82.418,91,16,0,1,91,1,91,2.63e-54,161
AYT27_RS06120,SMc00655,60.714,112,44,0,1,112,1,112,7.23e-41,129
AYT27_RS06125,SMc00654,84.549,233,36,0,1,233,1,233,2.06e-146,405
AYT27_RS06130,SMc00652,46.798,203,106,2,5,206,8,209,2.27e-62,191
AYT27_RS06135,SMc00651,58.947,190,76,1,9,196,11,200,2.16e-79,233
AYT27_RS06145,SM_b21248,36.145,249,128,5,12,244,11,244,6.25e-32,121
AYT27_RS06150,SMa2313,30.000,230,139,5,26,237,35,260,3.45e-19,85.5
AYT27_RS06155,SMc00758,96.000,25,1,0,1,25,1,25,2.58e-10,45.4
AYT27_RS06170,SMc01529,53.086,243,109,3,8,249,5,243,9.06e-89,261
AYT27_RS06175,SMc01528,59.559,272,110,0,5,276,4,275,1.07e-116,334
AYT27_RS06180,SMc01527,61.092,293,112,2,19,309,15,307,7.86e-120,344
AYT27_RS06185,SMc01526,53.913,345,158,1,12,356,1,344,1.63e-130,375
AYT27_RS06190,SMc01525,35.182,523,310,9,27,528,28,542,1.75e-98,306
AYT27_RS06195,SMc01525,32.367,207,127,3,26,222,26,229,4.73e-28,115
AYT27_RS06205,SMc00923,61.856,194,74,0,15,208,3,196,6.20e-90,260
AYT27_RS06210,SMc00378,50.000,526,212,4,2,476,1,526,0.0,514
AYT27_RS06215,SMc01525,33.650,526,320,8,26,531,26,542,1.67e-97,304
AYT27_RS06220,SMc02242,36.905,84,53,0,1,84,45,128,1.70e-08,45.8
AYT27_RS06225,SMc02234,36.752,234,146,1,38,269,34,267,4.26e-50,163
AYT27_RS06230,SMc02232,62.126,301,114,0,1,301,1,301,3.68e-130,370
AYT27_RS06240,SMc00729,65.844,243,83,0,1,243,1,243,5.83e-109,312
AYT27_RS06245,SMa1389,62.581,310,111,2,1,306,1,309,4.27e-134,380
AYT27_RS06250,SMc02377,66.971,548,181,0,5,552,7,554,0.0,741
AYT27_RS06260,SM_b20003,37.165,261,156,4,1,259,1,255,1.09e-55,177
AYT27_RS06270,SMc00418,52.252,111,53,0,12,122,12,122,2.56e-36,118
AYT27_RS06275,SMc00416,53.401,294,136,1,2,295,14,306,3.76e-108,314
AYT27_RS06280,SMc00876,54.571,361,158,4,4,359,4,363,4.37e-138,395
AYT27_RS06285,SMc04434,88.636,44,5,0,1,44,1,44,8.89e-22,75.9
AYT27_RS06290,SMc01720,53.782,119,50,2,8,126,12,125,3.20e-33,110
AYT27_RS06295,SMc01721,53.289,608,266,7,1,607,2,592,0.0,647
AYT27_RS06300,SMc01722,70.673,208,61,0,2,209,4,211,8.82e-110,311
AYT27_RS06305,SMc00407,56.957,230,99,0,1,230,1,230,2.84e-98,283
AYT27_RS06310,SMc02837,55.056,267,119,1,1,266,6,272,4.63e-97,283
AYT27_RS06315,SMc02838,63.725,204,74,0,1,204,1,204,3.72e-99,284
AYT27_RS06325,SMc02864,38.750,80,45,2,95,174,14,89,1.60e-10,58.2
AYT27_RS06340,SMc02400,41.885,191,94,7,1,183,1,182,5.36e-26,105
AYT27_RS06350,SMc01854,28.383,303,131,9,13,307,22,246,1.58e-28,108
AYT27_RS06355,SMa1846,27.612,268,160,9,106,361,101,346,6.65e-19,86.3
AYT27_RS06365,SMc03825,26.801,347,238,6,11,349,12,350,2.83e-31,120
AYT27_RS06395,SMc03075,100.000,25,0,0,1,25,1,25,1.43e-11,48.5
AYT27_RS06400,SMc03221,75.676,37,9,0,2,38,3,39,3.25e-10,46.2
AYT27_RS06405,SMc03220,48.372,215,92,4,1,196,1,215,8.41e-41,159
AYT27_RS06410,SMc03074,88.000,25,3,0,1,25,1,25,8.62e-10,44.3
AYT27_RS06425,SMc04242,47.619,126,64,1,4,127,5,130,3.89e-40,128
AYT27_RS06430,SMc03168,51.863,322,155,0,25,346,50,371,4.26e-105,311
AYT27_RS06435,SMc03167,60.202,495,197,0,6,500,12,506,0.0,605
AYT27_RS06440,SMc02982,49.704,169,82,2,14,180,17,184,7.93e-51,160
AYT27_RS06445,SMc02983,74.801,377,95,0,1,377,3,379,0.0,574
AYT27_RS06460,SMc03156,62.034,295,111,1,4,298,16,309,1.31e-124,356
AYT27_RS06465,SMc03153,52.174,207,99,0,1,207,1,207,2.20e-77,229
AYT27_RS06475,SMc02122,60.967,269,102,2,11,276,2,270,2.43e-114,327
AYT27_RS06480,SMc01317,97.143,35,1,0,1,35,167,201,2.80e-18,78.6
AYT27_RS06500,SMc02187,40.541,111,65,1,39,148,44,154,3.70e-18,77.0
AYT27_RS06505,SMc00557,36.461,373,223,4,12,372,6,376,3.11e-74,233
AYT27_RS06510,SMc02049,55.328,929,402,10,9,927,21,946,0.0,967
AYT27_RS06515,SMc02048,56.897,116,50,0,6,121,4,119,8.03e-47,144
AYT27_RS06520,SMc02047,47.632,380,180,8,8,371,3,379,1.65e-101,303
AYT27_RS06525,SMc03802,42.922,219,120,2,1,214,1,219,6.61e-57,177
AYT27_RS06530,SMc03803,63.636,55,20,0,6,60,8,62,1.83e-21,76.6
AYT27_RS06540,SMc01110,63.380,71,26,0,4,74,6,76,1.50e-27,96.3
AYT27_RS06545,SMc02187,41.333,75,44,0,14,88,79,153,2.07e-11,57.4
AYT27_RS06550,SMc04410,76.923,338,78,0,1,338,1,338,0.0,562
AYT27_RS06555,SMc04410,77.612,67,15,0,1,67,272,338,7.30e-34,115
AYT27_RS06560,SMc00062,39.062,64,39,0,29,92,16,79,1.26e-12,61.6
AYT27_RS06565,SMc03157,50.420,238,117,1,35,272,22,258,5.25e-80,239
AYT27_RS06570,SMc03159,48.696,345,169,4,7,344,14,357,1.30e-107,316
AYT27_RS06575,SMc03158,40.670,209,124,0,11,219,11,219,5.71e-43,142
AYT27_RS06580,SMc02187,45.652,46,25,0,265,310,318,363,6.20e-08,51.2
AYT27_RS06585,SMc03927,53.205,156,72,1,1,155,1,156,5.17e-56,171
AYT27_RS06610,SMc02977,54.894,235,106,0,7,241,23,257,2.72e-89,262
AYT27_RS06615,SMc02978,66.761,355,94,1,11,341,10,364,3.05e-174,486
AYT27_RS06620,SMc02979,51.988,327,151,2,1,321,1,327,3.57e-127,364
AYT27_RS06730,SMc01579,30.275,218,137,5,2,207,3,217,3.39e-14,66.6
AYT27_RS06735,SMc01573,35.238,105,68,0,1,105,1,105,2.60e-23,84.3
AYT27_RS06740,SMc00909,53.191,329,151,1,1,329,1,326,2.68e-117,339
AYT27_RS06745,SMc00910,47.510,261,137,0,14,274,15,275,2.39e-87,259
AYT27_RS06760,SMc04211,28.671,143,90,3,102,240,28,162,1.45e-11,59.3
AYT27_RS06765,SMa1319,43.284,67,28,2,19,83,18,76,2.52e-12,55.8
AYT27_RS06770,SMa1318,52.525,99,47,0,2,100,9,107,2.84e-38,122
AYT27_RS06775,SMa1315,61.990,784,294,1,2,781,6,789,0.0,1039
AYT27_RS06785,SMa1311,34.304,309,175,6,19,320,17,304,1.83e-41,144
AYT27_RS06790,SMa1310,36.765,68,38,3,8,72,18,83,7.61e-10,49.3
AYT27_RS06795,SMa1308,52.252,222,104,2,1,221,2,222,1.02e-82,243
AYT27_RS06800,SMa1306,58.527,258,107,0,29,286,24,281,1.72e-109,316
AYT27_RS06805,SMa1303,54.896,337,126,6,65,386,64,389,4.66e-118,346
AYT27_RS06810,SMa1302,60.486,329,119,2,15,343,9,326,1.55e-141,402
AYT27_RS06820,SMc02710,30.894,246,160,4,19,256,10,253,9.42e-28,110
AYT27_RS06825,SMa0929,55.109,597,255,6,42,632,45,634,0.0,674
AYT27_RS06835,SMc02710,27.465,284,183,7,16,285,9,283,1.72e-24,101
AYT27_RS06840,SMc02710,33.690,187,122,1,46,232,58,242,7.03e-28,110
AYT27_RS06880,SMc01123,62.764,521,191,1,1,521,1,518,0.0,613
AYT27_RS06885,SMc01121,64.407,354,126,0,1,354,1,354,7.91e-170,474
AYT27_RS06890,SMc01120,45.395,152,83,0,10,161,11,162,7.66e-45,142
AYT27_RS06895,SMc01119,69.474,190,56,2,1,190,1,188,2.24e-98,280
AYT27_RS06900,SMc00099,47.059,68,36,0,42,109,2,69,4.24e-18,70.1
AYT27_RS06905,SMc00913,85.094,530,79,0,1,530,1,530,0.0,897
AYT27_RS06910,SMc00912,82.653,98,17,0,1,98,1,98,1.05e-56,167
AYT27_RS06915,SMc00149,63.203,462,169,1,1,461,11,472,0.0,587
AYT27_RS06925,SMc03925,58.410,541,224,1,3,542,2,542,0.0,663
AYT27_RS06930,SMc01834,78.613,173,37,0,1,173,2,174,8.35e-108,303
AYT27_RS06945,SMc01110,56.452,62,27,0,25,86,12,73,3.69e-18,72.8
AYT27_RS06955,SMc00919,63.052,498,177,4,1,493,1,496,0.0,596
AYT27_RS06990,SMc03075,100.000,25,0,0,1,25,1,25,1.43e-11,48.5
AYT27_RS06995,SMc03221,75.676,37,9,0,2,38,3,39,3.25e-10,46.2
AYT27_RS07020,SMc03075,100.000,25,0,0,1,25,1,25,1.43e-11,48.5
AYT27_RS07025,SMc03221,75.676,37,9,0,2,38,3,39,3.25e-10,46.2
AYT27_RS07030,SMc03220,48.372,215,92,4,1,196,1,215,8.41e-41,159
AYT27_RS07035,SMc03074,88.000,25,3,0,1,25,1,25,8.62e-10,44.3
AYT27_RS07050,SMc02432,41.950,646,349,6,15,658,16,637,8.94e-179,521
AYT27_RS07060,SMc01506,71.429,182,52,0,1,182,1,182,2.66e-98,280
AYT27_RS07065,SMc01505,55.556,36,16,0,23,58,12,47,8.60e-09,44.3
AYT27_RS07070,SMc01504,65.660,265,90,1,1,265,1,264,9.77e-130,365
AYT27_RS07075,SM_b20515,33.333,192,123,2,118,309,947,1133,1.43e-28,114
AYT27_RS07095,SMc00648,30.252,119,80,2,22,139,10,126,1.76e-14,63.5
AYT27_RS07105,SMc02434,67.568,74,24,0,29,102,31,104,5.71e-29,106
AYT27_RS07110,SMa0009,26.846,298,207,6,14,308,14,303,9.03e-32,118
AYT27_RS07120,SMc02187,36.041,197,112,4,8,197,29,218,8.57e-28,105
AYT27_RS07130,SMc02187,58.065,62,26,0,3,64,96,157,8.14e-19,77.8
AYT27_RS07225,SMc02433,73.046,857,229,1,1,855,1,857,0.0,1279
AYT27_RS07240,SMc02312,48.936,47,24,0,34,80,10,56,1.51e-13,57.4
AYT27_RS07245,SMc02311,49.268,205,97,1,23,227,6,203,4.07e-63,193
AYT27_RS07250,SMc02310,87.500,72,9,0,1,72,1,72,1.00e-44,135
AYT27_RS07260,SMc01110,56.923,65,28,0,15,79,12,76,7.88e-22,82.0
AYT27_RS07290,SM_b21117,54.717,53,24,0,15,67,10,62,4.51e-16,65.5
AYT27_RS07320,SMc04001,74.522,157,40,0,8,164,9,165,5.47e-73,214
AYT27_RS07325,SMc04002,50.737,339,166,1,69,407,11,348,3.73e-125,363
AYT27_RS07340,SMc04003,82.927,41,7,0,1,41,1,41,1.31e-19,70.1
AYT27_RS07345,SMc04004,40.816,147,87,0,113,259,52,198,3.88e-36,125
AYT27_RS07355,SMc01110,66.197,71,24,0,16,86,6,76,3.43e-29,100
AYT27_RS07360,SMc01110,66.197,71,24,0,38,108,6,76,1.17e-28,100
AYT27_RS07365,SMc01110,64.789,71,25,0,16,86,6,76,2.53e-28,98.6
AYT27_RS07375,SMc03974,42.105,190,106,1,10,199,2,187,1.74e-50,159
AYT27_RS07380,SMc03973,63.636,264,96,0,10,273,1,264,4.67e-130,367
AYT27_RS07395,SMc02305,65.661,431,145,2,1,430,1,429,0.0,572
AYT27_RS07400,SMc02208,84.000,25,4,0,1,25,1,25,9.24e-08,38.9
AYT27_RS07470,SMa0911,34.109,129,77,4,1,124,1,126,9.86e-12,64.7
AYT27_RS07595,SMc00738,40.741,162,96,0,20,181,7,168,2.01e-39,130
AYT27_RS07605,SMc00359,72.956,159,43,0,110,268,168,326,3.57e-80,242
AYT27_RS07610,SMc00461,61.875,160,54,1,23,182,6,158,1.57e-67,201
AYT27_RS07615,SMc00461,38.760,129,65,3,31,155,40,158,1.17e-21,83.2
AYT27_RS07620,SMc00461,36.607,112,63,3,21,128,31,138,3.94e-16,68.9
AYT27_RS07625,SMc02084,47.727,132,65,2,10,141,11,138,9.45e-36,120
AYT27_RS07630,SMc02085,46.245,253,102,4,18,270,84,302,2.40e-63,199
AYT27_RS07650,SMc00637,59.398,133,54,0,1,133,293,425,3.26e-49,161
AYT27_RS07655,SMc00637,65.914,443,151,0,1,443,1,443,0.0,613
AYT27_RS07660,SMc04459,76.077,627,148,2,1,625,1,627,0.0,969
AYT27_RS07665,SMc02940,29.723,397,204,11,15,397,16,351,5.69e-36,136
AYT27_RS07685,SMc02942,60.606,165,60,1,4,168,12,171,5.81e-62,187
AYT27_RS07690,SMc04094,66.087,230,73,2,1,228,1,227,8.53e-110,313
AYT27_RS07695,SMc03969,77.823,248,55,0,1,248,1,248,7.99e-149,412
AYT27_RS07705,SMc04461,61.591,440,163,5,2,440,1,435,0.0,556
AYT27_RS07710,SMc03956,25.445,393,238,10,9,387,1,352,2.13e-24,100
AYT27_RS07715,SMc03957,40.800,125,70,2,24,148,25,145,6.83e-28,98.6
AYT27_RS07720,SMc03958,58.874,231,95,0,1,231,1,231,6.70e-100,288
AYT27_RS07725,SMc03960,49.612,129,65,0,12,140,11,139,1.28e-40,130
AYT27_RS07730,SMc03965,79.635,329,67,0,5,333,3,331,0.0,518
AYT27_RS07735,SMc03966,54.146,205,90,2,1,202,1,204,1.26e-54,171
AYT27_RS07740,SMc03967,70.886,158,46,0,1,158,1,158,3.46e-76,223
AYT27_RS07745,SMc03989,44.375,160,82,2,17,171,14,171,5.34e-34,116
AYT27_RS07750,SMc04381,42.105,361,208,1,4,364,12,371,1.63e-92,280
AYT27_RS07755,SMc03996,41.420,169,96,2,31,199,26,191,8.24e-35,120
AYT27_RS07775,SMc01110,56.923,65,28,0,15,79,12,76,7.88e-22,82.0
AYT27_RS07790,SMc03995,33.333,291,174,4,47,336,100,371,3.72e-40,143
AYT27_RS07795,SMc00357,40.957,188,111,0,1,188,2,189,1.77e-56,174
AYT27_RS07800,SMc03994,67.681,263,85,0,1,263,1,263,2.43e-132,372
AYT27_RS07805,SMc03991,59.386,586,238,0,9,594,3,588,0.0,631
AYT27_RS07810,SMc03990,71.233,73,21,0,1,73,1,73,6.41e-38,118
AYT27_RS07820,SMc03983,42.857,140,70,6,1,135,120,254,6.12e-22,87.8
AYT27_RS07825,SMc03983,69.883,342,102,1,1,342,1,341,1.72e-169,473
AYT27_RS07830,SMc03981,61.209,397,153,1,2,397,1,397,1.62e-172,485
AYT27_RS07835,SMc03979,74.405,336,85,1,1,335,1,336,0.0,516
AYT27_RS07840,SMc03978,69.697,660,198,2,1,659,1,659,0.0,926
AYT27_RS07845,SMc03977,51.807,83,34,2,12,91,10,89,5.78e-21,77.0
AYT27_RS07850,SMc03976,47.706,109,50,1,1,109,1,102,4.95e-31,105
AYT27_RS07860,SMc04005,65.971,479,162,1,1,478,1,479,0.0,632
AYT27_RS07865,SMc04006,60.305,131,50,1,29,157,6,136,2.22e-54,167
AYT27_RS07870,SMc04009,62.821,78,29,0,7,84,3,80,1.23e-22,80.9
AYT27_RS07875,SMc02187,47.280,239,124,2,8,246,44,280,6.48e-69,215
AYT27_RS07890,SMc03866,59.030,598,226,5,1,593,1,584,0.0,690
AYT27_RS07900,SMc03867,49.754,203,102,0,4,206,6,208,2.23e-70,211
AYT27_RS07905,SMc03872,44.072,447,249,1,36,481,51,497,2.79e-138,405
AYT27_RS07910,SMc03873,61.455,275,106,0,24,298,8,282,4.26e-121,346
AYT27_RS07915,SMc03877,49.041,365,175,3,6,360,484,847,1.48e-115,360
AYT27_RS07920,SMc03875,75.893,112,27,0,1,112,1,112,1.59e-64,188
AYT27_RS07925,SMc03874,71.429,175,50,0,1,175,1,175,3.16e-93,267
AYT27_RS07930,SMc03881,93.220,59,4,0,1,59,1,59,5.52e-36,112
AYT27_RS07935,SMc03884,55.219,297,133,0,4,300,8,304,8.81e-93,275
AYT27_RS07965,SMc03888,77.240,413,93,1,1,413,1,412,0.0,624
AYT27_RS07975,SMc00564,41.808,354,170,3,1,328,8,351,5.98e-89,268
AYT27_RS07980,SMc00563,45.029,513,279,1,22,534,7,516,2.42e-139,411
AYT27_RS07985,SMc02502,45.238,126,66,3,13,136,7,131,3.16e-27,96.3
AYT27_RS07990,SMc02501,83.547,468,71,2,53,519,31,493,0.0,791
AYT27_RS07995,SMc02500,65.132,304,95,3,1,303,1,294,1.13e-133,379
AYT27_RS08000,SMc02499,83.562,511,82,1,1,511,1,509,0.0,867
AYT27_RS08005,SMc02498,39.665,179,103,1,13,191,13,186,5.33e-40,132
AYT27_RS08020,SMc02496,62.329,730,266,3,7,736,14,734,0.0,873
AYT27_RS08025,SMc02495,72.477,218,59,1,1,218,1,217,1.19e-120,339
AYT27_RS08030,SMc02803,32.402,179,103,3,13,190,20,181,3.83e-14,65.1
AYT27_RS08035,SMc02804,65.450,877,293,3,10,880,4,876,0.0,1193
AYT27_RS08040,SMc02812,56.796,206,89,0,22,227,14,219,3.10e-87,255
AYT27_RS08045,SMc02661,43.478,46,24,1,1,44,108,153,9.95e-08,44.3
AYT27_RS08055,SMc04093,75.154,648,161,0,1,648,1,648,0.0,1049
AYT27_RS08060,SMc00717,72.603,219,60,0,1,219,9,227,1.04e-113,322
AYT27_RS08065,SMc00716,47.099,293,155,0,18,310,32,324,5.29e-81,246
AYT27_RS08070,SMc00715,50.331,151,74,1,43,193,30,179,4.69e-49,158
AYT27_RS08080,SMc04351,43.053,655,359,7,9,660,4,647,1.65e-177,517
AYT27_RS08085,SMc04350,35.171,381,216,4,16,388,38,395,1.05e-65,213
AYT27_RS08090,SMc02082,23.585,424,262,13,65,467,38,420,6.89e-11,61.6
AYT27_RS08095,SMc03818,56.716,268,115,1,1,267,1,268,1.01e-113,325
AYT27_RS08100,SMc03809,42.640,197,109,3,7,199,13,209,2.54e-50,160
AYT27_RS08105,SMc03808,76.984,504,112,2,310,809,374,877,0.0,784
AYT27_RS08110,SMc03804,52.206,408,187,4,25,426,3,408,9.29e-142,408
AYT27_RS08175,SMa1318,31.868,91,59,2,7,95,9,98,6.23e-10,49.7
AYT27_RS08180,SMa1315,38.875,818,453,12,7,815,9,788,0.0,565
AYT27_RS08190,SMa1311,29.487,234,149,7,13,239,10,234,2.96e-23,94.7
AYT27_RS08205,SMa1311,29.487,234,149,7,13,239,10,234,2.96e-23,94.7
AYT27_RS08215,SMa1308,36.842,228,130,5,9,229,2,222,1.47e-40,136
AYT27_RS08220,SMa1306,29.885,261,154,5,25,263,22,275,1.13e-32,118
AYT27_RS08225,SMa1303,41.791,268,131,5,142,392,104,363,4.61e-62,202
AYT27_RS08230,SMa1302,38.272,324,169,6,17,331,10,311,6.34e-64,204
AYT27_RS08240,SMc02466,63.636,99,33,2,2,99,163,259,3.07e-39,128
AYT27_RS08245,SMc02466,80.309,259,51,0,1,259,1,259,6.19e-163,449
AYT27_RS08250,SMc02465,79.708,616,114,5,6,614,2,613,0.0,994
AYT27_RS08255,SMc02464,52.000,125,60,0,4,128,2,126,1.71e-42,134
AYT27_RS08260,SMc02463,44.615,130,69,2,1,130,1,127,5.85e-31,105
AYT27_RS08265,SMc03863,73.611,144,32,2,1,140,1,142,8.46e-70,206
AYT27_RS08270,SMc03861,69.058,223,67,1,1,221,1,223,9.96e-110,313
AYT27_RS08275,SMc03860,44.118,170,94,1,7,175,3,172,6.38e-43,139
AYT27_RS08285,SMc02489,60.726,303,118,1,20,322,29,330,6.19e-127,363
AYT27_RS08290,SMc00698,52.941,85,37,1,4,88,2,83,3.55e-26,90.5
AYT27_RS08295,SMc00699,60.000,185,64,4,28,206,2,182,1.35e-79,233
AYT27_RS08300,SMc00700,77.538,325,73,0,1,325,1,325,0.0,548
AYT27_RS08305,SMc00701,58.882,608,244,3,23,627,16,620,0.0,740
AYT27_RS08315,SMc00703,50.495,202,88,4,13,207,4,200,3.02e-49,157
AYT27_RS08320,SMc00704,80.208,96,19,0,1,96,1,96,7.17e-54,160
AYT27_RS08325,SM_b21490,40.278,144,74,2,39,182,35,166,2.39e-34,122
AYT27_RS08340,SMc02051,54.545,44,20,0,1,44,1,44,6.08e-13,53.9
AYT27_RS08345,SMc04088,64.498,538,189,1,1,538,1,536,0.0,674
AYT27_RS08350,SMc04089,34.799,546,347,4,21,563,20,559,2.59e-111,341
AYT27_RS08355,SMc04090,51.591,440,207,2,7,446,35,468,2.42e-152,438
AYT27_RS08360,SMc04091,74.205,283,70,1,1,283,1,280,7.64e-146,412
AYT27_RS08365,SMc04092,70.370,54,16,0,18,71,31,84,3.22e-17,66.6
AYT27_RS08370,SMc03859,75.728,103,24,1,1,102,1,103,1.29e-55,167
AYT27_RS08375,SMc03858,63.830,94,34,0,1,94,2,95,7.12e-41,129
AYT27_RS08380,SMc03857,75.103,486,115,1,1,486,1,480,0.0,628
AYT27_RS08385,SMc04083,55.072,207,93,0,4,210,18,224,2.95e-87,254
AYT27_RS08390,SMc04085,45.802,1572,812,13,18,1562,31,1589,0.0,1372
AYT27_RS08400,SMc03236,58.723,235,95,2,7,241,5,237,2.06e-101,293
AYT27_RS08405,SMc03234,38.283,431,259,4,1,428,1,427,5.41e-89,281
AYT27_RS08410,SMc03233,32.692,156,105,0,225,380,268,423,1.99e-22,95.9
AYT27_RS08415,SMc03230,65.479,365,120,3,1,364,1,360,1.00e-167,470
AYT27_RS08425,SMc03227,71.739,138,38,1,1,137,1,138,1.38e-71,209
AYT27_RS08435,SMc03820,61.333,225,87,0,1,225,1,225,4.66e-100,288
AYT27_RS08440,SMc00709,47.737,243,127,0,1,243,6,248,2.23e-82,244
AYT27_RS08445,SMc00722,34.279,881,488,15,10,810,15,884,3.29e-135,421
AYT27_RS08450,SMc00723,59.091,418,171,0,4,421,4,421,1.18e-176,497
AYT27_RS08460,SMc00726,43.787,169,94,1,60,228,51,218,2.49e-48,156
AYT27_RS08465,SMc01271,42.759,145,83,0,17,161,2,146,4.31e-37,122
AYT27_RS08470,SMc00734,45.620,274,145,2,4,276,6,276,1.36e-74,227
AYT27_RS08475,SMc00711,69.408,304,93,0,5,308,4,307,4.85e-156,436
AYT27_RS08480,SMc02802,36.471,340,215,1,5,344,5,343,5.19e-77,238
AYT27_RS08485,SMc03828,62.357,263,99,0,1,263,1,263,5.12e-115,328
AYT27_RS08490,SMc03829,60.000,290,111,3,1,290,1,285,1.35e-104,304
AYT27_RS08495,SMc03830,51.572,318,150,1,8,325,4,317,1.83e-114,332
AYT27_RS08500,SMc03902,92.000,25,2,0,1,25,1,25,4.14e-09,42.4
AYT27_RS08505,SM_b20573,28.090,178,111,6,6,179,9,173,2.75e-09,51.6
AYT27_RS08510,SM_b20962,46.718,259,126,4,29,286,19,266,5.65e-74,225
AYT27_RS08515,SMc00714,50.973,257,126,0,5,261,1,257,1.26e-97,284
AYT27_RS08520,SMc00683,45.455,297,160,1,21,317,16,310,7.07e-97,290
AYT27_RS08525,SMc00684,41.867,375,190,3,8,355,8,381,7.60e-109,321
AYT27_RS08535,SMc00689,53.555,211,98,0,27,237,30,240,2.06e-85,259
AYT27_RS08540,SMc00690,70.978,317,92,0,1,317,1,317,1.39e-172,478
AYT27_RS08545,SMc00691,55.195,308,134,2,3,310,5,308,1.02e-108,316
AYT27_RS08550,SMc00695,52.632,171,81,0,21,191,19,189,4.07e-66,199
AYT27_RS08555,SMc00696,59.626,374,144,2,1,372,6,374,4.36e-160,452
AYT27_RS08560,SMc03106,34.615,104,64,1,14,117,133,232,1.18e-18,76.3
AYT27_RS08565,SMc03106,33.929,112,69,2,14,125,133,239,2.78e-15,67.4
AYT27_RS08570,SMc03184,39.000,100,61,0,10,109,12,111,3.80e-19,75.1
AYT27_RS08575,SMc03183,59.302,86,35,0,8,93,8,93,5.40e-35,112
AYT27_RS08580,SMc03182,37.037,135,84,1,27,161,28,161,4.64e-26,94.7
AYT27_RS08585,SMc03181,55.146,515,222,4,21,529,21,532,2.66e-171,493
AYT27_RS08590,SMc03180,69.369,111,34,0,1,111,1,111,1.63e-51,155
AYT27_RS08595,SMc03179,61.468,981,352,4,5,972,29,996,0.0,1152
AYT27_RS08600,SMc04336,42.424,99,47,2,61,159,67,155,3.62e-18,74.3
AYT27_RS08605,SM_b21631,70.411,365,108,0,1,365,1,365,0.0,556
AYT27_RS08610,SM_b21630,69.268,410,126,0,1,410,1,410,0.0,627
AYT27_RS08625,SMc02487,72.009,468,131,0,1,468,1,468,0.0,707
AYT27_RS08630,SMc02483,67.146,417,126,2,1,406,1,417,0.0,567
AYT27_RS08635,SMc02482,73.447,998,264,1,1,998,1,997,0.0,1556
AYT27_RS08640,SMc02481,87.667,300,37,0,1,300,1,300,0.0,512
AYT27_RS08645,SMc02480,82.915,398,68,0,1,398,1,398,0.0,651
AYT27_RS08650,SMc02479,82.500,320,56,0,1,320,1,320,0.0,525
AYT27_RS08655,SMc02478,51.206,373,171,3,7,378,11,373,9.55e-127,368
AYT27_RS08660,SMc02475,36.842,95,60,0,84,178,85,179,1.39e-11,57.8
AYT27_RS08665,SMc03856,50.000,284,136,2,5,282,12,295,3.80e-89,265
AYT27_RS08670,SMc03855,59.759,415,163,1,3,417,4,414,3.25e-178,501
AYT27_RS08675,SMc03854,70.820,305,89,0,109,413,240,544,7.52e-156,449
AYT27_RS08680,SMc03853,59.694,196,79,0,24,219,10,205,7.66e-83,243
AYT27_RS08685,SMc00708,52.191,251,120,0,3,253,6,256,3.37e-94,275
AYT27_RS08690,SMc02801,54.754,305,122,7,1,300,1,294,2.57e-111,322
AYT27_RS08695,SMc02800,73.077,260,68,1,5,264,7,264,2.01e-139,390
AYT27_RS08700,SMc02799,45.128,195,104,1,19,210,14,208,1.21e-55,174
AYT27_RS08705,SMc02798,60.940,617,241,0,1,617,1,617,0.0,793
AYT27_RS08710,SMc02797,49.658,439,214,4,1,435,4,439,1.39e-135,394
AYT27_RS08715,SMc02796,88.836,421,47,0,1,421,1,421,0.0,773
