B_henselae|Q.,Abortus2308|S.,% identity,alignment length,mismatches,gap opens,q. start,q. end,s. start,s. end,evalue,bit score
AYT27_RS00005,BAB_RS25780,60.145,276,105,2,1,274,1,273,1.32e-114,327
AYT27_RS00010,BAB_RS25785,50.761,197,91,2,6,198,5,199,4.45e-57,176
AYT27_RS00015,BAB_RS25790,55.235,277,121,2,15,290,11,285,6.33e-104,301
AYT27_RS00020,BAB_RS25795,47.396,192,100,1,1,192,1,191,2.01e-60,184
AYT27_RS00025,BAB_RS25800,56.466,232,100,1,1,231,1,232,1.02e-96,279
AYT27_RS00030,BAB_RS16500,68.916,978,294,2,1,968,1,978,0.0,1417
AYT27_RS00035,BAB_RS31145,55.639,266,117,1,20,285,9,273,1.63e-108,313
AYT27_RS00040,BAB_RS16335,63.602,261,75,3,1,257,1,245,2.23e-111,317
AYT27_RS00050,BAB_RS16620,46.203,158,84,1,1,158,1,157,1.26e-41,134
AYT27_RS00055,BAB_RS16625,66.182,275,93,0,4,278,22,296,2.89e-140,394
AYT27_RS00060,BAB_RS16630,70.684,307,83,2,11,310,74,380,3.27e-163,456
AYT27_RS00065,BAB_RS16635,40.000,90,54,0,1,90,1,90,2.55e-21,77.8
AYT27_RS00070,BAB_RS16640,80.220,91,18,0,1,91,1,91,2.36e-51,153
AYT27_RS00075,BAB_RS16650,41.237,194,111,2,22,214,36,227,7.80e-52,164
AYT27_RS00080,BAB_RS16655,48.734,158,78,2,37,194,47,201,1.14e-47,152
AYT27_RS00085,BAB_RS16660,79.592,245,50,0,20,264,33,277,1.67e-146,408
AYT27_RS00095,BAB_RS16675,75.974,154,37,0,1,154,1,154,5.40e-82,235
AYT27_RS00100,BAB_RS16290,52.410,166,79,0,1,166,1,166,3.30e-63,189
AYT27_RS00105,BAB_RS16280,77.317,410,84,2,1,406,1,405,0.0,654
AYT27_RS00110,BAB_RS16270,46.919,211,112,0,1,211,7,217,2.03e-72,216
AYT27_RS00115,BAB_RS28500,69.259,540,165,1,9,548,9,547,0.0,776
AYT27_RS00120,BAB_RS31165,78.958,518,109,0,8,525,7,524,0.0,860
AYT27_RS00125,BAB_RS25955,76.699,103,24,0,1,103,1,103,1.96e-58,172
AYT27_RS00130,BAB_RS25950,46.649,1164,595,11,6,1158,7,1155,0.0,1029
AYT27_RS00135,BAB_RS25945,49.952,1043,498,6,4,1032,10,1042,0.0,964
AYT27_RS00140,BAB_RS25935,40.741,189,112,0,1,189,313,501,9.40e-52,170
AYT27_RS00145,BAB_RS25935,40.845,71,42,0,1,71,217,287,2.29e-13,59.7
AYT27_RS00150,BAB_RS25935,54.967,151,68,0,6,156,11,161,3.39e-52,169
AYT27_RS00155,BAB_RS25930,44.547,761,415,3,60,813,66,826,0.0,642
AYT27_RS00160,BAB_RS25925,82.833,466,79,1,1,465,1,466,0.0,818
AYT27_RS00165,BAB_RS31060,46.440,323,168,1,7,329,8,325,3.05e-107,313
AYT27_RS00170,BAB_RS25960,53.349,433,198,1,10,438,9,441,1.97e-170,482
AYT27_RS00175,BAB_RS25965,75.490,306,70,1,1,306,1,301,1.05e-176,487
AYT27_RS00180,BAB_RS17105,48.333,60,31,0,4,63,4,63,1.15e-09,48.9
AYT27_RS00185,BAB_RS16700,51.724,232,112,0,1,232,1,232,2.24e-75,225
AYT27_RS00190,BAB_RS31170,58.209,402,167,1,54,454,1,402,6.48e-159,453
AYT27_RS00195,BAB_RS31175,63.757,527,188,2,1,525,1,526,0.0,702
AYT27_RS00200,BAB_RS31180,68.627,255,80,0,6,260,15,269,6.12e-136,380
AYT27_RS00205,BAB_RS16510,79.401,801,161,2,13,810,14,813,0.0,1308
AYT27_RS00215,BAB_RS17485,46.947,262,136,1,31,289,19,280,1.42e-91,270
AYT27_RS00220,BAB_RS26105,75.676,111,27,0,1,111,1,111,1.63e-49,174
AYT27_RS00225,BAB_RS16145,49.761,627,304,3,33,653,18,639,0.0,613
AYT27_RS00230,BAB_RS16150,36.660,1533,940,15,38,1548,56,1579,0.0,942
AYT27_RS00235,BAB_RS17105,44.382,178,94,2,12,184,45,222,4.19e-42,142
AYT27_RS00240,BAB_RS31100,38.502,574,351,2,13,585,19,591,2.42e-147,435
AYT27_RS00245,BAB_RS26025,78.947,171,36,0,2,172,8,178,5.31e-99,280
AYT27_RS00250,BAB_RS26015,56.400,250,109,0,8,257,11,260,4.20e-107,307
AYT27_RS00255,BAB_RS25995,46.753,231,115,2,11,241,30,252,5.43e-75,225
AYT27_RS00260,BAB_RS31010,60.759,395,150,2,1,390,1,395,1.18e-173,486
AYT27_RS00265,BAB_RS16745,58.376,394,146,1,5,398,28,403,1.69e-167,472
AYT27_RS00270,BAB_RS16740,64.486,214,76,0,1,214,1,214,1.53e-103,295
AYT27_RS00275,BAB_RS16720,74.928,347,87,0,10,356,10,356,0.0,521
AYT27_RS00280,BAB_RS16715,66.514,218,71,2,1,217,1,217,6.83e-95,273
AYT27_RS00285,BAB_RS16315,44.000,175,97,1,1,175,1,174,2.02e-49,155
AYT27_RS00290,BAB_RS25920,63.736,91,33,0,8,98,13,103,1.72e-38,121
AYT27_RS00295,BAB_RS25915,67.424,132,41,1,1,132,1,130,6.89e-59,175
AYT27_RS00300,BAB_RS25910,43.836,146,79,2,8,150,10,155,7.18e-38,124
AYT27_RS00305,BAB_RS25905,66.018,565,185,3,34,591,34,598,0.0,748
AYT27_RS00310,BAB_RS25900,81.277,235,44,0,6,240,5,239,4.25e-142,394
AYT27_RS00315,BAB_RS18150,39.683,63,35,2,86,147,327,387,1.05e-09,52.4
AYT27_RS00320,BAB_RS16170,41.803,122,71,0,52,173,199,320,9.03e-27,100
AYT27_RS00325,BAB_RS26065,86.772,635,79,1,1,630,1,635,0.0,1112
AYT27_RS00330,BAB_RS26070,76.064,376,89,1,1,376,1,375,0.0,554
AYT27_RS00340,BAB_RS30985,81.597,288,53,0,13,300,8,295,1.91e-168,466
AYT27_RS00345,BAB_RS23180,25.333,300,204,7,14,301,5,296,1.14e-18,81.3
AYT27_RS00350,BAB_RS31055,86.644,599,80,0,1,599,1,599,0.0,1094
AYT27_RS00355,BAB_RS31000,75.000,280,70,0,3,282,5,284,4.45e-162,448
AYT27_RS00360,BAB_RS30995,65.455,275,95,0,12,286,2,276,4.54e-143,400
AYT27_RS00365,BAB_RS31020,61.134,247,96,0,1,247,1,247,3.25e-117,332
AYT27_RS00370,BAB_RS31025,58.013,312,122,2,3,311,1,306,1.07e-126,361
AYT27_RS00375,BAB_RS31030,56.000,175,77,0,1,175,1,175,9.69e-76,221
AYT27_RS00380,BAB_RS31035,60.506,395,144,3,7,394,18,407,1.62e-172,484
AYT27_RS00385,BAB_RS21780,50.777,193,93,2,1,193,1,191,7.86e-66,197
AYT27_RS00390,BAB_RS16680,51.899,79,38,0,5,83,3,81,4.50e-29,96.3
AYT27_RS00395,BAB_RS16685,55.714,140,62,0,1,140,1,140,4.48e-58,174
AYT27_RS00400,BAB_RS16695,64.935,231,81,0,5,235,14,244,1.10e-113,323
AYT27_RS00405,BAB_RS26035,80.597,67,12,1,1,67,1,66,1.50e-35,111
AYT27_RS00410,BAB_RS26040,88.806,134,14,1,1,133,1,134,9.76e-83,235
AYT27_RS00415,BAB_RS26050,72.207,367,93,1,1,358,1,367,0.0,557
AYT27_RS00420,BAB_RS26055,64.134,803,288,0,1,803,1,803,0.0,1018
AYT27_RS00425,BAB_RS31485,21.452,303,192,6,2,262,3,301,1.42e-13,66.6
AYT27_RS00430,BAB_RS22455,34.956,226,140,5,17,238,14,236,1.36e-37,130
AYT27_RS00435,BAB_RS31495,29.435,248,161,4,21,264,33,270,5.12e-19,81.6
AYT27_RS00440,BAB_RS31495,25.781,256,164,3,31,285,36,266,6.92e-08,49.3
AYT27_RS00445,BAB_RS26120,37.931,116,72,0,12,127,22,137,1.02e-20,78.6
AYT27_RS00455,BAB_RS16450,80.645,434,84,0,1,434,1,434,0.0,755
AYT27_RS00460,BAB_RS16445,57.448,2860,1186,9,14,2852,15,2864,0.0,3496
AYT27_RS00465,BAB_RS16055,84.806,566,86,0,1,566,1,566,0.0,983
AYT27_RS00470,BAB_RS16050,59.804,204,82,0,3,206,8,211,2.65e-87,254
AYT27_RS00475,BAB_RS16045,66.819,437,145,0,6,442,9,445,0.0,584
AYT27_RS00480,BAB_RS16040,70.886,79,23,0,1,79,1,79,1.03e-30,103
AYT27_RS00485,BAB_RS16035,96.000,25,1,0,1,25,1,25,5.07e-12,48.9
AYT27_RS00495,BAB_RS16390,77.451,612,135,1,1,612,1,609,0.0,963
AYT27_RS00505,BAB_RS16610,68.849,886,272,3,25,908,23,906,0.0,1249
AYT27_RS00510,BAB_RS20890,47.657,747,384,5,22,762,18,763,0.0,630
AYT27_RS00515,BAB_RS25805,64.151,159,54,1,2,157,5,163,1.49e-67,199
AYT27_RS00520,BAB_RS25810,36.129,155,96,2,17,168,11,165,9.79e-32,108
AYT27_RS00525,BAB_RS25815,52.036,221,102,2,12,230,13,231,3.38e-80,236
AYT27_RS00530,BAB_RS25825,44.444,198,97,3,1,196,1,187,7.26e-48,152
AYT27_RS00535,BAB_RS17520,54.819,332,148,2,2,331,7,338,1.27e-131,375
AYT27_RS00540,BAB_RS17510,60.253,395,157,0,2,396,3,397,0.0,527
AYT27_RS00545,BAB_RS17505,60.000,180,68,1,1,176,1,180,6.77e-71,209
AYT27_RS00550,BAB_RS16385,41.872,203,105,3,1,193,1,200,1.56e-52,165
AYT27_RS00560,BAB_RS16375,53.586,237,110,0,15,251,15,251,1.46e-95,278
AYT27_RS00565,BAB_RS16370,44.700,217,120,0,1,217,1,217,4.12e-49,157
AYT27_RS00570,BAB_RS16365,49.735,189,95,0,1,189,1,189,1.64e-64,195
AYT27_RS00575,BAB_RS16360,80.179,893,177,0,1,893,1,893,0.0,1484
AYT27_RS00580,BAB_RS26350,74.713,87,22,0,1,87,1,87,8.40e-44,134
AYT27_RS00585,BAB_RS10420,68.511,524,139,7,18,523,31,546,0.0,664
AYT27_RS00590,BAB_RS10425,66.845,374,121,3,1,373,1,372,0.0,509
AYT27_RS00595,BAB_RS10435,56.757,370,158,2,7,375,13,381,2.93e-136,390
AYT27_RS00600,BAB_RS20360,57.333,150,61,1,1,147,1,150,3.70e-53,162
AYT27_RS00605,BAB_RS16120,45.724,304,147,5,6,304,7,297,1.60e-86,260
AYT27_RS00610,BAB_RS31950,60.212,377,142,3,1,376,1,370,9.71e-158,456
AYT27_RS00615,BAB_RS16130,48.804,209,87,2,13,221,21,209,2.51e-65,197
AYT27_RS00620,BAB_RS16135,35.577,104,64,1,4,107,8,108,9.32e-17,70.5
AYT27_RS00625,BAB_RS24945,36.254,331,204,3,3,333,2,325,3.80e-64,203
AYT27_RS00630,BAB_RS26280,76.471,272,64,0,1,272,1,272,1.21e-161,446
AYT27_RS00635,BAB_RS26285,84.691,405,62,0,1,405,1,405,0.0,714
AYT27_RS00640,BAB_RS26290,76.786,168,39,0,1,168,1,168,6.28e-98,277
AYT27_RS00645,BAB_RS26295,63.235,136,50,0,26,161,6,141,1.42e-63,189
AYT27_RS00650,BAB_RS26305,53.672,177,66,2,21,181,2,178,1.38e-68,204
AYT27_RS00655,BAB_RS27655,90.541,74,7,0,1,74,1,74,1.29e-34,109
AYT27_RS00670,BAB_RS17380,92.000,25,2,0,1,25,1,25,3.23e-12,49.7
AYT27_RS00675,BAB_RS17390,40.845,355,205,1,4,353,3,357,2.06e-93,281
AYT27_RS00680,BAB_RS17395,64.828,1015,351,2,18,1029,10,1021,0.0,1287
AYT27_RS00690,BAB_RS17440,59.633,545,220,0,8,552,3,547,0.0,697
AYT27_RS00695,BAB_RS24760,80.000,30,6,0,1,30,1,30,5.38e-13,52.0
AYT27_RS00700,BAB_RS24755,70.476,105,27,1,1,105,1,101,1.31e-49,153
AYT27_RS00705,BAB_RS24750,79.775,89,18,0,1,89,1,89,1.05e-49,148
AYT27_RS00710,BAB_RS24860,30.297,538,365,6,275,804,183,718,3.43e-65,229
AYT27_RS00715,BAB_RS31205,93.333,30,2,0,1,30,1,30,3.94e-16,59.7
AYT27_RS00770,BAB_RS31975,29.713,976,523,31,276,1179,172,1056,1.35e-71,261
AYT27_RS00780,BAB_RS31975,40.523,153,80,3,1,153,1192,1333,7.75e-24,93.2
AYT27_RS00790,BAB_RS31975,41.593,113,59,3,2,109,840,950,9.17e-16,68.2
AYT27_RS00800,BAB_RS16260,33.333,171,102,3,36,194,75,245,2.76e-26,97.8
AYT27_RS00805,BAB_RS28995,58.734,395,154,1,44,429,107,501,1.55e-167,477
AYT27_RS00810,BAB_RS28990,79.724,217,44,0,19,235,23,239,1.76e-133,373
AYT27_RS00820,BAB_RS24730,78.679,333,71,0,1,333,1,333,0.0,502
AYT27_RS00825,BAB_RS24725,68.984,374,116,0,5,378,2,375,0.0,513
AYT27_RS00830,BAB_RS24720,66.427,417,137,3,3,417,11,426,0.0,569
AYT27_RS00835,BAB_RS24715,55.263,190,85,0,1,190,24,213,6.63e-72,214
AYT27_RS00840,BAB_RS24710,53.153,111,52,0,30,140,7,117,8.46e-43,134
AYT27_RS00845,BAB_RS24705,52.976,168,70,1,1,159,1,168,3.72e-59,178
AYT27_RS00850,BAB_RS24695,41.953,379,199,2,69,426,71,449,2.80e-104,313
AYT27_RS00855,BAB_RS24690,72.562,441,115,1,1,435,1,441,0.0,648
AYT27_RS00860,BAB_RS24685,50.909,165,81,0,3,167,10,174,6.71e-63,189
AYT27_RS00865,BAB_RS17690,34.043,188,107,5,1,186,1,173,7.14e-29,102
AYT27_RS00870,BAB_RS25430,66.279,86,29,0,4,89,3,88,2.76e-32,105
AYT27_RS00880,BAB_RS25435,77.011,174,40,0,1,174,1,174,1.24e-102,289
AYT27_RS00885,BAB_RS28085,88.595,605,69,0,1,605,1,605,0.0,1106
AYT27_RS00890,BAB_RS28080,65.079,441,154,0,18,458,25,465,0.0,590
AYT27_RS00895,BAB_RS28075,63.244,672,245,2,5,674,10,681,0.0,847
AYT27_RS00900,BAB_RS26625,35.862,290,171,3,52,335,95,375,4.82e-60,194
AYT27_RS00905,BAB_RS26690,57.702,409,171,1,10,418,6,412,1.48e-176,496
AYT27_RS00910,BAB_RS26695,78.840,293,61,1,1,293,4,295,5.17e-175,482
AYT27_RS00915,BAB_RS26705,64.688,320,113,0,12,331,14,333,7.19e-153,429
AYT27_RS00920,BAB_RS26725,56.977,86,36,1,33,118,39,123,4.36e-31,104
AYT27_RS00925,BAB_RS26750,33.974,468,289,5,1,450,1,466,8.58e-70,226
AYT27_RS00930,BAB_RS31150,28.502,207,124,5,46,239,88,283,2.11e-12,65.5
AYT27_RS00935,BAB_RS30375,83.636,495,79,1,1,495,1,493,0.0,806
AYT27_RS00940,BAB_RS30345,54.079,429,196,1,1,428,1,429,3.13e-169,478
AYT27_RS00945,BAB_RS30330,77.027,518,118,1,2,518,3,520,0.0,842
AYT27_RS00950,BAB_RS21610,39.815,108,60,3,3,107,13,118,4.51e-14,66.2
AYT27_RS00955,BAB_RS29105,55.301,349,150,5,4,347,4,351,8.77e-130,372
AYT27_RS00960,BAB_RS29110,54.770,283,127,1,1,283,1,282,6.51e-98,286
AYT27_RS00965,BAB_RS29115,57.143,287,123,0,8,294,6,292,2.87e-121,346
AYT27_RS00970,BAB_RS29120,45.047,424,227,4,7,430,9,426,7.11e-134,389
AYT27_RS00975,BAB_RS31485,23.754,341,210,9,5,305,4,334,5.97e-17,76.6
AYT27_RS00980,BAB_RS31495,28.571,266,179,5,13,274,17,275,5.05e-18,79.0
AYT27_RS00985,BAB_RS22455,29.902,204,124,4,13,202,14,212,4.78e-27,102
AYT27_RS00990,BAB_RS30535,68.493,73,23,0,1,73,1,73,1.03e-36,114
AYT27_RS00995,BAB_RS30530,54.198,131,59,1,1,130,1,131,3.21e-45,140
AYT27_RS01000,BAB_RS30525,78.329,706,153,0,11,716,33,738,0.0,1178
AYT27_RS01005,BAB_RS30520,77.707,314,70,0,11,324,16,329,0.0,521
AYT27_RS01010,BAB_RS24850,46.237,279,150,0,6,284,9,287,1.08e-88,263
AYT27_RS01015,BAB_RS24855,78.310,355,77,0,1,355,1,355,0.0,575
AYT27_RS01020,BAB_RS23905,70.896,134,39,0,2,135,5,138,3.29e-69,202
AYT27_RS01025,BAB_RS25200,76.159,906,213,3,1,904,1,905,0.0,1417
AYT27_RS01030,BAB_RS25190,48.881,268,136,1,48,314,60,327,1.12e-92,275
AYT27_RS01035,BAB_RS25185,63.570,409,146,1,5,410,5,413,6.16e-180,504
AYT27_RS01040,BAB_RS25175,62.406,133,50,0,4,136,6,138,6.64e-60,178
AYT27_RS01045,BAB_RS26320,49.291,282,140,1,5,283,9,290,2.64e-96,282
AYT27_RS01050,BAB_RS26330,56.512,453,192,2,7,455,4,455,2.68e-179,506
AYT27_RS01055,BAB_RS25880,69.775,311,94,0,22,332,12,322,4.28e-167,464
AYT27_RS01060,BAB_RS25290,48.387,279,143,1,1,278,1,279,4.21e-90,269
AYT27_RS01065,BAB_RS25845,79.459,185,37,1,1,185,1,184,7.43e-108,303
AYT27_RS01070,BAB_RS25840,81.986,433,75,2,5,436,4,434,0.0,716
AYT27_RS01075,BAB_RS26270,43.983,241,133,1,3,241,9,249,6.22e-70,218
AYT27_RS01080,BAB_RS26265,82.553,705,123,0,1,705,1,705,0.0,1212
AYT27_RS01085,BAB_RS26260,80.899,89,17,0,1,89,1,89,1.52e-50,150
AYT27_RS01090,BAB_RS30540,57.113,478,205,0,62,539,1,478,0.0,538
AYT27_RS01095,BAB_RS26255,64.286,322,111,1,1,318,1,322,2.35e-151,424
AYT27_RS01100,BAB_RS26250,66.667,123,38,1,7,129,14,133,8.16e-57,171
AYT27_RS01105,BAB_RS26245,70.366,847,187,9,61,845,115,959,0.0,1147
AYT27_RS01110,BAB_RS26240,49.746,197,99,0,1,197,18,214,5.90e-66,199
AYT27_RS01115,BAB_RS26235,81.853,518,94,0,1,518,1,518,0.0,877
AYT27_RS01120,BAB_RS26230,57.949,195,82,0,10,204,8,202,3.92e-79,233
AYT27_RS01125,BAB_RS26225,60.426,235,89,2,1,233,1,233,1.01e-103,296
AYT27_RS01130,BAB_RS26220,78.759,419,89,0,1,419,1,419,0.0,679
AYT27_RS01135,BAB_RS26215,65.217,138,42,3,1,133,1,137,7.45e-59,175
AYT27_RS01140,BAB_RS26210,44.639,513,281,2,27,537,12,523,5.48e-162,468
AYT27_RS01145,BAB_RS26205,52.959,338,149,2,6,334,10,346,1.09e-117,342
AYT27_RS01150,BAB_RS26200,54.362,149,68,0,7,155,1,149,2.73e-60,181
AYT27_RS01155,BAB_RS26195,68.438,320,100,1,35,354,3,321,1.18e-163,457
AYT27_RS01160,BAB_RS26190,68.680,447,138,2,10,454,18,464,0.0,659
AYT27_RS01165,BAB_RS26180,41.935,155,90,0,7,161,10,164,3.90e-44,140
AYT27_RS01170,BAB_RS26175,40.851,235,122,5,1,227,1,226,1.69e-50,161
AYT27_RS01175,BAB_RS16060,54.192,334,150,2,3,334,3,335,1.40e-99,294
AYT27_RS01180,BAB_RS16075,80.597,201,39,0,1,201,1,201,5.38e-119,332
AYT27_RS01185,BAB_RS16080,63.551,107,39,0,1,107,1,107,1.51e-50,152
AYT27_RS01190,BAB_RS16085,57.619,630,221,9,1,626,1,588,0.0,707
AYT27_RS01195,BAB_RS31945,71.875,32,9,0,1,32,1,32,7.19e-09,41.6
AYT27_RS01210,BAB_RS16100,66.312,282,95,0,6,287,2,283,1.04e-146,410
AYT27_RS01215,BAB_RS16105,66.116,242,81,1,3,243,5,246,4.66e-115,326
AYT27_RS01220,BAB_RS16110,35.359,181,109,4,1,173,1,181,9.37e-37,123
AYT27_RS01225,BAB_RS15975,64.439,374,123,3,1,373,1,365,3.94e-176,491
AYT27_RS01230,BAB_RS15970,65.782,377,126,2,4,378,2,377,0.0,508
AYT27_RS01235,BAB_RS15965,65.730,534,182,1,1,533,1,534,0.0,738
AYT27_RS01240,BAB_RS15955,65.726,248,80,1,5,247,8,255,3.21e-121,343
AYT27_RS01245,BAB_RS26095,73.548,310,82,0,1,310,3,312,3.90e-178,491
AYT27_RS01250,BAB_RS26125,68.966,348,108,0,1,348,1,348,0.0,525
AYT27_RS01255,BAB_RS26130,60.558,502,174,5,3,486,1,496,0.0,579
AYT27_RS01260,BAB_RS26135,73.634,421,111,0,9,429,15,435,0.0,643
AYT27_RS01265,BAB_RS26140,80.000,250,50,0,3,252,24,273,2.19e-153,424
AYT27_RS01270,BAB_RS26145,64.831,236,83,0,1,236,1,236,1.49e-113,322
AYT27_RS01280,BAB_RS26155,53.807,197,78,6,39,229,67,256,2.02e-63,199
AYT27_RS01285,BAB_RS26165,68.029,416,132,1,1,415,1,416,0.0,593
AYT27_RS01290,BAB_RS26340,55.667,300,115,4,1,290,1,292,1.07e-113,327
AYT27_RS01295,BAB_RS16495,71.888,466,126,1,2,462,6,471,0.0,704
AYT27_RS01300,BAB_RS16490,78.325,203,44,0,4,206,3,205,4.42e-123,343
AYT27_RS01310,BAB_RS16480,37.143,280,122,10,1,276,1,230,1.54e-49,160
AYT27_RS01315,BAB_RS16480,37.367,281,123,8,1,279,1,230,6.38e-54,171
AYT27_RS01320,BAB_RS16480,44.800,125,55,3,269,391,118,230,1.01e-30,114
AYT27_RS01325,BAB_RS27290,73.602,966,253,1,8,971,7,972,0.0,1512
AYT27_RS01330,BAB_RS27295,34.615,208,107,8,6,188,7,210,1.28e-23,90.5
AYT27_RS01335,BAB_RS27305,65.972,144,49,0,4,147,14,157,1.38e-66,196
AYT27_RS01340,BAB_RS27310,64.045,356,88,4,3,346,69,396,2.12e-153,445
AYT27_RS01345,BAB_RS27315,56.989,186,80,0,1,186,1,186,7.01e-72,212
AYT27_RS01365,BAB_RS27345,64.760,437,154,0,7,443,11,447,0.0,562
AYT27_RS01370,BAB_RS27350,48.810,252,129,0,10,261,12,263,1.37e-82,246
AYT27_RS01375,BAB_RS27355,59.740,77,31,0,1,77,1,77,8.31e-31,100
AYT27_RS01385,BAB_RS27365,48.980,441,222,2,1,439,1,440,1.50e-146,422
AYT27_RS01390,BAB_RS27370,49.853,341,168,2,1,338,1,341,2.98e-116,337
AYT27_RS01395,BAB_RS27375,46.575,73,39,0,3,75,6,78,3.06e-20,73.6
AYT27_RS01400,BAB_RS27380,63.884,623,214,2,1,612,1,623,0.0,832
AYT27_RS01405,BAB_RS17540,74.722,360,91,0,3,362,4,363,0.0,550
AYT27_RS01410,BAB_RS27880,41.444,374,215,3,8,379,9,380,1.56e-101,302
AYT27_RS01420,BAB_RS28290,84.000,25,4,0,1,25,1,25,7.77e-09,40.8
AYT27_RS01425,BAB_RS31200,24.762,105,78,1,1,104,1,105,7.14e-08,43.5
AYT27_RS01430,BAB_RS26620,41.058,397,224,4,3,391,13,407,1.67e-86,270
AYT27_RS01435,BAB_RS22555,33.649,211,135,4,3,209,4,213,1.61e-35,122
AYT27_RS01445,BAB_RS24190,33.108,148,88,4,18,161,34,174,3.64e-10,53.5
AYT27_RS01500,BAB_RS17200,56.338,71,31,0,1,71,1,71,9.46e-21,77.8
AYT27_RS01505,BAB_RS17105,55.584,385,169,1,1,383,1,385,4.37e-155,439
AYT27_RS01745,BAB_RS16645,29.224,219,131,5,65,278,48,247,2.76e-12,63.2
AYT27_RS01845,BAB_RS20685,35.484,155,89,3,2,148,7,158,1.30e-22,85.5
AYT27_RS01850,BAB_RS21320,58.261,115,48,0,2,116,5,119,2.97e-50,155
AYT27_RS01950,BAB_RS17115,41.667,48,28,0,7,54,5,52,4.08e-08,42.0
AYT27_RS01955,BAB_RS17255,80.000,25,5,0,1,25,1,25,2.65e-08,39.7
AYT27_RS01960,BAB_RS24045,70.757,383,112,0,1,383,1,383,0.0,580
AYT27_RS01965,BAB_RS24030,77.049,427,98,0,1,427,1,427,0.0,695
AYT27_RS01970,BAB_RS24025,37.719,228,131,5,217,435,238,463,1.03e-43,156
AYT27_RS01975,BAB_RS23885,80.935,278,53,0,1,278,1,278,1.60e-174,481
AYT27_RS01980,BAB_RS23890,60.856,327,128,0,6,332,18,344,5.76e-147,415
AYT27_RS01985,BAB_RS29045,55.579,475,210,1,1,474,6,480,0.0,548
AYT27_RS01990,BAB_RS29725,57.302,808,300,12,41,836,40,814,0.0,845
AYT27_RS02005,BAB_RS23650,36.029,408,233,9,46,433,629,1028,1.74e-64,220
AYT27_RS02010,BAB_RS17595,75.182,137,33,1,1,137,1,136,6.60e-72,208
AYT27_RS02015,BAB_RS17565,54.571,361,163,1,3,362,4,364,1.12e-141,403
AYT27_RS02025,BAB_RS28615,78.070,456,100,0,20,475,21,476,0.0,772
AYT27_RS02030,BAB_RS28605,53.318,422,196,1,5,425,5,426,5.37e-171,483
AYT27_RS02035,BAB_RS28565,65.440,489,169,0,1,489,1,489,0.0,689
AYT27_RS02040,BAB_RS28560,54.113,231,106,0,4,234,1,231,1.56e-79,236
AYT27_RS02045,BAB_RS28555,70.715,601,175,1,5,605,8,607,0.0,879
AYT27_RS02050,BAB_RS28550,66.555,299,100,0,1,299,1,299,7.83e-146,409
AYT27_RS02055,BAB_RS23655,35.072,556,338,8,26,559,27,581,2.92e-108,337
AYT27_RS02060,BAB_RS28645,54.508,244,111,0,1,244,1,244,1.48e-90,264
AYT27_RS02065,BAB_RS28640,70.022,457,137,0,1,457,1,457,0.0,672
AYT27_RS02075,BAB_RS24900,59.155,284,116,0,6,289,10,293,3.61e-119,340
AYT27_RS02080,BAB_RS24895,52.402,229,109,0,26,254,34,262,5.15e-84,249
AYT27_RS02085,BAB_RS24890,65.476,84,26,2,1,82,1,83,1.40e-37,117
AYT27_RS02090,BAB_RS24870,67.886,246,79,0,1,246,1,246,7.27e-137,382
AYT27_RS02095,BAB_RS24865,79.905,423,79,1,1,417,1,423,0.0,684
AYT27_RS02100,BAB_RS17945,37.923,443,215,8,14,449,4,393,2.90e-73,241
AYT27_RS02110,BAB_RS29100,56.441,590,255,1,1,590,1,588,0.0,640
AYT27_RS02115,BAB_RS17865,44.091,220,123,0,1,220,1,220,7.86e-58,179
AYT27_RS02120,BAB_RS17870,71.577,482,130,1,1,475,1,482,0.0,715
AYT27_RS02125,BAB_RS17105,43.284,67,38,0,50,116,49,115,4.43e-10,53.1
AYT27_RS02130,BAB_RS17885,39.098,133,79,1,1,133,1,131,9.94e-23,84.0
AYT27_RS02135,BAB_RS17890,75.403,248,61,0,5,252,2,249,2.67e-139,388
AYT27_RS02140,BAB_RS17895,97.183,71,2,0,6,76,5,75,1.80e-43,132
AYT27_RS02145,BAB_RS17900,50.495,202,83,2,1,185,1,202,3.28e-64,193
AYT27_RS02150,BAB_RS17905,53.049,164,72,1,1,164,1,159,2.05e-53,163
AYT27_RS02155,BAB_RS17980,60.438,776,270,3,1,739,1,776,0.0,942
AYT27_RS02160,BAB_RS17970,83.000,300,50,1,7,306,1,299,0.0,540
AYT27_RS02165,BAB_RS17965,43.165,556,309,2,15,563,19,574,2.79e-170,493
AYT27_RS02170,BAB_RS17960,68.731,323,101,0,34,356,16,338,2.17e-167,467
AYT27_RS02175,BAB_RS17950,57.647,255,108,0,5,259,6,260,2.04e-93,273
AYT27_RS02180,BAB_RS17945,63.103,290,100,2,1,283,447,736,3.09e-125,370
AYT27_RS02190,BAB_RS17935,43.214,280,157,1,16,295,14,291,9.28e-75,228
AYT27_RS02200,BAB_RS17910,61.860,215,82,0,1,215,1,215,2.28e-89,259
AYT27_RS02205,BAB_RS17985,57.367,319,132,1,4,318,5,323,1.61e-125,359
AYT27_RS02210,BAB_RS17990,60.860,465,182,0,5,469,6,470,0.0,590
AYT27_RS02215,BAB_RS18005,37.405,131,79,1,1,128,1,131,5.66e-26,95.1
AYT27_RS02220,BAB_RS18025,65.412,425,147,0,1,425,1,425,0.0,580
AYT27_RS02225,BAB_RS18030,59.281,334,135,1,1,334,1,333,1.10e-131,375
AYT27_RS02235,BAB_RS18035,70.443,203,59,1,5,207,2,203,1.74e-107,304
AYT27_RS02240,BAB_RS18045,59.494,316,106,4,1,299,1,311,1.85e-118,340
AYT27_RS02245,BAB_RS18050,84.559,272,42,0,1,272,1,272,1.26e-174,479
AYT27_RS02250,BAB_RS18085,78.729,362,77,0,1,362,1,362,0.0,603
AYT27_RS02255,BAB_RS18090,68.280,372,113,2,1,368,1,371,0.0,533
AYT27_RS02260,BAB_RS18100,66.667,84,28,0,1,84,1,84,1.82e-35,112
AYT27_RS02265,BAB_RS18125,75.238,630,155,1,1,630,1,629,0.0,959
AYT27_RS02270,BAB_RS18130,61.728,243,93,0,4,246,9,251,4.08e-91,266
AYT27_RS02275,BAB_RS18135,51.351,407,198,0,2,408,6,412,2.79e-144,414
AYT27_RS02280,BAB_RS18255,70.488,471,138,1,1,471,1,470,0.0,687
AYT27_RS02285,BAB_RS18260,40.000,135,81,0,44,178,74,208,2.46e-36,122
AYT27_RS02290,BAB_RS18275,61.053,285,108,1,19,303,13,294,2.66e-128,365
AYT27_RS02295,BAB_RS18305,80.061,326,65,0,6,331,7,332,0.0,528
AYT27_RS02300,BAB_RS18310,57.367,319,136,0,1,319,1,319,6.95e-141,398
AYT27_RS02305,BAB_RS18315,67.808,146,47,0,6,151,2,147,9.54e-75,217
AYT27_RS02310,BAB_RS18325,28.631,241,156,6,51,278,24,261,2.36e-29,108
AYT27_RS02315,BAB_RS18330,53.368,193,90,0,2,194,8,200,1.39e-72,215
AYT27_RS02320,BAB_RS18335,54.123,946,430,2,11,955,18,960,0.0,1122
AYT27_RS02325,BAB_RS18345,70.616,422,124,0,1,422,1,422,0.0,637
AYT27_RS02330,BAB_RS18350,63.715,463,168,0,1,463,1,463,0.0,635
AYT27_RS02350,BAB_RS18370,51.515,231,108,2,1,231,1,227,1.84e-81,240
AYT27_RS02355,BAB_RS18380,70.213,376,112,0,1,376,1,376,0.0,576
AYT27_RS02360,BAB_RS18390,57.803,346,143,1,24,366,7,352,3.53e-146,414
AYT27_RS02365,BAB_RS18395,43.030,165,93,1,1,164,1,165,1.17e-49,154
AYT27_RS02370,BAB_RS18400,58.696,184,75,1,34,216,34,217,9.50e-75,222
AYT27_RS02375,BAB_RS18420,77.117,874,200,0,1,874,1,874,0.0,1418
AYT27_RS02380,BAB_RS18805,28.105,306,163,11,34,282,17,322,1.55e-25,100
AYT27_RS02385,BAB_RS18795,33.333,96,59,2,1,91,1,96,1.20e-09,49.7
AYT27_RS02390,BAB_RS18790,58.209,134,56,0,1,134,1,134,1.64e-57,172
AYT27_RS02395,BAB_RS18765,63.571,140,51,0,1,140,1,140,3.48e-63,187
AYT27_RS02400,BAB_RS18760,63.135,689,254,0,7,695,9,697,0.0,945
AYT27_RS02405,BAB_RS18750,75.758,198,48,0,1,198,1,198,1.73e-114,321
AYT27_RS02410,BAB_RS18475,88.000,25,3,0,1,25,1,25,2.80e-12,49.7
AYT27_RS02415,BAB_RS18435,38.672,256,155,1,2,255,3,258,5.97e-57,179
AYT27_RS02420,BAB_RS18820,37.356,174,109,0,1,174,1,174,2.44e-45,144
AYT27_RS02425,BAB_RS18825,41.294,201,114,1,1,197,1,201,3.57e-53,166
AYT27_RS02430,BAB_RS18830,59.169,698,272,4,6,696,13,704,0.0,834
AYT27_RS02435,BAB_RS18930,40.351,57,34,0,21,77,42,98,1.23e-15,62.4
AYT27_RS02440,BAB_RS18935,71.946,221,62,0,1,221,1,221,1.15e-122,344
AYT27_RS02445,BAB_RS18940,49.078,434,219,1,35,468,1,432,7.34e-151,433
AYT27_RS02450,BAB_RS18950,32.584,178,120,0,64,241,98,275,4.64e-27,103
AYT27_RS02455,BAB_RS18955,44.604,139,76,1,16,154,22,159,5.46e-39,127
AYT27_RS02460,BAB_RS18960,55.371,661,287,4,3,659,3,659,0.0,706
AYT27_RS02465,BAB_RS18965,48.344,151,76,1,1,149,1,151,2.46e-46,145
AYT27_RS02470,BAB_RS18970,64.361,477,155,5,36,500,37,510,0.0,602
AYT27_RS02475,BAB_RS18975,80.617,227,44,0,1,227,1,227,3.85e-134,373
AYT27_RS02480,BAB_RS18980,61.957,460,175,0,1,460,2,461,0.0,570
AYT27_RS02485,BAB_RS18985,58.154,975,405,3,2,974,7,980,0.0,1144
AYT27_RS02490,BAB_RS16480,37.681,276,124,6,1,274,1,230,8.83e-59,184
AYT27_RS02495,BAB_RS17835,47.239,163,84,1,10,172,201,361,1.62e-52,168
AYT27_RS02500,BAB_RS18995,50.130,772,376,5,1,769,1,766,0.0,759
AYT27_RS02505,BAB_RS19000,57.062,885,368,6,1,875,1,883,0.0,1056
AYT27_RS02510,BAB_RS19015,49.645,282,127,2,8,274,7,288,1.08e-101,295
AYT27_RS02515,BAB_RS16945,36.735,245,144,3,2,240,18,257,9.78e-35,122
AYT27_RS02520,BAB_RS16925,59.091,198,81,0,3,200,4,201,5.59e-87,251
AYT27_RS02525,BAB_RS16930,61.024,254,99,0,1,254,1,254,1.14e-114,326
AYT27_RS02530,BAB_RS16935,47.692,65,34,0,1,65,1,65,8.70e-16,61.2
AYT27_RS02535,BAB_RS16940,53.094,307,137,4,3,304,2,306,4.08e-109,317
AYT27_RS02555,BAB_RS22455,35.686,255,150,5,12,263,14,257,5.25e-47,154
AYT27_RS02560,BAB_RS28675,40.345,290,163,3,73,361,50,330,9.68e-47,159
AYT27_RS02575,BAB_RS27485,23.636,440,262,18,273,692,256,641,2.99e-11,63.2
AYT27_RS02580,BAB_RS23970,26.829,82,59,1,159,240,178,258,1.78e-08,50.8
AYT27_RS02585,BAB_RS19120,50.657,685,323,5,27,700,3,683,0.0,709
AYT27_RS02590,BAB_RS19125,65.753,292,100,0,1,292,1,292,1.49e-150,420
AYT27_RS02595,BAB_RS19130,81.646,158,29,0,1,158,1,158,2.79e-96,271
AYT27_RS02600,BAB_RS19135,68.720,211,65,1,11,221,4,213,2.12e-109,310
AYT27_RS02605,BAB_RS19145,76.866,134,28,2,1,132,1,133,2.80e-65,191
AYT27_RS02610,BAB_RS19150,79.467,750,145,2,1,741,1,750,0.0,1216
AYT27_RS02615,BAB_RS19155,68.229,192,61,0,1,192,1,192,1.06e-96,275
AYT27_RS02620,BAB_RS19180,38.776,196,111,2,1,196,1,187,1.14e-35,120
AYT27_RS02625,BAB_RS19185,66.412,131,44,0,1,131,1,131,1.74e-64,189
AYT27_RS02630,BAB_RS19190,67.213,244,80,0,8,251,7,250,2.96e-122,346
AYT27_RS02635,BAB_RS19195,63.927,219,79,0,9,227,11,229,6.35e-105,300
AYT27_RS02640,BAB_RS19200,71.380,297,85,0,3,299,13,309,1.77e-161,449
AYT27_RS02645,BAB_RS19205,59.149,235,96,0,1,235,1,235,1.22e-102,295
AYT27_RS02650,BAB_RS17645,49.286,280,142,0,1,280,1,280,3.61e-95,279
AYT27_RS02655,BAB_RS17650,57.736,265,111,1,8,271,8,272,8.96e-114,325
AYT27_RS02660,BAB_RS19215,62.255,204,76,1,1,204,1,203,9.05e-92,264
AYT27_RS02665,BAB_RS19220,41.549,284,163,2,1,283,1,282,1.26e-81,244
AYT27_RS02670,BAB_RS19225,75.057,441,110,0,1,441,1,441,0.0,698
AYT27_RS02675,BAB_RS19240,44.762,105,58,0,19,123,23,127,5.40e-30,101
AYT27_RS02685,BAB_RS19265,64.000,500,176,3,3,500,7,504,0.0,668
AYT27_RS02695,BAB_RS18155,72.654,618,169,0,8,625,5,622,0.0,947
AYT27_RS02700,BAB_RS18160,64.091,220,79,0,1,220,20,239,9.05e-114,323
AYT27_RS02705,BAB_RS18165,60.377,265,105,0,7,271,5,269,8.07e-119,338
AYT27_RS02710,BAB_RS18170,64.634,246,87,0,4,249,1,246,1.53e-123,348
AYT27_RS02715,BAB_RS18175,78.512,484,104,0,11,494,11,494,0.0,783
AYT27_RS02720,BAB_RS18180,52.717,184,84,2,1,184,1,181,3.56e-61,186
AYT27_RS02725,BAB_RS18185,78.261,460,94,2,1,454,1,460,0.0,716
AYT27_RS02730,BAB_RS18190,69.000,500,149,3,1,494,1,500,0.0,707
AYT27_RS02735,BAB_RS17105,34.677,124,72,2,6,125,80,198,8.90e-14,66.2
AYT27_RS02740,BAB_RS18200,72.872,188,49,1,1,186,1,188,4.64e-98,279
AYT27_RS02745,BAB_RS18205,32.013,303,190,5,3,298,2,295,1.82e-29,111
AYT27_RS02750,BAB_RS18210,86.585,82,11,0,1,82,1,82,6.09e-51,151
AYT27_RS02755,BAB_RS18215,71.429,105,30,0,1,105,1,105,1.44e-55,167
AYT27_RS02765,BAB_RS19565,27.820,133,83,4,49,170,107,237,2.77e-08,48.9
AYT27_RS02770,BAB_RS18220,69.435,301,92,0,1,301,1,301,2.42e-152,426
AYT27_RS02775,BAB_RS18225,80.000,245,49,0,1,245,1,245,4.91e-148,410
AYT27_RS02780,BAB_RS18230,91.026,78,7,0,1,78,1,78,1.92e-45,137
AYT27_RS02785,BAB_RS18235,81.384,419,78,0,1,419,1,419,0.0,648
AYT27_RS02790,BAB_RS18240,58.982,334,137,0,32,365,57,390,5.40e-136,390
AYT27_RS02795,BAB_RS18250,61.463,205,77,1,17,219,12,216,1.62e-93,270
AYT27_RS02800,BAB_RS19285,72.826,276,74,1,1,276,1,275,6.48e-150,417
AYT27_RS02805,BAB_RS19290,58.912,331,133,2,4,332,9,338,2.35e-134,383
AYT27_RS02810,BAB_RS19295,50.877,285,136,3,32,313,32,315,1.16e-101,298
AYT27_RS02815,BAB_RS19300,51.198,793,370,6,9,787,2,791,0.0,841
AYT27_RS02820,BAB_RS19305,61.096,365,139,1,1,365,1,362,2.83e-157,442
AYT27_RS02825,BAB_RS19310,52.688,372,176,0,1,372,1,372,7.68e-146,416
AYT27_RS02830,BAB_RS19320,56.081,148,65,0,1,148,2,149,1.59e-63,188
AYT27_RS02845,BAB_RS28890,54.940,415,187,0,12,426,10,424,1.10e-142,410
AYT27_RS02865,BAB_RS19330,63.875,609,215,2,1,605,11,618,0.0,788
AYT27_RS02870,BAB_RS19340,82.143,140,25,0,1,140,1,140,2.65e-83,237
AYT27_RS02875,BAB_RS19360,80.729,192,37,0,1,192,2,193,9.84e-108,303
AYT27_RS02880,BAB_RS19365,66.667,660,213,3,5,661,35,690,0.0,942
AYT27_RS02885,BAB_RS19395,56.794,287,119,2,1,283,1,286,3.46e-119,340
AYT27_RS02895,BAB_RS20230,58.333,48,19,1,1,48,1,47,5.59e-11,50.8
AYT27_RS02900,BAB_RS20235,43.564,101,57,0,1,101,1,101,5.58e-22,83.6
AYT27_RS02905,BAB_RS20240,48.864,264,134,1,1,263,1,264,1.20e-80,241
AYT27_RS02910,BAB_RS20245,72.104,423,118,0,1,423,1,423,0.0,639
AYT27_RS02915,BAB_RS20255,48.325,209,107,1,11,219,15,222,7.85e-70,209
AYT27_RS02920,BAB_RS20265,44.656,262,112,2,133,392,202,432,7.74e-77,241
AYT27_RS02925,BAB_RS20275,66.667,114,37,1,1,114,1,113,1.82e-53,161
AYT27_RS02930,BAB_RS20285,65.891,129,43,1,1,128,1,129,2.93e-59,176
AYT27_RS02935,BAB_RS20290,46.296,270,144,1,7,276,7,275,1.55e-83,249
AYT27_RS02940,BAB_RS21485,34.286,630,405,7,1,625,1,626,3.12e-124,378
AYT27_RS02945,BAB_RS21480,66.929,254,84,0,1,254,1,254,3.50e-124,350
AYT27_RS02950,BAB_RS21475,51.282,117,49,1,1,117,1,109,5.25e-24,88.2
AYT27_RS02955,BAB_RS21465,82.657,542,94,0,1,542,1,542,0.0,923
AYT27_RS02960,BAB_RS21460,73.091,275,74,0,1,275,1,275,3.43e-142,397
AYT27_RS02965,BAB_RS21455,76.794,418,97,0,1,418,1,418,0.0,661
AYT27_RS02975,BAB_RS21445,57.843,102,43,0,1,102,1,102,2.72e-43,134
AYT27_RS02980,BAB_RS21440,75.723,346,84,0,1,346,1,346,0.0,533
AYT27_RS02985,BAB_RS21435,74.837,461,112,1,1,457,1,461,0.0,707
AYT27_RS02990,BAB_RS21430,66.071,448,145,3,1,442,1,447,0.0,574
AYT27_RS02995,BAB_RS21425,79.877,487,97,1,1,486,1,487,0.0,810
AYT27_RS03000,BAB_RS21415,79.560,318,64,1,1,317,1,318,0.0,529
AYT27_RS03005,BAB_RS21410,66.443,149,50,0,1,149,1,149,7.09e-76,219
AYT27_RS03010,BAB_RS21400,57.051,156,67,0,7,162,8,163,1.23e-58,177
AYT27_RS03015,BAB_RS21395,61.168,394,153,0,2,395,54,447,3.78e-175,493
AYT27_RS03020,BAB_RS29570,66.667,147,47,1,1,145,1,147,1.26e-67,199
AYT27_RS03025,BAB_RS21375,57.085,741,312,3,1,737,15,753,0.0,841
AYT27_RS03030,BAB_RS21370,75.330,454,108,2,1,451,1,453,0.0,707
AYT27_RS03035,BAB_RS21365,65.721,458,157,0,1,458,1,458,0.0,627
AYT27_RS03040,BAB_RS21360,46.073,191,93,4,30,215,1,186,4.93e-49,159
AYT27_RS03045,BAB_RS21345,84.689,209,32,0,1,209,1,209,2.73e-138,382
AYT27_RS03050,BAB_RS21340,87.736,424,52,0,1,424,1,424,0.0,779
AYT27_RS03055,BAB_RS21335,79.276,801,164,2,7,807,14,812,0.0,1297
AYT27_RS03060,BAB_RS21330,71.111,90,26,0,1,90,1,90,2.50e-42,130
AYT27_RS03065,BAB_RS20295,73.465,456,119,2,7,460,8,463,0.0,705
AYT27_RS03070,BAB_RS20315,100.000,27,0,0,1,27,1,27,2.32e-15,57.8
AYT27_RS03075,BAB_RS20320,67.946,443,138,1,1,439,9,451,0.0,592
AYT27_RS03080,BAB_RS20325,83.367,499,83,0,1,499,1,499,0.0,887
AYT27_RS03085,BAB_RS20335,60.448,134,49,1,1,130,1,134,3.89e-60,178
AYT27_RS03090,BAB_RS20340,60.156,128,51,0,8,135,20,147,1.60e-58,175
AYT27_RS03100,BAB_RS22025,45.045,222,114,3,19,236,14,231,3.68e-60,187
AYT27_RS03105,BAB_RS22015,57.500,280,106,3,4,273,8,284,4.08e-109,314
AYT27_RS03115,BAB_RS22005,95.833,24,1,0,1,24,1,24,9.34e-10,43.1
AYT27_RS03120,BAB_RS22000,90.793,391,36,0,1,391,1,391,0.0,704
AYT27_RS03125,BAB_RS21995,92.000,25,2,0,1,25,1,25,9.62e-11,45.8
AYT27_RS03130,BAB_RS21990,67.241,58,19,0,1,58,1,58,1.13e-18,68.9
AYT27_RS03135,BAB_RS21985,74.432,176,44,1,1,176,1,175,1.00e-93,266
AYT27_RS03140,BAB_RS21980,84.507,142,22,0,1,142,1,142,4.37e-90,254
AYT27_RS03145,BAB_RS21975,78.261,230,50,0,1,230,1,230,3.88e-125,351
AYT27_RS03150,BAB_RS21970,75.000,172,43,0,1,172,1,172,7.16e-97,274
AYT27_RS03155,BAB_RS21965,88.710,124,13,1,1,123,1,124,7.46e-58,172
AYT27_RS03160,BAB_RS21960,87.083,1378,177,1,5,1382,1,1377,0.0,2501
AYT27_RS03165,BAB_RS21955,87.759,1397,170,1,1,1397,1,1396,0.0,2568
AYT27_RS03170,BAB_RS21665,51.613,124,60,0,4,127,4,127,1.71e-41,130
AYT27_RS03180,BAB_RS21650,66.287,439,146,1,29,465,1,439,0.0,558
AYT27_RS03190,BAB_RS21635,50.000,430,192,4,39,448,43,469,1.13e-143,416
AYT27_RS03195,BAB_RS21630,58.095,105,42,1,20,124,14,116,1.32e-42,133
AYT27_RS03200,BAB_RS21625,71.974,760,206,2,1,753,1,760,0.0,1135
AYT27_RS03205,BAB_RS21620,68.571,140,44,0,1,140,1,140,1.08e-69,203
AYT27_RS03210,BAB_RS21605,60.131,153,61,0,1,153,1,153,2.11e-62,186
AYT27_RS03215,BAB_RS21600,43.775,249,139,1,24,272,31,278,2.94e-80,240
AYT27_RS03220,BAB_RS21590,85.771,253,36,0,1,253,1,253,4.50e-170,466
AYT27_RS03225,BAB_RS21585,75.896,307,72,1,1,307,1,305,3.10e-160,446
AYT27_RS03230,BAB_RS21580,79.079,239,50,0,1,239,1,239,5.55e-130,363
AYT27_RS03235,BAB_RS21575,80.108,186,37,0,1,186,1,186,2.15e-108,305
AYT27_RS03240,BAB_RS21565,44.364,275,126,3,1,262,1,261,2.21e-61,192
AYT27_RS03245,BAB_RS21560,43.220,354,188,4,31,379,33,378,3.58e-92,278
AYT27_RS03250,BAB_RS21555,59.023,798,310,3,1,798,1,781,0.0,969
AYT27_RS03255,BAB_RS21550,60.116,346,138,0,1,346,1,346,2.96e-158,444
AYT27_RS03260,BAB_RS21545,62.000,150,57,0,2,151,1,150,4.55e-72,210
AYT27_RS03265,BAB_RS21540,64.151,265,95,0,1,265,1,265,9.69e-129,363
AYT27_RS03270,BAB_RS21535,52.174,276,132,0,11,286,18,293,1.55e-101,296
AYT27_RS03275,BAB_RS21530,56.010,391,168,1,6,396,8,394,3.40e-155,440
AYT27_RS03280,BAB_RS19595,60.996,241,93,1,17,257,30,269,9.66e-111,317
AYT27_RS03285,BAB_RS29005,33.617,235,136,4,2,233,1,218,2.08e-30,109
AYT27_RS03290,BAB_RS29005,34.483,174,102,1,56,229,53,214,4.71e-30,108
AYT27_RS03295,BAB_RS29240,49.603,252,125,1,1,250,2,253,4.05e-91,266
AYT27_RS03300,BAB_RS21525,80.186,429,85,0,1,429,1,429,0.0,749
AYT27_RS03305,BAB_RS21520,75.906,469,113,0,2,470,4,472,0.0,752
AYT27_RS03310,BAB_RS21515,38.156,781,457,9,14,772,8,784,2.01e-156,473
AYT27_RS03315,BAB_RS20850,59.545,220,89,0,4,223,5,224,3.98e-86,252
AYT27_RS03320,BAB_RS20855,48.701,154,78,1,6,159,6,158,5.98e-47,149
AYT27_RS03325,BAB_RS20860,61.739,460,175,1,4,462,4,463,0.0,593
AYT27_RS03330,BAB_RS20865,79.556,450,92,0,1,450,1,450,0.0,754
AYT27_RS03335,BAB_RS20875,63.869,548,197,1,5,551,11,558,0.0,736
AYT27_RS03340,BAB_RS20880,59.823,453,181,1,2,453,3,455,0.0,557
AYT27_RS03345,BAB_RS20510,69.665,478,126,2,5,463,1,478,0.0,665
AYT27_RS03350,BAB_RS20505,65.200,250,87,0,8,257,8,257,1.07e-116,331
AYT27_RS03355,BAB_RS20625,95.833,24,1,0,1,24,1,24,3.73e-12,49.3
AYT27_RS03360,BAB_RS27830,69.216,510,157,0,1,510,1,510,0.0,687
AYT27_RS03370,BAB_RS26620,39.780,455,266,4,5,457,18,466,5.00e-87,271
AYT27_RS03375,BAB_RS17105,45.161,62,31,1,2,63,94,152,2.04e-10,51.6
AYT27_RS03530,BAB_RS18190,67.442,129,37,1,21,144,331,459,3.01e-53,174
AYT27_RS03545,BAB_RS20645,25.000,340,226,12,17,345,16,337,7.15e-16,73.9
AYT27_RS03635,BAB_RS21320,57.391,115,49,0,2,116,5,119,8.10e-50,154
AYT27_RS03640,BAB_RS20685,35.115,131,75,3,9,130,29,158,2.59e-16,68.9
AYT27_RS03755,BAB_RS18190,66.667,129,38,1,29,152,331,459,1.55e-52,172
AYT27_RS03760,BAB_RS26570,100.000,25,0,0,1,25,1,25,3.07e-11,47.0
AYT27_RS03765,BAB_RS26575,89.167,120,13,0,1,120,1,120,1.18e-75,216
AYT27_RS03770,BAB_RS26590,27.508,309,211,3,5,300,5,313,1.14e-40,140
AYT27_RS03775,BAB_RS26600,60.959,146,57,0,1,146,1,146,1.97e-63,189
AYT27_RS03790,BAB_RS16210,27.749,191,133,4,2,187,25,215,1.76e-24,92.8
AYT27_RS03815,BAB_RS19750,100.000,25,0,0,1,25,1,25,1.10e-12,50.8
AYT27_RS03820,BAB_RS20515,66.116,121,40,1,1,120,1,121,5.72e-56,167
AYT27_RS03825,BAB_RS21130,48.889,270,138,0,3,272,3,272,5.86e-92,270
AYT27_RS03830,BAB_RS20080,64.821,307,108,0,1,307,1,307,1.40e-150,421
AYT27_RS03835,BAB_RS20085,79.825,342,69,0,1,342,1,342,0.0,573
AYT27_RS03840,BAB_RS20090,74.940,419,105,0,2,420,3,421,0.0,634
AYT27_RS03845,BAB_RS20095,62.051,390,146,2,1,388,1,390,4.91e-154,437
AYT27_RS03850,BAB_RS20100,89.130,92,10,0,1,92,1,92,5.78e-56,164
AYT27_RS03855,BAB_RS20890,77.516,765,171,1,11,774,9,773,0.0,1179
AYT27_RS03860,BAB_RS20920,28.054,1490,904,21,111,1520,177,1578,0.0,605
AYT27_RS03865,BAB_RS21355,88.462,78,9,0,1,78,1,78,2.35e-50,149
AYT27_RS03870,BAB_RS21350,58.371,442,174,2,9,440,16,457,9.67e-171,484
AYT27_RS03880,BAB_RS19780,54.783,345,154,1,22,366,16,358,3.62e-130,374
AYT27_RS03885,BAB_RS19785,57.097,310,133,0,1,310,1,310,3.32e-138,390
AYT27_RS03890,BAB_RS19675,76.303,422,100,0,12,433,15,436,0.0,686
AYT27_RS03895,BAB_RS19680,74.324,148,38,0,1,148,1,148,3.80e-81,233
AYT27_RS03900,BAB_RS19685,46.575,365,187,5,7,369,15,373,4.16e-111,326
AYT27_RS03905,BAB_RS19690,60.976,205,73,2,1,202,1,201,3.25e-89,258
AYT27_RS03910,BAB_RS19695,65.734,143,46,1,10,149,10,152,1.17e-67,199
AYT27_RS03915,BAB_RS19700,71.233,146,42,0,10,155,14,159,3.09e-75,219
AYT27_RS03920,BAB_RS19710,54.902,153,65,1,9,157,12,164,9.79e-59,177
AYT27_RS03925,BAB_RS19720,48.851,174,84,2,12,181,6,178,1.02e-56,173
AYT27_RS03930,BAB_RS19725,68.976,332,103,0,1,332,1,332,1.06e-169,473
AYT27_RS03935,BAB_RS19730,71.914,324,90,1,1,324,1,323,3.97e-171,474
AYT27_RS03940,BAB_RS19735,75.490,102,25,0,1,102,1,102,6.42e-55,163
AYT27_RS03945,BAB_RS19740,55.495,182,63,2,1,167,1,179,3.23e-68,202
AYT27_RS03950,BAB_RS21150,78.875,658,138,1,1,658,1,657,0.0,1106
AYT27_RS03955,BAB_RS21160,70.476,105,31,0,10,114,15,119,2.75e-53,160
AYT27_RS03960,BAB_RS21165,54.225,142,65,0,1,142,1,142,9.14e-60,178
AYT27_RS03965,BAB_RS21170,63.636,187,68,0,17,203,26,212,4.84e-95,273
AYT27_RS03970,BAB_RS21225,96.429,28,1,0,1,28,1,28,6.04e-13,51.6
AYT27_RS03975,BAB_RS17640,29.146,398,248,10,12,394,14,392,3.18e-49,168
AYT27_RS04010,BAB_RS29320,75.833,120,29,0,1,120,1,120,1.64e-65,191
AYT27_RS04015,BAB_RS19795,83.333,162,22,2,1,161,1,158,6.64e-96,271
AYT27_RS04020,BAB_RS19800,85.430,151,22,0,1,151,1,151,8.90e-97,273
AYT27_RS04025,BAB_RS22090,57.601,592,249,2,1,591,1,591,0.0,645
AYT27_RS04030,BAB_RS29415,76.168,642,153,0,44,685,58,699,0.0,1063
AYT27_RS04035,BAB_RS29425,62.009,229,83,1,12,240,24,248,7.18e-111,316
AYT27_RS04040,BAB_RS24620,49.289,211,101,2,32,239,13,220,5.00e-66,203
AYT27_RS04045,BAB_RS24625,70.918,196,57,0,19,214,12,207,9.24e-106,300
AYT27_RS04110,BAB_RS20500,100.000,25,0,0,1,25,1,25,2.63e-12,49.7
AYT27_RS04115,BAB_RS20350,83.407,452,75,0,1,452,1,452,0.0,796
AYT27_RS04120,BAB_RS20355,57.143,154,65,1,10,163,4,156,1.89e-55,168
AYT27_RS04125,BAB_RS20365,47.783,203,103,2,71,273,49,248,2.73e-68,209
AYT27_RS04135,BAB_RS16855,54.603,478,212,4,28,501,22,498,0.0,516
AYT27_RS04140,BAB_RS20140,62.069,319,121,0,8,326,15,333,1.66e-155,436
AYT27_RS04145,BAB_RS20160,64.417,326,116,0,5,330,7,332,3.31e-136,387
AYT27_RS04150,BAB_RS20165,81.818,154,28,0,1,154,1,154,1.73e-94,267
AYT27_RS04155,BAB_RS20170,51.707,205,99,0,7,211,5,209,1.11e-76,227
AYT27_RS04160,BAB_RS20175,42.636,129,73,1,33,161,18,145,7.00e-36,119
AYT27_RS04165,BAB_RS29330,87.273,55,7,0,1,55,1,55,9.66e-31,98.2
AYT27_RS04180,BAB_RS29350,52.710,738,342,1,19,749,32,769,0.0,837
AYT27_RS04185,BAB_RS29355,72.771,841,224,3,1,840,1,837,0.0,1278
AYT27_RS04195,BAB_RS29365,52.658,395,177,3,4,396,2,388,2.74e-140,402
AYT27_RS04200,BAB_RS29370,56.915,188,75,2,20,207,19,200,3.17e-63,192
AYT27_RS04205,BAB_RS29375,65.012,423,148,0,5,427,4,426,0.0,585
AYT27_RS04210,BAB_RS29380,75.399,313,77,0,1,313,1,313,3.25e-174,482
AYT27_RS04215,BAB_RS29385,38.534,532,317,5,13,541,17,541,2.88e-119,359
AYT27_RS04220,BAB_RS29390,65.385,156,54,0,1,156,1,156,4.04e-75,218
AYT27_RS04225,BAB_RS29400,71.579,95,27,0,1,95,1,95,6.10e-38,119
AYT27_RS04230,BAB_RS29405,76.673,493,115,0,1,493,1,493,0.0,771
AYT27_RS04240,BAB_RS24470,49.362,235,117,2,3,236,12,245,8.25e-81,239
AYT27_RS04245,BAB_RS24475,46.212,264,133,3,1,255,6,269,1.18e-76,236
AYT27_RS04250,BAB_RS24480,36.280,328,150,9,39,332,138,440,6.36e-42,149
AYT27_RS04255,BAB_RS24485,36.056,355,173,6,4,358,2,302,1.75e-60,193
AYT27_RS04260,BAB_RS24460,26.234,385,255,13,3,372,1,371,6.25e-31,117
AYT27_RS04265,BAB_RS22065,67.027,185,60,1,1,184,1,185,2.02e-90,259
AYT27_RS04270,BAB_RS22060,46.296,162,79,3,8,167,2,157,2.04e-43,139
AYT27_RS04275,BAB_RS22055,66.667,252,84,0,5,256,5,256,1.14e-126,357
AYT27_RS04285,BAB_RS22045,66.176,68,23,0,1,68,1,68,1.05e-30,99.4
AYT27_RS04290,BAB_RS22150,54.545,264,105,4,1,264,1,249,2.77e-99,287
AYT27_RS04295,BAB_RS22145,73.978,269,70,0,1,269,1,269,3.07e-157,436
AYT27_RS04300,BAB_RS22140,55.745,235,104,0,1,235,1,235,6.06e-98,282
AYT27_RS04305,BAB_RS21740,67.407,270,88,0,1,270,1,270,5.43e-135,379
AYT27_RS04310,BAB_RS21735,55.985,259,114,0,3,261,18,276,3.86e-114,326
AYT27_RS04315,BAB_RS19990,85.854,205,29,0,1,205,1,205,2.44e-137,379
AYT27_RS04320,BAB_RS19995,80.970,268,51,0,24,291,13,280,1.15e-153,428
AYT27_RS04325,BAB_RS29550,80.092,437,87,0,1,437,1,437,0.0,748
AYT27_RS04330,BAB_RS21510,62.917,240,83,1,1,234,1,240,8.14e-111,315
AYT27_RS04335,BAB_RS29440,96.000,25,1,0,1,25,1,25,1.98e-11,47.4
AYT27_RS04340,BAB_RS20765,48.624,218,90,3,66,282,72,268,3.62e-64,204
AYT27_RS04345,BAB_RS20770,49.167,360,183,0,28,387,37,396,1.81e-126,367
AYT27_RS04350,BAB_RS20775,50.704,213,103,2,1,213,1,211,1.06e-77,229
AYT27_RS04355,BAB_RS20780,43.235,340,187,2,8,341,9,348,1.25e-94,283
AYT27_RS04360,BAB_RS20785,63.708,507,183,1,3,509,4,509,0.0,714
AYT27_RS04365,BAB_RS20790,65.234,256,89,0,1,256,1,256,4.00e-130,365
AYT27_RS04370,BAB_RS20795,59.924,262,105,0,6,267,9,270,1.64e-117,334
AYT27_RS04375,BAB_RS19660,41.880,117,65,1,10,123,13,129,1.76e-24,88.2
AYT27_RS04380,BAB_RS19655,53.235,340,157,2,1,339,1,339,2.36e-133,381
AYT27_RS04385,BAB_RS29515,72.075,265,67,1,6,270,4,261,2.72e-139,390
AYT27_RS04390,BAB_RS29510,53.708,391,181,0,10,400,12,402,4.58e-155,442
AYT27_RS04405,BAB_RS28905,50.581,172,79,4,7,174,4,173,1.26e-51,160
AYT27_RS04420,BAB_RS20490,74.265,136,32,1,1,133,4,139,5.44e-70,203
AYT27_RS04425,BAB_RS20485,68.370,411,130,0,2,412,3,413,0.0,612
AYT27_RS04430,BAB_RS20480,45.588,408,220,2,12,418,15,421,6.80e-135,390
AYT27_RS04435,BAB_RS20475,79.283,251,52,0,1,251,1,251,2.58e-149,413
AYT27_RS04440,BAB_RS20470,86.785,507,63,1,1,503,1,507,0.0,937
AYT27_RS04445,BAB_RS20465,51.969,381,176,3,4,380,6,383,4.50e-133,383
AYT27_RS04450,BAB_RS20460,82.960,223,38,0,1,223,1,223,4.64e-145,400
AYT27_RS04455,BAB_RS20445,72.222,414,115,0,3,416,3,416,0.0,630
AYT27_RS04460,BAB_RS20435,62.416,149,55,1,3,151,7,154,4.86e-66,195
AYT27_RS04465,BAB_RS20400,79.651,344,70,0,11,354,1,344,0.0,572
AYT27_RS04470,BAB_RS20395,65.457,799,268,4,24,821,28,819,0.0,1088
AYT27_RS04475,BAB_RS20390,48.139,403,187,6,18,403,18,415,4.98e-125,365
AYT27_RS04485,BAB_RS20380,76.351,444,101,1,160,599,193,636,0.0,713
AYT27_RS04490,BAB_RS29500,49.727,183,92,0,19,201,19,201,1.04e-62,190
AYT27_RS04495,BAB_RS29495,56.126,604,255,1,8,601,8,611,0.0,729
AYT27_RS04500,BAB_RS29480,65.240,1168,401,2,1,1163,1,1168,0.0,1581
AYT27_RS04505,BAB_RS29475,52.809,89,42,0,1,89,1,89,1.96e-31,103
AYT27_RS04510,BAB_RS19955,68.919,222,69,0,4,225,6,227,5.83e-114,322
AYT27_RS04515,BAB_RS19950,59.953,422,169,0,1,422,16,437,0.0,536
AYT27_RS04520,BAB_RS19945,75.455,440,108,0,1,440,1,440,0.0,719
AYT27_RS04525,BAB_RS19930,66.367,556,187,0,1,556,1,556,0.0,791
AYT27_RS04530,BAB_RS19925,42.045,264,152,1,1,263,1,264,2.21e-76,229
AYT27_RS04535,BAB_RS19920,60.950,484,183,1,1,484,1,478,0.0,593
AYT27_RS04540,BAB_RS19915,80.493,487,95,0,1,487,1,487,0.0,814
AYT27_RS04545,BAB_RS19910,72.534,659,171,3,1,651,2,658,0.0,970
AYT27_RS04550,BAB_RS19905,86.275,102,14,0,1,102,1,102,9.02e-52,155
AYT27_RS04555,BAB_RS19900,73.786,206,53,1,1,206,1,205,5.47e-95,272
AYT27_RS04560,BAB_RS19895,88.957,163,18,0,1,163,1,163,4.51e-109,304
AYT27_RS04565,BAB_RS19890,81.977,344,61,1,5,348,5,347,0.0,545
AYT27_RS04570,BAB_RS19885,72.622,694,185,3,1,689,1,694,0.0,1046
AYT27_RS04575,BAB_RS19880,82.299,435,77,0,1,435,1,435,0.0,767
AYT27_RS04580,BAB_RS19875,70.335,209,62,0,1,209,1,209,5.66e-114,322
AYT27_RS04585,BAB_RS19870,84.091,396,63,0,1,396,1,396,0.0,706
AYT27_RS04590,BAB_RS19865,69.036,197,61,0,3,199,4,200,2.27e-103,293
AYT27_RS04595,BAB_RS19860,84.456,193,30,0,1,193,1,193,4.50e-127,352
AYT27_RS04600,BAB_RS19855,80.165,121,24,0,1,121,1,121,2.32e-69,201
AYT27_RS04605,BAB_RS30495,96.000,25,1,0,1,25,1,25,3.53e-12,49.3
AYT27_RS04610,BAB_RS19840,96.000,25,1,0,1,25,1,25,3.57e-12,49.3
AYT27_RS04625,BAB_RS20755,41.176,51,30,0,101,151,201,251,7.31e-08,46.6
AYT27_RS04630,BAB_RS17105,58.788,165,67,1,1,165,180,343,2.10e-68,211
AYT27_RS04635,BAB_RS17115,47.692,65,34,0,1,65,1,65,2.69e-19,70.5
AYT27_RS04640,BAB_RS17125,48.239,284,142,3,10,289,4,286,6.62e-87,258
AYT27_RS04655,BAB_RS20005,24.151,265,193,5,3,264,137,396,5.45e-10,55.8
AYT27_RS04700,BAB_RS29580,88.000,25,3,0,1,25,1,25,2.07e-10,45.4
AYT27_RS04705,BAB_RS17200,54.167,48,21,1,1,48,1,47,1.21e-10,50.8
AYT27_RS04835,BAB_RS20685,34.351,131,76,3,9,130,29,158,5.70e-16,67.8
AYT27_RS04840,BAB_RS21320,57.391,115,49,0,2,116,5,119,8.10e-50,154
AYT27_RS04860,BAB_RS19465,88.000,25,3,0,1,25,1,25,7.18e-10,43.5
AYT27_RS04865,BAB_RS19460,60.396,101,40,0,1,101,1,101,7.55e-45,137
AYT27_RS04870,BAB_RS19455,92.000,25,2,0,1,25,1,25,1.11e-10,45.8
AYT27_RS04875,BAB_RS19425,45.982,224,121,0,1,224,397,620,1.68e-66,213
AYT27_RS04880,BAB_RS19425,58.592,355,145,2,44,398,10,362,5.42e-131,387
AYT27_RS04885,BAB_RS19420,70.857,350,102,0,12,361,10,359,0.0,516
AYT27_RS04890,BAB_RS19415,55.051,198,86,1,2,196,3,200,3.91e-80,234
AYT27_RS04920,BAB_RS20995,46.036,845,410,9,32,845,26,855,0.0,707
AYT27_RS04925,BAB_RS20990,45.361,97,53,0,1,97,1,97,3.82e-23,91.3
AYT27_RS04930,BAB_RS20985,82.609,138,24,0,1,138,1,138,3.58e-83,237
AYT27_RS04935,BAB_RS22205,55.340,103,46,0,12,114,24,126,6.98e-39,126
AYT27_RS04940,BAB_RS20075,64.151,212,76,0,3,214,2,213,4.02e-103,294
AYT27_RS04945,BAB_RS20070,80.370,433,85,0,1,433,1,433,0.0,722
AYT27_RS04950,BAB_RS20060,63.187,182,67,0,1,182,1,182,5.71e-88,253
AYT27_RS04955,BAB_RS20045,81.102,254,48,0,1,254,1,254,6.57e-159,438
AYT27_RS04960,BAB_RS20040,61.538,78,30,0,1,78,2,79,5.78e-32,103
AYT27_RS04965,BAB_RS20035,73.973,219,56,1,1,218,1,219,1.05e-125,351
AYT27_RS04970,BAB_RS20020,74.352,733,187,1,1,733,1,732,0.0,1095
AYT27_RS04975,BAB_RS20015,76.623,77,18,0,1,77,1,77,1.57e-42,129
AYT27_RS04980,BAB_RS20010,70.909,110,32,0,1,110,1,110,2.60e-58,172
AYT27_RS04985,BAB_RS20005,50.363,413,202,2,4,413,2,414,3.85e-130,378
AYT27_RS04990,BAB_RS19635,73.781,759,177,1,11,747,12,770,0.0,1137
AYT27_RS04995,BAB_RS19625,77.647,595,133,0,1,595,1,595,0.0,991
AYT27_RS05000,BAB_RS19620,56.919,383,165,0,2,384,1,383,3.90e-167,469
AYT27_RS05005,BAB_RS19615,58.097,494,205,2,1,493,1,493,0.0,557
AYT27_RS05010,BAB_RS19610,69.590,707,214,1,10,715,27,733,0.0,1011
AYT27_RS05015,BAB_RS19605,63.636,77,28,0,1,77,1,77,2.71e-36,114
AYT27_RS05020,BAB_RS19600,42.716,405,222,5,6,410,1,395,1.25e-100,301
AYT27_RS05025,BAB_RS19960,68.761,1146,358,0,16,1161,17,1162,0.0,1624
AYT27_RS05030,BAB_RS29470,62.251,702,265,0,1,702,1,702,0.0,897
AYT27_RS05045,BAB_RS17125,42.857,105,57,2,91,194,87,189,2.68e-19,80.9
AYT27_RS05055,BAB_RS17105,58.140,43,18,0,1,43,244,286,3.32e-13,58.5
AYT27_RS05060,BAB_RS17105,44.898,49,27,0,2,50,68,116,1.67e-08,45.4
AYT27_RS05065,BAB_RS29465,66.227,607,205,0,1,607,1,607,0.0,838
AYT27_RS05070,BAB_RS29460,64.653,447,158,0,2,448,4,450,0.0,601
AYT27_RS05075,BAB_RS29455,60.729,247,95,1,2,246,1,247,1.73e-109,313
AYT27_RS05080,BAB_RS21145,50.000,262,128,3,54,314,69,328,1.41e-90,270
AYT27_RS05085,BAB_RS20195,69.811,106,32,0,2,107,3,108,5.06e-54,160
AYT27_RS05090,BAB_RS20200,62.594,401,148,1,1,399,1,401,0.0,505
AYT27_RS05095,BAB_RS20205,67.350,585,191,0,1,585,1,585,0.0,857
AYT27_RS05100,BAB_RS20210,23.689,515,325,14,374,839,495,990,3.91e-29,121
AYT27_RS05115,BAB_RS22100,79.692,325,66,0,3,327,4,328,3.43e-175,485
AYT27_RS05120,BAB_RS22105,70.642,436,125,1,1,433,1,436,0.0,637
AYT27_RS05125,BAB_RS23900,92.000,25,2,0,1,25,1,25,1.20e-10,45.4
AYT27_RS05130,BAB_RS21755,86.600,403,54,0,1,403,1,403,0.0,749
AYT27_RS05145,BAB_RS21265,74.797,369,93,0,3,371,4,372,0.0,588
AYT27_RS05150,BAB_RS21275,78.788,165,35,0,5,169,4,168,5.70e-100,282
AYT27_RS05155,BAB_RS21280,68.208,173,50,2,19,189,24,193,1.67e-84,244
AYT27_RS05160,BAB_RS21285,65.244,164,57,0,1,164,1,164,9.97e-76,220
AYT27_RS05165,BAB_RS21295,82.043,891,159,1,16,905,12,902,0.0,1515
AYT27_RS05170,BAB_RS21320,84.746,118,18,0,1,118,1,118,2.71e-73,214
AYT27_RS05175,BAB_RS21325,77.433,966,217,1,1,965,1,966,0.0,1546
AYT27_RS05180,BAB_RS20830,75.000,112,28,0,1,112,1,112,1.51e-59,175
AYT27_RS05185,BAB_RS20825,81.663,469,86,0,1,469,1,469,0.0,828
AYT27_RS05195,BAB_RS20820,50.388,258,125,2,1,256,1,257,3.15e-92,270
AYT27_RS05205,BAB_RS20805,72.923,325,88,0,1,325,1,325,0.0,510
AYT27_RS05210,BAB_RS20800,63.272,599,215,1,1,594,1,599,0.0,803
AYT27_RS05215,BAB_RS21765,73.364,871,231,1,1,871,1,870,0.0,1317
AYT27_RS05220,BAB_RS21770,87.021,339,44,0,1,339,14,352,0.0,614
AYT27_RS05225,BAB_RS21785,76.941,425,98,0,4,428,3,427,0.0,697
AYT27_RS05230,BAB_RS21790,60.793,454,173,5,13,463,23,474,0.0,546
AYT27_RS05235,BAB_RS21795,81.679,131,24,0,1,131,1,131,9.73e-77,221
AYT27_RS05240,BAB_RS21800,83.383,337,56,0,1,337,1,337,0.0,588
AYT27_RS05245,BAB_RS21805,93.798,129,8,0,1,129,1,129,7.29e-91,256
AYT27_RS05250,BAB_RS21810,88.496,113,13,0,1,113,1,113,3.83e-70,202
AYT27_RS05255,BAB_RS21815,64.398,191,68,0,1,191,1,191,3.18e-89,256
AYT27_RS05260,BAB_RS21820,78.000,450,93,2,1,448,1,446,0.0,712
AYT27_RS05265,BAB_RS21825,71.429,154,44,0,1,154,1,154,3.04e-76,221
AYT27_RS05270,BAB_RS21830,72.059,68,16,1,1,68,1,65,3.91e-29,95.1
AYT27_RS05275,BAB_RS21835,87.952,166,20,0,16,181,20,185,3.03e-106,299
AYT27_RS05280,BAB_RS21840,70.833,120,35,0,1,120,1,120,3.08e-49,150
AYT27_RS05285,BAB_RS21845,77.401,177,40,0,1,177,1,177,9.31e-103,290
AYT27_RS05290,BAB_RS21850,81.818,132,24,0,1,132,1,132,2.42e-78,224
AYT27_RS05295,BAB_RS21855,79.208,101,21,0,1,101,1,101,1.46e-57,169
AYT27_RS05300,BAB_RS21860,80.541,185,36,0,1,185,1,185,3.34e-114,319
AYT27_RS05305,BAB_RS21865,79.808,104,20,1,1,104,1,103,3.95e-56,166
AYT27_RS05310,BAB_RS21870,93.443,122,8,0,1,122,1,122,7.84e-81,229
AYT27_RS05315,BAB_RS21875,83.544,79,13,0,1,79,1,79,2.92e-45,136
AYT27_RS05320,BAB_RS21880,71.212,66,19,0,1,66,1,66,3.20e-29,95.5
AYT27_RS05325,BAB_RS21885,91.971,137,11,0,1,137,1,137,2.57e-93,262
AYT27_RS05330,BAB_RS21890,88.983,236,26,0,1,236,1,236,2.02e-161,442
AYT27_RS05335,BAB_RS21895,88.372,129,15,0,1,129,1,129,1.27e-81,232
AYT27_RS05340,BAB_RS21900,91.304,92,8,0,1,92,1,92,1.82e-60,176
AYT27_RS05345,BAB_RS21905,86.643,277,37,0,1,277,1,277,1.09e-173,477
AYT27_RS05350,BAB_RS21910,84.536,97,15,0,1,97,1,97,6.83e-57,167
AYT27_RS05355,BAB_RS21915,75.728,206,50,0,1,206,1,206,2.98e-118,331
AYT27_RS05360,BAB_RS21920,88.789,223,25,0,1,223,1,223,1.48e-150,416
AYT27_RS05365,BAB_RS21925,98.039,102,2,0,1,102,1,102,1.07e-70,202
AYT27_RS05370,BAB_RS22000,90.793,391,36,0,1,391,1,391,0.0,704
AYT27_RS05375,BAB_RS21935,91.066,694,62,0,1,694,1,694,0.0,1298
AYT27_RS05380,BAB_RS21940,88.462,156,18,0,1,156,1,156,8.30e-105,293
AYT27_RS05385,BAB_RS21945,95.935,123,5,0,1,123,1,123,8.46e-85,240
AYT27_RS05390,BAB_RS20185,64.729,258,90,1,1,257,1,258,2.63e-128,361
AYT27_RS05395,BAB_RS27735,26.923,260,180,6,1,256,1,254,1.24e-22,92.8
AYT27_RS05400,BAB_RS25255,32.520,123,80,1,75,197,52,171,2.86e-15,69.7
AYT27_RS05405,BAB_RS25255,30.244,205,135,4,19,220,2,201,1.57e-21,86.3
AYT27_RS05410,BAB_RS19595,61.570,242,91,1,6,247,30,269,7.74e-105,301
AYT27_RS05415,BAB_RS20180,53.386,251,117,0,14,264,17,267,1.94e-92,270
AYT27_RS05420,BAB_RS20545,70.088,906,271,0,1,906,1,906,0.0,1306
AYT27_RS05430,BAB_RS20535,50.463,432,210,3,10,438,4,434,5.81e-138,400
AYT27_RS05435,BAB_RS20530,58.140,215,88,1,1,215,1,213,9.20e-85,248
AYT27_RS05440,BAB_RS29295,83.333,24,4,0,1,24,1,24,1.01e-08,40.8
AYT27_RS05445,BAB_RS29260,96.000,25,1,0,1,25,1,25,3.87e-11,47.0
AYT27_RS05475,BAB_RS21055,60.369,434,165,3,1,427,79,512,0.0,519
AYT27_RS05490,BAB_RS21050,65.640,422,142,1,4,425,1,419,0.0,565
AYT27_RS05500,BAB_RS16480,33.673,294,116,10,8,294,9,230,4.06e-42,141
AYT27_RS05505,BAB_RS22340,32.099,81,55,0,10,90,16,96,7.62e-13,55.8
AYT27_RS05510,BAB_RS22345,37.733,750,451,5,42,783,64,805,9.40e-168,503
AYT27_RS05520,BAB_RS22355,62.366,837,311,4,1,834,1,836,0.0,1032
AYT27_RS05525,BAB_RS22360,58.127,566,236,1,1,565,1,566,0.0,596
AYT27_RS05530,BAB_RS22365,53.416,322,143,3,1,317,1,320,1.51e-115,333
AYT27_RS05535,BAB_RS22400,63.883,515,184,1,2,516,5,517,0.0,683
AYT27_RS05545,BAB_RS22410,92.000,25,2,0,1,25,1,25,2.95e-10,44.7
AYT27_RS05555,BAB_RS26620,55.895,458,199,2,6,462,12,467,5.13e-160,458
AYT27_RS05560,BAB_RS22610,81.416,339,63,0,1,339,1,339,0.0,567
AYT27_RS05565,BAB_RS22625,64.082,245,87,1,1,244,1,245,1.95e-102,294
AYT27_RS05570,BAB_RS22635,78.820,373,79,0,1,373,1,373,0.0,624
AYT27_RS05575,BAB_RS22645,72.362,597,165,0,3,599,11,607,0.0,917
AYT27_RS05580,BAB_RS22650,50.526,285,139,1,4,286,7,291,1.29e-87,261
AYT27_RS05585,BAB_RS22665,57.344,497,190,5,30,505,29,524,0.0,544
AYT27_RS05590,BAB_RS22675,46.233,292,148,3,1,285,1,290,1.99e-82,248
AYT27_RS05595,BAB_RS22680,48.387,341,164,5,34,364,34,372,1.74e-106,315
AYT27_RS05600,BAB_RS22685,52.121,165,79,0,5,169,6,170,1.51e-67,200
AYT27_RS05605,BAB_RS22690,79.545,264,54,0,1,264,1,264,2.47e-165,455
AYT27_RS05610,BAB_RS22940,61.806,432,162,3,2,432,13,442,0.0,531
AYT27_RS05615,BAB_RS22940,60.000,430,169,3,4,432,15,442,0.0,509
AYT27_RS05620,BAB_RS22940,56.674,427,184,1,4,430,15,440,4.01e-171,484
AYT27_RS05625,BAB_RS22695,47.000,100,51,2,1,98,1,100,5.30e-26,89.7
AYT27_RS05630,BAB_RS32705,75.610,41,9,1,51,90,53,93,1.97e-12,56.2
AYT27_RS05635,BAB_RS22710,56.021,191,72,5,1,181,1,189,3.30e-66,197
AYT27_RS05640,BAB_RS22720,50.909,55,27,0,1,55,1,55,1.91e-13,55.5
AYT27_RS05645,BAB_RS22725,46.774,62,33,0,14,75,7,68,6.59e-16,63.5
AYT27_RS05650,BAB_RS22755,65.848,855,212,4,1,775,1,855,0.0,1147
AYT27_RS05655,BAB_RS22765,61.538,208,80,0,1,208,20,227,6.28e-99,283
AYT27_RS05660,BAB_RS22770,46.667,165,80,2,27,191,33,189,7.31e-52,162
AYT27_RS05665,BAB_RS22775,55.439,285,124,1,4,288,3,284,7.62e-109,314
AYT27_RS05670,BAB_RS22780,57.990,607,254,1,2,608,3,608,0.0,743
AYT27_RS05675,BAB_RS17105,42.857,49,28,0,7,55,18,66,2.75e-08,44.3
AYT27_RS05680,BAB_RS22790,65.181,718,244,5,1,714,1,716,0.0,964
AYT27_RS05685,BAB_RS22795,65.250,541,187,1,1,541,1,540,0.0,682
AYT27_RS05690,BAB_RS22800,61.569,255,97,1,34,288,25,278,3.74e-113,325
AYT27_RS05695,BAB_RS22805,49.117,283,143,1,5,287,1,282,6.12e-102,296
AYT27_RS05700,BAB_RS22810,60.935,599,183,11,1,581,1,566,0.0,542
AYT27_RS05705,BAB_RS22815,65.116,430,148,1,6,433,11,440,0.0,553
AYT27_RS05710,BAB_RS22820,39.493,276,167,0,20,295,29,304,2.75e-75,230
AYT27_RS05715,BAB_RS22825,67.638,309,96,2,1,306,1,308,4.71e-146,410
AYT27_RS05720,BAB_RS22830,65.815,313,107,0,9,321,5,317,2.09e-148,417
AYT27_RS05725,BAB_RS22835,73.876,467,118,2,1,464,1,466,0.0,677
AYT27_RS05730,BAB_RS22840,57.527,372,156,2,1,370,4,375,1.72e-140,401
AYT27_RS05735,BAB_RS22845,64.690,371,130,1,1,371,1,370,1.22e-170,478
AYT27_RS05740,BAB_RS22850,54.310,464,204,2,1,463,1,457,8.45e-175,495
AYT27_RS05745,BAB_RS22855,75.000,360,86,1,1,356,1,360,0.0,551
AYT27_RS05750,BAB_RS22860,52.452,469,221,2,4,471,10,477,3.19e-167,477
AYT27_RS05755,BAB_RS22865,60.860,465,181,1,6,470,10,473,0.0,579
AYT27_RS05760,BAB_RS22870,68.324,543,169,2,26,566,40,581,0.0,760
AYT27_RS05765,BAB_RS22875,37.681,138,74,4,3,134,1,132,1.37e-27,96.3
AYT27_RS05770,BAB_RS22880,64.174,321,109,1,24,338,17,337,1.55e-142,404
AYT27_RS05775,BAB_RS31905,56.818,44,19,0,87,130,99,142,4.70e-10,50.8
AYT27_RS05780,BAB_RS22890,61.983,121,46,0,48,168,94,214,7.93e-52,161
AYT27_RS05795,BAB_RS22930,40.683,322,168,1,5,303,6,327,1.69e-82,249
AYT27_RS05800,BAB_RS22950,85.610,549,79,0,1,549,1,549,0.0,974
AYT27_RS05810,BAB_RS22990,59.799,199,80,0,1,199,1,199,1.10e-90,261
AYT27_RS05815,BAB_RS22995,58.046,348,142,2,6,351,6,351,5.97e-143,405
AYT27_RS05850,BAB_RS23040,96.000,25,1,0,1,25,1,25,9.49e-12,48.5
AYT27_RS05855,BAB_RS23045,39.474,228,119,4,31,244,27,249,1.95e-46,152
AYT27_RS05860,BAB_RS23055,59.375,128,52,0,4,131,3,130,2.47e-58,175
AYT27_RS05865,BAB_RS23065,78.487,674,136,4,1,667,1,672,0.0,1025
AYT27_RS05870,BAB_RS23070,47.612,649,316,6,1,629,1,645,0.0,597
AYT27_RS05875,BAB_RS21010,55.473,402,177,1,3,402,3,404,1.79e-160,454
AYT27_RS05880,BAB_RS23075,60.682,557,219,0,1,557,1,557,0.0,726
AYT27_RS05885,BAB_RS20630,68.421,57,18,0,25,81,25,81,3.86e-24,83.6
AYT27_RS05895,BAB_RS23085,70.175,399,118,1,1,399,1,398,0.0,602
AYT27_RS05905,BAB_RS23105,80.690,1160,224,0,1,1160,1,1160,0.0,1948
AYT27_RS05910,BAB_RS23120,75.758,66,16,0,1,66,1,66,1.18e-35,111
AYT27_RS05915,BAB_RS23130,77.945,399,88,0,1,399,1,399,0.0,655
AYT27_RS05920,BAB_RS23145,68.439,301,95,0,1,301,1,301,1.26e-167,464
AYT27_RS05925,BAB_RS23150,73.418,316,84,0,1,316,1,316,0.0,500
AYT27_RS05930,BAB_RS23155,59.823,453,182,0,8,460,12,464,0.0,562
AYT27_RS05935,BAB_RS23165,69.341,349,107,0,2,350,6,354,0.0,505
AYT27_RS05940,BAB_RS23170,79.618,157,32,0,1,157,1,157,3.23e-92,261
AYT27_RS05945,BAB_RS23200,36.364,88,54,1,1,86,1,88,1.53e-14,62.8
AYT27_RS05950,BAB_RS23205,75.945,794,161,3,3,767,110,902,0.0,1252
AYT27_RS05955,BAB_RS23220,39.597,149,73,3,88,229,31,169,7.74e-26,95.9
AYT27_RS05960,BAB_RS23225,58.491,212,87,1,1,211,1,212,1.40e-91,265
AYT27_RS05965,BAB_RS23245,70.306,229,68,0,6,234,7,235,1.66e-119,337
AYT27_RS05970,BAB_RS23250,74.661,442,109,3,6,445,6,446,0.0,640
AYT27_RS05975,BAB_RS23265,56.688,157,68,0,10,166,10,166,3.76e-64,191
AYT27_RS05985,BAB_RS23270,53.846,78,36,0,1,78,1,78,7.75e-25,86.3
AYT27_RS05990,BAB_RS23275,51.852,270,124,4,6,275,8,271,3.26e-90,266
AYT27_RS05995,BAB_RS23280,47.075,359,186,1,3,357,5,363,6.30e-120,348
AYT27_RS06000,BAB_RS23285,52.227,247,113,2,6,248,11,256,2.78e-89,262
AYT27_RS06005,BAB_RS23305,83.495,309,51,0,1,309,1,309,0.0,529
AYT27_RS06010,BAB_RS23310,71.279,477,137,0,22,498,26,502,0.0,687
AYT27_RS06015,BAB_RS23315,75.789,190,46,0,1,190,1,190,5.52e-110,310
AYT27_RS06020,BAB_RS23320,60.204,196,73,1,1,191,1,196,2.20e-77,229
AYT27_RS06030,BAB_RS18735,53.672,177,80,1,43,217,62,238,2.09e-65,200
AYT27_RS06035,BAB_RS23325,80.381,367,72,0,1,367,1,367,0.0,603
AYT27_RS06040,BAB_RS23950,29.730,148,83,6,1,138,1,137,4.86e-12,58.5
AYT27_RS06045,BAB_RS23345,61.667,60,23,0,1,60,227,286,8.55e-22,81.6
AYT27_RS06060,BAB_RS23370,65.101,149,52,0,1,149,1,149,2.42e-67,198
AYT27_RS06065,BAB_RS23405,56.618,408,177,0,9,416,10,417,1.13e-173,489
AYT27_RS06070,BAB_RS23420,68.249,337,105,1,7,343,1,335,3.37e-172,478
AYT27_RS06075,BAB_RS23425,51.186,295,144,0,1,295,1,295,1.41e-104,304
AYT27_RS06080,BAB_RS23430,41.419,944,536,9,1,929,6,947,0.0,768
AYT27_RS06085,BAB_RS23435,49.928,693,338,5,7,698,5,689,0.0,662
AYT27_RS06095,BAB_RS23460,49.141,291,145,2,5,292,1,291,5.11e-101,295
AYT27_RS06100,BAB_RS23470,63.123,301,111,0,1,301,1,301,1.77e-133,377
AYT27_RS06105,BAB_RS23570,44.891,274,134,6,2,267,9,273,1.89e-69,213
AYT27_RS06110,BAB_RS23575,73.048,397,107,0,1,397,1,397,0.0,622
AYT27_RS06115,BAB_RS23585,86.813,91,12,0,1,91,1,91,5.65e-57,167
AYT27_RS06120,BAB_RS23615,54.545,132,54,2,1,128,1,130,6.98e-43,134
AYT27_RS06125,BAB_RS23610,86.695,233,30,1,1,233,1,232,2.79e-150,414
AYT27_RS06130,BAB_RS23605,50.481,208,103,0,1,208,1,208,1.13e-75,224
AYT27_RS06135,BAB_RS23600,66.258,163,55,0,34,196,36,198,6.61e-83,241
AYT27_RS06140,BAB_RS23595,35.443,79,51,0,24,102,15,93,5.08e-11,57.8
AYT27_RS06145,BAB_RS23620,66.216,370,125,0,1,370,1,370,0.0,512
AYT27_RS06150,BAB_RS23625,62.342,316,119,0,1,316,1,316,5.77e-153,428
AYT27_RS06155,BAB_RS23630,96.000,25,1,0,1,25,1,25,1.29e-10,45.4
AYT27_RS06170,BAB_RS23525,47.083,240,117,5,17,249,22,258,5.28e-67,206
AYT27_RS06175,BAB_RS31235,48.276,261,131,4,5,262,10,269,5.08e-73,224
AYT27_RS06180,BAB_RS23535,44.853,272,144,1,43,308,27,298,3.77e-73,224
AYT27_RS06185,BAB_RS31245,41.071,336,192,4,24,357,4,335,2.14e-83,253
AYT27_RS06190,BAB_RS31260,26.824,425,273,16,3,411,9,411,2.12e-32,127
AYT27_RS06195,BAB_RS31330,29.834,181,99,7,48,224,49,205,7.68e-14,70.5
AYT27_RS06205,BAB_RS27220,64.062,192,69,0,17,208,10,201,4.96e-92,265
AYT27_RS06210,BAB_RS28635,56.851,489,164,3,11,452,11,499,0.0,542
AYT27_RS06215,BAB_RS31260,26.932,427,260,16,8,412,13,409,3.04e-28,115
AYT27_RS06220,BAB_RS17550,42.045,88,49,1,1,86,1,88,7.27e-20,73.2
AYT27_RS06225,BAB_RS28320,40.146,274,159,3,1,269,1,274,1.15e-65,202
AYT27_RS06230,BAB_RS28325,71.429,301,86,0,3,303,3,303,3.04e-140,395
AYT27_RS06240,BAB_RS25325,64.516,248,88,0,1,248,1,248,6.60e-119,336
AYT27_RS06245,BAB_RS25320,61.935,310,113,2,1,306,1,309,4.26e-132,374
AYT27_RS06250,BAB_RS19020,67.928,555,169,1,7,552,9,563,0.0,783
AYT27_RS06265,BAB_RS16795,69.136,81,25,0,1,81,1,81,2.88e-36,114
AYT27_RS06270,BAB_RS16755,55.738,122,54,0,4,125,2,123,1.45e-44,138
AYT27_RS06275,BAB_RS16750,56.552,290,126,0,4,293,10,299,2.50e-107,311
AYT27_RS06280,BAB_RS16185,53.908,371,155,3,1,359,1,367,8.64e-142,404
AYT27_RS06285,BAB_RS30965,88.636,44,5,0,1,44,1,44,2.58e-22,76.3
AYT27_RS06290,BAB_RS30970,59.483,116,45,1,3,116,4,119,1.90e-40,129
AYT27_RS06295,BAB_RS30975,59.581,621,224,7,1,608,1,607,0.0,738
AYT27_RS06300,BAB_RS30980,73.500,200,53,0,10,209,61,260,3.12e-106,303
AYT27_RS06305,BAB_RS31070,62.174,230,87,0,1,230,1,230,1.95e-108,308
AYT27_RS06310,BAB_RS31105,59.551,267,107,1,1,266,12,278,1.68e-107,309
AYT27_RS06315,BAB_RS31110,71.707,205,58,0,1,205,1,205,1.55e-114,322
AYT27_RS06325,BAB_RS15955,34.615,104,62,3,95,196,19,118,3.65e-11,59.3
AYT27_RS06335,BAB_RS19095,80.000,30,6,0,1,30,1,30,4.31e-11,47.0
AYT27_RS06340,BAB_RS19100,39.062,384,173,9,29,402,30,362,4.42e-82,253
AYT27_RS06350,BAB_RS22895,29.452,292,124,9,21,306,44,259,6.99e-30,111
AYT27_RS06355,BAB_RS21035,28.205,195,133,2,365,556,8,198,4.50e-16,75.1
AYT27_RS06365,BAB_RS20005,26.933,375,242,7,25,383,38,396,1.73e-26,106
AYT27_RS06395,BAB_RS31435,100.000,25,0,0,1,25,1,25,7.21e-12,48.5
AYT27_RS06400,BAB_RS31440,78.378,37,8,0,2,38,2,38,2.33e-13,53.1
AYT27_RS06405,BAB_RS31445,90.829,567,50,1,341,907,377,941,0.0,959
AYT27_RS06410,BAB_RS31455,100.000,25,0,0,1,25,1,25,1.01e-12,50.8
AYT27_RS06415,BAB_RS31460,92.000,25,2,0,1,25,1,25,1.22e-08,40.4
AYT27_RS06420,BAB_RS31465,90.342,497,47,1,1,497,1,496,0.0,798
AYT27_RS06425,BAB_RS31500,53.968,126,58,0,2,127,10,135,2.18e-46,144
AYT27_RS06430,BAB_RS26905,63.934,183,66,0,164,346,124,306,1.96e-78,240
AYT27_RS06435,BAB_RS26895,56.098,369,140,2,149,517,1,347,4.63e-146,420
AYT27_RS06440,BAB_RS23440,36.196,163,98,2,14,176,6,162,4.90e-20,79.7
AYT27_RS06445,BAB_RS26825,81.698,377,69,0,1,377,1,377,0.0,649
AYT27_RS06460,BAB_RS26770,65.101,298,103,1,5,302,6,302,1.76e-147,413
AYT27_RS06465,BAB_RS26760,54.726,201,91,0,1,201,1,201,3.21e-81,238
AYT27_RS06475,BAB_RS17655,48.387,248,127,1,29,275,9,256,4.21e-84,249
AYT27_RS06480,BAB_RS21960,89.189,37,4,0,1,37,167,203,3.41e-18,77.4
AYT27_RS06500,BAB_RS17105,39.310,145,80,4,11,148,10,153,7.61e-26,97.4
AYT27_RS06505,BAB_RS27865,47.312,372,182,2,15,372,17,388,2.82e-123,358
AYT27_RS06510,BAB_RS28805,69.231,923,284,0,5,927,6,928,0.0,1280
AYT27_RS06515,BAB_RS28800,63.115,122,45,0,1,122,1,122,1.00e-53,161
AYT27_RS06520,BAB_RS28795,65.205,365,127,0,8,372,3,367,1.45e-177,494
AYT27_RS06525,BAB_RS28010,46.637,223,107,2,1,211,1,223,2.56e-59,183
AYT27_RS06530,BAB_RS28015,57.692,52,22,0,7,58,11,62,5.85e-17,64.3
AYT27_RS06540,BAB_RS26215,63.380,71,26,0,4,74,6,76,8.13e-28,96.3
AYT27_RS06545,BAB_RS17105,46.667,75,40,0,14,88,78,152,2.28e-16,70.9
AYT27_RS06550,BAB_RS28035,81.953,338,61,0,1,338,1,338,0.0,595
AYT27_RS06555,BAB_RS28035,85.075,67,10,0,1,67,272,338,2.40e-37,123
AYT27_RS06560,BAB_RS19545,45.098,51,28,0,43,93,33,83,1.54e-11,57.4
AYT27_RS06565,BAB_RS27680,52.593,270,123,3,6,272,10,277,1.62e-100,291
AYT27_RS06570,BAB_RS27675,54.277,339,152,1,6,344,13,348,2.28e-130,373
AYT27_RS06575,BAB_RS27670,50.952,210,103,0,9,218,9,218,6.31e-64,194
AYT27_RS06580,BAB_RS17105,25.000,320,222,6,1,310,51,362,2.83e-21,90.1
AYT27_RS06585,BAB_RS27640,72.549,153,41,1,1,152,1,153,8.04e-71,207
AYT27_RS06590,BAB_RS27630,65.596,436,150,0,1,436,1,436,0.0,594
AYT27_RS06610,BAB_RS27555,55.696,237,105,0,7,243,11,247,4.66e-100,288
AYT27_RS06615,BAB_RS27550,67.397,365,87,1,9,341,13,377,1.03e-180,502
AYT27_RS06620,BAB_RS27545,54.037,322,147,1,1,321,1,322,5.34e-134,380
AYT27_RS06645,BAB_RS29040,47.561,246,127,2,22,266,35,279,3.08e-72,222
AYT27_RS06650,BAB_RS29035,48.193,83,41,1,20,100,18,100,1.13e-16,75.9
AYT27_RS06655,BAB_RS29030,45.370,108,58,1,37,144,38,144,7.01e-27,104
AYT27_RS06715,BAB_RS31515,36.697,109,69,0,25,133,42,150,1.20e-16,69.3
AYT27_RS06730,BAB_RS25735,28.485,165,72,4,2,123,7,168,1.18e-13,64.7
AYT27_RS06735,BAB_RS28940,40.187,107,63,1,1,106,1,107,2.41e-26,91.3
AYT27_RS06740,BAB_RS27285,53.659,328,149,1,2,329,4,328,3.23e-128,366
AYT27_RS06745,BAB_RS27280,55.435,276,122,1,6,280,6,281,2.68e-114,327
AYT27_RS06775,BAB_RS26670,38.710,806,453,14,13,782,20,820,0.0,540
AYT27_RS06795,BAB_RS26650,31.132,212,142,3,12,220,25,235,5.03e-35,121
AYT27_RS06800,BAB_RS26645,28.094,299,175,8,5,281,1,281,3.37e-27,103
AYT27_RS06805,BAB_RS26640,37.770,278,159,4,96,361,111,386,1.42e-55,184
AYT27_RS06810,BAB_RS26635,39.883,341,184,6,20,352,25,352,1.21e-75,234
AYT27_RS06880,BAB_RS16595,62.188,521,194,1,1,521,1,518,0.0,631
AYT27_RS06885,BAB_RS16590,70.141,355,106,0,1,355,1,355,0.0,530
AYT27_RS06890,BAB_RS16585,44.720,161,88,1,1,161,19,178,1.40e-44,142
AYT27_RS06895,BAB_RS16580,71.579,190,54,0,1,190,1,190,3.32e-99,281
AYT27_RS06900,BAB_RS22985,43.284,67,38,0,43,109,6,72,4.55e-14,58.9
AYT27_RS06905,BAB_RS27270,89.015,528,58,0,1,528,1,528,0.0,907
AYT27_RS06910,BAB_RS27275,83.673,98,16,0,1,98,1,98,9.66e-57,167
AYT27_RS06915,BAB_RS27260,70.842,463,134,1,1,462,1,463,0.0,671
AYT27_RS06925,BAB_RS16190,58.379,543,225,1,1,542,1,543,0.0,655
AYT27_RS06930,BAB_RS18320,37.671,146,80,3,6,149,9,145,3.47e-31,107
AYT27_RS06945,BAB_RS26215,53.226,62,29,0,25,86,12,73,1.04e-17,70.9
AYT27_RS06950,BAB_RS17105,46.667,60,28,1,1,60,4,59,9.41e-12,54.3
AYT27_RS06955,BAB_RS27230,70.303,495,147,0,1,495,1,495,0.0,690
AYT27_RS06990,BAB_RS31435,100.000,25,0,0,1,25,1,25,7.21e-12,48.5
AYT27_RS06995,BAB_RS31440,78.378,37,8,0,2,38,2,38,2.33e-13,53.1
AYT27_RS07020,BAB_RS31435,100.000,25,0,0,1,25,1,25,7.21e-12,48.5
AYT27_RS07025,BAB_RS31440,78.378,37,8,0,2,38,2,38,2.33e-13,53.1
AYT27_RS07030,BAB_RS31445,90.829,567,50,1,341,907,377,941,0.0,959
AYT27_RS07035,BAB_RS31455,100.000,25,0,0,1,25,1,25,1.01e-12,50.8
AYT27_RS07040,BAB_RS31460,92.000,25,2,0,1,25,1,25,1.22e-08,40.4
AYT27_RS07045,BAB_RS31465,90.342,497,47,1,1,497,1,496,0.0,798
AYT27_RS07050,BAB_RS24830,44.479,634,323,7,28,659,30,636,0.0,575
AYT27_RS07055,BAB_RS23935,36.478,477,286,4,8,471,1,473,1.11e-89,278
AYT27_RS07060,BAB_RS23930,76.000,175,42,0,8,182,15,189,2.03e-101,287
AYT27_RS07065,BAB_RS23925,41.304,46,27,0,17,62,22,67,2.87e-09,45.1
AYT27_RS07070,BAB_RS23920,70.189,265,78,1,1,265,1,264,1.53e-138,387
AYT27_RS07075,BAB_RS23910,49.550,333,161,3,7,334,4,334,3.38e-109,318
AYT27_RS07095,BAB_RS23895,35.385,130,72,3,16,133,21,150,2.35e-20,79.0
AYT27_RS07105,BAB_RS24845,64.948,97,32,1,25,119,23,119,7.45e-37,127
AYT27_RS07120,BAB_RS17105,38.624,189,108,4,8,192,28,212,4.64e-33,119
AYT27_RS07130,BAB_RS17105,60.317,63,25,0,2,64,94,156,5.26e-21,83.2
AYT27_RS07225,BAB_RS24840,76.079,857,205,0,1,857,1,857,0.0,1355
AYT27_RS07240,BAB_RS17260,48.214,56,29,0,34,89,13,68,7.17e-17,65.5
AYT27_RS07245,BAB_RS17265,53.883,206,88,1,23,228,6,204,1.06e-73,219
AYT27_RS07250,BAB_RS17270,88.889,72,8,0,1,72,1,72,7.77e-46,137
AYT27_RS07260,BAB_RS26215,37.288,118,63,2,15,121,12,129,1.11e-21,80.9
AYT27_RS07280,BAB_RS30350,31.214,173,108,5,23,187,36,205,2.78e-17,73.2
AYT27_RS07290,BAB_RS26215,53.846,52,24,0,15,66,12,63,1.88e-14,60.1
AYT27_RS07320,BAB_RS24300,76.250,160,38,0,5,164,2,161,2.97e-77,224
AYT27_RS07325,BAB_RS24305,50.284,352,175,0,56,407,6,357,1.15e-119,349
AYT27_RS07340,BAB_RS24310,80.488,41,8,0,1,41,1,41,1.22e-19,69.3
AYT27_RS07345,BAB_RS24315,39.894,188,109,1,72,259,40,223,1.47e-38,131
AYT27_RS07355,BAB_RS26215,64.789,71,25,0,16,86,6,76,2.66e-29,100
AYT27_RS07360,BAB_RS26215,64.789,71,25,0,38,108,6,76,8.84e-29,99.8
AYT27_RS07365,BAB_RS26215,63.380,71,26,0,16,86,6,76,2.39e-28,97.8
AYT27_RS07375,BAB_RS24210,40.722,194,111,1,9,202,6,195,3.05e-49,155
AYT27_RS07380,BAB_RS24205,64.469,273,97,0,1,273,1,273,1.32e-135,380
AYT27_RS07395,BAB_RS17295,68.372,430,134,1,1,430,1,428,0.0,589
AYT27_RS07400,BAB_RS17305,100.000,25,0,0,1,25,1,25,4.46e-11,46.6
AYT27_RS07545,BAB_RS20685,35.948,153,94,2,1,152,9,158,4.99e-26,94.4
AYT27_RS07585,BAB_RS25230,96.429,28,1,0,1,28,1,28,2.32e-13,52.8
AYT27_RS07590,BAB_RS23850,49.733,187,92,1,2,188,1,185,7.89e-70,208
AYT27_RS07595,BAB_RS23855,43.114,167,86,4,17,179,5,166,8.26e-39,128
AYT27_RS07605,BAB_RS24015,43.293,328,124,4,1,268,1,326,8.31e-85,253
AYT27_RS07610,BAB_RS23995,64.706,153,47,1,30,182,10,155,1.37e-68,202
AYT27_RS07615,BAB_RS23995,38.760,129,65,3,31,155,37,155,5.11e-22,83.2
AYT27_RS07620,BAB_RS23995,36.275,102,58,2,31,128,37,135,1.90e-15,66.2
AYT27_RS07625,BAB_RS23965,46.094,128,68,1,12,139,11,137,5.50e-29,102
AYT27_RS07630,BAB_RS23960,47.388,268,107,1,3,270,71,304,9.02e-75,228
AYT27_RS07635,BAB_RS23945,35.849,106,68,0,3,108,12,117,4.34e-14,60.1
AYT27_RS07650,BAB_RS24060,60.902,133,52,0,1,133,301,433,1.86e-53,171
AYT27_RS07655,BAB_RS24060,67.720,443,143,0,1,443,9,451,0.0,637
AYT27_RS07660,BAB_RS24065,78.754,626,130,3,1,625,1,624,0.0,1002
AYT27_RS07665,BAB_RS24070,31.470,483,273,8,8,484,7,437,4.70e-60,201
AYT27_RS07685,BAB_RS24085,60.116,173,64,1,1,173,1,168,3.15e-72,212
AYT27_RS07690,BAB_RS24265,69.397,232,68,1,1,232,1,229,2.64e-118,333
AYT27_RS07695,BAB_RS24180,82.661,248,43,0,1,248,1,248,7.05e-157,432
AYT27_RS07705,BAB_RS24090,64.598,435,150,3,7,440,11,442,0.0,594
AYT27_RS07710,BAB_RS24095,33.333,102,67,1,9,109,1,102,7.33e-08,50.1
AYT27_RS07715,BAB_RS24100,45.695,151,77,3,1,150,1,147,2.31e-36,119
AYT27_RS07720,BAB_RS24105,62.128,235,88,1,1,234,1,235,5.46e-103,295
AYT27_RS07725,BAB_RS24110,45.652,138,75,0,3,140,5,142,2.19e-42,134
AYT27_RS07730,BAB_RS24115,83.025,324,55,0,18,341,15,338,0.0,535
AYT27_RS07735,BAB_RS24120,57.561,205,83,2,1,202,1,204,4.60e-66,199
AYT27_RS07740,BAB_RS24125,76.582,158,37,0,1,158,1,158,4.06e-86,247
AYT27_RS07745,BAB_RS24130,44.172,163,83,3,12,169,6,165,6.30e-37,122
AYT27_RS07750,BAB_RS24135,45.098,357,196,0,13,369,10,366,5.36e-108,319
AYT27_RS07755,BAB_RS24140,43.902,164,89,2,41,204,41,201,7.56e-40,133
AYT27_RS07775,BAB_RS26215,37.288,118,63,2,15,121,12,129,1.11e-21,80.9
AYT27_RS07790,BAB_RS24145,37.162,296,163,3,42,336,67,340,2.87e-56,184
AYT27_RS07795,BAB_RS24150,81.720,186,34,0,1,186,1,186,2.60e-117,327
AYT27_RS07800,BAB_RS24155,72.243,263,73,0,1,263,1,263,2.13e-142,397
AYT27_RS07805,BAB_RS24170,59.797,592,234,1,1,592,83,670,0.0,646
AYT27_RS07810,BAB_RS24175,82.192,73,13,0,1,73,1,73,4.49e-44,133
AYT27_RS07830,BAB_RS24235,62.374,396,149,0,2,397,1,396,0.0,514
AYT27_RS07835,BAB_RS24230,79.104,335,70,0,1,335,1,335,0.0,556
AYT27_RS07840,BAB_RS24225,75.455,660,161,1,1,659,1,660,0.0,1046
AYT27_RS07845,BAB_RS24220,62.921,89,27,2,6,91,5,90,2.57e-30,100
AYT27_RS07850,BAB_RS24215,47.414,116,54,1,1,109,1,116,4.42e-35,114
AYT27_RS07860,BAB_RS24320,66.109,478,162,0,1,478,1,478,0.0,649
AYT27_RS07865,BAB_RS24325,60.163,123,49,0,44,166,25,147,6.41e-54,165
AYT27_RS07870,BAB_RS24335,79.762,84,17,0,2,85,3,86,1.74e-36,115
AYT27_RS07875,BAB_RS17105,46.218,238,126,2,9,246,44,279,3.60e-69,214
AYT27_RS07890,BAB_RS24340,60.702,598,217,4,1,595,1,583,0.0,724
AYT27_RS07900,BAB_RS24350,52.404,208,99,0,1,208,1,208,4.71e-79,233
AYT27_RS07905,BAB_RS24370,47.357,473,248,1,10,481,21,493,2.56e-163,468
AYT27_RS07910,BAB_RS24380,63.441,279,102,0,23,301,31,309,5.83e-130,369
AYT27_RS07915,BAB_RS24405,41.176,544,269,8,6,504,489,1026,7.09e-121,376
AYT27_RS07920,BAB_RS24395,80.357,112,22,0,1,112,1,112,1.84e-66,192
AYT27_RS07925,BAB_RS24390,68.947,190,55,2,1,186,1,190,2.36e-92,265
AYT27_RS07930,BAB_RS24420,88.136,59,7,0,1,59,1,59,5.40e-35,109
AYT27_RS07935,BAB_RS24430,61.745,298,114,0,3,300,7,304,2.64e-119,342
AYT27_RS07965,BAB_RS24435,76.156,411,98,0,3,413,5,415,0.0,634
AYT27_RS07975,BAB_RS29970,43.243,333,173,2,12,328,12,344,1.96e-90,271
AYT27_RS07980,BAB_RS29975,42.680,485,278,0,29,513,25,509,3.18e-125,375
AYT27_RS07985,BAB_RS24510,41.322,121,70,1,13,132,5,125,1.55e-24,88.6
AYT27_RS07990,BAB_RS24515,84.464,457,65,2,60,515,55,506,0.0,777
AYT27_RS07995,BAB_RS24520,66.007,303,92,2,1,303,1,292,2.29e-139,392
AYT27_RS08000,BAB_RS24525,85.490,510,72,1,1,510,1,508,0.0,895
AYT27_RS08005,BAB_RS24530,42.458,179,98,1,13,191,11,184,7.46e-43,139
AYT27_RS08015,BAB_RS24540,38.889,72,41,2,1,69,656,727,2.24e-09,48.9
AYT27_RS08020,BAB_RS24540,64.538,736,248,3,5,736,18,744,0.0,962
AYT27_RS08025,BAB_RS24545,77.064,218,49,1,1,218,1,217,5.65e-127,354
AYT27_RS08030,BAB_RS24550,38.728,173,100,1,18,190,26,192,6.28e-40,131
AYT27_RS08035,BAB_RS24555,69.441,877,257,3,10,879,4,876,0.0,1278
AYT27_RS08040,BAB_RS24560,58.252,206,86,0,22,227,15,220,2.50e-87,254
AYT27_RS08055,BAB_RS24575,75.115,651,160,1,1,649,1,651,0.0,1063
AYT27_RS08060,BAB_RS25455,78.995,219,46,0,1,219,1,219,5.54e-129,359
AYT27_RS08065,BAB_RS25450,47.000,300,159,0,11,310,27,326,2.57e-107,313
AYT27_RS08070,BAB_RS25445,40.000,190,112,1,34,221,92,281,2.27e-49,160
AYT27_RS08080,BAB_RS23985,46.849,365,185,2,12,376,13,368,4.77e-103,315
AYT27_RS08085,BAB_RS23990,38.442,385,209,4,11,388,22,385,1.75e-77,242
AYT27_RS08095,BAB_RS25475,61.940,268,102,0,1,268,1,268,1.55e-126,357
AYT27_RS08100,BAB_RS25470,49.462,186,92,2,15,198,34,219,1.00e-64,196
AYT27_RS08105,BAB_RS24975,56.207,870,306,11,1,811,1,854,0.0,879
AYT27_RS08110,BAB_RS24990,53.086,405,189,1,22,426,11,414,3.38e-160,454
AYT27_RS08125,BAB_RS26685,29.333,150,99,3,6,149,4,152,1.78e-18,77.8
AYT27_RS08175,BAB_RS26675,36.634,101,58,2,6,102,15,113,2.47e-20,75.9
AYT27_RS08180,BAB_RS26670,41.677,835,441,10,7,817,8,820,0.0,661
AYT27_RS08185,BAB_RS26665,27.811,169,105,5,97,254,62,224,2.25e-13,64.3
AYT27_RS08190,BAB_RS26660,25.221,226,164,2,12,232,13,238,3.55e-16,74.3
AYT27_RS08200,BAB_RS26665,33.333,102,60,1,93,186,111,212,8.95e-10,53.1
AYT27_RS08205,BAB_RS26660,25.200,250,180,3,12,256,13,260,1.80e-16,75.1
AYT27_RS08215,BAB_RS26650,41.921,229,123,7,7,228,10,235,5.85e-51,162
AYT27_RS08220,BAB_RS26645,30.314,287,173,5,1,265,1,282,1.17e-43,146
AYT27_RS08225,BAB_RS26640,46.907,194,103,0,199,392,192,385,2.68e-66,212
AYT27_RS08230,BAB_RS26635,38.527,353,178,6,11,345,15,346,5.04e-73,228
AYT27_RS08240,BAB_RS25000,66.000,100,31,2,1,99,162,259,2.83e-41,133
AYT27_RS08245,BAB_RS25000,82.625,259,45,0,1,259,1,259,9.02e-169,463
AYT27_RS08250,BAB_RS25005,86.120,598,83,0,17,614,16,613,0.0,1070
AYT27_RS08255,BAB_RS25010,53.125,128,60,0,1,128,4,131,3.93e-46,142
AYT27_RS08260,BAB_RS25015,48.485,132,67,1,1,132,1,131,5.51e-41,130
AYT27_RS08265,BAB_RS25030,83.200,125,21,0,2,126,3,127,3.76e-72,209
AYT27_RS08270,BAB_RS25065,67.826,230,74,0,2,231,11,240,9.38e-115,325
AYT27_RS08275,BAB_RS25070,47.024,168,88,1,7,173,3,170,3.75e-50,157
AYT27_RS08285,BAB_RS25075,57.792,308,130,0,15,322,8,315,9.26e-132,375
AYT27_RS08290,BAB_RS25575,55.172,87,35,1,6,88,8,94,3.62e-31,102
AYT27_RS08295,BAB_RS25570,60.766,209,79,1,1,206,1,209,1.04e-94,271
AYT27_RS08300,BAB_RS25565,76.923,325,75,0,1,325,1,325,0.0,551
AYT27_RS08305,BAB_RS25560,61.254,622,225,6,6,622,9,619,0.0,771
AYT27_RS08315,BAB_RS25525,62.189,201,76,0,22,222,21,221,4.49e-86,251
AYT27_RS08320,BAB_RS25530,90.909,88,8,0,1,88,1,88,2.13e-57,168
AYT27_RS08325,BAB_RS29730,48.729,236,108,3,25,260,3,225,1.72e-72,218
AYT27_RS08340,BAB_RS20300,64.444,45,16,0,1,45,1,45,3.67e-17,63.9
AYT27_RS08345,BAB_RS24600,69.517,538,164,0,1,538,1,538,0.0,756
AYT27_RS08350,BAB_RS24595,48.094,551,276,3,21,566,31,576,2.71e-173,500
AYT27_RS08355,BAB_RS24590,54.977,442,194,4,7,446,27,465,6.98e-172,487
AYT27_RS08360,BAB_RS24585,70.526,285,80,2,1,284,1,282,1.26e-140,398
AYT27_RS08365,BAB_RS24580,63.934,61,22,0,11,71,12,72,1.53e-16,63.5
AYT27_RS08370,BAB_RS24630,76.852,108,25,0,1,108,1,108,1.46e-61,182
AYT27_RS08375,BAB_RS24635,60.215,93,37,0,2,94,5,97,9.13e-31,102
AYT27_RS08380,BAB_RS24640,75.514,486,115,2,1,486,1,482,0.0,663
AYT27_RS08385,BAB_RS24650,58.879,214,87,1,1,213,1,214,1.76e-95,274
AYT27_RS08390,BAB_RS24610,53.727,1543,680,11,47,1562,63,1598,0.0,1655
AYT27_RS08395,BAB_RS25415,25.501,349,216,7,3,351,35,339,5.65e-35,127
AYT27_RS08405,BAB_RS24920,39.627,429,254,2,1,427,1,426,2.54e-90,283
AYT27_RS08410,BAB_RS24925,29.970,337,199,10,70,384,110,431,1.74e-34,129
AYT27_RS08415,BAB_RS24940,68.132,364,111,1,1,364,1,359,1.21e-179,499
AYT27_RS08425,BAB_RS24955,78.832,137,29,0,1,137,1,137,2.88e-82,235
AYT27_RS08435,BAB_RS25485,62.667,225,84,0,1,225,1,225,3.43e-107,305
AYT27_RS08440,BAB_RS25400,47.881,236,123,0,2,237,4,239,3.87e-82,243
AYT27_RS08445,BAB_RS25390,37.772,826,449,12,48,811,64,886,5.09e-173,518
AYT27_RS08450,BAB_RS25385,60.526,418,165,0,4,421,4,421,0.0,512
AYT27_RS08455,BAB_RS25380,38.596,57,35,0,2,58,4,60,4.85e-12,51.6
AYT27_RS08460,BAB_RS25370,35.565,239,132,4,3,227,5,235,1.37e-47,154
AYT27_RS08465,BAB_RS25365,54.305,151,68,1,15,164,8,158,5.53e-57,172
AYT27_RS08470,BAB_RS25360,54.417,283,128,1,2,283,1,283,6.07e-99,288
AYT27_RS08475,BAB_RS25410,72.168,309,86,0,1,309,1,309,7.34e-170,471
AYT27_RS08480,BAB_RS25725,51.453,344,167,0,1,344,1,344,1.85e-130,374
AYT27_RS08485,BAB_RS25720,65.152,264,92,0,1,264,1,264,9.76e-123,347
AYT27_RS08490,BAB_RS25715,59.655,290,113,2,1,290,1,286,1.85e-106,308
AYT27_RS08495,BAB_RS25710,55.631,293,130,0,29,321,25,317,4.35e-115,332
AYT27_RS08500,BAB_RS27995,92.000,25,2,0,1,25,1,25,1.84e-10,45.1
AYT27_RS08510,BAB_RS16945,46.127,284,126,4,12,286,20,285,7.08e-67,207
AYT27_RS08515,BAB_RS25440,63.178,258,95,0,4,261,1,258,1.82e-115,329
AYT27_RS08520,BAB_RS25625,47.740,354,182,3,1,351,2,355,2.59e-119,347
AYT27_RS08525,BAB_RS25620,43.455,382,180,1,8,353,5,386,4.38e-117,341
AYT27_RS08535,BAB_RS25610,57.806,237,99,1,1,237,1,236,3.84e-106,309
AYT27_RS08540,BAB_RS25605,76.972,317,73,0,1,317,1,317,3.60e-176,487
AYT27_RS08545,BAB_RS25600,57.143,308,130,2,1,307,1,307,1.51e-102,300
AYT27_RS08550,BAB_RS25590,50.270,185,89,1,12,196,14,195,2.10e-67,202
AYT27_RS08555,BAB_RS25585,60.270,370,142,1,5,374,12,376,2.11e-159,449
AYT27_RS08560,BAB_RS18145,39.796,98,55,1,29,126,28,121,1.15e-23,85.5
AYT27_RS08565,BAB_RS18145,42.857,98,52,1,29,126,28,121,1.67e-26,92.8
AYT27_RS08570,BAB_RS29830,36.792,106,67,0,4,109,6,111,3.79e-15,63.9
AYT27_RS08575,BAB_RS29835,55.914,93,41,0,1,93,1,93,4.50e-26,89.4
AYT27_RS08580,BAB_RS29840,40.994,161,94,1,1,161,1,160,8.46e-40,129
AYT27_RS08585,BAB_RS29845,61.524,525,200,2,6,528,5,529,0.0,578
AYT27_RS08590,BAB_RS29850,65.766,111,38,0,1,111,1,111,4.80e-52,156
AYT27_RS08595,BAB_RS29855,64.301,958,336,3,18,972,18,972,0.0,1216
AYT27_RS08600,BAB_RS28760,37.755,98,47,2,61,158,62,145,3.85e-15,65.5
AYT27_RS08605,BAB_RS17665,69.315,365,112,0,1,365,1,365,0.0,546
AYT27_RS08610,BAB_RS17670,69.512,410,125,0,1,410,1,410,0.0,622
AYT27_RS08625,BAB_RS25085,74.359,468,119,1,1,468,1,467,0.0,723
AYT27_RS08630,BAB_RS25105,71.078,408,116,1,1,406,1,408,0.0,557
AYT27_RS08635,BAB_RS25110,76.295,1004,232,2,1,998,1,1004,0.0,1629
AYT27_RS08640,BAB_RS25115,89.333,300,32,0,1,300,1,300,0.0,518
AYT27_RS08645,BAB_RS25120,87.154,397,51,0,1,397,1,397,0.0,694
AYT27_RS08650,BAB_RS25125,84.375,320,50,0,1,320,1,320,0.0,552
AYT27_RS08655,BAB_RS25130,56.764,377,152,3,4,379,29,395,1.49e-153,436
AYT27_RS08660,BAB_RS25135,42.135,178,102,1,1,178,1,177,7.46e-41,132
AYT27_RS08665,BAB_RS25140,50.877,285,135,1,2,281,4,288,1.85e-93,275
AYT27_RS08670,BAB_RS25145,71.053,418,121,0,1,418,1,418,0.0,649
AYT27_RS08675,BAB_RS25150,77.228,303,69,0,111,413,161,463,6.22e-172,486
AYT27_RS08680,BAB_RS25155,56.054,223,94,2,7,229,2,220,2.56e-81,239
AYT27_RS08685,BAB_RS25160,58.964,251,103,0,3,253,10,260,8.99e-110,314
AYT27_RS08690,BAB_RS25730,62.623,305,98,2,1,301,1,293,4.19e-133,376
AYT27_RS08695,BAB_RS25735,76.981,265,60,1,1,264,1,265,6.12e-152,421
AYT27_RS08700,BAB_RS25740,52.885,208,98,0,4,211,2,209,3.05e-76,225
AYT27_RS08705,BAB_RS25745,65.902,610,208,0,4,613,9,618,0.0,837
AYT27_RS08710,BAB_RS25750,53.687,434,201,0,2,435,9,442,1.37e-171,485
AYT27_RS08715,BAB_RS25760,90.670,418,39,0,4,421,1,418,0.0,780
