B_henselae|Q.,O_anthropi|S.,% identity,alignment length,mismatches,gap opens,q. start,q. end,s. start,s. end,evalue,bit score
AYT27_RS00005,OANT_RS04405,61.686,261,98,1,1,259,1,261,2.04e-111,320
AYT27_RS00010,OANT_RS04400,50.746,201,93,2,2,198,1,199,2.57e-58,179
AYT27_RS00015,OANT_RS04395,55.596,277,120,2,15,290,4,278,1.29e-104,304
AYT27_RS00020,OANT_RS04390,51.042,192,93,1,1,192,1,191,1.12e-66,200
AYT27_RS00025,OANT_RS04385,54.113,231,106,0,1,231,1,231,1.14e-95,276
AYT27_RS00030,OANT_RS00695,68.443,976,300,2,1,968,1,976,0.0,1410
AYT27_RS00035,OANT_RS06830,54.682,267,120,1,20,286,9,274,1.07e-106,309
AYT27_RS00040,OANT_RS00510,68.199,261,78,2,1,257,1,260,6.47e-116,330
AYT27_RS00050,OANT_RS00815,45.000,160,87,1,1,160,1,159,5.44e-44,140
AYT27_RS00055,OANT_RS00820,64.599,274,97,0,5,278,18,291,4.99e-139,391
AYT27_RS00060,OANT_RS00825,69.381,307,87,2,11,310,79,385,1.37e-161,452
AYT27_RS00065,OANT_RS00830,41.111,90,53,0,1,90,1,90,9.33e-21,77.0
AYT27_RS00070,OANT_RS00835,80.220,91,18,0,1,91,1,91,2.13e-51,154
AYT27_RS00075,OANT_RS00845,41.237,194,111,2,22,214,36,227,4.06e-51,163
AYT27_RS00080,OANT_RS00850,46.486,185,96,3,11,194,19,201,1.49e-49,157
AYT27_RS00085,OANT_RS00855,73.022,278,59,1,3,264,2,279,9.80e-147,409
AYT27_RS00095,OANT_RS00875,75.325,154,38,0,1,154,1,154,1.02e-81,235
AYT27_RS00100,OANT_RS00465,51.205,166,81,0,1,166,1,166,1.03e-62,188
AYT27_RS00105,OANT_RS00460,76.585,410,87,2,1,406,1,405,0.0,652
AYT27_RS00110,OANT_RS00450,47.393,211,111,0,1,211,7,217,1.50e-73,219
AYT27_RS00115,OANT_RS20485,69.074,540,166,1,9,548,9,547,0.0,773
AYT27_RS00120,OANT_RS06815,78.571,518,111,0,8,525,7,524,0.0,859
AYT27_RS00125,OANT_RS04220,77.670,103,23,0,1,103,1,103,3.95e-59,174
AYT27_RS00130,OANT_RS04225,46.392,1164,598,12,6,1158,7,1155,0.0,1013
AYT27_RS00135,OANT_RS04230,48.656,1042,511,6,4,1031,10,1041,0.0,960
AYT27_RS00140,OANT_RS04240,39.683,189,114,0,1,189,314,502,9.76e-49,162
AYT27_RS00145,OANT_RS04240,39.437,71,43,0,1,71,218,288,1.73e-12,57.8
AYT27_RS00150,OANT_RS04240,50.323,155,77,0,2,156,7,161,2.79e-49,162
AYT27_RS00155,OANT_RS04245,44.796,759,411,3,63,813,89,847,0.0,657
AYT27_RS00160,OANT_RS04250,82.618,466,80,1,1,465,1,466,0.0,811
AYT27_RS00165,OANT_RS06915,48.447,322,161,1,7,328,8,324,4.07e-111,323
AYT27_RS00170,OANT_RS04205,52.535,434,202,1,10,439,9,442,1.02e-167,476
AYT27_RS00175,OANT_RS04200,79.152,283,59,0,1,283,1,283,1.36e-174,482
AYT27_RS00185,OANT_RS00900,49.356,233,118,0,1,233,1,233,7.21e-72,217
AYT27_RS00190,OANT_RS06805,59.446,397,160,1,57,452,1,397,4.10e-171,484
AYT27_RS00195,OANT_RS06800,63.567,527,189,2,1,525,1,526,0.0,702
AYT27_RS00200,OANT_RS06795,67.969,256,82,0,5,260,8,263,2.18e-137,384
AYT27_RS00205,OANT_RS00705,78.652,801,167,2,13,810,14,813,0.0,1300
AYT27_RS00215,OANT_RS01985,41.935,279,160,1,13,289,4,282,9.53e-85,253
AYT27_RS00220,OANT_RS04045,70.923,509,146,2,1,508,1,508,0.0,743
AYT27_RS00225,OANT_RS00275,48.006,627,315,3,33,653,18,639,0.0,607
AYT27_RS00230,OANT_RS00280,37.148,1529,934,14,40,1548,57,1578,0.0,927
AYT27_RS00240,OANT_RS06870,38.382,581,355,3,4,582,9,588,3.96e-149,440
AYT27_RS00245,OANT_RS04150,78.947,171,36,0,2,172,8,178,4.11e-98,278
AYT27_RS00250,OANT_RS04155,56.000,250,110,0,8,257,7,256,3.57e-105,303
AYT27_RS00255,OANT_RS04170,48.052,231,112,2,11,241,30,252,8.97e-77,230
AYT27_RS00260,OANT_RS06970,59.898,394,153,3,1,389,1,394,4.72e-171,480
AYT27_RS00265,OANT_RS00940,58.376,394,146,1,5,398,33,408,1.71e-166,470
AYT27_RS00270,OANT_RS00935,64.019,214,77,0,1,214,1,214,1.47e-103,295
AYT27_RS00275,OANT_RS00920,75.793,347,84,0,10,356,10,356,0.0,529
AYT27_RS00280,OANT_RS00915,62.500,216,76,1,1,211,1,216,1.50e-90,263
AYT27_RS00285,OANT_RS00490,43.429,175,98,1,1,175,1,174,1.52e-46,148
AYT27_RS00290,OANT_RS04260,63.736,91,33,0,8,98,13,103,7.55e-38,120
AYT27_RS00295,OANT_RS04265,66.667,132,42,1,1,132,1,130,1.41e-57,172
AYT27_RS00300,OANT_RS04270,39.597,149,87,2,8,153,10,158,3.38e-33,112
AYT27_RS00305,OANT_RS04275,65.841,565,186,3,34,591,38,602,0.0,752
AYT27_RS00310,OANT_RS04280,81.702,235,43,0,6,240,5,239,3.33e-142,395
AYT27_RS00315,OANT_RS02875,32.710,107,61,4,48,147,309,411,6.75e-11,56.2
AYT27_RS00320,OANT_RS16595,44.094,127,71,0,45,171,20,146,4.88e-34,115
AYT27_RS00325,OANT_RS04085,85.804,634,86,1,1,630,1,634,0.0,1113
AYT27_RS00330,OANT_RS04080,75.000,376,93,1,1,376,2,376,0.0,553
AYT27_RS00340,OANT_RS07015,82.639,288,50,0,13,300,8,295,3.73e-169,468
AYT27_RS00345,OANT_RS08630,26.351,296,198,7,14,297,5,292,1.34e-13,67.0
AYT27_RS00350,OANT_RS06920,86.644,599,80,0,1,599,1,599,0.0,1098
AYT27_RS00355,OANT_RS06995,75.357,280,69,0,3,282,5,284,5.07e-162,449
AYT27_RS00360,OANT_RS07000,65.455,275,95,0,12,286,5,279,1.14e-143,402
AYT27_RS00365,OANT_RS06950,59.919,247,99,0,1,247,1,247,1.11e-114,326
AYT27_RS00370,OANT_RS06945,58.013,312,122,2,3,311,1,306,2.79e-128,365
AYT27_RS00375,OANT_RS06940,61.538,169,65,0,1,169,1,169,1.02e-77,226
AYT27_RS00380,OANT_RS06935,60.779,385,143,2,18,394,25,409,9.91e-174,488
AYT27_RS00385,OANT_RS10315,50.777,193,93,2,1,193,1,191,5.25e-64,193
AYT27_RS00390,OANT_RS00880,52.778,72,34,0,12,83,10,81,1.99e-27,92.4
AYT27_RS00395,OANT_RS00885,54.286,140,64,0,1,140,1,140,1.18e-56,171
AYT27_RS00400,OANT_RS00895,64.516,217,77,0,11,227,19,235,8.60e-108,308
AYT27_RS00405,OANT_RS04140,79.104,67,13,1,1,67,1,66,4.07e-35,110
AYT27_RS00410,OANT_RS04135,89.552,134,13,1,1,133,1,134,1.61e-82,235
AYT27_RS00415,OANT_RS04125,72.480,367,92,1,1,358,1,367,0.0,563
AYT27_RS00420,OANT_RS04120,63.761,803,291,0,1,803,1,803,0.0,1016
AYT27_RS00425,OANT_RS19125,73.038,293,79,0,3,295,18,310,1.68e-158,442
AYT27_RS00430,OANT_RS19130,71.488,242,69,0,5,246,9,250,4.87e-124,352
AYT27_RS00435,OANT_RS19135,73.188,276,74,0,2,277,1,276,2.83e-141,396
AYT27_RS00440,OANT_RS19140,52.000,300,119,2,1,300,3,277,1.41e-101,296
AYT27_RS00445,OANT_RS03995,38.793,116,71,0,12,127,22,137,1.22e-21,81.3
AYT27_RS00455,OANT_RS00635,79.954,434,87,0,1,434,1,434,0.0,753
AYT27_RS00460,OANT_RS00630,57.183,2854,1191,9,23,2852,41,2887,0.0,3499
AYT27_RS00465,OANT_RS00155,84.982,566,85,0,1,566,1,566,0.0,987
AYT27_RS00470,OANT_RS00160,59.223,206,84,0,1,206,1,206,1.44e-83,244
AYT27_RS00475,OANT_RS00165,67.661,436,141,0,6,441,9,444,0.0,607
AYT27_RS00480,OANT_RS00170,70.886,79,23,0,1,79,1,79,4.82e-29,99.8
AYT27_RS00485,OANT_RS00175,96.000,25,1,0,1,25,1,25,8.02e-12,48.9
AYT27_RS00495,OANT_RS00570,77.451,612,135,1,1,612,1,609,0.0,981
AYT27_RS00505,OANT_RS00805,69.074,886,270,3,25,908,23,906,0.0,1259
AYT27_RS00510,OANT_RS00800,70.866,762,222,0,1,762,1,762,0.0,1120
AYT27_RS00515,OANT_RS04380,64.151,159,54,1,2,157,5,163,5.32e-68,201
AYT27_RS00520,OANT_RS04375,32.919,161,97,2,17,168,11,169,4.45e-30,105
AYT27_RS00525,OANT_RS04370,48.402,219,113,0,12,230,13,231,1.44e-78,233
AYT27_RS00530,OANT_RS04360,45.918,196,97,3,1,196,1,187,2.83e-50,159
AYT27_RS00535,OANT_RS02080,55.418,323,142,2,11,331,16,338,1.20e-131,376
AYT27_RS00540,OANT_RS02070,60.253,395,157,0,2,396,3,397,0.0,531
AYT27_RS00545,OANT_RS02065,62.011,179,65,2,1,176,1,179,1.77e-72,213
AYT27_RS00550,OANT_RS00560,44.767,172,86,2,25,190,25,193,3.10e-52,164
AYT27_RS00560,OANT_RS00550,55.462,238,105,1,15,251,19,256,2.58e-99,288
AYT27_RS00565,OANT_RS00545,46.117,206,111,0,1,206,1,206,3.49e-47,152
AYT27_RS00570,OANT_RS00540,49.735,189,95,0,1,189,1,189,4.92e-68,204
AYT27_RS00575,OANT_RS00535,80.425,894,175,0,1,894,1,894,0.0,1484
AYT27_RS00580,OANT_RS00020,73.256,86,23,0,1,86,1,86,1.57e-42,130
AYT27_RS00585,OANT_RS00025,69.980,493,125,4,48,523,34,520,0.0,665
AYT27_RS00590,OANT_RS00030,65.775,374,125,3,1,373,1,372,4.78e-180,501
AYT27_RS00595,OANT_RS00035,57.412,371,156,2,6,375,12,381,4.33e-138,396
AYT27_RS00600,OANT_RS11795,60.584,137,54,0,1,137,1,137,1.77e-54,166
AYT27_RS00605,OANT_RS00250,43.377,302,155,5,6,304,7,295,9.16e-82,248
AYT27_RS00610,OANT_RS00255,56.502,669,278,5,1,668,1,657,0.0,750
AYT27_RS00615,OANT_RS00260,46.789,218,95,3,5,221,12,209,5.90e-66,200
AYT27_RS00620,OANT_RS00265,35.714,112,64,2,1,107,1,109,6.15e-19,77.0
AYT27_RS00625,OANT_RS05025,34.451,328,208,3,6,333,8,328,6.29e-68,213
AYT27_RS00630,OANT_RS03820,76.471,272,64,0,1,272,1,272,6.41e-162,447
AYT27_RS00635,OANT_RS03815,83.457,405,67,0,1,405,1,405,0.0,710
AYT27_RS00640,OANT_RS03810,76.786,168,39,0,1,168,1,168,1.13e-99,281
AYT27_RS00645,OANT_RS03805,61.871,139,53,0,26,164,6,144,4.79e-63,188
AYT27_RS00650,OANT_RS03790,52.326,172,81,1,11,181,16,187,4.42e-67,201
AYT27_RS00655,OANT_RS07180,90.541,74,7,0,1,74,1,74,4.87e-34,108
AYT27_RS00670,OANT_RS01795,92.000,25,2,0,1,25,1,25,5.11e-12,49.7
AYT27_RS00675,OANT_RS01805,44.242,330,184,0,37,366,32,361,7.55e-98,293
AYT27_RS00680,OANT_RS01810,64.817,1009,351,2,22,1029,16,1021,0.0,1291
AYT27_RS00690,OANT_RS01945,60.183,545,217,0,8,552,3,547,0.0,704
AYT27_RS00695,OANT_RS05435,70.000,30,9,0,1,30,1,30,3.62e-10,45.1
AYT27_RS00700,OANT_RS05440,71.429,105,26,1,1,105,1,101,1.07e-49,153
AYT27_RS00705,OANT_RS05445,79.775,89,18,0,1,89,1,89,4.03e-50,150
AYT27_RS00710,OANT_RS21205,31.376,647,413,8,174,799,12,648,5.55e-90,295
AYT27_RS00715,OANT_RS06760,93.333,30,2,0,1,30,1,30,6.23e-16,59.7
AYT27_RS00805,OANT_RS19680,67.584,327,106,0,103,429,180,506,6.29e-165,471
AYT27_RS00810,OANT_RS19685,79.186,221,46,0,15,235,19,239,7.98e-134,374
AYT27_RS00820,OANT_RS05460,79.091,330,69,0,1,330,1,330,3.23e-179,497
AYT27_RS00825,OANT_RS05465,67.914,374,120,0,5,378,2,375,0.0,506
AYT27_RS00830,OANT_RS05470,66.586,413,135,3,7,417,15,426,0.0,554
AYT27_RS00835,OANT_RS05475,52.632,190,90,0,1,190,24,213,1.37e-70,211
AYT27_RS00840,OANT_RS05480,57.282,103,44,0,30,132,7,109,9.17e-42,132
AYT27_RS00845,OANT_RS05485,55.975,159,70,0,1,159,1,159,3.03e-62,186
AYT27_RS00850,OANT_RS05495,41.645,377,199,2,59,414,56,432,5.85e-103,310
AYT27_RS00855,OANT_RS05500,72.109,441,117,1,1,435,1,441,0.0,649
AYT27_RS00860,OANT_RS05510,52.761,163,77,0,5,167,8,170,7.64e-64,191
AYT27_RS00865,OANT_RS02315,35.294,187,105,4,1,186,1,172,2.49e-30,106
AYT27_RS00870,OANT_RS05105,66.279,86,29,0,4,89,3,88,8.69e-37,117
AYT27_RS00880,OANT_RS05100,77.011,174,40,0,1,174,1,174,1.88e-102,289
AYT27_RS00885,OANT_RS17115,88.430,605,70,0,1,605,1,605,0.0,1102
AYT27_RS00890,OANT_RS17110,62.009,458,164,1,11,458,4,461,0.0,581
AYT27_RS00895,OANT_RS17105,63.244,672,245,2,5,674,10,681,0.0,878
AYT27_RS00900,OANT_RS22040,35.069,288,176,4,52,335,86,366,4.09e-60,194
AYT27_RS00905,OANT_RS22035,59.900,399,157,1,20,418,17,412,0.0,509
AYT27_RS00910,OANT_RS22030,79.863,293,58,1,1,293,4,295,8.40e-179,492
AYT27_RS00915,OANT_RS22015,65.312,320,111,0,12,331,14,333,2.30e-146,413
AYT27_RS00920,OANT_RS21995,48.387,124,57,2,1,118,1,123,5.92e-36,117
AYT27_RS00925,OANT_RS21960,32.983,476,291,8,1,450,1,474,2.84e-69,226
AYT27_RS00930,OANT_RS06825,24.084,382,219,11,68,447,121,433,1.28e-16,79.3
AYT27_RS00935,OANT_RS15795,82.828,495,83,1,1,495,1,493,0.0,801
AYT27_RS00940,OANT_RS15810,53.147,429,200,1,1,428,1,429,2.33e-169,479
AYT27_RS00945,OANT_RS15825,77.799,518,114,1,2,518,3,520,0.0,849
AYT27_RS00950,OANT_RS10515,33.473,239,128,12,3,226,8,230,4.40e-16,72.4
AYT27_RS00955,OANT_RS19400,55.294,340,147,4,4,338,4,343,1.02e-127,367
AYT27_RS00960,OANT_RS19395,55.986,284,122,3,1,283,1,282,6.44e-99,289
AYT27_RS00965,OANT_RS19390,57.143,287,123,0,8,294,6,292,1.94e-116,334
AYT27_RS00970,OANT_RS19385,44.656,421,227,4,13,433,13,427,1.88e-132,386
AYT27_RS00975,OANT_RS19125,31.164,292,194,3,3,293,15,300,4.01e-51,168
AYT27_RS00980,OANT_RS19140,30.712,267,180,2,7,273,9,270,8.34e-35,124
AYT27_RS00985,OANT_RS19130,33.929,224,138,3,3,216,10,233,1.19e-38,133
AYT27_RS00990,OANT_RS15295,67.123,73,24,0,1,73,1,73,3.16e-35,111
AYT27_RS00995,OANT_RS15300,54.962,131,58,1,1,130,1,131,1.93e-44,139
AYT27_RS01000,OANT_RS15305,79.286,700,145,0,17,716,40,739,0.0,1183
AYT27_RS01005,OANT_RS15310,76.308,325,74,1,3,324,4,328,0.0,528
AYT27_RS01010,OANT_RS05345,46.886,273,145,0,13,285,4,276,1.05e-86,258
AYT27_RS01015,OANT_RS05340,79.272,357,74,0,1,357,1,357,0.0,583
AYT27_RS01020,OANT_RS06395,73.134,134,36,0,2,135,5,138,4.88e-72,209
AYT27_RS01025,OANT_RS05265,75.938,906,215,3,1,904,1,905,0.0,1406
AYT27_RS01030,OANT_RS05270,45.425,306,158,2,11,316,22,318,2.27e-92,275
AYT27_RS01035,OANT_RS05275,63.325,409,147,1,5,410,5,413,1.22e-178,501
AYT27_RS01040,OANT_RS05285,63.846,130,47,0,7,136,9,138,4.68e-61,181
AYT27_RS01045,OANT_RS03775,50.355,282,137,1,5,283,5,286,1.79e-98,288
AYT27_RS01050,OANT_RS03765,56.264,455,194,2,5,455,2,455,3.45e-180,509
AYT27_RS01055,OANT_RS04300,70.096,311,93,0,22,332,12,322,4.38e-168,468
AYT27_RS01060,OANT_RS17590,27.692,325,211,9,4,325,8,311,1.10e-23,96.3
AYT27_RS01065,OANT_RS04335,80.000,185,36,1,1,185,1,184,2.64e-108,305
AYT27_RS01070,OANT_RS04345,82.679,433,72,2,5,436,4,434,0.0,724
AYT27_RS01075,OANT_RS03825,45.783,332,178,1,3,332,9,340,1.93e-107,314
AYT27_RS01080,OANT_RS03830,81.066,713,135,0,1,713,1,713,0.0,1214
AYT27_RS01085,OANT_RS03835,83.146,89,15,0,1,89,1,89,1.43e-51,154
AYT27_RS01090,OANT_RS17400,57.249,538,230,0,2,539,3,540,0.0,598
AYT27_RS01095,OANT_RS03840,62.733,322,116,1,1,318,1,322,5.40e-147,414
AYT27_RS01100,OANT_RS03845,66.667,126,39,1,7,132,14,136,1.09e-57,173
AYT27_RS01105,OANT_RS03850,69.858,846,188,10,65,845,121,964,0.0,1142
AYT27_RS01110,OANT_RS03855,50.254,197,98,0,1,197,44,240,7.95e-66,200
AYT27_RS01115,OANT_RS03865,80.000,520,104,0,1,520,1,520,0.0,860
AYT27_RS01120,OANT_RS03870,58.470,183,76,0,22,204,20,202,4.82e-77,228
AYT27_RS01125,OANT_RS03875,62.609,230,84,1,4,233,6,233,2.32e-106,304
AYT27_RS01130,OANT_RS03880,78.282,419,91,0,1,419,1,419,0.0,676
AYT27_RS01135,OANT_RS03885,67.647,136,40,2,1,133,1,135,2.57e-64,189
AYT27_RS01140,OANT_RS03890,45.585,487,262,2,28,512,13,498,1.03e-160,466
AYT27_RS01145,OANT_RS03895,54.574,317,134,2,28,334,32,348,2.27e-116,338
AYT27_RS01150,OANT_RS03900,56.494,154,67,0,2,155,6,159,1.41e-62,187
AYT27_RS01155,OANT_RS03905,67.812,320,102,1,35,354,3,321,1.15e-161,453
AYT27_RS01160,OANT_RS03910,67.544,456,139,3,8,454,4,459,0.0,654
AYT27_RS01165,OANT_RS03920,40.260,154,92,0,8,161,11,164,1.59e-42,137
AYT27_RS01170,OANT_RS03925,41.126,231,125,3,1,226,1,225,5.16e-50,160
AYT27_RS01175,OANT_RS00145,54.128,327,149,1,9,334,6,332,1.22e-100,297
AYT27_RS01180,OANT_RS00125,79.602,201,41,0,1,201,1,201,3.77e-117,328
AYT27_RS01185,OANT_RS00120,65.421,107,37,0,1,107,1,107,4.57e-51,154
AYT27_RS01190,OANT_RS00115,57.440,625,227,4,1,625,1,586,0.0,712
AYT27_RS01195,OANT_RS25125,75.000,32,8,0,1,32,1,32,2.73e-09,43.1
AYT27_RS01210,OANT_RS00100,68.440,282,89,0,6,287,2,283,9.02e-151,421
AYT27_RS01215,OANT_RS00095,66.116,242,81,1,3,243,5,246,5.65e-115,327
AYT27_RS01220,OANT_RS00090,32.386,176,112,3,1,169,1,176,5.08e-33,115
AYT27_RS01225,OANT_RS00075,64.973,374,121,3,1,373,1,365,9.03e-178,496
AYT27_RS01230,OANT_RS00070,68.665,367,112,2,16,380,14,379,0.0,523
AYT27_RS01235,OANT_RS00065,68.113,530,169,0,4,533,17,546,0.0,765
AYT27_RS01240,OANT_RS00040,68.443,244,72,1,9,247,8,251,9.15e-123,347
AYT27_RS01245,OANT_RS04050,75.161,310,77,0,1,310,3,312,1.30e-180,498
AYT27_RS01250,OANT_RS03985,68.103,348,111,0,1,348,1,348,0.0,522
AYT27_RS01255,OANT_RS03980,61.245,498,178,4,3,486,1,497,0.0,582
AYT27_RS01260,OANT_RS03975,73.934,422,110,0,8,429,16,437,0.0,648
AYT27_RS01265,OANT_RS03970,78.800,250,53,0,3,252,24,273,4.15e-150,417
AYT27_RS01270,OANT_RS03965,63.559,236,86,0,1,236,1,236,4.63e-112,318
AYT27_RS01280,OANT_RS03945,42.763,304,142,7,6,279,9,310,7.22e-67,208
AYT27_RS01285,OANT_RS03935,67.640,411,133,0,5,415,6,416,0.0,590
AYT27_RS01290,OANT_RS03695,55.150,301,117,4,1,291,1,293,3.96e-113,325
AYT27_RS01295,OANT_RS00690,73.144,458,122,1,2,458,10,467,0.0,707
AYT27_RS01300,OANT_RS00685,77.833,203,45,0,4,206,3,205,2.23e-121,339
AYT27_RS01310,OANT_RS00675,38.929,280,116,9,1,276,1,229,1.65e-50,163
AYT27_RS01315,OANT_RS22255,40.636,283,109,9,1,279,1,228,5.25e-58,182
AYT27_RS01320,OANT_RS00670,46.457,127,50,4,269,391,117,229,1.23e-28,108
AYT27_RS01325,OANT_RS15695,74.066,964,248,1,8,971,7,968,0.0,1508
AYT27_RS01330,OANT_RS15700,33.649,211,106,7,6,188,7,211,5.03e-21,84.0
AYT27_RS01335,OANT_RS15710,64.583,144,51,0,4,147,14,157,1.19e-67,199
AYT27_RS01340,OANT_RS15715,56.845,431,129,9,8,426,58,443,2.07e-153,445
AYT27_RS01345,OANT_RS15720,56.989,186,80,0,1,186,1,186,3.67e-72,213
AYT27_RS01365,OANT_RS15745,64.073,437,157,0,7,443,11,447,0.0,560
AYT27_RS01370,OANT_RS15750,48.689,267,127,3,1,261,1,263,1.35e-89,264
AYT27_RS01375,OANT_RS15755,60.274,73,29,0,5,77,5,77,1.19e-30,100
AYT27_RS01385,OANT_RS15765,48.526,441,224,2,1,439,1,440,5.38e-146,421
AYT27_RS01390,OANT_RS15770,46.921,341,178,2,1,338,1,341,4.65e-110,322
AYT27_RS01395,OANT_RS15775,45.205,73,40,0,3,75,6,78,2.78e-19,71.6
AYT27_RS01400,OANT_RS15780,63.738,626,213,3,1,612,1,626,0.0,823
AYT27_RS01405,OANT_RS02095,74.586,362,92,0,1,362,2,363,0.0,554
AYT27_RS01410,OANT_RS07475,41.398,372,214,3,8,377,9,378,1.33e-100,300
AYT27_RS01425,OANT_RS06765,25.714,105,77,1,1,104,1,105,5.65e-09,47.0
AYT27_RS01430,OANT_RS22045,33.962,477,275,5,3,471,13,457,9.50e-95,291
AYT27_RS01435,OANT_RS20265,34.419,215,127,7,3,208,22,231,1.23e-31,116
AYT27_RS01445,OANT_RS06175,33.793,145,91,4,18,161,34,174,4.00e-11,56.6
AYT27_RS01545,OANT_RS11870,35.000,140,66,5,11,138,24,150,2.36e-14,65.9
AYT27_RS01590,OANT_RS11885,31.980,197,128,2,3,198,4,195,1.53e-26,107
AYT27_RS01600,OANT_RS07670,26.446,121,88,1,1,120,1,121,3.56e-09,48.9
AYT27_RS01620,OANT_RS11915,23.776,143,105,2,6,144,4,146,2.46e-09,50.8
AYT27_RS01625,OANT_RS11920,38.428,229,130,5,168,391,222,444,3.54e-40,146
AYT27_RS01635,OANT_RS24565,36.250,80,47,2,1,79,1,77,2.21e-09,48.1
AYT27_RS01655,OANT_RS07710,31.993,1069,662,14,27,1036,32,1094,1.10e-173,535
AYT27_RS01660,OANT_RS07720,34.483,174,109,4,4,174,6,177,3.51e-23,94.7
AYT27_RS01665,OANT_RS07725,37.589,282,164,2,4,273,7,288,7.19e-58,184
AYT27_RS01670,OANT_RS11950,42.574,101,57,1,4,103,5,105,3.99e-25,89.4
AYT27_RS01675,OANT_RS11960,36.634,101,57,3,2,98,12,109,4.85e-10,53.5
AYT27_RS01745,OANT_RS00840,28.704,216,136,4,65,278,48,247,3.01e-12,63.9
AYT27_RS01750,OANT_RS11990,28.629,496,321,10,22,508,36,507,2.34e-51,180
AYT27_RS01760,OANT_RS09240,35.556,585,347,14,19,597,19,579,1.65e-104,326
AYT27_RS01770,OANT_RS24560,63.441,93,34,0,12,104,1,93,3.49e-41,128
AYT27_RS01775,OANT_RS24565,55.556,90,40,0,7,96,8,97,9.23e-34,109
AYT27_RS01825,OANT_RS25045,32.222,180,105,7,11,182,1,171,6.43e-17,72.0
AYT27_RS01850,OANT_RS07980,48.980,147,75,0,2,148,5,151,9.95e-51,156
AYT27_RS01860,OANT_RS24565,37.500,72,45,0,5,76,7,78,4.95e-10,49.3
AYT27_RS01880,OANT_RS04565,27.473,91,66,0,6,96,16,106,4.84e-10,52.4
AYT27_RS01955,OANT_RS01690,80.000,25,5,0,1,25,1,25,4.20e-08,39.7
AYT27_RS01960,OANT_RS06320,71.018,383,111,0,1,383,1,383,0.0,580
AYT27_RS01965,OANT_RS06335,78.220,427,93,0,1,427,1,427,0.0,697
AYT27_RS01970,OANT_RS06340,35.124,242,136,5,211,435,240,477,3.96e-41,150
AYT27_RS01975,OANT_RS06360,82.374,278,49,0,1,278,1,278,1.22e-177,489
AYT27_RS01980,OANT_RS06365,60.423,331,131,0,2,332,1,331,1.20e-145,411
AYT27_RS01985,OANT_RS19535,56.025,473,207,1,3,474,8,480,0.0,556
AYT27_RS01990,OANT_RS18380,76.705,528,117,3,314,839,305,828,0.0,838
AYT27_RS02005,OANT_RS20240,37.097,372,208,6,80,433,685,1048,4.60e-65,223
AYT27_RS02010,OANT_RS02150,78.832,137,28,1,1,137,1,136,2.02e-74,215
AYT27_RS02015,OANT_RS02120,55.125,361,161,1,3,362,4,364,9.71e-145,411
AYT27_RS02025,OANT_RS20305,77.612,469,105,0,7,475,8,476,0.0,782
AYT27_RS02030,OANT_RS20310,54.717,424,191,1,5,427,5,428,4.13e-169,478
AYT27_RS02035,OANT_RS20410,66.189,488,165,0,1,488,1,488,0.0,699
AYT27_RS02040,OANT_RS20415,53.680,231,107,0,4,234,1,231,1.53e-78,234
AYT27_RS02045,OANT_RS20420,70.383,601,177,1,5,605,8,607,0.0,872
AYT27_RS02050,OANT_RS20425,66.555,299,100,0,1,299,1,299,6.25e-145,407
AYT27_RS02055,OANT_RS20250,34.775,578,354,9,4,559,5,581,5.64e-110,342
AYT27_RS02060,OANT_RS15535,52.227,247,112,2,1,244,1,244,3.18e-87,256
AYT27_RS02065,OANT_RS15530,70.241,457,136,0,1,457,1,457,0.0,686
AYT27_RS02070,OANT_RS18000,20.833,384,288,8,68,447,50,421,1.05e-11,63.5
AYT27_RS02075,OANT_RS05295,58.478,289,120,0,6,294,10,298,3.35e-122,349
AYT27_RS02080,OANT_RS05300,49.398,249,122,1,10,254,14,262,1.28e-90,266
AYT27_RS02085,OANT_RS05305,63.095,84,28,2,1,82,1,83,1.72e-34,110
AYT27_RS02090,OANT_RS05325,69.512,246,75,0,1,246,1,246,8.79e-134,374
AYT27_RS02095,OANT_RS05330,80.378,423,77,1,1,417,1,423,0.0,697
AYT27_RS02100,OANT_RS02685,40.326,429,205,5,7,434,2,380,9.51e-88,270
AYT27_RS02105,OANT_RS09535,21.405,299,186,10,33,302,29,307,2.58e-10,60.1
AYT27_RS02110,OANT_RS19405,57.797,590,249,0,1,590,1,590,0.0,653
AYT27_RS02115,OANT_RS02545,44.954,218,120,0,1,218,1,218,1.67e-62,192
AYT27_RS02120,OANT_RS02550,71.784,482,129,2,1,475,1,482,0.0,712
AYT27_RS02130,OANT_RS02610,39.098,133,79,1,1,133,1,131,1.29e-25,91.7
AYT27_RS02135,OANT_RS02615,76.210,248,59,0,5,252,2,249,3.32e-140,391
AYT27_RS02140,OANT_RS02620,97.183,71,2,0,6,76,5,75,2.85e-43,132
AYT27_RS02145,OANT_RS02625,50.739,203,83,3,1,186,1,203,1.69e-65,197
AYT27_RS02150,OANT_RS02630,54.268,164,70,1,1,164,1,159,1.49e-54,167
AYT27_RS02155,OANT_RS02720,61.599,763,269,2,1,739,1,763,0.0,934
AYT27_RS02160,OANT_RS02715,79.935,309,60,1,7,313,1,309,0.0,533
AYT27_RS02165,OANT_RS02710,44.569,534,294,1,32,563,41,574,3.14e-169,491
AYT27_RS02170,OANT_RS02705,67.069,331,109,0,26,356,8,338,6.35e-168,469
AYT27_RS02175,OANT_RS02695,57.540,252,107,0,3,254,8,259,8.42e-98,284
AYT27_RS02180,OANT_RS02680,61.986,292,100,3,1,283,1,290,1.88e-126,359
AYT27_RS02190,OANT_RS02670,45.324,278,150,1,16,293,22,297,1.30e-81,246
AYT27_RS02200,OANT_RS02645,58.716,218,90,0,1,218,1,218,5.20e-87,254
AYT27_RS02205,OANT_RS02730,57.812,320,131,1,3,318,4,323,4.93e-129,368
AYT27_RS02210,OANT_RS02735,59.915,469,188,0,1,469,2,470,0.0,597
AYT27_RS02215,OANT_RS02740,39.831,118,68,1,14,128,14,131,1.13e-26,97.4
AYT27_RS02220,OANT_RS02755,64.858,424,149,0,1,424,1,424,0.0,599
AYT27_RS02225,OANT_RS02760,58.683,334,137,1,1,334,1,333,4.79e-134,382
AYT27_RS02235,OANT_RS02765,68.473,203,63,1,5,207,2,203,3.19e-105,298
AYT27_RS02240,OANT_RS02780,59.062,320,106,4,1,299,1,316,2.12e-118,340
AYT27_RS02245,OANT_RS02785,84.559,272,42,0,1,272,1,272,1.95e-174,479
AYT27_RS02250,OANT_RS02805,79.006,362,76,0,1,362,1,362,0.0,603
AYT27_RS02255,OANT_RS02810,67.925,371,116,1,1,368,1,371,0.0,530
AYT27_RS02260,OANT_RS02820,66.667,84,28,0,1,84,1,84,2.88e-35,112
AYT27_RS02265,OANT_RS02845,75.436,631,154,1,1,631,1,630,0.0,984
AYT27_RS02270,OANT_RS02850,61.826,241,92,0,6,246,11,251,1.40e-96,280
AYT27_RS02275,OANT_RS02855,51.351,407,198,0,3,409,7,413,1.14e-150,431
AYT27_RS02280,OANT_RS03010,69.639,471,142,1,1,471,1,470,0.0,688
AYT27_RS02285,OANT_RS03015,39.259,135,82,0,44,178,70,204,4.34e-36,122
AYT27_RS02290,OANT_RS03030,59.722,288,116,0,19,306,18,305,4.03e-128,365
AYT27_RS02295,OANT_RS03060,80.000,325,65,0,7,331,8,332,0.0,524
AYT27_RS02300,OANT_RS03065,58.934,319,131,0,1,319,1,319,1.15e-143,405
AYT27_RS02305,OANT_RS03070,66.438,146,49,0,6,151,2,147,1.33e-72,212
AYT27_RS02310,OANT_RS03080,31.250,240,151,5,51,278,24,261,7.41e-38,132
AYT27_RS02315,OANT_RS03095,53.439,189,88,0,6,194,12,200,4.31e-73,216
AYT27_RS02320,OANT_RS03100,55.344,945,419,2,14,955,16,960,0.0,1142
AYT27_RS02325,OANT_RS03110,69.431,422,129,0,1,422,1,422,0.0,634
AYT27_RS02330,OANT_RS03115,65.011,463,162,0,1,463,1,463,0.0,643
AYT27_RS02350,OANT_RS03135,53.247,231,104,2,1,231,1,227,1.66e-84,248
AYT27_RS02355,OANT_RS03145,71.277,376,108,0,1,376,1,376,0.0,581
AYT27_RS02360,OANT_RS03155,56.447,349,149,1,21,366,10,358,2.15e-140,400
AYT27_RS02365,OANT_RS03175,41.566,166,96,1,1,165,1,166,6.34e-49,153
AYT27_RS02370,OANT_RS03180,58.696,184,75,1,34,216,34,217,5.08e-79,233
AYT27_RS02375,OANT_RS03535,76.749,886,206,0,1,886,1,886,0.0,1441
AYT27_RS02380,OANT_RS13915,26.959,319,156,9,34,282,17,328,1.40e-28,108
AYT27_RS02385,OANT_RS13925,34.951,103,62,2,1,98,1,103,1.16e-12,58.2
AYT27_RS02390,OANT_RS13930,60.448,134,53,0,1,134,1,134,2.24e-59,177
AYT27_RS02395,OANT_RS13955,65.000,140,49,0,1,140,1,140,7.75e-64,189
AYT27_RS02400,OANT_RS13960,62.787,696,257,1,1,694,1,696,0.0,950
AYT27_RS02405,OANT_RS14010,75.253,198,49,0,1,198,1,198,7.10e-113,317
AYT27_RS02410,OANT_RS03600,88.000,25,3,0,1,25,1,25,4.43e-12,49.7
AYT27_RS02415,OANT_RS03560,37.500,256,158,1,2,255,3,258,3.16e-59,186
AYT27_RS02420,OANT_RS13900,37.931,174,108,0,1,174,1,174,8.63e-45,143
AYT27_RS02425,OANT_RS13895,38.021,192,119,0,1,192,1,192,1.54e-49,157
AYT27_RS02430,OANT_RS13890,57.698,695,287,3,6,696,13,704,0.0,821
AYT27_RS02435,OANT_RS13875,45.614,57,31,0,21,77,42,98,3.58e-15,61.6
AYT27_RS02440,OANT_RS13870,73.733,217,57,0,1,217,1,217,4.83e-123,345
AYT27_RS02445,OANT_RS13865,49.289,422,212,1,47,468,13,432,1.76e-147,425
AYT27_RS02450,OANT_RS13855,35.955,178,114,0,64,241,98,275,4.97e-30,112
AYT27_RS02455,OANT_RS13850,44.203,138,76,1,16,153,22,158,1.21e-37,124
AYT27_RS02460,OANT_RS13845,56.278,661,281,4,3,659,3,659,0.0,712
AYT27_RS02465,OANT_RS13840,56.522,115,50,0,19,133,21,135,2.61e-43,138
AYT27_RS02470,OANT_RS13835,59.180,512,189,7,6,500,9,517,0.0,591
AYT27_RS02475,OANT_RS13830,81.166,223,42,0,1,223,1,223,1.94e-133,372
AYT27_RS02480,OANT_RS13825,61.957,460,175,0,1,460,1,460,0.0,569
AYT27_RS02485,OANT_RS13820,58.763,970,397,3,5,972,10,978,0.0,1141
AYT27_RS02490,OANT_RS22255,37.993,279,117,7,1,274,1,228,1.43e-53,171
AYT27_RS02495,OANT_RS02490,46.626,163,85,1,10,172,201,361,8.96e-53,169
AYT27_RS02500,OANT_RS13815,50.194,775,378,6,1,772,1,770,0.0,766
AYT27_RS02505,OANT_RS13810,56.384,885,374,6,1,875,1,883,0.0,1050
AYT27_RS02510,OANT_RS13795,50.530,283,128,3,3,275,4,284,5.97e-97,283
AYT27_RS02515,OANT_RS01510,34.247,219,141,3,24,240,39,256,6.86e-33,118
AYT27_RS02520,OANT_RS01490,58.500,200,83,0,1,200,1,200,4.10e-88,255
AYT27_RS02525,OANT_RS01495,61.417,254,98,0,1,254,1,254,1.39e-121,344
AYT27_RS02530,OANT_RS01500,46.154,65,35,0,1,65,1,65,8.19e-12,51.6
AYT27_RS02535,OANT_RS01505,52.681,317,143,4,3,314,2,316,5.41e-112,325
AYT27_RS02555,OANT_RS18695,47.893,261,136,0,1,261,1,261,1.10e-93,274
AYT27_RS02560,OANT_RS18700,58.242,364,144,4,3,362,17,376,1.27e-101,302
AYT27_RS02565,OANT_RS18705,53.640,261,121,0,33,293,32,292,1.85e-94,278
AYT27_RS02570,OANT_RS18710,46.154,351,179,4,4,344,8,358,1.29e-111,326
AYT27_RS02575,OANT_RS18720,22.453,530,341,17,15,532,24,495,2.17e-13,70.5
AYT27_RS02585,OANT_RS13705,49.051,685,334,5,27,700,3,683,0.0,699
AYT27_RS02590,OANT_RS13700,67.123,292,96,0,1,292,1,292,2.96e-154,430
AYT27_RS02595,OANT_RS13695,82.911,158,27,0,1,158,1,158,1.55e-97,275
AYT27_RS02600,OANT_RS13690,69.194,211,64,1,11,221,4,213,2.47e-109,310
AYT27_RS02605,OANT_RS13680,76.866,134,29,1,1,132,1,134,1.14e-70,205
AYT27_RS02610,OANT_RS13675,79.412,748,147,2,1,741,1,748,0.0,1219
AYT27_RS02615,OANT_RS13670,67.188,192,63,0,1,192,1,192,3.25e-95,272
AYT27_RS02620,OANT_RS13640,37.563,197,112,3,1,196,1,187,7.08e-37,124
AYT27_RS02625,OANT_RS13635,65.649,131,45,0,1,131,1,131,3.59e-63,187
AYT27_RS02630,OANT_RS13630,66.939,245,81,0,9,253,8,252,2.55e-121,344
AYT27_RS02635,OANT_RS13625,63.927,219,79,0,9,227,11,229,2.11e-106,304
AYT27_RS02640,OANT_RS13620,71.812,298,84,0,2,299,12,309,1.64e-162,452
AYT27_RS02645,OANT_RS13615,60.870,230,90,0,1,230,1,230,2.07e-104,300
AYT27_RS02650,OANT_RS02230,50.714,280,138,0,1,280,1,280,6.96e-96,281
AYT27_RS02655,OANT_RS02235,58.052,267,111,1,8,273,8,274,3.38e-114,327
AYT27_RS02660,OANT_RS13605,61.275,204,78,1,1,204,1,203,1.76e-89,259
AYT27_RS02665,OANT_RS13600,42.599,277,156,2,8,283,37,311,8.43e-81,244
AYT27_RS02670,OANT_RS13595,73.696,441,116,0,1,441,1,441,0.0,696
AYT27_RS02675,OANT_RS13565,43.220,118,66,1,6,123,11,127,1.49e-32,108
AYT27_RS02685,OANT_RS13545,65.000,500,171,3,3,500,6,503,0.0,677
AYT27_RS02695,OANT_RS02885,73.301,618,165,0,8,625,5,622,0.0,960
AYT27_RS02700,OANT_RS02890,64.545,220,78,0,1,220,1,220,1.60e-114,324
AYT27_RS02705,OANT_RS02895,60.076,263,105,0,7,269,5,267,5.42e-119,340
AYT27_RS02710,OANT_RS02905,64.634,246,87,0,4,249,1,246,1.66e-122,346
AYT27_RS02715,OANT_RS02910,78.306,484,105,0,11,494,11,494,0.0,801
AYT27_RS02720,OANT_RS02915,54.217,166,75,1,1,166,1,165,7.08e-54,167
AYT27_RS02725,OANT_RS02920,78.509,456,96,1,1,454,1,456,0.0,719
AYT27_RS02730,OANT_RS02925,69.200,500,148,3,1,494,1,500,0.0,709
AYT27_RS02740,OANT_RS02940,71.809,188,51,1,1,186,1,188,6.99e-96,274
AYT27_RS02745,OANT_RS02945,31.561,301,194,4,3,298,2,295,1.03e-26,104
AYT27_RS02750,OANT_RS02950,87.805,82,10,0,1,82,1,82,6.85e-51,151
AYT27_RS02755,OANT_RS02955,72.381,105,29,0,1,105,1,105,9.34e-56,168
AYT27_RS02770,OANT_RS02960,69.649,313,95,0,1,313,1,313,1.42e-158,442
AYT27_RS02775,OANT_RS02965,80.408,245,48,0,1,245,1,245,3.41e-148,410
AYT27_RS02780,OANT_RS02970,91.026,78,7,0,1,78,1,78,3.04e-45,137
AYT27_RS02785,OANT_RS02975,82.339,419,74,0,1,419,1,419,0.0,640
AYT27_RS02790,OANT_RS02980,57.658,333,141,0,33,365,50,382,1.33e-135,390
AYT27_RS02795,OANT_RS02990,60.976,205,78,1,17,219,12,216,2.31e-92,267
AYT27_RS02800,OANT_RS13520,73.993,273,70,1,1,273,1,272,2.89e-150,418
AYT27_RS02805,OANT_RS13515,58.610,331,136,1,3,332,8,338,6.96e-141,400
AYT27_RS02810,OANT_RS13510,52.632,285,131,3,32,313,33,316,1.33e-103,303
AYT27_RS02815,OANT_RS13505,52.672,786,356,6,9,787,2,778,0.0,860
AYT27_RS02820,OANT_RS13500,61.370,365,138,1,1,365,1,362,4.59e-159,448
AYT27_RS02825,OANT_RS13495,52.442,389,185,0,1,389,1,389,9.70e-152,432
AYT27_RS02830,OANT_RS13485,56.081,148,65,0,1,148,2,149,1.39e-63,189
AYT27_RS02845,OANT_RS19770,54.657,408,185,0,12,419,10,417,4.69e-144,416
AYT27_RS02850,OANT_RS17850,26.368,201,131,5,1097,1291,720,909,6.94e-09,57.4
AYT27_RS02860,OANT_RS17850,21.674,466,276,14,457,870,477,905,3.06e-09,57.8
AYT27_RS02865,OANT_RS13470,63.149,616,222,2,1,612,11,625,0.0,810
AYT27_RS02870,OANT_RS13460,82.857,140,24,0,1,140,1,140,2.47e-82,235
AYT27_RS02875,OANT_RS13440,81.675,191,35,0,2,192,3,193,8.15e-109,306
AYT27_RS02880,OANT_RS13435,67.606,639,205,1,23,661,33,669,0.0,945
AYT27_RS02885,OANT_RS13395,57.143,287,118,2,1,283,1,286,3.09e-122,348
AYT27_RS02895,OANT_RS12190,58.333,48,19,1,1,48,1,47,6.15e-11,51.2
AYT27_RS02900,OANT_RS12185,42.574,101,58,0,1,101,1,101,4.89e-21,82.0
AYT27_RS02905,OANT_RS12180,49.042,261,132,1,4,263,4,264,2.61e-87,258
AYT27_RS02910,OANT_RS12175,70.213,423,126,0,1,423,1,423,0.0,612
AYT27_RS02915,OANT_RS12165,48.804,209,106,1,11,219,15,222,8.04e-67,202
AYT27_RS02920,OANT_RS12160,45.946,259,109,4,133,391,210,437,2.81e-74,235
AYT27_RS02925,OANT_RS12150,66.667,114,37,1,1,114,1,113,5.29e-52,158
AYT27_RS02930,OANT_RS12140,65.891,129,43,1,1,128,1,129,2.40e-59,176
AYT27_RS02935,OANT_RS12135,46.154,273,140,2,7,276,7,275,1.35e-82,247
AYT27_RS02940,OANT_RS10640,34.295,624,397,8,1,617,1,618,2.64e-111,345
AYT27_RS02945,OANT_RS10645,66.929,254,84,0,1,254,1,254,1.52e-124,351
AYT27_RS02950,OANT_RS10650,42.857,161,67,5,1,147,1,150,1.34e-22,85.1
AYT27_RS02955,OANT_RS10660,82.103,542,97,0,1,542,1,542,0.0,919
AYT27_RS02960,OANT_RS10665,72.364,275,76,0,1,275,1,275,4.16e-145,405
AYT27_RS02965,OANT_RS10670,77.273,418,95,0,1,418,1,418,0.0,664
AYT27_RS02975,OANT_RS10680,57.843,102,43,0,1,102,1,102,4.11e-42,131
AYT27_RS02980,OANT_RS10685,77.457,346,78,0,1,346,1,346,0.0,566
AYT27_RS02985,OANT_RS10690,75.054,465,108,1,1,457,1,465,0.0,726
AYT27_RS02990,OANT_RS10695,63.288,444,161,1,1,442,1,444,0.0,565
AYT27_RS02995,OANT_RS10705,80.287,487,95,1,1,486,1,487,0.0,813
AYT27_RS03000,OANT_RS10710,78.931,318,66,1,1,317,1,318,0.0,525
AYT27_RS03005,OANT_RS10715,65.101,149,52,0,1,149,1,149,3.77e-74,216
AYT27_RS03010,OANT_RS10725,57.862,159,67,0,4,162,5,163,1.54e-59,179
AYT27_RS03015,OANT_RS10730,59.494,395,160,0,1,395,13,407,1.04e-174,490
AYT27_RS03020,OANT_RS18690,65.986,147,48,1,1,145,1,147,6.61e-69,202
AYT27_RS03025,OANT_RS11480,57.276,749,311,4,1,743,15,760,0.0,852
AYT27_RS03030,OANT_RS11475,74.614,453,113,1,1,451,1,453,0.0,706
AYT27_RS03035,OANT_RS11470,65.066,458,160,0,1,458,1,458,0.0,625
AYT27_RS03045,OANT_RS11455,83.732,209,34,0,1,209,1,209,9.22e-136,376
AYT27_RS03050,OANT_RS11450,87.972,424,51,0,1,424,1,424,0.0,783
AYT27_RS03055,OANT_RS11445,80.454,793,154,1,15,807,21,812,0.0,1293
AYT27_RS03060,OANT_RS11440,70.000,90,27,0,1,90,1,90,1.56e-41,129
AYT27_RS03065,OANT_RS12130,74.286,455,115,2,7,459,8,462,0.0,715
AYT27_RS03070,OANT_RS12115,100.000,27,0,0,1,27,1,27,3.67e-15,57.8
AYT27_RS03075,OANT_RS11835,69.074,443,133,1,1,439,9,451,0.0,602
AYT27_RS03080,OANT_RS11830,82.164,499,89,0,1,499,1,499,0.0,878
AYT27_RS03085,OANT_RS11820,58.955,134,51,1,1,130,1,134,1.68e-58,175
AYT27_RS03090,OANT_RS11815,60.938,128,50,0,9,136,21,148,1.16e-59,179
AYT27_RS03100,OANT_RS10070,44.144,222,114,4,20,236,19,235,5.66e-57,179
AYT27_RS03105,OANT_RS10080,57.040,277,112,2,4,273,8,284,5.65e-110,317
AYT27_RS03115,OANT_RS10090,95.833,24,1,0,1,24,1,24,1.48e-09,43.1
AYT27_RS03120,OANT_RS10165,91.304,391,34,0,1,391,1,391,0.0,709
AYT27_RS03125,OANT_RS10100,96.000,25,1,0,1,25,1,25,6.39e-11,46.6
AYT27_RS03130,OANT_RS10105,67.241,58,19,0,1,58,1,58,1.78e-18,68.9
AYT27_RS03135,OANT_RS10110,74.432,176,44,1,1,176,1,175,2.15e-93,266
AYT27_RS03140,OANT_RS10115,85.211,142,21,0,1,142,1,142,2.19e-89,253
AYT27_RS03145,OANT_RS10120,79.565,230,47,0,1,230,1,230,6.02e-126,353
AYT27_RS03150,OANT_RS10125,74.419,172,44,0,1,172,1,172,7.96e-96,272
AYT27_RS03155,OANT_RS10130,87.097,124,15,1,1,123,1,124,7.43e-57,170
AYT27_RS03160,OANT_RS10135,86.647,1378,183,1,5,1382,1,1377,0.0,2489
AYT27_RS03165,OANT_RS10140,87.545,1397,173,1,1,1397,1,1396,0.0,2568
AYT27_RS03170,OANT_RS10450,54.032,124,57,0,4,127,4,127,5.99e-44,137
AYT27_RS03180,OANT_RS10465,70.021,467,138,1,1,465,1,467,0.0,651
AYT27_RS03190,OANT_RS10480,48.276,464,216,5,7,448,7,468,2.55e-147,425
AYT27_RS03195,OANT_RS10485,58.095,105,42,1,20,124,7,109,9.96e-42,131
AYT27_RS03200,OANT_RS10490,71.891,772,207,5,1,764,1,770,0.0,1142
AYT27_RS03205,OANT_RS10505,67.143,140,46,0,1,140,1,140,9.13e-70,204
AYT27_RS03210,OANT_RS10520,60.784,153,60,0,1,153,1,153,9.73e-64,189
AYT27_RS03215,OANT_RS10525,44.318,264,146,1,10,273,17,279,2.73e-85,253
AYT27_RS03220,OANT_RS10530,87.352,253,32,0,1,253,1,253,6.37e-172,471
AYT27_RS03225,OANT_RS10535,76.873,307,69,1,1,307,1,305,9.36e-164,455
AYT27_RS03230,OANT_RS10540,79.828,233,47,0,7,239,7,239,1.30e-129,363
AYT27_RS03235,OANT_RS10545,77.419,186,42,0,1,186,1,186,2.47e-104,295
AYT27_RS03240,OANT_RS10555,49.814,269,132,2,1,268,1,267,3.02e-57,181
AYT27_RS03245,OANT_RS10560,42.373,354,191,3,31,379,33,378,1.23e-92,280
AYT27_RS03250,OANT_RS10565,60.652,798,301,3,1,798,1,785,0.0,999
AYT27_RS03255,OANT_RS10570,61.671,347,133,0,1,347,1,347,2.56e-159,447
AYT27_RS03260,OANT_RS10575,67.123,146,48,0,10,155,9,154,1.08e-73,215
AYT27_RS03265,OANT_RS10580,64.151,265,95,0,1,265,1,265,3.49e-124,352
AYT27_RS03270,OANT_RS10585,54.874,277,124,1,11,286,16,292,3.60e-103,300
AYT27_RS03275,OANT_RS10590,56.589,387,160,2,6,390,8,388,5.13e-155,440
AYT27_RS03280,OANT_RS13250,57.977,257,107,1,1,257,14,269,2.70e-112,321
AYT27_RS03285,OANT_RS11610,52.402,229,109,0,6,234,47,275,9.62e-82,243
AYT27_RS03290,OANT_RS11605,48.148,216,112,0,1,216,1,216,1.18e-61,191
AYT27_RS03295,OANT_RS19185,48.016,252,129,1,1,250,2,253,2.15e-89,262
AYT27_RS03300,OANT_RS10595,79.720,429,87,0,1,429,1,429,0.0,744
AYT27_RS03305,OANT_RS10600,73.561,469,124,0,2,470,4,472,0.0,734
AYT27_RS03310,OANT_RS10605,42.710,679,365,10,66,728,71,741,6.47e-170,508
AYT27_RS03315,OANT_RS10855,58.182,220,92,0,4,223,5,224,9.21e-87,254
AYT27_RS03320,OANT_RS10860,48.052,154,79,1,6,159,6,158,1.46e-38,127
AYT27_RS03325,OANT_RS10865,60.652,460,180,1,4,462,4,463,0.0,594
AYT27_RS03330,OANT_RS10870,79.111,450,94,0,1,450,1,450,0.0,754
AYT27_RS03335,OANT_RS10880,62.774,548,203,1,5,551,11,558,0.0,722
AYT27_RS03340,OANT_RS10885,60.486,453,178,1,2,453,3,455,0.0,559
AYT27_RS03345,OANT_RS11670,68.238,488,118,5,5,463,1,480,0.0,659
AYT27_RS03350,OANT_RS11675,64.800,250,88,0,8,257,8,257,2.38e-116,331
AYT27_RS03355,OANT_RS11505,91.667,24,2,0,1,24,1,24,2.33e-11,47.8
AYT27_RS03360,OANT_RS07410,69.412,510,156,0,1,510,1,510,0.0,687
AYT27_RS03370,OANT_RS22045,38.789,446,269,3,5,448,18,461,1.08e-102,311
AYT27_RS03390,OANT_RS16925,31.547,653,387,16,1776,2414,5,611,4.30e-58,218
AYT27_RS03410,OANT_RS17850,27.586,319,185,16,602,899,598,891,1.63e-08,55.5
AYT27_RS03455,OANT_RS16925,34.641,612,344,15,1761,2361,5,571,8.59e-74,266
AYT27_RS03495,OANT_RS16935,33.955,268,149,5,35,302,129,368,2.33e-29,120
AYT27_RS03530,OANT_RS02925,67.442,129,37,1,21,144,331,459,2.37e-53,174
AYT27_RS03540,OANT_RS24565,27.778,72,52,0,5,76,7,78,2.38e-10,50.1
AYT27_RS03545,OANT_RS11210,27.305,282,193,7,70,342,12,290,5.88e-27,105
AYT27_RS03635,OANT_RS07980,57.391,115,49,0,2,116,5,119,2.14e-49,153
AYT27_RS03695,OANT_RS16925,34.150,612,347,15,1784,2384,5,571,1.54e-72,263
AYT27_RS03745,OANT_RS16935,34.701,268,147,5,35,302,129,368,4.13e-30,122
AYT27_RS03755,OANT_RS02925,66.667,129,38,1,29,152,331,459,1.33e-52,173
AYT27_RS03760,OANT_RS22095,100.000,25,0,0,1,25,1,25,4.86e-11,47.0
AYT27_RS03765,OANT_RS22090,89.167,120,13,0,1,120,1,120,1.87e-75,216
AYT27_RS03770,OANT_RS22075,26.948,308,213,3,5,300,5,312,2.56e-41,143
AYT27_RS03775,OANT_RS22065,60.417,144,57,0,1,144,1,144,4.11e-62,186
AYT27_RS03790,OANT_RS00375,30.729,192,126,6,2,187,25,215,4.77e-27,100
AYT27_RS03810,OANT_RS20875,47.126,87,45,1,8,94,23,108,2.90e-25,88.6
AYT27_RS03815,OANT_RS13030,100.000,25,0,0,1,25,1,25,1.74e-12,50.8
AYT27_RS03820,OANT_RS11660,62.698,126,46,1,1,125,1,126,2.12e-53,161
AYT27_RS03825,OANT_RS11145,49.442,269,136,0,4,272,4,272,5.27e-94,275
AYT27_RS03830,OANT_RS12340,64.821,307,108,0,1,307,1,307,1.00e-149,420
AYT27_RS03835,OANT_RS12335,80.409,342,67,0,1,342,1,342,0.0,577
AYT27_RS03840,OANT_RS12330,74.762,420,106,0,2,421,3,422,0.0,636
AYT27_RS03845,OANT_RS12325,61.069,393,151,1,1,391,1,393,3.21e-161,456
AYT27_RS03850,OANT_RS12320,88.043,92,11,0,1,92,1,92,4.59e-55,163
AYT27_RS03855,OANT_RS10890,77.997,759,166,1,10,767,7,765,0.0,1157
AYT27_RS03860,OANT_RS10945,28.223,1683,982,36,1,1520,1,1620,0.0,583
AYT27_RS03865,OANT_RS11465,88.462,78,9,0,1,78,1,78,3.71e-50,149
AYT27_RS03870,OANT_RS11460,58.756,434,169,3,17,440,24,457,5.58e-169,481
AYT27_RS03880,OANT_RS12980,53.801,342,156,1,25,366,18,357,1.55e-135,388
AYT27_RS03885,OANT_RS12970,56.774,310,134,0,1,310,1,310,5.65e-139,392
AYT27_RS03890,OANT_RS13125,76.540,422,99,0,12,433,16,437,0.0,690
AYT27_RS03895,OANT_RS13115,71.698,159,43,1,1,159,1,157,9.21e-82,236
AYT27_RS03900,OANT_RS13110,46.757,370,189,5,2,369,10,373,2.86e-107,317
AYT27_RS03905,OANT_RS13105,61.463,205,72,2,1,202,1,201,8.35e-90,259
AYT27_RS03910,OANT_RS13100,66.434,143,45,1,10,149,10,152,1.50e-68,202
AYT27_RS03915,OANT_RS13095,67.742,155,47,1,4,155,5,159,2.16e-74,217
AYT27_RS03920,OANT_RS13085,56.667,150,61,1,12,157,19,168,6.83e-59,178
AYT27_RS03925,OANT_RS13075,47.126,174,87,2,12,181,6,178,1.33e-53,166
AYT27_RS03930,OANT_RS13070,68.047,338,108,0,1,338,1,338,7.04e-172,479
AYT27_RS03935,OANT_RS13065,71.296,324,92,1,1,324,1,323,6.78e-171,474
AYT27_RS03940,OANT_RS13060,74.510,102,26,0,1,102,1,102,3.39e-54,162
AYT27_RS03945,OANT_RS13055,54.396,182,65,2,1,167,1,179,4.38e-68,202
AYT27_RS03950,OANT_RS11165,78.419,658,141,1,1,658,1,657,0.0,1103
AYT27_RS03955,OANT_RS11175,66.667,105,35,0,10,114,15,119,1.44e-53,161
AYT27_RS03960,OANT_RS11180,55.634,142,63,0,1,142,1,142,4.80e-61,182
AYT27_RS03965,OANT_RS11185,65.241,187,65,0,18,204,27,213,5.41e-91,263
AYT27_RS03970,OANT_RS11205,96.429,28,1,0,1,28,1,28,9.54e-13,51.6
AYT27_RS03975,OANT_RS12590,52.987,385,180,1,9,392,6,390,6.06e-154,437
AYT27_RS04010,OANT_RS19000,75.833,120,29,0,1,120,1,120,5.84e-65,190
AYT27_RS04015,OANT_RS12950,83.333,162,22,2,1,161,1,158,5.61e-97,274
AYT27_RS04020,OANT_RS12945,85.430,151,22,0,1,151,1,151,3.99e-96,271
AYT27_RS04025,OANT_RS09985,57.432,592,250,2,1,591,1,591,0.0,657
AYT27_RS04030,OANT_RS18895,72.199,705,175,4,1,685,1,704,0.0,1076
AYT27_RS04035,OANT_RS18885,60.669,239,93,1,2,239,27,265,2.57e-109,313
AYT27_RS04040,OANT_RS05600,51.010,198,94,1,42,239,56,250,2.98e-66,206
AYT27_RS04045,OANT_RS05595,70.918,196,57,0,19,214,12,207,5.05e-106,301
AYT27_RS04110,OANT_RS11680,100.000,25,0,0,1,25,1,25,4.15e-12,49.7
AYT27_RS04115,OANT_RS11805,82.743,452,78,0,1,452,1,452,0.0,794
AYT27_RS04120,OANT_RS11800,57.143,154,63,1,10,163,4,154,4.66e-53,163
AYT27_RS04125,OANT_RS11790,46.445,211,110,2,71,281,52,259,9.50e-65,201
AYT27_RS04135,OANT_RS01430,54.564,493,219,4,13,501,7,498,0.0,521
AYT27_RS04140,OANT_RS12285,61.635,318,121,1,5,322,10,326,8.63e-154,432
AYT27_RS04145,OANT_RS12265,62.577,326,122,0,5,330,7,332,8.31e-133,379
AYT27_RS04150,OANT_RS12260,81.818,154,28,0,1,154,1,154,4.69e-94,267
AYT27_RS04155,OANT_RS12255,51.707,205,99,0,7,211,5,209,1.36e-76,226
AYT27_RS04160,OANT_RS12250,43.151,146,74,2,23,160,37,181,2.82e-36,122
AYT27_RS04165,OANT_RS18990,87.273,55,7,0,1,55,1,55,1.53e-30,98.2
AYT27_RS04180,OANT_RS18970,53.909,729,329,1,19,740,36,764,0.0,830
AYT27_RS04185,OANT_RS18965,71.897,854,234,3,1,851,1,851,0.0,1275
AYT27_RS04195,OANT_RS18955,52.742,383,173,2,10,392,10,384,8.99e-138,396
AYT27_RS04200,OANT_RS18950,60.526,190,67,3,20,208,19,201,6.93e-71,212
AYT27_RS04205,OANT_RS18945,65.012,423,148,0,5,427,4,426,0.0,576
AYT27_RS04210,OANT_RS18940,74.448,317,81,0,1,317,1,317,5.89e-172,477
AYT27_RS04215,OANT_RS18935,39.286,532,313,5,13,541,17,541,2.45e-121,365
AYT27_RS04220,OANT_RS18930,65.385,156,54,0,1,156,1,156,7.46e-76,221
AYT27_RS04225,OANT_RS18920,69.474,95,29,0,1,95,1,95,3.92e-37,117
AYT27_RS04230,OANT_RS18910,76.065,493,118,0,1,493,1,493,0.0,761
AYT27_RS04240,OANT_RS05765,48.511,235,119,2,3,236,12,245,6.84e-80,237
AYT27_RS04245,OANT_RS05760,46.565,262,131,3,3,255,17,278,5.27e-77,238
AYT27_RS04250,OANT_RS23145,34.114,299,195,1,34,332,36,332,1.40e-44,159
AYT27_RS04255,OANT_RS05750,36.034,358,169,7,4,358,2,302,4.02e-60,193
AYT27_RS04260,OANT_RS05775,27.882,373,247,11,10,372,11,371,3.75e-36,132
AYT27_RS04265,OANT_RS10000,66.486,185,61,1,1,184,1,185,9.68e-91,261
AYT27_RS04270,OANT_RS10005,44.681,141,71,2,28,167,23,157,5.28e-39,128
AYT27_RS04275,OANT_RS10010,66.135,251,85,0,3,253,3,253,1.88e-120,341
AYT27_RS04285,OANT_RS10020,64.706,68,24,0,1,68,1,68,1.98e-30,99.0
AYT27_RS04290,OANT_RS09925,53.030,264,109,4,1,264,1,249,2.29e-96,280
AYT27_RS04295,OANT_RS09930,73.234,269,72,0,1,269,1,269,5.73e-157,435
AYT27_RS04300,OANT_RS09935,56.034,232,102,0,1,232,1,232,9.44e-95,274
AYT27_RS04305,OANT_RS10370,67.164,268,88,0,1,268,1,268,4.67e-133,375
AYT27_RS04310,OANT_RS10375,55.598,259,115,0,3,261,18,276,7.71e-113,323
AYT27_RS04315,OANT_RS12445,86.341,205,28,0,1,205,1,205,1.19e-138,383
AYT27_RS04320,OANT_RS12435,81.648,267,49,0,25,291,14,280,1.42e-155,433
AYT27_RS04325,OANT_RS18740,80.092,437,87,0,1,437,1,437,0.0,746
AYT27_RS04330,OANT_RS10610,61.925,239,86,1,1,234,1,239,9.38e-109,310
AYT27_RS04335,OANT_RS18850,96.000,25,1,0,1,25,1,25,3.13e-11,47.4
AYT27_RS04340,OANT_RS10770,50.990,202,91,3,14,211,22,219,2.89e-65,207
AYT27_RS04345,OANT_RS10775,49.448,362,183,0,26,387,37,398,3.33e-128,372
AYT27_RS04350,OANT_RS10780,50.000,210,103,2,1,210,1,208,3.29e-74,221
AYT27_RS04355,OANT_RS10785,44.444,342,180,5,8,341,9,348,9.42e-99,293
AYT27_RS04360,OANT_RS10790,64.892,507,177,1,3,509,4,509,0.0,727
AYT27_RS04365,OANT_RS10795,64.453,256,91,0,1,256,1,256,4.18e-130,366
AYT27_RS04370,OANT_RS10800,60.153,261,104,0,6,266,9,269,2.68e-119,339
AYT27_RS04375,OANT_RS13145,42.276,123,68,1,4,123,7,129,2.28e-31,106
AYT27_RS04380,OANT_RS13150,52.874,348,161,3,1,346,1,347,4.65e-132,378
AYT27_RS04385,OANT_RS18775,74.502,251,57,1,13,263,5,248,4.38e-137,384
AYT27_RS04390,OANT_RS18780,53.518,398,185,0,10,407,12,409,1.37e-161,459
AYT27_RS04395,OANT_RS22170,43.103,58,33,0,50,107,48,105,3.89e-11,52.8
AYT27_RS04405,OANT_RS19760,50.000,172,80,4,7,174,4,173,2.02e-51,160
AYT27_RS04420,OANT_RS11685,73.529,136,33,1,1,133,4,139,1.77e-69,202
AYT27_RS04425,OANT_RS11690,67.640,411,133,0,2,412,3,413,0.0,606
AYT27_RS04430,OANT_RS11695,47.059,408,214,2,12,418,15,421,6.79e-138,399
AYT27_RS04435,OANT_RS11700,79.681,251,51,0,1,251,1,251,1.70e-150,417
AYT27_RS04440,OANT_RS11705,86.785,507,63,1,1,503,1,507,0.0,936
AYT27_RS04445,OANT_RS11715,51.989,377,180,1,4,379,6,382,2.80e-136,392
AYT27_RS04450,OANT_RS11720,82.960,223,38,0,1,223,1,223,5.17e-144,398
AYT27_RS04455,OANT_RS11730,72.464,414,114,0,3,416,3,416,0.0,642
AYT27_RS04460,OANT_RS11740,64.430,149,52,1,3,151,7,154,1.23e-67,199
AYT27_RS04465,OANT_RS11755,79.251,347,72,0,8,354,1,347,0.0,575
AYT27_RS04470,OANT_RS11760,65.365,794,271,3,29,821,29,819,0.0,1093
AYT27_RS04475,OANT_RS11765,49.211,380,173,6,34,398,10,384,2.86e-120,352
AYT27_RS04485,OANT_RS11775,91.860,86,7,0,1,86,1,86,2.60e-47,179
AYT27_RS04490,OANT_RS18790,48.634,183,94,0,19,201,19,201,4.87e-61,186
AYT27_RS04495,OANT_RS18795,58.087,575,241,0,28,602,34,608,0.0,719
AYT27_RS04500,OANT_RS18805,65.753,1168,395,2,1,1163,1,1168,0.0,1631
AYT27_RS04505,OANT_RS18810,52.809,89,42,0,1,89,1,89,1.26e-31,103
AYT27_RS04510,OANT_RS12480,68.919,222,69,0,4,225,6,227,1.22e-113,322
AYT27_RS04515,OANT_RS12485,60.808,421,165,0,2,422,18,438,0.0,522
AYT27_RS04520,OANT_RS12490,75.682,440,107,0,1,440,1,440,0.0,716
AYT27_RS04525,OANT_RS12505,67.086,556,183,0,1,556,1,556,0.0,792
AYT27_RS04530,OANT_RS12510,42.586,263,150,1,1,262,1,263,5.20e-74,224
AYT27_RS04535,OANT_RS12515,61.777,484,179,1,1,484,1,478,0.0,574
AYT27_RS04540,OANT_RS12520,81.520,487,90,0,1,487,1,487,0.0,816
AYT27_RS04545,OANT_RS12525,73.867,662,160,3,1,651,2,661,0.0,980
AYT27_RS04550,OANT_RS12530,85.294,102,15,0,1,102,1,102,3.04e-51,154
AYT27_RS04555,OANT_RS12535,73.301,206,54,1,1,206,1,205,5.90e-95,273
AYT27_RS04560,OANT_RS12540,88.957,163,18,0,1,163,1,163,5.19e-109,305
AYT27_RS04565,OANT_RS12545,82.558,344,59,1,5,348,5,347,0.0,546
AYT27_RS04570,OANT_RS12550,72.911,694,183,3,1,689,1,694,0.0,1046
AYT27_RS04575,OANT_RS12555,83.448,435,72,0,1,435,1,435,0.0,775
AYT27_RS04580,OANT_RS12560,71.292,209,60,0,1,209,1,209,3.15e-113,326
AYT27_RS04585,OANT_RS12565,83.838,396,64,0,1,396,1,396,0.0,704
AYT27_RS04590,OANT_RS12575,69.543,197,60,0,3,199,4,200,7.41e-105,297
AYT27_RS04595,OANT_RS12580,83.938,193,31,0,1,193,1,193,1.22e-126,352
AYT27_RS04600,OANT_RS12585,79.339,121,25,0,1,121,1,121,2.89e-68,198
AYT27_RS04605,OANT_RS12605,96.000,25,1,0,1,25,1,25,5.58e-12,49.3
AYT27_RS04610,OANT_RS12855,96.000,25,1,0,1,25,1,25,5.64e-12,49.3
AYT27_RS04640,OANT_RS16440,30.544,239,150,9,60,289,89,320,1.11e-14,70.5
AYT27_RS04655,OANT_RS09215,25.704,284,190,8,1,271,119,394,1.76e-08,52.0
AYT27_RS04700,OANT_RS18675,96.667,30,1,0,1,30,1,30,2.51e-15,58.2
AYT27_RS04840,OANT_RS07980,57.391,115,49,0,2,116,5,119,2.14e-49,153
AYT27_RS04845,OANT_RS24560,37.931,58,31,1,36,93,41,93,2.86e-08,44.7
AYT27_RS04850,OANT_RS24565,37.500,72,45,0,5,76,7,78,4.95e-10,49.3
AYT27_RS04860,OANT_RS13330,88.000,25,3,0,1,25,1,25,3.24e-10,45.1
AYT27_RS04865,OANT_RS13335,56.436,101,44,0,1,101,1,101,2.74e-41,129
AYT27_RS04870,OANT_RS13340,92.000,25,2,0,1,25,1,25,1.75e-10,45.8
AYT27_RS04875,OANT_RS13360,45.536,224,122,0,1,224,1,224,5.58e-71,214
AYT27_RS04880,OANT_RS13365,58.239,352,145,2,43,394,9,358,1.66e-134,388
AYT27_RS04885,OANT_RS13370,68.421,361,114,0,1,361,3,363,0.0,514
AYT27_RS04890,OANT_RS13375,54.124,194,89,0,2,195,3,196,2.60e-74,220
AYT27_RS04920,OANT_RS11015,46.382,843,421,9,23,845,24,855,0.0,702
AYT27_RS04925,OANT_RS11010,43.810,105,59,0,1,105,1,105,7.00e-24,94.0
AYT27_RS04930,OANT_RS11005,84.783,138,21,0,1,138,1,138,5.24e-84,239
AYT27_RS04935,OANT_RS09840,53.179,173,77,1,9,177,1,173,1.89e-66,198
AYT27_RS04940,OANT_RS12345,62.162,222,84,0,3,224,2,223,1.01e-104,299
AYT27_RS04945,OANT_RS12350,80.831,433,83,0,1,433,1,433,0.0,743
AYT27_RS04950,OANT_RS12360,61.538,182,70,0,1,182,1,182,3.62e-86,249
AYT27_RS04955,OANT_RS12375,81.496,254,47,0,1,254,1,254,4.93e-159,439
AYT27_RS04960,OANT_RS12380,61.538,78,30,0,1,78,2,79,1.99e-31,102
AYT27_RS04965,OANT_RS12385,73.874,222,57,1,1,221,1,222,1.83e-126,354
AYT27_RS04970,OANT_RS12410,74.079,733,189,1,1,733,1,732,0.0,1093
AYT27_RS04975,OANT_RS12415,77.922,77,17,0,1,77,1,77,7.57e-43,130
AYT27_RS04980,OANT_RS12420,71.818,110,31,0,1,110,1,110,4.02e-59,174
AYT27_RS04985,OANT_RS12425,49.272,412,201,2,4,413,9,414,9.38e-127,370
AYT27_RS04990,OANT_RS13175,73.123,759,182,1,11,747,12,770,0.0,1128
AYT27_RS04995,OANT_RS13185,78.319,595,129,0,1,595,1,595,0.0,1000
AYT27_RS05000,OANT_RS13190,57.180,383,164,0,2,384,1,383,2.20e-167,471
AYT27_RS05005,OANT_RS13195,58.704,494,202,2,1,493,1,493,0.0,562
AYT27_RS05010,OANT_RS13200,70.438,707,208,1,10,715,24,730,0.0,1028
AYT27_RS05015,OANT_RS13205,64.935,77,27,0,1,77,1,77,4.38e-37,116
AYT27_RS05020,OANT_RS13210,41.728,405,226,5,6,410,7,401,9.13e-100,300
AYT27_RS05025,OANT_RS12475,68.761,1146,358,0,16,1161,17,1162,0.0,1644
AYT27_RS05030,OANT_RS18815,62.393,702,264,0,1,702,1,702,0.0,897
AYT27_RS05065,OANT_RS18820,66.227,607,205,0,1,607,1,607,0.0,850
AYT27_RS05070,OANT_RS18825,61.785,437,167,0,2,438,4,440,0.0,573
AYT27_RS05075,OANT_RS18830,61.694,248,92,1,2,246,1,248,7.09e-106,304
AYT27_RS05080,OANT_RS11160,47.653,277,138,5,48,323,75,345,2.08e-90,271
AYT27_RS05085,OANT_RS12230,70.755,106,31,0,2,107,3,108,2.70e-54,162
AYT27_RS05090,OANT_RS12225,61.596,401,152,1,1,399,1,401,1.32e-177,498
AYT27_RS05095,OANT_RS12220,67.179,585,192,0,1,585,1,585,0.0,863
AYT27_RS05100,OANT_RS12215,27.027,370,212,12,500,839,652,993,2.25e-27,116
AYT27_RS05110,OANT_RS08570,29.900,301,178,14,52,342,14,291,3.63e-21,89.7
AYT27_RS05115,OANT_RS09980,79.692,325,66,0,3,327,4,328,1.49e-172,479
AYT27_RS05120,OANT_RS09970,71.101,436,123,1,1,433,1,436,0.0,640
AYT27_RS05125,OANT_RS06375,92.000,25,2,0,1,25,1,25,1.89e-10,45.4
AYT27_RS05130,OANT_RS10355,84.119,403,64,0,1,403,1,403,0.0,731
AYT27_RS05135,OANT_RS02285,42.568,444,249,3,1,439,1,443,2.76e-121,360
AYT27_RS05140,OANT_RS19945,44.961,387,210,2,13,396,12,398,1.02e-103,310
AYT27_RS05145,OANT_RS11300,73.442,369,98,0,3,371,10,378,0.0,580
AYT27_RS05150,OANT_RS11310,79.394,165,34,0,5,169,4,168,1.64e-101,286
AYT27_RS05155,OANT_RS11315,70.520,173,46,2,19,189,24,193,1.92e-86,250
AYT27_RS05160,OANT_RS11320,65.854,164,56,0,1,164,1,164,2.71e-73,215
AYT27_RS05165,OANT_RS11325,81.305,904,167,2,16,918,12,914,0.0,1518
AYT27_RS05170,OANT_RS11410,64.535,172,61,0,1,172,1,172,3.14e-72,213
AYT27_RS05175,OANT_RS11420,77.743,966,214,1,1,965,1,966,0.0,1551
AYT27_RS05180,OANT_RS10835,75.000,112,28,0,1,112,1,112,2.38e-59,175
AYT27_RS05185,OANT_RS10830,82.729,469,81,0,1,469,1,469,0.0,838
AYT27_RS05195,OANT_RS10825,50.775,258,124,2,1,256,1,257,3.22e-92,270
AYT27_RS05205,OANT_RS10810,73.538,325,86,0,1,325,1,325,0.0,514
AYT27_RS05210,OANT_RS10805,63.390,590,215,1,1,589,1,590,0.0,800
AYT27_RS05215,OANT_RS10330,72.445,871,239,1,1,871,1,870,0.0,1309
AYT27_RS05220,OANT_RS10325,86.047,344,48,0,1,344,14,357,0.0,615
AYT27_RS05225,OANT_RS10310,76.147,436,104,0,4,439,3,438,0.0,707
AYT27_RS05230,OANT_RS10305,59.188,468,184,6,1,463,11,476,0.0,539
AYT27_RS05235,OANT_RS10300,82.812,128,22,0,1,128,1,128,2.55e-76,220
AYT27_RS05240,OANT_RS10295,83.086,337,57,0,1,337,1,337,0.0,587
AYT27_RS05245,OANT_RS10290,93.798,129,8,0,1,129,1,129,1.15e-90,256
AYT27_RS05250,OANT_RS10285,88.496,113,13,0,1,113,1,113,7.05e-71,205
AYT27_RS05255,OANT_RS10280,63.351,191,70,0,1,191,1,191,3.88e-87,252
AYT27_RS05260,OANT_RS10275,78.000,450,93,2,1,448,1,446,0.0,712
AYT27_RS05265,OANT_RS10270,70.130,154,46,0,1,154,1,154,1.52e-75,219
AYT27_RS05270,OANT_RS10265,72.059,68,16,1,1,68,1,65,6.18e-29,95.1
AYT27_RS05275,OANT_RS10260,84.324,185,25,1,1,181,1,185,6.44e-112,314
AYT27_RS05280,OANT_RS10255,69.167,120,37,0,1,120,1,120,1.38e-48,149
AYT27_RS05285,OANT_RS10250,77.966,177,39,0,1,177,1,177,8.14e-104,293
AYT27_RS05290,OANT_RS10245,81.818,132,24,0,1,132,1,132,2.36e-78,224
AYT27_RS05295,OANT_RS10240,80.198,101,20,0,1,101,1,101,1.73e-57,169
AYT27_RS05300,OANT_RS10235,81.081,185,35,0,1,185,1,185,8.83e-115,321
AYT27_RS05305,OANT_RS10230,80.769,104,19,1,1,104,1,103,9.89e-57,168
AYT27_RS05310,OANT_RS10225,94.262,122,7,0,1,122,1,122,4.28e-81,231
AYT27_RS05315,OANT_RS10220,83.544,79,13,0,1,79,1,79,1.20e-45,138
AYT27_RS05320,OANT_RS10215,69.697,66,20,0,1,66,1,66,3.17e-28,93.2
AYT27_RS05325,OANT_RS10210,92.701,137,10,0,1,137,1,137,1.28e-93,264
AYT27_RS05330,OANT_RS10205,89.407,236,25,0,1,236,1,236,2.02e-161,443
AYT27_RS05335,OANT_RS10200,88.372,129,15,0,1,129,1,129,5.57e-82,234
AYT27_RS05340,OANT_RS10195,89.130,92,10,0,1,92,1,92,9.20e-60,174
AYT27_RS05345,OANT_RS10190,85.560,277,40,0,1,277,1,277,2.70e-172,474
AYT27_RS05350,OANT_RS10185,84.536,97,15,0,1,97,1,97,2.96e-57,169
AYT27_RS05355,OANT_RS10180,75.728,206,50,0,1,206,1,206,1.64e-118,332
AYT27_RS05360,OANT_RS10175,88.584,219,25,0,1,219,1,219,5.21e-147,407
AYT27_RS05365,OANT_RS10170,98.039,102,2,0,1,102,1,102,1.69e-70,202
AYT27_RS05370,OANT_RS10165,91.304,391,34,0,1,391,1,391,0.0,709
AYT27_RS05375,OANT_RS10160,91.066,694,62,0,1,694,1,694,0.0,1299
AYT27_RS05380,OANT_RS10155,89.744,156,16,0,1,156,1,156,1.86e-105,295
AYT27_RS05385,OANT_RS10150,96.748,123,4,0,1,123,1,123,2.47e-85,241
AYT27_RS05390,OANT_RS12240,66.023,259,87,1,1,258,1,259,1.29e-129,365
AYT27_RS05395,OANT_RS23125,25.322,233,166,4,28,256,22,250,1.67e-21,90.1
AYT27_RS05400,OANT_RS24880,32.599,227,135,7,27,250,4,215,3.24e-25,96.7
AYT27_RS05405,OANT_RS21025,29.954,217,152,0,19,235,2,218,3.41e-31,112
AYT27_RS05410,OANT_RS23235,60.082,243,95,1,6,248,1,241,2.10e-103,297
AYT27_RS05415,OANT_RS12245,51.908,262,125,1,4,264,2,263,4.12e-94,275
AYT27_RS05420,OANT_RS11630,69.978,906,272,0,1,906,1,906,0.0,1304
AYT27_RS05430,OANT_RS11640,52.425,433,201,3,11,438,5,437,5.00e-149,429
AYT27_RS05435,OANT_RS11645,56.250,224,96,1,1,224,1,222,2.09e-83,244
AYT27_RS05440,OANT_RS19020,83.333,24,4,0,1,24,1,24,1.60e-08,40.8
AYT27_RS05445,OANT_RS19100,96.000,25,1,0,1,25,1,25,6.12e-11,47.0
AYT27_RS05475,OANT_RS11090,67.213,366,120,0,9,374,16,381,7.69e-180,508
AYT27_RS05490,OANT_RS11085,65.083,421,144,1,5,425,1,418,0.0,565
AYT27_RS05500,OANT_RS22255,34.237,295,117,9,5,294,6,228,2.51e-43,145
AYT27_RS05505,OANT_RS09690,33.333,84,56,0,7,90,13,96,3.05e-15,62.4
AYT27_RS05510,OANT_RS09685,37.963,756,449,7,39,784,62,807,2.54e-161,487
AYT27_RS05520,OANT_RS09675,62.019,832,313,3,1,830,1,831,0.0,1028
AYT27_RS05525,OANT_RS09670,58.188,574,238,2,1,573,1,573,0.0,590
AYT27_RS05530,OANT_RS09665,53.943,317,140,3,1,313,1,315,7.76e-110,319
AYT27_RS05535,OANT_RS09635,65.370,514,176,1,2,515,5,516,0.0,679
AYT27_RS05545,OANT_RS09625,92.000,25,2,0,1,25,1,25,4.66e-10,44.7
AYT27_RS05555,OANT_RS22045,57.895,456,192,0,6,461,10,465,0.0,542
AYT27_RS05560,OANT_RS09425,82.596,339,59,0,1,339,1,339,0.0,575
AYT27_RS05565,OANT_RS09410,63.265,245,89,1,1,244,1,245,3.03e-101,291
AYT27_RS05570,OANT_RS09400,79.357,373,77,0,1,373,1,373,0.0,629
AYT27_RS05575,OANT_RS09380,73.367,597,159,0,3,599,11,607,0.0,928
AYT27_RS05580,OANT_RS09365,52.669,281,131,1,8,286,11,291,7.56e-102,297
AYT27_RS05585,OANT_RS09345,58.750,480,171,4,45,502,43,517,0.0,543
AYT27_RS05590,OANT_RS09335,44.521,292,153,3,1,285,1,290,2.62e-77,236
AYT27_RS05595,OANT_RS09330,49.695,328,153,4,38,355,39,364,6.56e-108,319
AYT27_RS05600,OANT_RS09325,52.727,165,78,0,5,169,8,172,1.57e-64,193
AYT27_RS05605,OANT_RS09320,79.545,264,54,0,1,264,1,264,3.53e-164,452
AYT27_RS05610,OANT_RS08945,62.500,432,159,3,2,432,13,442,0.0,539
AYT27_RS05615,OANT_RS08945,60.000,430,169,3,4,432,15,442,0.0,514
AYT27_RS05620,OANT_RS08945,57.541,431,182,1,4,434,15,444,1.86e-174,493
AYT27_RS05625,OANT_RS09315,46.000,100,52,2,1,98,1,100,7.02e-27,92.4
AYT27_RS05635,OANT_RS09205,52.577,194,79,1,1,181,1,194,1.82e-66,199
AYT27_RS05640,OANT_RS09200,57.143,56,24,0,1,56,1,56,8.82e-18,66.6
AYT27_RS05645,OANT_RS09195,46.970,66,35,0,10,75,3,68,2.51e-16,64.3
AYT27_RS05650,OANT_RS09170,65.505,861,211,4,1,775,1,861,0.0,1145
AYT27_RS05655,OANT_RS09160,62.019,208,79,0,1,208,1,208,7.00e-103,293
AYT27_RS05660,OANT_RS09150,46.061,165,82,1,27,191,33,190,3.23e-52,163
AYT27_RS05665,OANT_RS09145,56.294,286,122,2,4,289,3,285,1.76e-109,316
AYT27_RS05670,OANT_RS09140,58.320,607,252,1,2,608,3,608,0.0,750
AYT27_RS05680,OANT_RS09120,65.000,720,244,7,1,714,1,718,0.0,922
AYT27_RS05685,OANT_RS09115,65.804,541,184,1,1,541,1,540,0.0,694
AYT27_RS05690,OANT_RS09110,61.176,255,98,1,34,288,25,278,2.73e-113,326
AYT27_RS05695,OANT_RS09105,48.763,283,145,0,5,287,1,283,5.01e-101,295
AYT27_RS05700,OANT_RS09100,60.535,598,186,9,1,581,1,565,0.0,548
AYT27_RS05705,OANT_RS09095,65.340,427,146,1,9,433,14,440,0.0,551
AYT27_RS05710,OANT_RS09090,40.942,276,163,0,20,295,29,304,2.76e-77,235
AYT27_RS05715,OANT_RS09085,68.608,309,93,2,1,306,1,308,3.31e-156,436
AYT27_RS05720,OANT_RS09080,66.134,313,106,0,9,321,4,316,3.61e-149,419
AYT27_RS05725,OANT_RS09075,73.276,464,123,1,1,464,1,463,0.0,669
AYT27_RS05730,OANT_RS09070,57.995,369,153,2,4,370,3,371,2.77e-144,411
AYT27_RS05735,OANT_RS09065,64.151,371,132,1,1,371,1,370,1.19e-169,476
AYT27_RS05740,OANT_RS09060,54.310,464,204,2,1,463,1,457,3.70e-179,507
AYT27_RS05745,OANT_RS09055,75.278,360,85,1,1,356,1,360,0.0,552
AYT27_RS05750,OANT_RS09050,52.239,469,222,2,4,471,5,472,5.01e-171,487
AYT27_RS05755,OANT_RS09045,60.860,465,181,1,6,470,10,473,0.0,586
AYT27_RS05760,OANT_RS09040,68.257,545,170,2,31,573,42,585,0.0,767
AYT27_RS05765,OANT_RS09035,40.351,114,65,2,3,113,1,114,8.32e-27,94.7
AYT27_RS05770,OANT_RS09030,64.174,321,109,1,24,338,17,337,2.81e-143,406
AYT27_RS05780,OANT_RS09010,61.157,121,47,0,48,168,99,219,7.96e-53,165
AYT27_RS05795,OANT_RS08955,40.683,322,168,1,5,303,6,327,1.40e-81,248
AYT27_RS05800,OANT_RS08930,85.064,549,82,0,1,549,1,549,0.0,956
AYT27_RS05810,OANT_RS08885,59.296,199,81,0,1,199,1,199,1.79e-90,261
AYT27_RS05815,OANT_RS08870,58.908,348,139,2,1,346,1,346,8.47e-144,408
AYT27_RS05850,OANT_RS08805,96.000,25,1,0,1,25,1,25,1.50e-11,48.5
AYT27_RS05855,OANT_RS08800,39.600,250,123,6,11,244,12,249,1.27e-47,155
AYT27_RS05860,OANT_RS08790,57.364,129,55,0,3,131,2,130,1.45e-57,174
AYT27_RS05865,OANT_RS08775,77.712,673,142,4,1,667,1,671,0.0,1013
AYT27_RS05870,OANT_RS08770,46.522,647,327,4,1,629,1,646,0.0,586
AYT27_RS05875,OANT_RS25070,54.386,399,180,1,3,399,3,401,3.04e-155,443
AYT27_RS05880,OANT_RS08765,60.901,555,215,1,1,553,1,555,0.0,715
AYT27_RS05885,OANT_RS21490,68.182,66,21,0,17,82,17,82,1.21e-26,90.5
AYT27_RS05895,OANT_RS08755,68.687,396,123,1,1,396,1,395,0.0,596
AYT27_RS05905,OANT_RS08735,80.862,1160,222,0,1,1160,1,1160,0.0,1949
AYT27_RS05910,OANT_RS08720,74.242,66,17,0,1,66,1,66,9.27e-35,110
AYT27_RS05915,OANT_RS08700,78.195,399,87,0,1,399,1,399,0.0,660
AYT27_RS05920,OANT_RS08665,68.439,301,95,0,1,301,1,301,2.26e-168,466
AYT27_RS05925,OANT_RS08660,74.051,316,82,0,1,316,1,316,3.98e-176,488
AYT27_RS05930,OANT_RS08655,59.783,460,185,0,1,460,5,464,0.0,568
AYT27_RS05935,OANT_RS08645,70.402,348,103,0,3,350,9,356,0.0,508
AYT27_RS05940,OANT_RS08640,78.981,157,33,0,1,157,1,157,1.30e-91,260
AYT27_RS05945,OANT_RS00270,32.500,80,54,0,2,81,11,90,4.87e-13,60.1
AYT27_RS05950,OANT_RS08605,75.251,796,159,3,3,767,114,902,0.0,1244
AYT27_RS05955,OANT_RS08585,43.636,110,51,3,120,229,51,149,3.84e-23,89.0
AYT27_RS05960,OANT_RS08580,58.216,213,88,1,1,212,1,213,6.58e-92,266
AYT27_RS05965,OANT_RS08555,70.306,229,68,0,6,234,7,235,2.86e-119,337
AYT27_RS05970,OANT_RS08550,73.378,447,116,3,1,445,1,446,0.0,636
AYT27_RS05975,OANT_RS08540,55.414,157,70,0,10,166,10,166,3.26e-62,186
AYT27_RS05985,OANT_RS08535,53.846,78,36,0,1,78,1,78,1.20e-24,86.3
AYT27_RS05990,OANT_RS08530,49.462,279,135,4,6,284,8,280,2.48e-92,272
AYT27_RS05995,OANT_RS08525,47.324,355,187,0,3,357,5,359,1.52e-122,355
AYT27_RS06000,OANT_RS08520,50.644,233,111,1,20,248,24,256,1.29e-83,248
AYT27_RS06005,OANT_RS08505,82.848,309,53,0,1,309,1,309,0.0,526
AYT27_RS06010,OANT_RS08495,70.860,477,139,0,22,498,27,503,0.0,684
AYT27_RS06015,OANT_RS08490,74.737,190,48,0,1,190,1,190,3.80e-108,306
AYT27_RS06020,OANT_RS08485,61.929,197,69,2,1,191,1,197,3.12e-76,226
AYT27_RS06030,OANT_RS15525,48.899,227,104,4,1,219,18,240,1.08e-70,214
AYT27_RS06035,OANT_RS08480,80.109,367,73,0,1,367,1,367,0.0,605
AYT27_RS06040,OANT_RS11040,38.144,97,53,4,48,138,61,156,4.93e-15,66.2
AYT27_RS06045,OANT_RS08460,58.333,60,25,0,1,60,227,286,2.25e-20,78.6
AYT27_RS06060,OANT_RS08435,64.189,148,53,0,1,148,1,148,1.08e-67,200
AYT27_RS06065,OANT_RS08395,57.843,408,172,0,9,416,6,413,4.27e-172,485
AYT27_RS06070,OANT_RS08380,71.028,321,93,0,23,343,15,335,9.52e-172,478
AYT27_RS06075,OANT_RS08375,49.495,297,150,0,1,297,1,297,1.07e-102,300
AYT27_RS06080,OANT_RS08370,40.857,957,532,10,1,929,6,956,0.0,753
AYT27_RS06085,OANT_RS08365,49.495,693,343,4,7,698,5,691,0.0,660
AYT27_RS06095,OANT_RS08340,48.454,291,147,2,5,292,1,291,1.24e-102,300
AYT27_RS06100,OANT_RS08320,64.120,301,108,0,1,301,1,301,1.01e-134,381
AYT27_RS06105,OANT_RS08225,45.185,270,139,3,2,267,8,272,8.22e-67,206
AYT27_RS06110,OANT_RS08215,73.779,389,102,0,3,391,1,389,0.0,613
AYT27_RS06115,OANT_RS25570,85.714,91,13,0,1,91,1,91,6.03e-56,165
AYT27_RS06120,OANT_RS08175,55.385,130,56,1,1,128,1,130,2.59e-39,125
AYT27_RS06125,OANT_RS08180,85.837,233,32,1,1,233,1,232,5.38e-149,411
AYT27_RS06130,OANT_RS08190,51.442,208,101,0,1,208,1,208,2.33e-77,228
AYT27_RS06135,OANT_RS08195,65.644,163,56,0,34,196,36,198,8.87e-83,241
AYT27_RS06140,OANT_RS08200,33.333,186,108,6,2,173,1,184,2.11e-16,73.6
AYT27_RS06145,OANT_RS08160,67.297,370,121,0,1,370,1,370,0.0,529
AYT27_RS06150,OANT_RS08155,63.522,318,116,0,1,318,1,318,5.21e-150,421
AYT27_RS06155,OANT_RS08150,96.000,25,1,0,1,25,1,25,2.05e-10,45.4
AYT27_RS06170,OANT_RS15995,70.916,251,73,0,7,257,9,259,1.53e-134,377
AYT27_RS06175,OANT_RS15990,75.352,284,70,0,1,284,1,284,1.37e-163,453
AYT27_RS06180,OANT_RS15985,73.548,310,82,0,1,310,1,310,1.60e-160,447
AYT27_RS06185,OANT_RS15980,76.945,347,80,0,11,357,6,352,0.0,526
AYT27_RS06190,OANT_RS15975,51.673,538,257,3,2,539,4,538,0.0,580
AYT27_RS06195,OANT_RS15975,48.214,224,111,3,4,226,5,224,4.64e-65,218
AYT27_RS06205,OANT_RS15610,60.938,192,75,0,17,208,10,201,4.48e-88,256
AYT27_RS06210,OANT_RS15520,55.962,520,177,6,9,476,8,527,0.0,565
AYT27_RS06215,OANT_RS15975,52.788,538,249,3,1,538,1,533,0.0,599
AYT27_RS06220,OANT_RS02105,42.045,88,49,1,1,86,1,88,4.75e-19,71.6
AYT27_RS06225,OANT_RS20835,40.977,266,150,2,11,269,9,274,2.68e-67,207
AYT27_RS06230,OANT_RS20830,72.425,301,83,0,3,303,3,303,3.73e-140,395
AYT27_RS06240,OANT_RS05215,64.516,248,88,0,1,248,1,248,6.30e-119,337
AYT27_RS06245,OANT_RS05220,62.903,310,110,2,1,306,1,309,1.92e-132,376
AYT27_RS06250,OANT_RS13790,66.607,560,178,1,2,552,9,568,0.0,774
AYT27_RS06265,OANT_RS00990,66.667,81,27,0,1,81,1,81,1.94e-34,110
AYT27_RS06270,OANT_RS00950,57.724,123,52,0,4,126,2,124,3.41e-46,143
AYT27_RS06275,OANT_RS00945,56.207,290,127,0,4,293,10,299,1.80e-105,306
AYT27_RS06280,OANT_RS00330,55.135,370,154,2,1,359,1,369,2.75e-143,409
AYT27_RS06285,OANT_RS07040,86.364,44,6,0,1,44,1,44,9.29e-22,75.5
AYT27_RS06290,OANT_RS07035,60.684,117,44,1,2,116,3,119,1.09e-33,112
AYT27_RS06295,OANT_RS07030,58.185,617,236,7,1,608,1,604,0.0,727
AYT27_RS06300,OANT_RS07025,74.000,200,52,0,10,209,61,260,8.77e-107,305
AYT27_RS06305,OANT_RS06905,62.174,230,87,0,1,230,1,230,7.31e-111,315
AYT27_RS06310,OANT_RS06865,57.752,258,108,1,11,267,20,277,4.52e-102,296
AYT27_RS06315,OANT_RS06860,72.549,204,56,0,1,204,1,204,3.74e-116,326
AYT27_RS06325,OANT_RS00040,34.615,104,62,3,95,196,15,114,4.13e-11,59.7
AYT27_RS06335,OANT_RS13725,76.667,30,7,0,1,30,1,30,2.75e-10,45.4
AYT27_RS06340,OANT_RS02345,45.874,412,180,6,1,402,1,379,3.98e-120,351
AYT27_RS06350,OANT_RS09005,31.399,293,119,9,21,307,44,260,1.28e-36,129
AYT27_RS06355,OANT_RS11065,27.273,165,116,1,365,529,8,168,1.48e-12,65.5
AYT27_RS06365,OANT_RS09215,27.041,392,269,6,11,391,10,395,9.67e-31,119
AYT27_RS06395,OANT_RS21500,100.000,25,0,0,1,25,1,25,1.14e-11,48.5
AYT27_RS06400,OANT_RS21505,86.486,37,5,0,2,38,2,38,8.99e-15,57.4
AYT27_RS06405,OANT_RS21510,78.571,42,9,0,73,114,108,149,5.03e-10,60.5
AYT27_RS06410,OANT_RS21515,96.000,25,1,0,1,25,1,25,2.37e-12,50.4
AYT27_RS06415,OANT_RS21520,92.000,25,2,0,1,25,1,25,1.93e-08,40.4
AYT27_RS06420,OANT_RS21525,88.679,318,35,1,1,318,1,317,6.89e-174,496
AYT27_RS06425,OANT_RS21565,53.175,126,59,0,2,127,10,135,6.46e-46,143
AYT27_RS06430,OANT_RS21800,58.876,338,138,1,10,346,67,404,2.12e-136,392
AYT27_RS06435,OANT_RS21805,63.168,505,186,0,8,512,10,514,0.0,678
AYT27_RS06440,OANT_RS21885,54.913,173,67,2,14,180,19,186,1.69e-52,164
AYT27_RS06445,OANT_RS21890,80.637,377,73,0,1,377,1,377,0.0,644
AYT27_RS06460,OANT_RS21940,65.101,298,103,1,5,302,6,302,8.73e-149,417
AYT27_RS06465,OANT_RS21950,55.189,212,95,0,1,212,1,212,3.03e-85,249
AYT27_RS06475,OANT_RS02270,48.387,248,127,1,29,275,9,256,1.62e-84,251
AYT27_RS06480,OANT_RS10135,89.189,37,4,0,1,37,167,203,5.39e-18,77.4
AYT27_RS06505,OANT_RS07460,48.189,359,181,2,15,372,17,371,9.34e-126,364
AYT27_RS06510,OANT_RS19930,69.256,927,281,1,5,927,7,933,0.0,1298
AYT27_RS06515,OANT_RS19935,62.295,122,46,0,1,122,1,122,2.68e-52,158
AYT27_RS06520,OANT_RS19940,63.562,365,133,0,8,372,3,367,7.14e-171,478
AYT27_RS06525,OANT_RS17015,45.909,220,110,1,1,211,1,220,1.32e-58,182
AYT27_RS06530,OANT_RS17020,61.538,52,20,0,7,58,11,62,5.28e-17,65.1
AYT27_RS06540,OANT_RS03885,45.902,122,57,2,4,116,6,127,4.57e-28,97.4
AYT27_RS06550,OANT_RS17040,80.769,338,65,0,1,338,1,338,0.0,588
AYT27_RS06555,OANT_RS17040,80.597,67,13,0,1,67,272,338,8.95e-36,120
AYT27_RS06560,OANT_RS08610,38.356,73,44,1,21,93,12,83,1.82e-10,55.5
AYT27_RS06565,OANT_RS07205,52.593,270,123,3,6,272,10,277,1.70e-97,285
AYT27_RS06570,OANT_RS07200,53.392,339,155,1,6,344,13,348,8.53e-128,367
AYT27_RS06575,OANT_RS07195,50.952,210,103,0,9,218,9,218,1.87e-63,194
AYT27_RS06585,OANT_RS07170,72.549,153,41,1,1,152,1,153,1.14e-70,207
AYT27_RS06590,OANT_RS07160,66.284,436,147,0,1,436,1,436,0.0,600
AYT27_RS06610,OANT_RS07095,55.274,237,106,0,7,243,11,247,2.46e-90,265
AYT27_RS06615,OANT_RS07090,65.867,375,91,1,3,340,15,389,1.08e-174,488
AYT27_RS06620,OANT_RS07085,56.832,322,138,1,1,321,1,322,1.42e-138,392
AYT27_RS06640,OANT_RS25140,22.976,457,302,14,841,1284,512,931,4.60e-10,61.2
AYT27_RS06645,OANT_RS19610,47.600,250,129,2,21,269,34,282,5.56e-70,217
AYT27_RS06650,OANT_RS19615,49.398,83,40,1,20,100,18,100,1.31e-17,79.3
AYT27_RS06655,OANT_RS19620,45.370,108,59,0,37,144,38,145,2.63e-27,105
AYT27_RS06685,OANT_RS14355,27.919,197,131,5,1195,1384,856,1048,2.52e-08,55.8
AYT27_RS06695,OANT_RS14355,28.934,197,129,5,627,816,856,1048,4.43e-10,60.5
AYT27_RS06700,OANT_RS14355,25.728,412,244,16,336,723,675,1048,1.11e-10,62.4
AYT27_RS06715,OANT_RS21580,38.095,105,65,0,29,133,38,142,1.28e-14,64.3
AYT27_RS06730,OANT_RS16485,52.850,193,88,2,1,190,1,193,1.17e-66,201
AYT27_RS06735,OANT_RS19725,40.187,107,63,1,1,106,1,107,2.97e-28,96.7
AYT27_RS06740,OANT_RS15685,53.495,329,150,1,2,330,4,329,2.69e-124,357
AYT27_RS06745,OANT_RS15680,54.448,281,127,1,1,280,1,281,2.84e-113,325
AYT27_RS06765,OANT_RS03485,44.304,79,36,1,22,100,23,93,1.88e-13,58.5
AYT27_RS06770,OANT_RS03490,56.000,100,44,0,1,100,8,107,1.10e-40,127
AYT27_RS06775,OANT_RS03495,61.568,791,292,2,1,781,5,793,0.0,1033
AYT27_RS06785,OANT_RS03510,34.328,268,163,6,6,265,2,264,2.10e-44,151
AYT27_RS06795,OANT_RS03515,49.099,222,111,2,1,221,2,222,5.46e-77,228
AYT27_RS06800,OANT_RS03520,55.036,278,119,2,4,281,5,276,6.14e-112,322
AYT27_RS06805,OANT_RS03525,50.135,371,157,8,32,386,32,390,9.32e-118,345
AYT27_RS06810,OANT_RS03530,59.215,331,124,2,14,344,8,327,2.88e-138,394
AYT27_RS06820,OANT_RS23400,28.767,292,191,6,19,300,10,294,7.47e-29,114
AYT27_RS06825,OANT_RS03345,52.229,628,289,5,10,632,13,634,0.0,682
AYT27_RS06835,OANT_RS23400,26.014,296,196,10,16,298,9,294,1.57e-20,90.1
AYT27_RS06840,OANT_RS23400,30.466,279,182,6,5,275,9,283,1.79e-27,110
AYT27_RS06880,OANT_RS00790,62.956,521,190,1,1,521,1,518,0.0,637
AYT27_RS06885,OANT_RS00785,70.986,355,103,0,1,355,1,355,0.0,536
AYT27_RS06890,OANT_RS00780,46.584,161,85,1,1,161,2,161,7.13e-46,145
AYT27_RS06895,OANT_RS00775,71.053,190,55,0,1,190,1,190,1.74e-102,290
AYT27_RS06900,OANT_RS08890,44.776,67,37,0,43,109,6,72,2.99e-14,60.1
AYT27_RS06905,OANT_RS15665,88.636,528,60,0,1,528,1,528,0.0,901
AYT27_RS06910,OANT_RS15670,81.633,98,18,0,1,98,1,98,1.14e-55,165
AYT27_RS06915,OANT_RS15645,69.114,463,142,1,1,462,1,463,0.0,664
AYT27_RS06925,OANT_RS00335,59.300,543,220,1,1,542,1,543,0.0,675
AYT27_RS06930,OANT_RS03075,39.726,146,77,3,6,149,9,145,5.37e-32,110
AYT27_RS06945,OANT_RS03885,43.011,93,46,2,25,116,12,98,3.53e-18,72.8
AYT27_RS06955,OANT_RS15620,64.706,527,149,6,1,495,1,522,0.0,632
AYT27_RS06990,OANT_RS21500,100.000,25,0,0,1,25,1,25,1.14e-11,48.5
AYT27_RS06995,OANT_RS21505,86.486,37,5,0,2,38,2,38,8.99e-15,57.4
AYT27_RS07020,OANT_RS21500,100.000,25,0,0,1,25,1,25,1.14e-11,48.5
AYT27_RS07025,OANT_RS21505,86.486,37,5,0,2,38,2,38,8.99e-15,57.4
AYT27_RS07030,OANT_RS21510,78.571,42,9,0,73,114,108,149,5.03e-10,60.5
AYT27_RS07035,OANT_RS21515,96.000,25,1,0,1,25,1,25,2.37e-12,50.4
AYT27_RS07040,OANT_RS21520,92.000,25,2,0,1,25,1,25,1.93e-08,40.4
AYT27_RS07045,OANT_RS21525,88.679,318,35,1,1,318,1,317,6.89e-174,496
AYT27_RS07050,OANT_RS05365,44.343,654,333,8,10,659,10,636,0.0,587
AYT27_RS07055,OANT_RS06425,37.862,449,274,3,19,464,12,458,1.99e-79,251
AYT27_RS07060,OANT_RS06420,76.667,180,42,0,3,182,10,189,2.22e-103,292
AYT27_RS07065,OANT_RS06415,41.304,46,27,0,17,62,22,67,9.10e-09,44.3
AYT27_RS07070,OANT_RS06410,72.453,265,72,1,1,265,1,264,2.55e-143,400
AYT27_RS07075,OANT_RS06400,51.757,313,147,4,23,334,26,335,2.16e-109,320
AYT27_RS07095,OANT_RS06370,37.500,128,67,3,16,133,27,151,7.48e-21,80.5
AYT27_RS07105,OANT_RS05350,74.667,75,19,0,25,99,24,98,9.08e-36,125
AYT27_RS07110,OANT_RS14855,28.620,297,201,6,14,309,15,301,1.55e-35,127
AYT27_RS07135,OANT_RS11870,29.104,134,82,5,11,138,24,150,5.28e-12,59.3
AYT27_RS07225,OANT_RS05355,75.729,857,208,0,1,857,1,857,0.0,1345
AYT27_RS07240,OANT_RS01695,53.704,54,25,0,36,89,15,68,9.88e-19,70.5
AYT27_RS07245,OANT_RS01700,54.369,206,87,1,23,228,6,204,2.57e-75,224
AYT27_RS07250,OANT_RS01705,88.889,72,8,0,1,72,1,72,1.23e-45,137
AYT27_RS07260,OANT_RS03885,37.931,116,63,2,15,121,12,127,1.09e-21,81.3
AYT27_RS07290,OANT_RS03885,53.846,52,24,0,15,66,12,63,1.96e-14,60.5
AYT27_RS07320,OANT_RS06035,75.460,163,40,0,2,164,1,163,6.05e-78,226
AYT27_RS07325,OANT_RS06030,50.282,354,176,0,54,407,8,361,4.29e-121,353
AYT27_RS07340,OANT_RS06025,78.049,41,9,0,1,41,1,41,1.31e-18,67.4
AYT27_RS07345,OANT_RS06020,42.949,156,89,0,104,259,69,224,9.34e-36,125
AYT27_RS07355,OANT_RS03885,66.197,71,24,0,16,86,6,76,1.13e-29,101
AYT27_RS07360,OANT_RS03885,66.197,71,24,0,38,108,6,76,3.88e-29,101
AYT27_RS07365,OANT_RS03885,64.789,71,25,0,16,86,6,76,9.92e-29,99.4
AYT27_RS07375,OANT_RS06155,41.026,195,111,1,5,199,2,192,4.75e-51,160
AYT27_RS07380,OANT_RS06160,65.934,273,93,0,1,273,1,273,4.25e-138,387
AYT27_RS07395,OANT_RS01730,69.535,430,129,1,1,430,1,428,0.0,591
AYT27_RS07400,OANT_RS01740,100.000,25,0,0,1,25,1,25,7.05e-11,46.6
AYT27_RS07445,OANT_RS04565,25.967,181,124,4,22,199,17,190,1.53e-11,60.8
AYT27_RS07470,OANT_RS16440,35.000,100,59,2,6,99,8,107,2.39e-10,60.1
AYT27_RS07560,OANT_RS11870,33.333,135,75,5,11,138,24,150,9.19e-15,66.6
AYT27_RS07585,OANT_RS05245,96.429,28,1,0,1,28,1,28,3.67e-13,52.8
AYT27_RS07590,OANT_RS06550,48.241,199,98,1,2,200,1,194,1.55e-69,207
AYT27_RS07595,OANT_RS06545,40.506,158,86,3,17,170,6,159,6.32e-36,121
AYT27_RS07605,OANT_RS06510,42.988,328,125,4,1,268,1,326,1.84e-83,250
AYT27_RS07610,OANT_RS06490,64.968,157,48,1,26,182,6,155,7.47e-70,206
AYT27_RS07615,OANT_RS06490,39.535,129,64,3,31,155,37,155,8.41e-23,85.9
AYT27_RS07620,OANT_RS06490,37.255,102,57,2,31,128,37,135,2.06e-16,69.3
AYT27_RS07625,OANT_RS06450,48.438,128,65,1,12,139,11,137,3.88e-37,124
AYT27_RS07630,OANT_RS06445,47.348,264,105,1,7,270,106,335,6.50e-75,230
AYT27_RS07635,OANT_RS06435,35.417,96,62,0,13,108,22,117,5.72e-17,68.2
AYT27_RS07650,OANT_RS06300,60.902,133,52,0,1,133,293,425,1.47e-53,172
AYT27_RS07655,OANT_RS06300,69.595,444,135,0,1,444,1,444,0.0,648
AYT27_RS07660,OANT_RS06295,78.914,626,129,3,1,625,1,624,0.0,1006
AYT27_RS07665,OANT_RS06290,31.743,482,276,7,9,484,11,445,5.04e-64,212
AYT27_RS07685,OANT_RS06280,60.947,169,61,1,1,169,1,164,1.04e-71,211
AYT27_RS07690,OANT_RS06065,68.966,232,69,1,1,232,1,229,1.01e-117,332
AYT27_RS07695,OANT_RS06185,80.242,248,49,0,1,248,1,248,5.05e-151,418
AYT27_RS07705,OANT_RS06275,65.287,435,147,3,7,440,11,442,0.0,598
AYT27_RS07710,OANT_RS06270,29.167,384,235,11,9,387,1,352,5.38e-26,104
AYT27_RS07715,OANT_RS06265,45.695,151,77,3,1,150,1,147,2.05e-36,120
AYT27_RS07720,OANT_RS06260,61.017,236,91,1,1,235,1,236,6.12e-102,293
AYT27_RS07725,OANT_RS06255,51.969,127,61,0,13,139,19,145,3.34e-45,142
AYT27_RS07730,OANT_RS06250,83.333,324,54,0,18,341,15,338,0.0,534
AYT27_RS07735,OANT_RS06245,57.561,205,83,2,1,202,1,204,8.02e-66,199
AYT27_RS07740,OANT_RS06240,75.949,158,38,0,1,158,1,158,1.92e-85,246
AYT27_RS07745,OANT_RS06235,44.375,160,87,1,12,169,6,165,2.39e-38,126
AYT27_RS07750,OANT_RS06230,45.763,354,192,0,16,369,18,371,7.15e-105,312
AYT27_RS07755,OANT_RS06225,43.976,166,86,4,41,204,41,201,4.25e-40,134
AYT27_RS07775,OANT_RS03885,37.931,116,63,2,15,121,12,127,1.09e-21,81.3
AYT27_RS07790,OANT_RS06220,38.129,278,158,1,59,336,75,338,5.47e-59,191
AYT27_RS07795,OANT_RS06215,83.333,186,31,0,1,186,1,186,2.17e-118,330
AYT27_RS07800,OANT_RS06210,71.483,263,75,0,1,263,1,263,8.01e-142,396
AYT27_RS07805,OANT_RS06195,59.291,592,237,1,1,592,44,631,0.0,642
AYT27_RS07810,OANT_RS06190,82.192,73,13,0,1,73,1,73,7.09e-44,133
AYT27_RS07820,OANT_RS06110,44.595,148,56,5,1,135,120,254,2.19e-26,99.8
AYT27_RS07825,OANT_RS06110,71.637,342,96,1,1,342,1,341,4.13e-178,494
AYT27_RS07830,OANT_RS06120,61.596,401,149,1,2,397,1,401,0.0,506
AYT27_RS07835,OANT_RS06130,78.507,335,72,0,1,335,1,335,0.0,551
AYT27_RS07840,OANT_RS06135,73.939,660,171,1,1,659,1,660,0.0,1023
AYT27_RS07845,OANT_RS06140,62.766,94,28,3,1,91,1,90,6.10e-30,99.4
AYT27_RS07850,OANT_RS06145,48.276,116,53,1,1,109,1,116,1.34e-35,116
AYT27_RS07860,OANT_RS06015,65.481,478,165,0,1,478,1,478,0.0,644
AYT27_RS07865,OANT_RS06010,59.350,123,50,0,44,166,17,139,2.18e-53,164
AYT27_RS07870,OANT_RS06000,55.422,83,33,1,6,84,2,84,1.47e-27,93.2
AYT27_RS07890,OANT_RS05915,61.745,596,214,3,1,595,1,583,0.0,732
AYT27_RS07900,OANT_RS05905,51.905,210,101,0,1,210,1,210,2.98e-78,231
AYT27_RS07905,OANT_RS05885,47.983,471,244,1,12,481,23,493,1.75e-165,474
AYT27_RS07910,OANT_RS05875,63.380,284,104,0,18,301,26,309,1.65e-131,373
AYT27_RS07915,OANT_RS05845,41.468,545,265,11,6,504,489,1025,3.28e-126,390
AYT27_RS07920,OANT_RS05855,82.143,112,20,0,1,112,1,112,6.59e-68,197
AYT27_RS07925,OANT_RS05860,72.727,176,47,1,1,175,1,176,2.75e-92,265
AYT27_RS07930,OANT_RS05830,91.525,59,5,0,1,59,1,59,2.38e-36,113
AYT27_RS07935,OANT_RS05820,60.067,298,119,0,3,300,7,304,2.13e-116,335
AYT27_RS07965,OANT_RS05805,76.716,408,95,0,4,411,6,413,0.0,634
AYT27_RS07975,OANT_RS17560,42.342,333,176,3,12,328,12,344,9.75e-90,270
AYT27_RS07980,OANT_RS17565,41.188,505,294,1,12,513,9,513,9.98e-127,379
AYT27_RS07985,OANT_RS05720,40.496,121,71,1,13,132,5,125,3.01e-24,88.6
AYT27_RS07990,OANT_RS05715,84.034,476,68,3,47,519,36,506,0.0,799
AYT27_RS07995,OANT_RS05710,66.337,303,91,3,1,303,1,292,3.99e-139,392
AYT27_RS08000,OANT_RS05705,84.736,511,76,1,1,511,1,509,0.0,889
AYT27_RS08005,OANT_RS05700,43.575,179,96,1,13,191,11,184,1.94e-44,143
AYT27_RS08015,OANT_RS05690,48.936,47,23,1,1,46,652,698,7.21e-09,48.1
AYT27_RS08020,OANT_RS05690,65.247,728,244,2,9,736,22,740,0.0,976
AYT27_RS08025,OANT_RS05685,76.147,218,51,1,1,218,1,217,1.21e-125,351
AYT27_RS08030,OANT_RS05670,42.775,173,93,1,18,190,26,192,8.14e-41,134
AYT27_RS08035,OANT_RS05665,68.565,878,265,3,9,879,3,876,0.0,1272
AYT27_RS08040,OANT_RS05660,61.979,192,73,0,36,227,29,220,5.48e-88,257
AYT27_RS08055,OANT_RS05650,74.962,651,161,1,1,649,1,651,0.0,1062
AYT27_RS08060,OANT_RS05080,79.452,219,45,0,1,219,1,219,3.06e-129,360
AYT27_RS08065,OANT_RS05085,47.333,300,158,0,11,310,41,340,7.40e-107,313
AYT27_RS08070,OANT_RS05090,43.000,200,109,3,28,223,87,285,3.70e-52,167
AYT27_RS08080,OANT_RS18385,58.193,653,267,3,9,660,6,653,0.0,743
AYT27_RS08085,OANT_RS18390,46.272,389,204,2,1,389,1,384,3.15e-108,322
AYT27_RS08090,OANT_RS18395,45.842,469,242,6,24,489,1,460,9.26e-128,377
AYT27_RS08095,OANT_RS04970,62.172,267,101,0,1,267,1,267,1.86e-126,357
AYT27_RS08100,OANT_RS04965,52.866,157,73,1,43,198,62,218,4.95e-61,187
AYT27_RS08105,OANT_RS04960,56.667,870,306,10,1,811,1,858,0.0,905
AYT27_RS08110,OANT_RS04945,53.676,408,188,1,16,423,5,411,4.89e-162,460
AYT27_RS08175,OANT_RS03490,32.632,95,53,2,7,95,9,98,2.64e-11,53.1
AYT27_RS08180,OANT_RS03495,39.753,810,437,11,18,812,16,789,0.0,572
AYT27_RS08190,OANT_RS03510,25.839,298,200,9,3,289,2,289,1.17e-23,95.5
AYT27_RS08205,OANT_RS03510,25.735,272,188,7,3,270,2,263,1.03e-23,95.5
AYT27_RS08215,OANT_RS03515,34.667,225,139,4,9,229,2,222,8.31e-39,131
AYT27_RS08220,OANT_RS03520,31.179,263,160,4,21,265,18,277,8.15e-37,129
AYT27_RS08225,OANT_RS03525,36.176,340,205,6,57,392,33,364,9.78e-67,214
AYT27_RS08230,OANT_RS03530,35.652,345,187,7,12,343,5,327,3.57e-61,196
AYT27_RS08240,OANT_RS04930,66.000,100,31,2,1,99,162,259,4.43e-41,133
AYT27_RS08245,OANT_RS04930,82.625,259,45,0,1,259,1,259,6.69e-168,461
AYT27_RS08250,OANT_RS04925,85.953,598,84,0,17,614,17,614,0.0,1061
AYT27_RS08255,OANT_RS04920,51.562,128,62,0,1,128,4,131,6.42e-46,142
AYT27_RS08260,OANT_RS04915,50.758,132,64,1,1,132,1,131,7.48e-41,130
AYT27_RS08265,OANT_RS04890,86.066,122,17,0,2,123,3,124,3.08e-72,210
AYT27_RS08270,OANT_RS04880,66.957,230,75,1,3,231,14,243,4.80e-110,313
AYT27_RS08275,OANT_RS04875,47.619,168,87,1,7,173,3,170,4.81e-52,162
AYT27_RS08285,OANT_RS04870,57.468,308,131,0,15,322,8,315,9.46e-132,375
AYT27_RS08290,OANT_RS04725,55.172,87,35,1,6,88,8,94,5.71e-27,92.4
AYT27_RS08295,OANT_RS04730,58.852,209,83,1,1,206,1,209,4.88e-93,268
AYT27_RS08300,OANT_RS04735,76.615,325,76,0,1,325,1,325,0.0,548
AYT27_RS08305,OANT_RS04740,60.611,622,229,7,6,622,9,619,0.0,746
AYT27_RS08315,OANT_RS04750,65.327,199,69,0,22,220,16,214,6.03e-88,256
AYT27_RS08320,OANT_RS04755,89.583,96,10,0,1,96,1,96,2.29e-61,179
AYT27_RS08325,OANT_RS18370,48.263,259,117,5,5,260,3,247,5.09e-74,223
AYT27_RS08340,OANT_RS25670,68.889,45,14,0,1,45,1,45,1.91e-17,65.1
AYT27_RS08345,OANT_RS05625,69.517,538,164,0,1,538,1,538,0.0,775
AYT27_RS08350,OANT_RS05630,48.639,551,273,3,21,566,31,576,1.31e-173,501
AYT27_RS08355,OANT_RS05635,53.675,449,195,5,7,447,26,469,5.88e-170,483
AYT27_RS08360,OANT_RS05640,70.526,285,80,2,1,284,1,282,1.52e-140,398
AYT27_RS08365,OANT_RS05645,63.934,61,22,0,11,71,9,69,2.65e-17,65.9
AYT27_RS08370,OANT_RS05585,78.641,103,22,0,1,103,1,103,4.78e-59,176
AYT27_RS08375,OANT_RS05580,57.576,99,42,0,2,100,5,103,1.60e-36,117
AYT27_RS08380,OANT_RS05575,76.337,486,114,1,1,486,1,485,0.0,641
AYT27_RS08385,OANT_RS05560,59.048,210,86,0,1,210,1,210,3.79e-96,276
AYT27_RS08390,OANT_RS05610,54.061,1539,677,9,47,1562,63,1594,0.0,1673
AYT27_RS08395,OANT_RS05115,26.571,350,211,7,3,351,35,339,7.97e-40,140
AYT27_RS08400,OANT_RS15560,29.293,198,126,6,19,209,3,193,9.62e-20,82.4
AYT27_RS08405,OANT_RS05050,35.125,558,316,7,1,517,1,553,5.01e-95,296
AYT27_RS08410,OANT_RS05045,36.937,222,133,5,164,384,215,430,6.80e-35,131
AYT27_RS08415,OANT_RS05030,69.231,364,107,1,1,364,1,359,3.31e-177,493
AYT27_RS08425,OANT_RS05015,78.832,137,29,0,1,137,1,137,9.81e-81,231
AYT27_RS08435,OANT_RS04985,62.667,225,84,0,1,225,1,225,1.20e-106,304
AYT27_RS08440,OANT_RS05130,47.458,236,124,0,2,237,4,239,2.06e-82,244
AYT27_RS08445,OANT_RS05140,36.972,852,469,12,25,811,49,897,1.09e-172,518
AYT27_RS08450,OANT_RS05145,59.569,418,169,0,4,421,4,421,0.0,513
AYT27_RS08460,OANT_RS05160,37.500,232,137,4,3,227,5,235,7.38e-52,165
AYT27_RS08465,OANT_RS05170,55.629,151,66,1,15,164,8,158,8.90e-58,175
AYT27_RS08470,OANT_RS05180,52.650,283,133,1,2,283,1,283,2.48e-98,287
AYT27_RS08475,OANT_RS05120,71.845,309,87,0,1,309,1,309,2.18e-170,472
AYT27_RS08480,OANT_RS04455,50.872,344,169,0,1,344,1,344,6.13e-131,375
AYT27_RS08485,OANT_RS04465,64.015,264,95,0,1,264,1,264,6.66e-121,343
AYT27_RS08490,OANT_RS04470,60.690,290,110,2,1,290,1,286,1.64e-107,311
AYT27_RS08495,OANT_RS04475,55.593,295,131,0,27,321,19,313,8.62e-117,337
AYT27_RS08500,OANT_RS17000,96.000,25,1,0,1,25,1,25,3.50e-10,45.1
AYT27_RS08510,OANT_RS01510,47.703,283,123,7,11,285,18,283,1.18e-66,207
AYT27_RS08515,OANT_RS05095,63.178,258,95,0,4,261,1,258,9.75e-116,330
AYT27_RS08520,OANT_RS04675,50.305,328,161,2,25,351,27,353,1.23e-112,330
AYT27_RS08525,OANT_RS04680,43.583,374,183,1,8,353,5,378,4.68e-117,341
AYT27_RS08535,OANT_RS04690,60.086,233,93,0,5,237,4,236,1.74e-107,313
AYT27_RS08540,OANT_RS04695,76.972,317,73,0,1,317,1,317,2.74e-177,490
AYT27_RS08545,OANT_RS04700,58.117,308,127,2,1,307,1,307,1.70e-115,333
AYT27_RS08550,OANT_RS04710,46.512,172,92,0,22,193,21,192,4.02e-62,189
AYT27_RS08555,OANT_RS04715,61.247,369,138,1,5,373,12,375,3.94e-161,454
AYT27_RS08560,OANT_RS02870,39.815,108,61,1,19,126,12,115,1.20e-27,95.9
AYT27_RS08565,OANT_RS02870,41.525,118,64,2,9,126,3,115,1.26e-29,100
AYT27_RS08570,OANT_RS18275,40.566,106,63,0,4,109,6,111,2.96e-23,85.1
AYT27_RS08575,OANT_RS18270,52.688,93,44,0,1,93,1,93,6.58e-24,84.3
AYT27_RS08580,OANT_RS18265,44.099,161,89,1,1,161,1,160,2.25e-37,123
AYT27_RS08585,OANT_RS18260,61.217,526,202,2,6,529,5,530,0.0,569
AYT27_RS08590,OANT_RS18255,70.270,111,33,0,1,111,1,111,1.45e-55,166
AYT27_RS08595,OANT_RS18250,64.712,972,342,1,1,972,1,971,0.0,1217
AYT27_RS08600,OANT_RS20035,42.708,96,42,2,61,156,65,147,4.86e-20,78.6
AYT27_RS08605,OANT_RS02295,68.767,365,114,0,1,365,1,365,0.0,540
AYT27_RS08610,OANT_RS02300,69.268,410,126,0,1,410,1,410,0.0,617
AYT27_RS08625,OANT_RS04855,74.153,472,117,2,1,468,1,471,0.0,726
AYT27_RS08630,OANT_RS04835,69.756,410,119,2,1,406,1,409,0.0,564
AYT27_RS08635,OANT_RS04830,76.124,1001,237,1,1,999,1,1001,0.0,1647
AYT27_RS08640,OANT_RS04825,89.000,300,33,0,1,300,1,300,0.0,516
AYT27_RS08645,OANT_RS04820,86.650,397,53,0,1,397,1,397,0.0,690
AYT27_RS08650,OANT_RS04815,84.688,320,49,0,1,320,1,320,0.0,554
AYT27_RS08655,OANT_RS04810,55.438,377,157,3,4,379,13,379,3.77e-146,417
AYT27_RS08660,OANT_RS04805,42.778,180,100,2,1,178,1,179,4.37e-42,136
AYT27_RS08665,OANT_RS04800,52.982,285,129,1,2,281,4,288,1.08e-90,268
AYT27_RS08670,OANT_RS04795,69.139,418,129,0,1,418,1,418,0.0,641
AYT27_RS08675,OANT_RS04790,75.884,311,75,0,103,413,182,492,1.85e-176,499
AYT27_RS08680,OANT_RS04785,56.502,223,93,2,7,229,2,220,3.28e-90,262
AYT27_RS08685,OANT_RS04780,56.972,251,108,0,3,253,10,260,1.52e-100,291
AYT27_RS08690,OANT_RS04450,61.639,305,101,2,1,301,1,293,2.82e-131,372
AYT27_RS08695,OANT_RS04445,77.358,265,59,1,1,264,1,265,3.72e-150,417
AYT27_RS08700,OANT_RS04440,53.365,208,97,0,4,211,2,209,8.48e-78,230
AYT27_RS08705,OANT_RS04435,65.161,620,215,1,3,621,8,627,0.0,840
AYT27_RS08710,OANT_RS04430,54.147,434,199,0,2,435,9,442,4.78e-176,497
AYT27_RS08715,OANT_RS04420,90.736,421,39,0,1,421,1,421,0.0,786
