B_henselae|Q.,C_crescentus|S.,% identity,alignment length,mismatches,gap opens,q. start,q. end,s. start,s. end,evalue,bit score
AYT27_RS00005,CC_0001,52.453,265,125,1,8,271,44,308,2.21e-89,265
AYT27_RS00010,CC_0002,45.503,189,98,3,6,191,6,192,3.88e-48,153
AYT27_RS00015,CC_0003,38.406,276,162,3,18,290,14,284,4.58e-44,148
AYT27_RS00020,CC_0004,50.538,186,91,1,1,185,24,209,8.82e-63,191
AYT27_RS00025,CC_0005,44.444,234,124,4,2,233,3,232,2.95e-62,192
AYT27_RS00030,CC_3464,54.725,963,412,5,7,968,28,967,0.0,1002
AYT27_RS00035,CC_0523,27.419,248,151,6,52,278,8,247,2.88e-20,84.7
AYT27_RS00040,CC_3663,43.846,260,133,3,1,257,32,281,1.08e-67,208
AYT27_RS00050,CC_0700,28.743,167,111,5,1,163,6,168,1.52e-11,56.6
AYT27_RS00055,CC_1187,45.174,259,141,1,10,268,4,261,4.94e-82,245
AYT27_RS00060,CC_1188,47.440,293,148,3,20,308,9,299,2.03e-94,279
AYT27_RS00070,CC_3586,62.637,91,34,0,1,91,1,91,1.74e-37,118
AYT27_RS00080,CC_3601,31.373,153,89,4,46,196,36,174,1.97e-14,65.9
AYT27_RS00085,CC_3600,61.017,236,92,0,28,263,11,246,1.54e-106,306
AYT27_RS00095,CC_3596,38.312,154,95,0,1,154,27,180,9.02e-38,124
AYT27_RS00105,CC_0134,58.221,371,139,4,29,397,25,381,8.43e-156,442
AYT27_RS00110,CC_0029,30.435,207,144,0,4,210,1,207,6.02e-31,110
AYT27_RS00115,CC_0084,56.128,563,203,5,15,548,5,552,0.0,622
AYT27_RS00120,CC_1070,52.998,517,229,4,16,519,17,532,0.0,541
AYT27_RS00125,CC_3539,52.381,105,50,0,1,105,1,105,2.00e-40,127
AYT27_RS00130,CC_3538,31.963,1192,711,24,12,1152,53,1195,1.09e-165,520
AYT27_RS00135,CC_3537,31.519,1047,627,23,5,1032,13,988,5.40e-124,400
AYT27_RS00140,CC_3535,36.601,153,93,1,33,185,207,355,4.44e-29,107
AYT27_RS00150,CC_3534,40.602,133,78,1,7,139,6,137,3.93e-29,101
AYT27_RS00155,CC_3484,30.746,657,407,11,181,817,131,759,1.91e-92,304
AYT27_RS00160,CC_0257,67.679,461,149,0,5,465,3,463,0.0,648
AYT27_RS00165,CC_3604,40.938,320,177,5,13,329,4,314,3.00e-65,206
AYT27_RS00170,CC_3541,43.165,417,228,6,17,431,19,428,4.04e-99,300
AYT27_RS00175,CC_3542,56.272,279,120,2,2,280,23,299,1.98e-110,320
AYT27_RS00190,CC_3712,52.141,397,183,5,55,449,13,404,6.90e-129,377
AYT27_RS00195,CC_3709,44.516,465,248,4,1,461,1,459,1.02e-141,415
AYT27_RS00200,CC_3708,48.617,253,114,4,17,260,7,252,2.57e-78,234
AYT27_RS00205,CC_0160,63.447,818,274,5,5,810,1,805,0.0,1014
AYT27_RS00215,CC_1441,24.464,233,160,6,53,284,38,255,9.05e-16,72.4
AYT27_RS00220,CC_0140,56.574,502,212,5,1,500,1,498,0.0,528
AYT27_RS00225,CC_1603,26.418,564,355,12,110,653,105,628,7.60e-42,157
AYT27_RS00230,CC_1604,25.269,744,465,27,859,1548,692,1398,3.02e-34,140
AYT27_RS00240,CC_0305,31.904,583,386,2,10,582,11,592,5.44e-104,323
AYT27_RS00245,CC_1049,64.671,167,59,0,6,172,7,173,1.71e-70,208
AYT27_RS00250,CC_1053,43.277,238,131,2,13,250,12,245,6.23e-64,199
AYT27_RS00255,CC_0251,31.967,244,145,5,6,240,7,238,7.50e-35,122
AYT27_RS00260,CC_0275,48.711,388,186,3,3,390,9,383,3.45e-113,333
AYT27_RS00265,CC_0145,44.750,400,194,10,3,398,7,383,5.55e-98,294
AYT27_RS00270,CC_0146,45.366,205,97,4,8,212,4,193,3.09e-52,164
AYT27_RS00275,CC_0153,51.734,346,163,3,10,355,15,356,7.20e-121,350
AYT27_RS00280,CC_0154,46.452,155,80,2,57,210,12,164,2.65e-40,134
AYT27_RS00285,CC_3661,30.769,169,117,0,1,169,1,169,1.42e-22,86.3
AYT27_RS00290,CC_0241,52.874,87,41,0,13,99,6,92,6.97e-27,92.0
AYT27_RS00295,CC_0240,57.143,133,54,2,1,132,13,143,3.36e-47,146
AYT27_RS00300,CC_0239,36.283,113,61,4,18,126,17,122,3.10e-13,60.1
AYT27_RS00305,CC_0238,40.036,557,281,11,43,594,25,533,3.93e-119,360
AYT27_RS00310,CC_0237,64.807,233,80,1,10,240,3,235,5.44e-110,313
AYT27_RS00320,CC_3502,34.426,122,73,2,62,183,31,145,9.31e-20,78.6
AYT27_RS00325,CC_0010,74.921,630,155,2,1,629,1,628,0.0,978
AYT27_RS00330,CC_0011,53.646,384,167,4,4,378,3,384,5.04e-146,416
AYT27_RS00340,CC_0283,56.552,290,120,2,16,299,13,302,1.07e-102,300
AYT27_RS00350,CC_1034,78.283,594,128,1,8,601,55,647,0.0,954
AYT27_RS00355,CC_0281,66.667,282,85,4,4,282,8,283,3.00e-121,345
AYT27_RS00360,CC_0810,44.828,261,124,3,33,287,11,257,7.76e-78,234
AYT27_RS00365,CC_0278,56.275,247,106,1,1,247,1,245,4.03e-100,289
AYT27_RS00370,CC_0279,48.039,306,155,2,3,308,1,302,2.86e-96,284
AYT27_RS00375,CC_0272,50.993,151,74,0,14,164,18,168,5.21e-56,171
AYT27_RS00395,CC_3592,43.151,146,73,3,1,140,23,164,6.66e-37,121
AYT27_RS00400,CC_3731,51.795,195,94,0,27,221,38,232,1.14e-71,216
AYT27_RS00405,CC_1046,62.687,67,24,1,1,67,1,66,3.16e-24,83.2
AYT27_RS00410,CC_1045,70.940,117,34,0,1,117,1,117,1.29e-54,164
AYT27_RS00415,CC_1044,59.714,350,137,2,1,349,1,347,7.98e-158,444
AYT27_RS00420,CC_1043,47.487,796,396,11,1,787,1,783,0.0,637
AYT27_RS00430,CC_3373,31.839,223,137,5,2,219,7,219,5.45e-28,106
AYT27_RS00465,CC_3587,66.195,565,180,5,4,563,3,561,0.0,737
AYT27_RS00470,CC_3588,46.798,203,108,0,4,206,3,205,5.30e-60,184
AYT27_RS00475,CC_3589,51.264,435,198,6,15,442,14,441,7.58e-138,400
AYT27_RS00485,CC_t49,84.000,25,4,0,1,25,1,25,2.99e-09,42.4
AYT27_RS00495,CC_3044,73.039,612,164,1,1,612,1,611,0.0,943
AYT27_RS00505,CC_0012,47.821,895,441,11,27,908,19,900,0.0,784
AYT27_RS00510,CC_3549,59.463,745,302,0,16,760,13,757,0.0,920
AYT27_RS00515,CC_3742,45.775,142,77,0,11,152,17,158,3.79e-48,150
AYT27_RS00525,CC_3741,29.224,219,119,6,6,223,43,226,9.53e-22,87.0
AYT27_RS00530,CC_3739,32.979,188,116,3,12,196,7,187,1.88e-24,92.4
AYT27_RS00535,CC_2241,39.677,310,162,5,22,328,12,299,2.06e-75,231
AYT27_RS00540,CC_2243,51.194,377,182,2,13,387,18,394,3.81e-136,392
AYT27_RS00545,CC_2245,40.805,174,88,3,1,174,18,176,2.13e-33,114
AYT27_RS00550,CC_3674,37.013,154,91,3,24,177,11,158,2.08e-30,107
AYT27_RS00560,CC_3672,44.980,249,133,2,3,250,2,247,1.33e-69,211
AYT27_RS00565,CC_3669,37.500,176,108,1,4,179,7,180,2.09e-12,61.2
AYT27_RS00570,CC_3668,34.921,189,119,1,6,190,8,196,1.20e-27,101
AYT27_RS00575,CC_3667,64.358,895,315,3,1,894,1,892,0.0,1200
AYT27_RS00580,CC_0007,66.279,86,29,0,1,86,1,86,1.41e-34,110
AYT27_RS00585,CC_0008,40.042,477,264,10,51,516,21,486,6.55e-99,305
AYT27_RS00590,CC_0156,47.594,374,193,3,1,373,1,372,1.31e-120,350
AYT27_RS00595,CC_0159,40.897,379,212,6,8,375,4,381,2.64e-77,240
AYT27_RS00600,CC_1882,48.551,138,71,0,1,138,1,138,3.61e-45,142
AYT27_RS00605,CC_1773,44.718,284,144,3,22,301,28,302,7.81e-82,249
AYT27_RS00610,CC_1772,57.186,668,272,6,1,667,9,663,0.0,782
AYT27_RS00615,CC_1771,41.176,221,109,3,1,221,8,207,2.43e-57,177
AYT27_RS00620,CC_1770,33.981,103,66,1,5,107,18,118,9.97e-16,68.2
AYT27_RS00625,CC_0070,38.806,335,184,4,8,333,8,330,7.70e-73,226
AYT27_RS00630,CC_3717,54.440,259,118,0,4,262,19,277,2.30e-103,299
AYT27_RS00635,CC_3719,68.642,405,123,3,1,404,1,402,0.0,570
AYT27_RS00640,CC_3720,66.871,163,54,0,4,166,2,164,6.94e-81,234
AYT27_RS00650,CC_3721,32.374,139,89,1,41,179,41,174,1.79e-28,102
AYT27_RS00655,CC_3297,82.609,69,12,0,1,69,12,80,1.29e-27,92.8
AYT27_RS00670,CC_t04,76.000,25,6,0,1,25,1,25,1.42e-08,40.4
AYT27_RS00675,CC_1203,24.924,329,232,3,41,360,12,334,1.03e-20,89.4
AYT27_RS00680,CC_1204,36.285,1039,625,9,22,1036,5,1030,5.48e-180,550
AYT27_RS00690,CC_0222,43.948,537,299,2,13,549,4,538,3.30e-144,424
AYT27_RS00695,CC_t03,60.000,30,12,0,1,30,1,30,8.40e-09,41.6
AYT27_RS00700,CC_0319,45.714,105,57,0,1,105,1,105,4.21e-27,97.1
AYT27_RS00705,CC_0318,70.787,89,26,0,1,89,1,89,1.40e-43,133
AYT27_RS00710,CC_0448,37.015,670,396,9,174,829,181,838,1.20e-118,376
AYT27_RS00715,CC_t10,93.333,30,2,0,1,30,1,30,5.60e-16,59.7
AYT27_RS00805,CC_1614,49.383,324,153,5,105,419,48,369,1.44e-102,307
AYT27_RS00810,CC_1615,48.291,234,111,4,5,237,2,226,2.29e-72,218
AYT27_RS00820,CC_0315,63.142,331,121,1,1,330,1,331,2.68e-130,373
AYT27_RS00825,CC_0314,51.507,365,171,4,12,372,13,375,8.88e-112,328
AYT27_RS00830,CC_3430,53.995,413,189,1,7,418,1,413,3.93e-155,442
AYT27_RS00835,CC_3431,43.011,186,106,0,10,195,31,216,1.23e-50,160
AYT27_RS00840,CC_3432,57.292,96,41,0,36,131,7,102,4.54e-40,127
AYT27_RS00845,CC_3433,35.849,159,96,2,1,159,2,154,1.30e-28,100
AYT27_RS00850,CC_3434,25.776,322,202,4,96,417,65,349,7.35e-25,101
AYT27_RS00855,CC_3435,49.095,442,209,10,2,430,1,439,8.21e-131,382
AYT27_RS00860,CC_3440,43.210,162,82,5,12,172,9,161,2.47e-40,131
AYT27_RS00870,CC_3621,48.611,72,37,0,23,94,45,116,4.25e-19,72.8
AYT27_RS00875,CC_3622,39.024,82,50,0,6,87,3,84,5.85e-15,62.4
AYT27_RS00880,CC_0047,53.714,175,81,0,1,175,1,175,6.11e-71,209
AYT27_RS00885,CC_0741,63.711,609,212,5,1,601,1,608,0.0,790
AYT27_RS00890,CC_2174,28.770,431,287,8,28,453,73,488,1.14e-51,179
AYT27_RS00895,CC_3702,41.704,669,385,5,9,674,5,671,8.13e-172,504
AYT27_RS00905,CC_3322,39.896,386,211,9,42,418,55,428,2.08e-79,249
AYT27_RS00910,CC_3637,56.318,277,121,0,1,277,1,277,7.44e-121,345
AYT27_RS00915,CC_2263,53.226,310,140,2,20,329,12,316,1.57e-106,311
AYT27_RS00925,CC_3315,32.563,476,293,5,1,449,1,475,2.35e-66,218
AYT27_RS00935,CC_1617,65.768,482,160,1,14,495,7,483,0.0,635
AYT27_RS00940,CC_1619,42.056,428,238,2,1,426,1,420,2.05e-108,323
AYT27_RS00945,CC_1620,66.341,511,171,1,9,518,10,520,0.0,717
AYT27_RS00950,CC_2157,34.783,161,87,8,5,155,22,174,8.40e-12,60.1
AYT27_RS00955,CC_3134,50.427,234,115,1,3,236,14,246,4.14e-80,246
AYT27_RS00985,CC_1518,28.061,196,123,5,3,187,7,195,7.13e-21,85.1
AYT27_RS01000,CC_3492,25.705,638,341,22,117,707,43,594,1.15e-34,137
AYT27_RS01010,CC_0875,37.319,276,168,3,14,288,41,312,9.11e-54,174
AYT27_RS01015,CC_0856,58.192,354,143,2,4,356,32,381,4.95e-151,428
AYT27_RS01020,CC_0057,54.622,119,54,0,15,133,12,130,1.83e-43,137
AYT27_RS01025,CC_3068,56.865,925,367,10,7,905,4,922,0.0,1038
AYT27_RS01030,CC_3067,31.183,186,114,4,89,269,73,249,2.67e-21,89.4
AYT27_RS01035,CC_3066,47.739,398,205,1,16,410,6,403,2.03e-119,350
AYT27_RS01040,CC_0833,54.478,134,61,0,3,136,1,134,1.07e-50,155
AYT27_RS01045,CC_2936,36.630,273,164,6,1,271,1,266,2.14e-58,185
AYT27_RS01050,CC_2937,43.973,448,234,7,14,454,24,461,1.13e-128,378
AYT27_RS01065,CC_3727,70.330,182,47,3,6,182,9,188,4.28e-89,256
AYT27_RS01070,CC_3728,68.129,433,131,4,5,436,4,430,0.0,533
AYT27_RS01075,CC_1837,32.377,244,157,5,90,332,66,302,1.11e-31,117
AYT27_RS01080,CC_0034,66.952,702,232,0,1,702,1,702,0.0,976
AYT27_RS01085,CC_0035,77.528,89,20,0,1,89,1,89,4.07e-47,142
AYT27_RS01090,CC_0403,27.922,154,104,1,6,152,24,177,5.59e-10,58.2
AYT27_RS01095,CC_0036,42.331,326,164,3,1,319,1,309,9.02e-87,260
AYT27_RS01100,CC_0037,45.902,122,64,2,6,126,15,135,2.25e-33,111
AYT27_RS01105,CC_0042,60.686,641,246,5,210,845,397,1036,0.0,791
AYT27_RS01110,CC_0043,34.392,189,120,1,4,192,17,201,9.22e-35,120
AYT27_RS01115,CC_0044,61.822,516,194,1,1,513,3,518,0.0,640
AYT27_RS01120,CC_0045,40.881,159,81,4,61,213,9,160,1.43e-31,110
AYT27_RS01125,CC_0049,37.273,220,130,4,13,232,59,270,6.27e-43,143
AYT27_RS01130,CC_0050,55.425,424,165,9,1,418,1,406,1.56e-146,420
AYT27_RS01135,CC_0051,45.455,132,70,2,2,132,5,135,3.87e-40,128
AYT27_RS01140,CC_0052,32.000,500,308,13,48,535,30,509,2.03e-66,221
AYT27_RS01145,CC_0053,43.231,229,113,4,86,313,65,277,4.81e-56,182
AYT27_RS01150,CC_0054,38.365,159,83,4,2,155,3,151,6.07e-33,111
AYT27_RS01155,CC_0055,45.902,305,151,2,49,353,11,301,6.89e-87,262
AYT27_RS01160,CC_0056,57.895,399,157,6,15,411,7,396,5.05e-160,457
AYT27_RS01165,CC_0058,33.562,146,96,1,15,160,5,149,2.26e-26,94.7
AYT27_RS01170,CC_0059,35.242,227,121,9,2,219,1,210,3.11e-28,103
AYT27_RS01175,CC_0425,29.259,270,175,6,13,276,146,405,3.96e-12,63.5
AYT27_RS01180,CC_0269,55.479,146,65,0,53,198,4,149,2.16e-56,172
AYT27_RS01185,CC_0268,42.105,76,44,0,8,83,1,76,1.18e-17,68.9
AYT27_RS01190,CC_0267,56.579,380,159,3,9,385,55,431,1.94e-143,427
AYT27_RS01210,CC_2933,53.405,279,126,2,1,279,1,275,3.72e-94,276
AYT27_RS01215,CC_2934,46.250,240,126,3,3,240,1,239,4.70e-67,204
AYT27_RS01220,CC_1210,37.374,99,61,1,66,164,48,145,2.46e-19,77.4
AYT27_RS01235,CC_3134,34.599,237,134,7,296,526,25,246,7.95e-34,129
AYT27_RS01240,CC_3726,49.793,241,115,2,8,248,13,247,4.51e-70,213
AYT27_RS01245,CC_0141,55.591,313,138,1,1,312,3,315,6.52e-126,359
AYT27_RS01250,CC_1515,39.692,325,192,3,1,325,1,321,1.51e-72,226
AYT27_RS01255,CC_0290,44.355,496,231,14,9,486,9,477,5.24e-115,344
AYT27_RS01260,CC_0291,50.120,417,199,2,14,429,22,430,1.73e-143,413
AYT27_RS01265,CC_0292,72.510,251,67,1,2,252,26,274,1.96e-134,377
AYT27_RS01270,CC_0293,46.222,225,121,0,4,228,3,227,3.46e-65,199
AYT27_RS01280,CC_2967,34.286,140,82,4,47,176,218,357,1.39e-13,67.0
AYT27_RS01290,CC_3707,47.333,300,134,6,1,290,29,314,7.78e-87,259
AYT27_RS01300,CC_3603,54.229,201,92,0,6,206,5,205,3.01e-75,223
AYT27_RS01325,CC_0701,52.821,975,416,17,9,962,10,961,0.0,1001
AYT27_RS01335,CC_0231,52.713,129,59,1,21,147,29,157,1.12e-36,120
AYT27_RS01340,CC_0230,54.852,237,102,1,8,239,35,271,3.06e-91,280
AYT27_RS01345,CC_0227,40.212,189,104,3,1,183,1,186,2.44e-44,142
AYT27_RS01365,CC_0309,40.758,422,246,4,26,443,22,443,3.73e-96,293
AYT27_RS01370,CC_0308,41.364,220,123,3,10,226,2,218,1.68e-45,150
AYT27_RS01375,CC_0307,49.296,71,36,0,8,78,4,74,5.29e-23,80.9
AYT27_RS01385,CC_0302,38.936,357,207,7,9,361,6,355,5.78e-71,227
AYT27_RS01390,CC_0301,39.355,310,171,8,1,297,1,306,1.09e-56,184
AYT27_RS01400,CC_0695,47.500,640,305,8,1,612,1,637,0.0,585
AYT27_RS01405,CC_2237,52.355,361,146,4,2,362,28,362,3.41e-128,369
AYT27_RS01410,CC_1151,67.109,377,124,0,1,377,1,377,2.65e-171,480
AYT27_RS01430,CC_0426,23.133,415,269,12,6,388,44,440,1.19e-16,79.0
AYT27_RS01435,CC_2669,34.722,216,128,6,3,206,1,215,1.03e-30,112
AYT27_RS01480,CC_2173,30.909,110,69,3,1,103,57,166,1.52e-09,52.4
AYT27_RS01545,CC_2173,36.986,146,83,3,4,145,7,147,1.01e-22,92.0
AYT27_RS01550,CC_3038,47.059,51,27,0,46,96,14,64,9.33e-15,60.5
AYT27_RS01555,CC_3037,39.773,88,53,0,3,90,4,91,1.00e-23,84.7
AYT27_RS01635,CC_2867,36.957,92,55,2,9,97,13,104,2.68e-13,58.2
AYT27_RS01775,CC_2867,43.182,88,50,0,7,94,15,102,5.56e-23,82.4
AYT27_RS01835,CC_3185,38.060,134,74,2,1,130,1,129,3.94e-20,77.0
AYT27_RS01850,CC_1468,53.097,113,53,0,2,114,5,117,3.45e-44,140
AYT27_RS01860,CC_2867,40.659,91,53,1,5,95,14,103,1.05e-16,66.2
AYT27_RS01960,CC_3216,62.468,389,141,2,4,387,5,393,0.0,507
AYT27_RS01965,CC_3103,64.871,427,149,1,1,427,1,426,0.0,574
AYT27_RS01975,CC_3098,64.505,293,100,4,4,294,6,296,3.40e-138,389
AYT27_RS01980,CC_0453,50.629,318,142,8,9,326,33,335,9.63e-94,280
AYT27_RS01985,CC_0419,53.263,475,214,5,1,473,1,469,1.91e-171,488
AYT27_RS01990,CC_3704,63.619,514,169,6,329,836,311,812,0.0,655
AYT27_RS02005,CC_2482,33.197,244,149,4,197,437,599,831,3.15e-38,144
AYT27_RS02010,CC_3585,48.201,139,66,2,1,136,3,138,6.24e-36,117
AYT27_RS02015,CC_0528,47.801,341,176,2,7,345,6,346,4.08e-102,302
AYT27_RS02025,CC_3130,56.103,467,203,2,9,475,1,465,0.0,538
AYT27_RS02030,CC_3129,38.995,418,248,4,12,427,17,429,3.86e-93,284
AYT27_RS02035,CC_2057,47.182,479,241,8,14,488,2,472,3.83e-146,424
AYT27_RS02040,CC_2056,34.562,217,135,3,20,234,20,231,2.48e-35,123
AYT27_RS02045,CC_2055,58.347,605,248,3,1,605,1,601,0.0,696
AYT27_RS02050,CC_1217,52.203,295,135,4,3,294,52,343,1.12e-104,306
AYT27_RS02060,CC_3415,38.559,236,144,1,9,244,3,237,1.59e-52,167
AYT27_RS02065,CC_3414,50.787,445,215,3,13,457,13,453,4.59e-152,437
AYT27_RS02070,CC_1104,28.894,443,289,12,21,451,35,463,2.44e-24,102
AYT27_RS02075,CC_0831,42.804,271,151,2,28,294,28,298,5.18e-71,218
AYT27_RS02080,CC_0830,36.232,207,130,1,22,228,30,234,4.95e-37,129
AYT27_RS02085,CC_0829,61.446,83,29,2,1,81,1,82,6.40e-35,111
AYT27_RS02090,CC_0840,55.000,240,107,1,8,246,12,251,2.91e-98,284
AYT27_RS02095,CC_0843,61.466,423,148,4,1,417,1,414,1.82e-179,503
AYT27_RS02100,CC_0450,39.243,423,210,5,32,453,19,395,8.10e-89,273
AYT27_RS02115,CC_1652,24.038,208,155,2,9,214,7,213,8.50e-10,53.9
AYT27_RS02120,CC_1654,55.437,469,183,1,1,469,1,443,0.0,526
AYT27_RS02135,CC_0368,45.200,250,127,4,7,249,3,249,1.39e-71,217
AYT27_RS02140,CC_0367,60.000,70,28,0,6,75,5,74,1.22e-22,79.7
AYT27_RS02145,CC_0366,34.839,155,101,0,29,183,22,176,3.43e-13,61.6
AYT27_RS02150,CC_0365,43.269,104,58,1,5,107,14,117,1.18e-11,57.0
AYT27_RS02155,CC_1342,42.934,743,362,12,1,736,1,688,0.0,557
AYT27_RS02160,CC_1341,60.959,292,108,2,11,301,7,293,1.50e-134,381
AYT27_RS02165,CC_1335,27.726,541,365,8,32,563,39,562,3.81e-56,195
AYT27_RS02170,CC_2113,50.779,321,158,0,34,354,16,336,3.10e-104,307
AYT27_RS02175,CC_2114,31.602,231,148,4,29,258,24,245,3.23e-20,84.0
AYT27_RS02180,CC_0927,27.602,221,146,4,20,230,298,514,2.28e-15,72.8
AYT27_RS02190,CC_1336,36.458,288,166,4,16,294,11,290,3.87e-50,165
AYT27_RS02200,CC_0379,50.000,182,89,2,34,215,12,191,1.45e-50,160
AYT27_RS02205,CC_3390,44.482,299,158,3,18,315,30,321,1.25e-73,227
AYT27_RS02210,CC_3389,43.696,460,255,2,6,465,1,456,1.18e-131,385
AYT27_RS02220,CC_0297,49.289,422,211,3,1,420,4,424,2.51e-144,415
AYT27_RS02225,CC_3421,38.838,327,179,4,3,324,10,320,6.48e-71,221
AYT27_RS02235,CC_0918,59.898,197,76,1,11,207,29,222,2.93e-85,248
AYT27_RS02240,CC_2772,39.869,306,166,5,2,296,3,301,1.02e-59,190
AYT27_RS02245,CC_3717,51.181,254,123,1,7,259,19,272,7.97e-94,275
AYT27_RS02250,CC_3154,66.851,362,120,0,1,362,1,362,6.36e-169,473
AYT27_RS02255,CC_0887,34.324,370,230,9,6,364,2,369,5.03e-60,196
AYT27_RS02260,CC_2070,64.179,67,24,0,8,74,9,75,2.34e-24,84.7
AYT27_RS02265,CC_2068,64.583,624,220,1,6,629,5,627,0.0,810
AYT27_RS02270,CC_1324,44.444,243,132,3,4,246,3,242,1.97e-60,187
AYT27_RS02275,CC_1326,36.232,414,252,5,5,408,4,415,7.58e-87,267
AYT27_RS02280,CC_3411,58.635,469,193,1,3,471,23,490,0.0,563
AYT27_RS02290,CC_3405,50.831,301,126,3,24,303,22,321,4.10e-96,284
AYT27_RS02295,CC_3361,56.051,314,135,1,3,316,7,317,1.91e-121,349
AYT27_RS02300,CC_3364,48.208,307,158,1,1,306,1,307,7.64e-105,306
AYT27_RS02305,CC_3365,55.396,139,62,0,8,146,5,143,1.55e-54,166
AYT27_RS02310,CC_0217,28.814,118,70,4,60,163,15,132,1.53e-08,52.0
AYT27_RS02315,CC_3395,43.299,194,98,5,5,194,10,195,1.45e-45,146
AYT27_RS02320,CC_0740,27.444,532,365,6,418,947,299,811,4.13e-67,238
AYT27_RS02325,CC_3398,35.941,409,262,0,1,409,1,409,5.86e-79,248
AYT27_RS02330,CC_3399,49.345,458,231,1,1,457,1,458,1.27e-158,454
AYT27_RS02350,CC_2096,27.604,192,123,8,3,188,6,187,1.55e-09,53.1
AYT27_RS02355,CC_0378,61.429,350,135,0,23,372,8,357,2.51e-168,471
AYT27_RS02360,CC_0377,45.455,341,176,4,24,360,11,345,4.16e-85,259
AYT27_RS02370,CC_0374,40.373,161,92,3,51,208,33,192,1.56e-32,114
AYT27_RS02375,CC_1471,65.940,872,297,0,3,874,14,885,0.0,1197
AYT27_RS02390,CC_1061,50.382,131,63,1,4,134,8,136,9.90e-44,137
AYT27_RS02395,CC_0949,56.296,135,57,2,7,141,43,175,2.33e-48,151
AYT27_RS02400,CC_0936,45.894,682,368,1,8,689,40,720,0.0,623
AYT27_RS02405,CC_3557,42.408,191,99,6,1,188,1,183,6.63e-48,152
AYT27_RS02430,CC_0252,40.959,542,315,3,102,643,62,598,3.52e-140,423
AYT27_RS02440,CC_2766,61.261,222,85,1,1,221,1,222,2.24e-93,270
AYT27_RS02445,CC_2765,32.187,407,250,7,77,468,66,461,3.97e-52,179
AYT27_RS02455,CC_2761,39.416,137,83,0,18,154,8,144,4.87e-35,117
AYT27_RS02460,CC_2760,45.226,597,321,3,46,636,46,642,1.65e-173,507
AYT27_RS02465,CC_2759,56.180,89,39,0,25,113,22,110,7.43e-31,105
AYT27_RS02470,CC_2758,40.833,480,239,10,52,500,61,526,1.48e-108,330
AYT27_RS02475,CC_2757,58.824,221,91,0,1,221,1,221,1.41e-91,265
AYT27_RS02480,CC_2755,33.966,474,287,7,3,460,2,465,8.25e-67,218
AYT27_RS02485,CC_2753,42.551,839,470,6,111,946,129,958,0.0,592
AYT27_RS02495,CC_0709,42.949,156,87,1,14,169,86,239,1.48e-44,144
AYT27_RS02500,CC_2482,38.850,574,312,11,219,773,278,831,5.67e-120,378
AYT27_RS02505,CC_2481,46.605,869,444,9,11,875,11,863,0.0,763
AYT27_RS02510,CC_1333,41.825,263,145,5,12,272,11,267,3.26e-70,215
AYT27_RS02515,CC_3223,34.711,242,154,3,7,246,9,248,2.57e-29,108
AYT27_RS02520,CC_3264,24.684,158,115,4,24,180,34,188,3.95e-10,54.3
AYT27_RS02525,CC_1880,40.964,249,142,2,6,252,22,267,1.15e-56,179
AYT27_RS02540,CC_2029,69.565,598,175,5,7,598,13,609,0.0,848
AYT27_RS02555,CC_1193,30.638,235,150,4,6,239,9,231,7.36e-35,123
AYT27_RS02560,CC_1192,37.634,279,161,4,76,352,66,333,3.93e-41,144
AYT27_RS02575,CC_2194,28.252,715,450,20,46,725,47,733,7.99e-69,237
AYT27_RS02585,CC_1194,30.569,615,418,9,79,689,54,663,8.85e-83,273
AYT27_RS02590,CC_1195,52.759,290,135,2,2,291,6,293,1.78e-110,319
AYT27_RS02595,CC_1196,61.379,145,56,0,11,155,3,147,8.01e-62,184
AYT27_RS02600,CC_1549,53.774,212,94,1,11,222,17,224,8.02e-78,230
AYT27_RS02605,CC_1552,68.493,73,23,0,1,73,1,73,4.17e-30,102
AYT27_RS02610,CC_1553,45.928,749,371,8,1,741,20,742,0.0,629
AYT27_RS02615,CC_1555,53.368,193,88,2,1,192,1,192,9.73e-73,215
AYT27_RS02625,CC_1558,58.333,132,55,0,1,132,1,132,1.08e-57,172
AYT27_RS02630,CC_1559,40.602,266,124,3,16,251,20,281,2.03e-66,205
AYT27_RS02635,CC_1560,46.018,226,119,3,2,224,4,229,2.83e-52,166
AYT27_RS02640,CC_1562,52.597,308,132,2,6,299,24,331,2.72e-112,325
AYT27_RS02645,CC_1564,36.975,238,144,3,1,235,8,242,4.98e-45,149
AYT27_RS02650,CC_2166,41.155,277,160,3,3,277,6,281,8.45e-68,209
AYT27_RS02655,CC_1651,58.400,250,104,0,23,272,2,251,7.31e-104,300
AYT27_RS02660,CC_1451,57.360,197,78,2,6,200,41,233,6.19e-73,218
AYT27_RS02665,CC_0385,30.916,262,166,7,10,270,9,256,2.47e-36,127
AYT27_RS02670,CC_0388,60.407,442,174,1,1,441,1,442,0.0,532
AYT27_RS02685,CC_0460,42.802,514,224,10,4,501,3,462,7.46e-129,380
AYT27_RS02695,CC_1314,42.162,555,314,2,51,601,85,636,2.86e-145,432
AYT27_RS02710,CC_1656,50.226,221,109,1,8,227,9,229,6.73e-77,230
AYT27_RS02715,CC_1658,62.527,467,169,3,15,481,21,481,0.0,610
AYT27_RS02720,CC_1659,26.042,192,139,1,3,191,1,192,3.22e-15,67.8
AYT27_RS02725,CC_1660,59.390,426,172,1,1,426,1,425,1.88e-170,484
AYT27_RS02730,CC_1665,52.301,478,217,4,23,492,25,499,3.55e-172,491
AYT27_RS02740,CC_1667,52.439,164,78,0,1,164,1,164,2.71e-60,184
AYT27_RS02750,CC_1668,85.714,70,10,0,13,82,23,92,7.84e-42,129
AYT27_RS02755,CC_1669,51.163,129,53,1,1,129,1,119,9.57e-41,129
AYT27_RS02770,CC_1674,55.380,316,135,5,1,312,1,314,2.36e-108,315
AYT27_RS02775,CC_1675,63.158,247,88,2,1,245,1,246,4.53e-98,283
AYT27_RS02780,CC_1677,71.795,78,22,0,1,78,1,78,1.14e-34,110
AYT27_RS02785,CC_1678,60.563,426,161,1,1,419,1,426,0.0,539
AYT27_RS02790,CC_1679,46.541,318,157,5,52,365,39,347,6.51e-93,280
AYT27_RS02795,CC_1681,41.706,211,122,1,12,221,3,213,2.01e-62,191
AYT27_RS02800,CC_1685,48.627,255,124,4,20,273,2,250,9.77e-77,231
AYT27_RS02805,CC_1686,51.672,329,150,5,4,329,6,328,1.37e-103,304
AYT27_RS02815,CC_1689,24.533,803,527,20,29,782,33,805,1.00e-66,234
AYT27_RS02820,CC_1690,30.791,354,223,6,22,365,27,368,2.81e-43,150
AYT27_RS02825,CC_1691,21.703,364,276,4,1,360,1,359,5.84e-18,81.6
AYT27_RS02830,CC_1693,36.735,147,93,0,2,148,7,153,3.70e-39,127
AYT27_RS02845,CC_1774,35.392,421,259,5,3,418,20,432,7.41e-78,245
AYT27_RS02865,CC_1698,45.470,607,317,4,3,603,13,611,2.58e-176,511
AYT27_RS02870,CC_1699,66.423,137,46,0,4,140,3,139,8.62e-65,191
AYT27_RS02875,CC_2908,38.462,208,101,7,7,192,3,205,1.43e-23,90.1
AYT27_RS02880,CC_2881,56.757,629,250,5,39,658,22,637,0.0,724
AYT27_RS02885,CC_1096,35.688,269,167,4,1,269,1,263,1.11e-55,178
AYT27_RS02895,CC_2003,56.250,48,19,2,1,47,1,47,1.53e-12,55.1
AYT27_RS02900,CC_2002,38.095,84,45,1,4,87,5,81,4.62e-16,68.6
AYT27_RS02905,CC_2001,42.500,280,135,2,5,259,10,288,2.59e-60,190
AYT27_RS02910,CC_1999,51.883,478,175,3,1,423,1,478,1.58e-166,473
AYT27_RS02915,CC_1997,33.493,209,133,3,12,217,15,220,3.36e-36,124
AYT27_RS02920,CC_1996,26.568,271,189,4,127,390,340,607,1.12e-23,99.8
AYT27_RS02925,CC_1992,38.000,100,60,1,15,114,5,102,2.15e-22,82.8
AYT27_RS02930,CC_1989,34.821,112,70,2,18,127,7,117,1.60e-12,57.0
AYT27_RS02935,CC_1987,31.492,181,107,5,10,186,9,176,4.85e-15,69.7
AYT27_RS02940,CC_1894,21.191,571,376,17,1,527,1,541,7.16e-18,84.3
AYT27_RS02945,CC_1893,48.374,246,126,1,2,247,5,249,9.20e-66,202
AYT27_RS02950,CC_1719,40.659,91,50,3,4,90,61,151,1.97e-13,62.0
AYT27_RS02955,CC_1720,68.000,550,168,2,1,542,1,550,0.0,759
AYT27_RS02960,CC_1429,61.733,277,101,1,4,275,9,285,1.36e-117,336
AYT27_RS02965,CC_1724,70.883,419,121,1,1,418,1,419,0.0,588
AYT27_RS02975,CC_1725,37.333,75,47,0,26,100,20,94,9.25e-14,58.9
AYT27_RS02980,CC_1726,66.772,316,104,1,31,346,25,339,3.10e-152,429
AYT27_RS02985,CC_1727,62.009,458,159,2,4,456,3,450,0.0,568
AYT27_RS02990,CC_1729,47.651,447,210,3,1,442,1,428,3.13e-137,397
AYT27_RS02995,CC_1731,52.381,483,206,5,5,485,5,465,8.43e-170,484
AYT27_RS03000,CC_1735,67.823,317,97,1,1,312,1,317,6.08e-166,461
AYT27_RS03005,CC_1736,29.078,141,98,1,10,150,10,148,4.68e-22,83.2
AYT27_RS03010,CC_1737,46.405,153,82,0,9,161,10,162,2.94e-45,143
AYT27_RS03015,CC_1738,40.816,392,211,9,4,390,6,381,2.30e-86,264
AYT27_RS03020,CC_2625,31.579,133,82,3,3,129,2,131,5.04e-11,54.3
AYT27_RS03025,CC_1742,37.320,694,417,9,62,748,34,716,2.40e-129,398
AYT27_RS03030,CC_1743,60.132,454,179,2,1,452,1,454,0.0,538
AYT27_RS03045,CC_1963,76.098,205,49,0,1,205,2,206,2.55e-122,342
AYT27_RS03050,CC_1961,81.174,409,77,0,7,415,5,413,0.0,674
AYT27_RS03055,CC_1960,67.439,777,250,1,18,791,9,785,0.0,1082
AYT27_RS03060,CC_1959,50.000,88,44,0,3,90,4,91,8.05e-27,91.3
AYT27_RS03065,CC_2598,63.270,471,159,4,3,460,4,473,0.0,608
AYT27_RS03075,CC_1964,38.876,445,268,2,1,441,1,445,4.28e-112,335
AYT27_RS03080,CC_2436,62.450,498,171,3,13,499,6,498,0.0,641
AYT27_RS03085,CC_1887,46.667,105,53,1,30,131,1,105,2.59e-29,99.8
AYT27_RS03090,CC_1886,36.975,119,68,1,23,134,96,214,2.71e-24,90.5
AYT27_RS03100,CC_2627,29.204,226,130,8,15,235,4,204,1.33e-21,86.7
AYT27_RS03105,CC_1239,38.007,271,161,5,5,270,1,269,3.42e-48,158
AYT27_RS03115,CC_t16,91.667,24,2,0,1,24,1,24,3.49e-09,42.0
AYT27_RS03120,CC_3199,81.061,396,70,1,1,391,1,396,0.0,639
AYT27_RS03130,CC_3206,40.984,61,36,0,4,64,19,79,2.97e-12,53.1
AYT27_RS03135,CC_3205,66.474,173,58,0,4,176,12,184,7.84e-86,247
AYT27_RS03140,CC_0641,63.121,141,52,0,1,141,1,141,1.14e-66,196
AYT27_RS03145,CC_0640,65.939,229,76,1,1,229,1,227,7.61e-93,269
AYT27_RS03150,CC_0496,48.256,172,88,1,1,171,1,172,7.10e-51,158
AYT27_RS03155,CC_0497,60.630,127,46,2,1,123,1,127,7.82e-37,119
AYT27_RS03160,CC_0502,73.661,1363,351,4,7,1368,1,1356,0.0,2076
AYT27_RS03165,CC_0503,70.427,1383,401,5,1,1379,1,1379,0.0,1996
AYT27_RS03170,CC_0081,36.975,119,71,1,5,119,11,129,3.65e-19,75.1
AYT27_RS03175,CC_0324,42.009,219,125,1,6,224,1,217,1.99e-54,171
AYT27_RS03180,CC_3108,53.648,466,205,4,4,465,4,462,5.40e-164,468
AYT27_RS03190,CC_2161,39.951,408,219,8,40,444,46,430,2.90e-87,270
AYT27_RS03195,CC_2467,54.286,105,48,0,18,122,13,117,1.33e-40,128
AYT27_RS03200,CC_2468,67.694,746,234,3,1,739,1,746,0.0,1048
AYT27_RS03205,CC_2470,52.899,138,63,2,5,140,7,144,3.82e-45,141
AYT27_RS03210,CC_2158,50.000,134,63,3,22,153,3,134,6.08e-38,123
AYT27_RS03220,CC_1923,67.871,249,79,1,1,249,1,248,4.67e-124,350
AYT27_RS03225,CC_1922,60.000,305,117,2,3,303,4,307,4.86e-126,359
AYT27_RS03230,CC_1921,55.128,234,105,0,6,239,9,242,1.77e-95,276
AYT27_RS03235,CC_1920,56.906,181,78,0,6,186,8,188,2.58e-72,213
AYT27_RS03240,CC_1918,33.071,254,166,3,3,254,14,265,4.69e-36,127
AYT27_RS03245,CC_1916,31.795,390,228,6,14,376,5,383,1.87e-64,207
AYT27_RS03250,CC_1915,37.630,768,446,11,40,798,25,768,2.28e-149,453
AYT27_RS03255,CC_1913,40.237,338,191,3,1,337,1,328,2.70e-72,225
AYT27_RS03260,CC_1912,47.887,142,73,1,13,153,13,154,9.31e-46,144
AYT27_RS03265,CC_1911,43.678,261,147,0,5,265,2,262,1.22e-74,226
AYT27_RS03270,CC_1910,40.221,271,158,3,13,281,3,271,6.61e-51,166
AYT27_RS03275,CC_1909,32.663,398,246,6,6,395,9,392,1.03e-61,201
AYT27_RS03280,CC_1439,46.025,239,126,2,17,254,4,240,4.55e-74,223
AYT27_RS03285,CC_1440,36.406,217,127,3,14,229,7,213,2.78e-35,122
AYT27_RS03290,CC_1440,37.327,217,124,2,19,235,15,219,2.42e-37,127
AYT27_RS03295,CC_1441,22.566,226,168,3,24,249,41,259,1.05e-19,82.4
AYT27_RS03300,CC_1906,68.075,426,134,1,4,429,3,426,0.0,637
AYT27_RS03305,CC_1905,51.158,475,216,6,3,474,9,470,1.06e-163,468
AYT27_RS03310,CC_1904,25.714,700,457,18,82,749,44,712,5.34e-42,160
AYT27_RS03315,CC_2303,41.126,231,132,3,1,231,1,227,1.05e-45,149
AYT27_RS03325,CC_2302,47.300,463,234,4,1,454,1,462,3.62e-148,427
AYT27_RS03330,CC_2300,64.018,453,161,2,1,451,1,453,0.0,631
AYT27_RS03335,CC_3619,29.787,235,142,4,6,217,16,250,1.87e-20,92.0
AYT27_RS03340,CC_1905,29.979,477,287,14,2,454,9,462,5.81e-49,171
AYT27_RS03345,CC_1847,60.548,365,137,3,5,366,1,361,6.99e-156,449
AYT27_RS03350,CC_1221,52.800,250,118,0,6,255,9,258,3.83e-94,275
AYT27_RS03355,CC_t02,87.500,24,3,0,1,24,1,24,5.21e-11,46.6
AYT27_RS03360,CC_0959,58.000,500,207,3,3,501,4,501,0.0,558
AYT27_RS03370,CC_0426,23.394,436,302,11,3,420,44,465,5.98e-18,82.8
AYT27_RS03430,CC_2867,35.526,76,48,1,9,83,9,84,8.70e-11,51.2
AYT27_RS03530,CC_1665,66.038,106,36,0,21,126,333,438,2.74e-43,147
AYT27_RS03540,CC_2867,33.333,84,56,0,5,88,14,97,6.81e-16,64.3
AYT27_RS03625,CC_2513,34.884,86,55,1,2,87,3,87,7.72e-11,50.4
AYT27_RS03635,CC_1468,52.212,113,54,0,2,114,5,117,1.06e-43,139
AYT27_RS03755,CC_1665,64.151,106,38,0,29,134,333,438,1.28e-42,146
AYT27_RS03760,CC_t06,100.000,25,0,0,1,25,1,25,3.87e-11,47.0
AYT27_RS03765,CC_0744,63.866,119,42,1,1,119,1,118,3.18e-47,145
AYT27_RS03775,CC_2258,47.945,146,74,2,1,146,1,144,1.02e-47,149
AYT27_RS03790,CC_3567,29.348,184,128,2,5,186,28,211,1.04e-26,99.0
AYT27_RS03815,CC_t19,92.000,25,2,0,1,25,1,25,2.17e-10,45.1
AYT27_RS03820,CC_1858,52.475,101,46,1,17,115,1,101,8.54e-33,108
AYT27_RS03825,CC_1747,42.146,261,139,1,10,270,21,269,5.84e-71,216
AYT27_RS03830,CC_2250,30.798,263,175,2,46,307,39,295,1.85e-44,151
AYT27_RS03835,CC_1569,31.975,319,180,6,28,339,30,318,5.31e-38,135
AYT27_RS03840,CC_1678,31.944,432,257,8,12,419,4,422,1.18e-60,200
AYT27_RS03845,CC_1678,24.653,288,176,9,4,266,2,273,1.86e-09,55.8
AYT27_RS03855,CC_2622,58.602,744,304,3,19,761,8,748,0.0,852
AYT27_RS03865,CC_1745,72.368,76,21,0,2,77,3,78,6.33e-40,123
AYT27_RS03870,CC_1746,51.244,402,187,3,43,441,20,415,1.01e-125,369
AYT27_RS03880,CC_1374,39.815,324,186,5,24,343,5,323,1.42e-65,208
AYT27_RS03885,CC_1378,51.792,307,147,1,2,308,4,309,5.95e-116,334
AYT27_RS03890,CC_1357,67.458,421,136,1,12,432,10,429,0.0,595
AYT27_RS03895,CC_1358,62.745,153,55,1,1,153,1,151,8.97e-72,210
AYT27_RS03900,CC_0885,35.032,157,92,2,69,216,73,228,4.52e-17,78.2
AYT27_RS03905,CC_0886,39.512,205,110,6,1,198,1,198,5.91e-39,130
AYT27_RS03910,CC_1359,51.034,145,67,1,8,148,5,149,4.12e-46,144
AYT27_RS03915,CC_1360,46.429,140,75,0,16,155,9,148,5.20e-42,134
AYT27_RS03920,CC_1365,38.710,93,55,2,58,149,47,138,1.15e-15,67.0
AYT27_RS03925,CC_1367,30.380,158,100,5,26,183,24,171,1.94e-13,62.4
AYT27_RS03930,CC_1368,48.795,332,168,2,4,335,7,336,2.37e-114,333
AYT27_RS03935,CC_1369,53.727,322,148,1,2,323,1,321,1.67e-112,326
AYT27_RS03940,CC_1370,52.128,94,45,0,1,94,1,94,7.50e-29,97.4
AYT27_RS03945,CC_1371,53.271,107,50,0,3,109,3,109,4.55e-37,122
AYT27_RS03950,CC_0464,57.382,657,264,4,5,656,2,647,0.0,778
AYT27_RS03955,CC_0463,52.381,63,30,0,31,93,10,72,8.31e-20,74.3
AYT27_RS03960,CC_0462,44.928,138,76,0,1,138,1,138,1.01e-37,123
AYT27_RS03965,CC_0459,52.128,188,90,0,17,204,25,212,4.09e-72,215
AYT27_RS03970,CC_t30,96.429,28,1,0,1,28,1,28,7.60e-13,51.6
AYT27_RS04010,CC_2463,69.421,121,37,0,1,121,6,126,7.82e-60,177
AYT27_RS04015,CC_1377,63.975,161,54,1,1,161,1,157,8.02e-73,213
AYT27_RS04020,CC_1376,60.927,151,58,1,3,152,5,155,3.56e-65,193
AYT27_RS04025,CC_1386,41.484,593,335,8,4,590,11,597,1.55e-129,390
AYT27_RS04030,CC_1974,61.374,655,242,6,37,685,46,695,0.0,824
AYT27_RS04035,CC_2176,58.447,219,86,1,25,243,8,221,6.69e-94,272
AYT27_RS04040,CC_3456,40.097,207,109,3,12,216,55,248,5.41e-46,154
AYT27_RS04045,CC_3455,54.822,197,88,1,19,214,9,205,3.11e-73,218
AYT27_RS04115,CC_1884,67.489,446,145,0,1,446,1,446,0.0,605
AYT27_RS04120,CC_1883,47.853,163,78,2,7,163,9,170,4.33e-43,138
AYT27_RS04125,CC_1879,34.123,211,131,5,75,285,37,239,1.18e-34,122
AYT27_RS04140,CC_1306,52.848,316,148,1,11,325,11,326,6.00e-120,346
AYT27_RS04145,CC_1309,38.679,318,164,4,2,318,5,292,1.36e-55,180
AYT27_RS04150,CC_0424,54.362,149,68,0,1,149,13,161,1.72e-61,184
AYT27_RS04155,CC_2084,42.365,203,104,2,9,211,3,192,6.97e-61,186
AYT27_RS04165,CC_2459,74.545,55,14,0,1,55,1,55,1.47e-25,85.5
AYT27_RS04180,CC_2453,42.387,729,409,9,6,730,5,726,0.0,598
AYT27_RS04185,CC_2451,59.666,838,323,7,1,833,1,828,0.0,1016
AYT27_RS04195,CC_2447,45.383,379,186,4,13,391,6,363,1.64e-100,300
AYT27_RS04200,CC_2446,50.262,191,91,3,19,208,19,206,2.83e-56,175
AYT27_RS04205,CC_2444,44.159,428,235,2,3,428,5,430,2.49e-114,339
AYT27_RS04210,CC_2443,60.129,311,122,2,10,319,23,332,1.27e-129,370
AYT27_RS04220,CC_2439,41.667,156,89,2,1,154,1,156,2.09e-38,125
AYT27_RS04225,CC_2438,49.474,95,48,0,1,95,1,95,8.61e-28,94.0
AYT27_RS04230,CC_2437,66.599,491,159,4,4,493,3,489,0.0,646
AYT27_RS04240,CC_3600,32.068,237,157,2,1,235,8,242,9.82e-35,121
AYT27_RS04245,CC_3600,34.274,248,147,2,6,253,11,242,1.04e-49,161
AYT27_RS04265,CC_1387,62.712,59,22,0,122,180,1,59,2.08e-19,75.1
AYT27_RS04270,CC_1388,35.246,122,73,1,39,160,64,179,9.84e-21,81.6
AYT27_RS04275,CC_1229,33.333,126,69,5,7,125,15,132,7.69e-10,55.1
AYT27_RS04290,CC_2680,54.645,183,83,0,41,223,34,216,4.29e-71,215
AYT27_RS04295,CC_2677,60.784,255,100,0,15,269,15,269,1.36e-118,338
AYT27_RS04300,CC_2675,45.740,223,121,0,1,223,1,223,1.71e-73,220
AYT27_RS04305,CC_2520,46.552,232,123,1,17,248,1,231,4.50e-63,196
AYT27_RS04310,CC_3703,26.638,229,114,11,9,200,12,223,9.66e-11,57.8
AYT27_RS04315,CC_2511,71.078,204,59,0,1,204,1,204,2.59e-116,326
AYT27_RS04325,CC_0056,31.034,377,222,10,5,359,8,368,3.05e-47,165
AYT27_RS04330,CC_1902,57.203,236,96,3,1,234,12,244,2.92e-91,266
AYT27_RS04335,CC_t13,78.261,23,5,0,3,25,3,25,7.37e-08,38.9
AYT27_RS04340,CC_1825,60.317,126,48,1,73,196,38,163,1.10e-48,161
AYT27_RS04345,CC_2161,29.455,275,178,4,34,307,50,309,1.28e-35,132
AYT27_RS04350,CC_1824,44.175,206,110,2,3,208,4,204,7.81e-58,179
AYT27_RS04355,CC_1823,29.755,326,208,7,15,328,1,317,1.91e-43,150
AYT27_RS04360,CC_1480,23.314,519,345,9,7,477,6,519,1.03e-30,122
AYT27_RS04365,CC_1822,42.578,256,147,0,1,256,4,259,2.27e-71,216
AYT27_RS04370,CC_1821,45.522,268,141,3,1,265,1,266,3.56e-78,234
AYT27_RS04380,CC_1352,37.349,332,196,6,18,342,14,340,9.69e-64,203
AYT27_RS04390,CC_0107,28.861,395,257,10,11,384,1,392,2.94e-42,150
AYT27_RS04405,CC_1579,30.496,141,83,5,43,174,40,174,2.51e-10,53.5
AYT27_RS04420,CC_1859,55.963,109,48,0,25,133,10,118,6.41e-45,139
AYT27_RS04425,CC_1860,58.168,404,167,2,10,413,7,408,2.77e-176,495
AYT27_RS04430,CC_1861,30.179,391,207,11,40,422,6,338,3.09e-44,154
AYT27_RS04435,CC_1862,59.761,251,99,1,1,251,1,249,7.15e-107,306
AYT27_RS04440,CC_1864,73.016,504,120,3,1,503,1,489,0.0,782
AYT27_RS04445,CC_1865,36.788,386,214,7,7,380,9,376,2.07e-61,199
AYT27_RS04450,CC_1867,57.075,212,91,0,1,212,66,277,1.94e-95,277
AYT27_RS04455,CC_1870,56.386,415,180,1,3,417,6,419,2.14e-174,491
AYT27_RS04460,CC_1871,58.219,146,60,1,3,148,5,149,1.56e-57,174
AYT27_RS04465,CC_1874,61.224,343,133,0,1,343,19,361,3.10e-161,453
AYT27_RS04470,CC_1875,47.803,751,347,11,34,783,30,736,0.0,683
AYT27_RS04475,CC_1876,40.639,219,121,5,182,398,176,387,2.54e-41,147
AYT27_RS04485,CC_1877,77.778,90,20,0,1,90,1,90,6.56e-42,162
AYT27_RS04500,CC_1844,51.510,1159,538,13,14,1164,12,1154,0.0,1194
AYT27_RS04505,CC_1845,42.647,68,39,0,12,79,25,92,9.47e-17,66.6
AYT27_RS04510,CC_1929,55.556,216,96,0,4,219,5,220,6.96e-74,221
AYT27_RS04515,CC_1930,45.455,418,223,2,9,422,10,426,1.38e-121,357
AYT27_RS04520,CC_1931,66.287,439,147,1,1,439,1,438,0.0,611
AYT27_RS04525,CC_1934,43.316,561,310,5,1,556,1,558,4.64e-164,475
AYT27_RS04530,CC_1936,34.310,239,150,3,22,259,18,250,2.24e-36,127
AYT27_RS04535,CC_1937,45.853,434,223,5,11,440,9,434,3.24e-115,345
AYT27_RS04540,CC_1938,60.331,484,188,2,6,486,4,486,0.0,592
AYT27_RS04545,CC_1939,53.695,663,265,5,20,646,23,679,0.0,674
AYT27_RS04550,CC_1940,73.000,100,27,0,3,102,2,101,2.95e-39,123
AYT27_RS04555,CC_1941,57.286,199,80,2,10,206,8,203,1.77e-66,200
AYT27_RS04560,CC_1942,75.000,160,39,1,4,163,5,163,3.47e-86,247
AYT27_RS04565,CC_1945,60.632,348,104,5,13,340,14,348,2.39e-131,376
AYT27_RS04570,CC_1946,60.545,697,256,7,1,689,1,686,0.0,817
AYT27_RS04575,CC_1947,66.743,436,144,1,1,435,4,439,0.0,610
AYT27_RS04580,CC_1950,52.174,207,88,4,1,204,1,199,7.81e-67,202
AYT27_RS04585,CC_1952,76.010,396,93,1,1,396,5,398,0.0,630
AYT27_RS04590,CC_1954,59.799,199,78,2,1,199,1,197,6.54e-85,246
AYT27_RS04595,CC_1955,83.436,163,27,0,31,193,31,193,3.08e-95,272
AYT27_RS04600,CC_1956,64.000,125,41,1,1,121,1,125,7.33e-55,164
AYT27_RS04605,CC_t27,88.000,25,3,0,1,25,1,25,1.03e-10,45.8
AYT27_RS04700,CC_t25,70.000,30,9,0,1,30,1,30,1.46e-08,40.8
AYT27_RS04725,CC_2173,34.337,166,97,4,4,162,6,166,1.48e-23,94.4
AYT27_RS04745,CC_2326,30.894,123,50,1,33,120,7,129,1.45e-09,54.7
AYT27_RS04840,CC_1468,52.212,113,54,0,2,114,5,117,1.06e-43,139
AYT27_RS04850,CC_2867,40.659,91,53,1,5,95,14,103,1.05e-16,66.2
AYT27_RS04865,CC_1389,46.535,101,54,0,1,101,1,101,2.48e-34,111
AYT27_RS04870,CC_t19,84.000,25,4,0,1,25,1,25,1.77e-08,40.4
AYT27_RS04875,CC_1711,33.628,226,139,4,6,225,3,223,2.72e-28,103
AYT27_RS04885,CC_1703,60.417,336,131,2,13,347,6,340,1.14e-146,415
AYT27_RS04890,CC_1702,45.989,187,100,1,4,189,6,192,1.61e-53,167
AYT27_RS04920,CC_1078,40.546,513,276,6,342,843,194,688,6.60e-113,357
AYT27_RS04930,CC_2580,66.667,117,39,0,9,125,13,129,7.95e-57,171
AYT27_RS04935,CC_2275,28.346,127,86,2,44,169,41,163,2.69e-12,58.9
AYT27_RS04940,CC_0101,57.477,214,88,2,6,217,12,224,4.74e-85,249
AYT27_RS04945,CC_2487,70.968,434,126,0,1,434,1,434,0.0,630
AYT27_RS04950,CC_2185,44.068,177,95,3,8,182,12,186,4.05e-49,155
AYT27_RS04955,CC_2491,68.750,240,75,0,2,241,3,242,1.29e-128,361
AYT27_RS04960,CC_2492,46.154,78,42,0,1,78,1,78,8.93e-18,67.8
AYT27_RS04965,CC_2497,49.550,222,109,2,1,221,1,220,2.42e-80,236
AYT27_RS04970,CC_2500,57.182,724,305,3,12,733,14,734,0.0,833
AYT27_RS04975,CC_2503,38.158,76,47,0,1,76,21,96,3.86e-17,66.6
AYT27_RS04980,CC_2505,54.000,100,46,0,6,105,11,110,4.78e-42,131
AYT27_RS04985,CC_1230,28.030,264,185,5,9,269,2,263,2.76e-31,120
AYT27_RS04990,CC_1566,54.138,737,327,3,19,747,23,756,0.0,817
AYT27_RS04995,CC_1892,64.706,612,194,4,1,594,1,608,0.0,824
AYT27_RS05000,CC_1704,42.971,377,212,3,2,377,1,375,1.12e-109,323
AYT27_RS05005,CC_1708,36.730,471,291,3,17,482,10,478,7.13e-82,260
AYT27_RS05010,CC_1710,56.377,690,296,1,16,700,78,767,0.0,785
AYT27_RS05025,CC_1926,49.567,1154,550,12,18,1160,9,1141,0.0,1068
AYT27_RS05030,CC_1437,46.348,712,358,8,1,702,1,698,0.0,594
AYT27_RS05065,CC_0118,50.820,610,293,2,1,607,1,606,0.0,613
AYT27_RS05070,CC_2304,47.500,440,230,1,1,439,9,448,5.96e-131,383
AYT27_RS05085,CC_2009,52.381,105,50,0,3,107,6,110,3.27e-37,119
AYT27_RS05090,CC_2008,47.656,384,199,1,10,393,7,388,2.84e-126,367
AYT27_RS05095,CC_3359,23.519,591,371,22,46,584,39,600,1.57e-24,104
AYT27_RS05110,CC_1744,25.926,135,88,4,215,349,158,280,5.02e-08,50.4
AYT27_RS05115,CC_1384,59.554,314,126,1,9,322,4,316,6.18e-129,368
AYT27_RS05120,CC_1383,43.797,395,213,4,40,432,39,426,8.48e-99,299
AYT27_RS05130,CC_2522,83.127,403,68,0,1,403,1,403,0.0,716
AYT27_RS05135,CC_3078,27.604,384,272,2,24,407,28,405,8.07e-46,162
AYT27_RS05145,CC_1588,59.444,360,145,1,2,360,1,360,5.86e-155,437
AYT27_RS05150,CC_1584,59.509,163,54,1,6,168,4,154,5.44e-64,191
AYT27_RS05155,CC_1584,53.741,147,56,1,22,168,3,137,5.06e-50,156
AYT27_RS05160,CC_1581,41.772,158,90,1,1,158,1,156,3.92e-41,133
AYT27_RS05165,CC_1580,60.922,911,351,3,3,910,4,912,0.0,1124
AYT27_RS05170,CC_1468,62.209,172,60,2,1,172,1,167,2.60e-68,202
AYT27_RS05175,CC_2590,68.116,966,292,4,1,964,1,952,0.0,1342
AYT27_RS05180,CC_1968,66.071,112,38,0,1,112,1,112,1.40e-51,155
AYT27_RS05185,CC_1969,65.245,469,163,0,1,469,1,469,0.0,664
AYT27_RS05195,CC_1977,35.122,205,132,1,31,235,12,215,2.58e-41,139
AYT27_RS05205,CC_1980,42.249,329,180,5,1,327,1,321,1.63e-85,258
AYT27_RS05210,CC_3420,32.321,560,327,12,36,566,288,824,7.33e-77,257
AYT27_RS05215,CC_2529,59.414,887,353,4,1,887,1,880,0.0,1063
AYT27_RS05220,CC_1087,74.699,332,83,1,2,333,16,346,3.02e-180,500
AYT27_RS05225,CC_1283,60.143,419,166,1,15,433,13,430,1.24e-173,490
AYT27_RS05230,CC_1282,40.909,440,249,7,25,461,41,472,1.60e-94,290
AYT27_RS05235,CC_1273,74.194,124,32,0,1,124,1,124,1.36e-66,195
AYT27_RS05240,CC_1272,70.623,337,98,1,1,336,1,337,2.01e-179,497
AYT27_RS05245,CC_1271,77.519,129,29,0,1,129,1,129,4.10e-75,216
AYT27_RS05250,CC_1270,81.148,122,23,0,1,122,1,122,1.17e-68,199
AYT27_RS05255,CC_1269,44.792,192,100,1,1,192,1,186,7.50e-53,164
AYT27_RS05260,CC_1268,57.883,444,171,7,12,445,1,438,0.0,513
AYT27_RS05265,CC_1267,53.061,147,69,0,2,148,3,149,4.40e-50,155
AYT27_RS05270,CC_1266,56.897,58,25,0,9,66,4,61,6.92e-18,67.0
AYT27_RS05275,CC_1265,72.840,162,44,0,13,174,28,189,5.91e-83,241
AYT27_RS05280,CC_1264,57.983,119,45,1,2,120,3,116,6.00e-40,126
AYT27_RS05285,CC_1263,55.367,177,79,0,1,177,1,177,9.36e-70,206
AYT27_RS05290,CC_1262,68.182,132,42,0,1,132,1,132,5.20e-60,178
AYT27_RS05295,CC_1261,66.337,101,34,0,1,101,1,101,1.21e-46,142
AYT27_RS05300,CC_1260,70.492,183,54,0,1,183,1,183,5.55e-98,278
AYT27_RS05305,CC_1259,56.311,103,42,3,3,104,4,104,1.21e-34,112
AYT27_RS05310,CC_1258,81.148,122,23,0,1,122,1,122,2.09e-71,206
AYT27_RS05315,CC_1257,64.557,79,28,0,1,79,1,79,2.01e-30,99.8
AYT27_RS05320,CC_1256,61.667,60,23,0,1,60,1,60,3.43e-23,80.1
AYT27_RS05325,CC_1255,85.185,135,20,0,1,135,1,135,2.68e-84,240
AYT27_RS05330,CC_1254,74.091,220,57,0,1,220,1,220,7.44e-127,356
AYT27_RS05335,CC_1253,62.097,124,47,0,1,124,1,124,1.36e-49,151
AYT27_RS05340,CC_1252,77.108,83,19,0,1,83,1,83,2.29e-45,138
AYT27_RS05345,CC_1251,72.662,278,74,2,1,277,1,277,5.73e-137,385
AYT27_RS05350,CC_1250,73.118,93,25,0,5,97,6,98,8.82e-46,139
AYT27_RS05355,CC_1249,58.252,206,85,1,1,205,1,206,1.56e-80,236
AYT27_RS05360,CC_1248,64.126,223,80,0,2,224,7,229,1.72e-106,305
AYT27_RS05365,CC_1247,89.216,102,11,0,1,102,1,102,2.67e-64,186
AYT27_RS05370,CC_3199,81.061,396,70,1,1,391,1,396,0.0,639
AYT27_RS05375,CC_3200,71.593,697,190,4,1,694,1,692,0.0,1024
AYT27_RS05380,CC_3201,71.975,157,43,1,1,156,1,157,6.14e-86,246
AYT27_RS05385,CC_3202,83.740,123,20,0,1,123,1,123,9.79e-72,207
AYT27_RS05390,CC_2011,50.973,257,121,3,1,253,1,256,2.33e-93,273
AYT27_RS05400,CC_1440,29.717,212,129,7,33,238,15,212,8.94e-20,82.0
AYT27_RS05405,CC_1440,29.756,205,143,1,34,238,15,218,7.23e-19,79.0
AYT27_RS05410,CC_1439,47.699,239,123,1,6,244,4,240,4.06e-74,223
AYT27_RS05420,CC_1320,57.335,893,347,6,1,878,1,874,0.0,1037
AYT27_RS05430,CC_1318,33.492,421,257,7,36,439,30,444,1.43e-57,194
AYT27_RS05435,CC_1317,33.036,224,116,3,1,224,1,190,5.17e-26,97.1
AYT27_RS05445,CC_t18,80.000,25,5,0,1,25,1,25,2.84e-08,39.7
AYT27_RS05475,CC_0835,48.525,373,184,4,9,380,4,369,4.06e-109,328
AYT27_RS05490,CC_3105,32.923,325,201,8,5,324,1,313,4.94e-38,137
AYT27_RS05510,CC_3000,30.116,259,171,7,534,787,15,268,2.94e-15,74.7
AYT27_RS05520,CC_1991,39.811,530,306,7,6,526,7,532,1.33e-123,380
AYT27_RS05525,CC_3496,26.126,555,371,8,15,556,17,545,1.45e-30,123
AYT27_RS05535,CC_0347,46.032,252,116,4,7,240,52,301,1.94e-63,206
AYT27_RS05555,CC_1184,22.581,465,297,13,13,427,37,488,3.04e-10,58.9
AYT27_RS05560,CC_2120,68.437,339,107,0,1,339,1,339,2.36e-179,497
AYT27_RS05565,CC_1557,32.389,247,161,4,1,244,1,244,1.31e-29,108
AYT27_RS05575,CC_2100,62.735,585,214,2,16,599,1,582,0.0,780
AYT27_RS05580,CC_2098,46.403,278,146,2,6,281,10,286,6.65e-79,238
AYT27_RS05585,CC_2758,39.268,410,229,7,107,504,125,526,5.50e-86,271
AYT27_RS05595,CC_3375,23.451,226,148,7,76,300,2,203,4.37e-08,50.8
AYT27_RS05600,CC_2126,47.368,171,88,2,1,169,1,171,3.01e-53,164
AYT27_RS05605,CC_2124,66.920,263,86,1,2,264,18,279,1.08e-135,381
AYT27_RS05610,CC_1019,42.138,477,225,5,6,432,2,477,1.73e-124,367
AYT27_RS05615,CC_1019,39.623,477,238,4,2,432,5,477,1.14e-120,357
AYT27_RS05620,CC_1019,42.138,477,227,4,2,432,4,477,2.69e-123,363
AYT27_RS05635,CC_2102,45.614,114,61,1,3,115,8,121,8.62e-29,102
AYT27_RS05650,CC_1528,55.168,774,302,6,43,778,39,805,0.0,865
AYT27_RS05660,CC_3503,46.104,154,81,1,29,180,34,187,3.17e-49,155
AYT27_RS05665,CC_1526,35.769,260,162,3,30,289,32,286,4.91e-56,179
AYT27_RS05670,CC_1525,44.698,613,324,7,1,608,1,603,1.30e-172,501
AYT27_RS05680,CC_1522,50.242,619,273,10,6,613,6,600,0.0,574
AYT27_RS05685,CC_1983,42.883,555,293,9,1,537,1,549,9.45e-113,344
AYT27_RS05690,CC_1984,39.256,242,143,1,36,277,24,261,4.39e-58,186
AYT27_RS05695,CC_1985,42.701,274,151,4,16,286,1,271,3.83e-68,210
AYT27_RS05700,CC_2540,71.250,320,92,0,1,320,1,320,4.52e-137,405
AYT27_RS05705,CC_2541,38.158,380,227,2,17,394,6,379,1.27e-75,239
AYT27_RS05710,CC_2542,34.434,212,133,2,73,281,81,289,1.04e-30,114
AYT27_RS05715,CC_2543,51.634,306,142,2,1,302,11,314,9.58e-102,298
AYT27_RS05720,CC_2545,50.690,290,140,2,24,311,11,299,5.37e-95,281
AYT27_RS05725,CC_2546,56.277,462,200,2,3,463,8,468,1.25e-176,501
AYT27_RS05730,CC_2551,41.457,357,203,4,5,357,3,357,1.68e-80,248
AYT27_RS05735,CC_2552,45.109,368,201,1,2,368,9,376,1.21e-111,329
AYT27_RS05740,CC_2556,43.469,467,254,4,1,463,1,461,1.04e-126,373
AYT27_RS05745,CC_2557,48.689,267,127,3,9,265,13,279,1.36e-78,242
AYT27_RS05750,CC_2558,40.529,454,254,8,3,454,4,443,3.45e-95,292
AYT27_RS05755,CC_2559,48.817,465,231,3,21,479,19,482,1.25e-139,407
AYT27_RS05760,CC_2560,36.525,564,319,14,13,557,25,568,1.82e-99,311
AYT27_RS05770,CC_2562,55.049,307,132,4,25,328,6,309,7.85e-93,276
AYT27_RS05780,CC_2416,31.405,121,78,1,27,147,69,184,3.86e-13,61.6
AYT27_RS05795,CC_2141,31.329,316,191,2,5,297,3,315,2.07e-42,146
AYT27_RS05800,CC_2148,63.489,556,195,4,1,549,1,555,0.0,736
AYT27_RS05855,CC_2294,31.193,218,143,4,31,244,32,246,6.59e-25,96.3
AYT27_RS05860,CC_3276,47.059,153,80,1,1,153,1,152,4.65e-52,160
AYT27_RS05865,CC_3047,66.263,661,202,6,11,667,9,652,0.0,817
AYT27_RS05870,CC_3049,36.600,653,375,13,1,633,1,634,1.67e-112,348
AYT27_RS05895,CC_2834,59.843,381,151,2,17,397,10,388,8.67e-168,472
AYT27_RS05905,CC_2900,63.776,1176,329,9,1,1159,1,1096,0.0,1457
AYT27_RS05910,CC_2903,75.758,66,16,0,1,66,1,66,2.34e-34,108
AYT27_RS05915,CC_1534,67.669,399,129,0,1,399,1,399,0.0,568
AYT27_RS05920,CC_2352,30.268,261,177,3,6,266,9,264,1.76e-32,119
AYT27_RS05925,CC_2871,66.343,309,100,2,5,313,21,325,1.33e-147,416
AYT27_RS05935,CC_0756,29.348,184,119,4,142,323,220,394,7.47e-10,56.6
AYT27_RS05940,CC_2848,62.420,157,59,0,1,157,1,157,9.58e-71,207
AYT27_RS05950,CC_2981,71.532,692,189,3,27,711,28,718,0.0,1041
AYT27_RS05960,CC_1183,49.020,204,104,0,8,211,46,249,3.68e-72,217
AYT27_RS05965,CC_2931,45.291,223,117,2,14,232,10,231,4.34e-60,186
AYT27_RS05970,CC_2932,41.149,435,253,3,12,445,12,444,4.52e-117,347
AYT27_RS05975,CC_0493,26.144,153,113,0,14,166,16,168,1.03e-24,91.3
AYT27_RS05990,CC_0492,39.731,297,150,5,15,290,12,300,4.97e-64,201
AYT27_RS05995,CC_0491,38.441,372,206,7,3,356,2,368,7.50e-78,241
AYT27_RS06000,CC_0490,42.387,243,133,4,19,255,19,260,2.16e-62,194
AYT27_RS06005,CC_0487,65.916,311,104,2,1,309,1,311,1.50e-147,414
AYT27_RS06015,CC_0485,38.860,193,115,2,7,197,6,197,1.18e-46,149
AYT27_RS06020,CC_0484,41.711,187,105,1,1,183,1,187,7.47e-49,155
AYT27_RS06035,CC_0479,62.500,368,135,2,1,367,1,366,1.91e-169,474
AYT27_RS06045,CC_0474,47.917,48,25,0,1,48,213,260,3.13e-12,55.8
AYT27_RS06060,CC_0471,44.156,154,86,0,1,154,5,158,2.57e-46,145
AYT27_RS06065,CC_0408,38.889,414,229,6,12,416,7,405,3.78e-95,288
AYT27_RS06070,CC_2826,51.634,306,146,2,32,335,15,320,8.60e-111,323
AYT27_RS06075,CC_2827,24.528,265,177,9,33,278,20,280,6.04e-14,67.8
AYT27_RS06095,CC_1158,36.800,250,151,5,5,252,3,247,4.29e-48,160
AYT27_RS06100,CC_3641,27.241,290,210,1,2,291,9,297,3.07e-25,99.8
AYT27_RS06105,CC_2314,35.338,266,156,3,8,266,7,263,1.59e-47,156
AYT27_RS06110,CC_0897,56.452,372,157,4,10,377,6,376,1.00e-148,424
AYT27_RS06115,CC_0903,81.481,81,15,0,10,90,13,93,6.42e-46,139
AYT27_RS06125,CC_3035,81.938,227,41,0,1,227,1,227,1.49e-137,382
AYT27_RS06130,CC_3470,30.412,194,131,2,7,197,46,238,2.95e-24,93.6
AYT27_RS06135,CC_1035,46.939,147,78,0,39,185,67,213,1.28e-44,145
AYT27_RS06145,CC_3611,51.571,382,172,3,1,369,3,384,4.05e-131,378
AYT27_RS06150,CC_1225,23.404,329,217,8,6,311,37,353,5.35e-16,74.7
AYT27_RS06170,CC_3134,35.897,234,139,6,1,232,8,232,2.44e-38,135
AYT27_RS06175,CC_2091,33.333,234,143,8,6,237,14,236,3.09e-22,90.1
AYT27_RS06205,CC_0382,43.243,185,96,3,26,206,5,184,1.85e-48,154
AYT27_RS06210,CC_2246,43.384,461,234,3,12,446,9,468,1.03e-126,375
AYT27_RS06240,CC_0727,59.677,248,100,0,1,248,1,248,2.88e-104,299
AYT27_RS06245,CC_0726,53.226,310,139,3,1,306,1,308,9.17e-113,326
AYT27_RS06250,CC_1334,55.054,554,240,4,7,552,6,558,0.0,604
AYT27_RS06270,CC_0143,44.660,103,57,0,17,119,17,119,5.68e-19,73.9
AYT27_RS06275,CC_0144,48.364,275,139,2,20,294,17,288,5.53e-73,223
AYT27_RS06280,CC_2095,44.225,355,192,3,2,352,1,353,9.20e-96,286
AYT27_RS06285,CC_0769,75.000,44,11,0,1,44,1,44,1.16e-12,52.4
AYT27_RS06290,CC_0768,43.678,87,42,3,8,93,12,92,1.15e-12,58.2
AYT27_RS06295,CC_0767,40.650,615,316,11,4,591,5,597,1.51e-152,450
AYT27_RS06300,CC_0766,54.680,203,82,2,10,211,1,194,5.03e-72,214
AYT27_RS06305,CC_3639,39.827,231,128,3,3,230,6,228,1.07e-51,164
AYT27_RS06310,CC_3550,45.725,269,128,4,1,267,5,257,1.35e-73,223
AYT27_RS06315,CC_2261,42.254,213,101,1,4,194,3,215,9.07e-51,161
AYT27_RS06325,CC_3726,25.000,212,137,9,143,352,65,256,6.49e-10,55.8
AYT27_RS06350,CC_2567,30.333,300,110,12,22,307,23,237,9.67e-26,100
AYT27_RS06355,CC_2674,31.111,135,89,1,368,502,7,137,3.53e-14,70.1
AYT27_RS06365,CC_1230,25.886,367,258,5,22,381,28,387,2.32e-33,125
AYT27_RS06405,CC_r02,44.414,367,167,7,73,423,71,416,2.91e-57,210
AYT27_RS06410,CC_t47,80.000,25,5,0,1,25,1,25,1.33e-08,40.8
AYT27_RS06425,CC_0357,32.800,125,80,3,4,127,40,161,4.39e-13,59.7
AYT27_RS06430,CC_3714,32.923,325,217,1,23,347,51,374,3.54e-44,153
AYT27_RS06435,CC_3715,45.238,504,269,2,23,523,32,531,3.99e-152,442
AYT27_RS06440,CC_0405,33.537,164,103,2,1,164,1,158,1.72e-20,81.3
AYT27_RS06445,CC_0360,30.831,373,232,12,8,369,9,366,1.35e-37,137
AYT27_RS06460,CC_1060,53.584,293,129,2,4,290,3,294,1.87e-111,322
AYT27_RS06465,CC_1495,27.315,216,151,2,1,210,1,216,1.55e-19,80.5
AYT27_RS06475,CC_3208,53.282,259,113,3,26,276,7,265,8.96e-91,267
AYT27_RS06480,CC_0502,77.500,40,9,0,1,40,165,204,1.02e-17,76.3
AYT27_RS06505,CC_1661,36.441,354,221,3,20,372,10,360,1.30e-76,238
AYT27_RS06510,CC_3352,42.145,401,207,5,460,841,75,469,8.17e-80,265
AYT27_RS06515,CC_3354,53.846,117,54,0,6,122,3,119,1.29e-41,130
AYT27_RS06520,CC_3355,43.968,373,204,3,3,371,2,373,9.40e-93,280
AYT27_RS06525,CC_0109,40.566,212,111,6,6,206,3,210,4.17e-43,142
AYT27_RS06530,CC_0108,63.636,55,20,0,6,60,11,65,2.24e-20,73.2
AYT27_RS06540,CC_3164,56.522,69,30,0,4,72,21,89,2.73e-24,87.8
AYT27_RS06550,CC_0253,66.272,338,113,1,1,338,1,337,7.63e-165,460
AYT27_RS06555,CC_0253,67.164,67,22,0,1,67,271,337,4.20e-26,94.4
AYT27_RS06565,CC_2664,36.260,262,163,2,14,272,8,268,4.65e-47,155
AYT27_RS06570,CC_2669,45.659,311,162,2,6,316,1,304,1.89e-80,245
AYT27_RS06575,CC_2668,39.070,215,131,0,3,217,10,224,1.15e-36,125
AYT27_RS06585,CC_0942,44.218,147,79,3,3,149,2,145,2.46e-36,120
AYT27_RS06615,CC_0321,54.670,364,143,2,1,342,1,364,2.73e-129,371
AYT27_RS06620,CC_0323,37.908,306,169,6,29,321,77,374,2.40e-61,197
AYT27_RS06730,CC_3753,26.891,238,117,8,2,188,8,239,1.03e-13,65.1
AYT27_RS06735,CC_0924,30.556,108,72,2,2,108,3,108,2.66e-15,63.9
AYT27_RS06740,CC_0703,39.016,305,178,3,13,315,12,310,1.39e-61,196
AYT27_RS06745,CC_0705,39.630,270,160,3,1,267,33,302,5.40e-63,198
AYT27_RS06775,CC_2419,38.363,782,466,8,3,777,14,786,0.0,544
AYT27_RS06800,CC_2421,32.189,233,137,5,28,258,21,234,3.24e-26,100
AYT27_RS06805,CC_2422,38.278,209,124,2,154,359,174,380,1.78e-47,163
AYT27_RS06810,CC_2423,37.423,326,187,5,20,344,11,320,6.95e-68,213
AYT27_RS06880,CC_0065,40.091,439,254,4,3,438,31,463,2.47e-91,286
AYT27_RS06885,CC_0064,53.602,347,143,1,6,352,13,341,1.07e-134,385
AYT27_RS06895,CC_0062,57.068,191,75,4,1,188,35,221,2.25e-70,210
AYT27_RS06900,CC_3005,48.485,66,33,1,45,109,7,72,1.81e-13,57.8
AYT27_RS06905,CC_0685,77.099,524,119,1,1,523,1,524,0.0,796
AYT27_RS06910,CC_0686,73.404,94,25,0,4,97,1,94,3.01e-47,143
AYT27_RS06915,CC_2109,61.255,462,178,1,1,461,1,462,0.0,560
AYT27_RS06925,CC_0085,26.601,406,260,11,42,425,69,458,8.94e-21,92.4
AYT27_RS06930,CC_3394,42.442,172,82,4,2,172,5,160,2.39e-39,128
AYT27_RS06945,CC_3164,54.839,62,28,0,25,86,27,88,1.17e-17,71.6
AYT27_RS06955,CC_3513,53.909,486,217,4,7,490,13,493,1.94e-175,499
AYT27_RS07030,CC_r02,44.414,367,167,7,73,423,71,416,2.91e-57,210
AYT27_RS07035,CC_t47,80.000,25,5,0,1,25,1,25,1.33e-08,40.8
AYT27_RS07050,CC_3034,44.199,181,99,1,479,657,250,430,1.15e-49,177
AYT27_RS07055,CC_0285,33.197,244,147,7,220,462,216,444,3.40e-24,101
AYT27_RS07060,CC_3475,49.133,173,83,3,8,179,19,187,4.22e-54,167
AYT27_RS07070,CC_3477,52.612,268,122,4,1,265,1,266,1.78e-88,261
AYT27_RS07075,CC_2554,29.464,224,151,3,111,334,113,329,1.68e-28,110
AYT27_RS07105,CC_0876,58.929,56,22,1,32,86,30,85,1.16e-16,75.1
AYT27_RS07135,CC_2173,31.977,172,104,3,3,170,6,168,7.49e-24,95.1
AYT27_RS07225,CC_0878,64.912,855,298,2,1,855,1,853,0.0,1127
AYT27_RS07240,CC_2340,51.429,35,17,0,45,79,5,39,5.81e-10,47.8
AYT27_RS07245,CC_2342,47.980,198,90,2,24,221,7,191,2.66e-55,172
AYT27_RS07250,CC_2343,84.722,72,11,0,1,72,1,72,1.01e-43,132
AYT27_RS07260,CC_3164,54.545,66,30,0,15,80,27,92,1.84e-20,78.6
AYT27_RS07290,CC_3164,57.692,52,22,0,15,66,27,78,2.28e-15,63.2
AYT27_RS07320,CC_3284,61.250,160,62,0,1,160,1,160,9.94e-66,195
AYT27_RS07325,CC_3283,46.459,353,186,2,56,407,6,356,1.12e-111,329
AYT27_RS07340,CC_3321,60.976,41,16,0,1,41,1,41,2.73e-16,61.2
AYT27_RS07355,CC_3164,54.795,73,33,0,12,84,17,89,1.92e-24,89.0
AYT27_RS07360,CC_3164,46.667,90,48,0,34,123,17,106,1.37e-24,90.1
AYT27_RS07365,CC_3164,45.556,90,49,0,12,101,17,106,3.52e-24,88.2
AYT27_RS07375,CC_3245,37.063,143,87,2,60,200,66,207,3.94e-26,97.1
AYT27_RS07380,CC_3244,50.368,272,132,2,1,270,5,275,1.56e-96,282
AYT27_RS07395,CC_2350,56.047,430,179,3,1,429,1,421,1.21e-165,469
AYT27_RS07560,CC_2173,37.162,148,84,3,2,145,5,147,1.95e-24,97.1
AYT27_RS07585,CC_t31,89.286,28,3,0,1,28,1,28,2.00e-12,50.4
AYT27_RS07590,CC_2195,36.207,174,104,3,2,173,1,169,2.74e-28,102
AYT27_RS07595,CC_2196,35.135,148,83,3,45,189,67,204,1.93e-20,81.6
AYT27_RS07610,CC_3713,50.000,154,70,2,29,182,8,154,1.24e-48,152
AYT27_RS07615,CC_3713,34.375,128,64,4,35,155,40,154,1.27e-12,58.9
AYT27_RS07625,CC_2335,37.405,131,71,3,17,141,18,143,2.75e-25,92.8
AYT27_RS07630,CC_2336,36.719,256,130,5,18,271,75,300,9.65e-39,134
AYT27_RS07650,CC_0117,57.143,133,57,0,1,133,295,427,2.27e-47,155
AYT27_RS07655,CC_0117,58.145,442,184,1,3,443,4,445,0.0,522
AYT27_RS07660,CC_3226,68.850,626,186,4,4,624,2,623,0.0,891
AYT27_RS07665,CC_3227,34.454,119,76,1,20,138,21,137,9.80e-08,50.8
AYT27_RS07685,CC_3229,56.780,118,51,0,53,170,68,185,1.77e-41,135
AYT27_RS07690,CC_3292,45.089,224,113,3,15,228,1,224,9.84e-59,182
AYT27_RS07695,CC_3243,58.800,250,99,1,1,246,1,250,3.11e-99,286
AYT27_RS07705,CC_3230,55.797,414,180,3,28,441,22,432,2.10e-164,467
AYT27_RS07715,CC_3232,44.262,122,64,2,24,145,27,144,1.42e-27,98.2
AYT27_RS07720,CC_3233,47.685,216,110,1,17,229,15,230,2.89e-64,197
AYT27_RS07725,CC_3234,39.535,129,74,1,16,144,14,138,2.30e-29,101
AYT27_RS07730,CC_3236,68.196,327,102,1,20,344,18,344,2.92e-159,447
AYT27_RS07735,CC_3237,43.860,171,89,4,1,166,1,169,5.02e-36,122
AYT27_RS07740,CC_3238,51.299,154,75,0,6,159,10,163,2.96e-45,144
AYT27_RS07745,CC_3295,39.726,146,84,2,24,169,26,167,8.42e-25,91.7
AYT27_RS07755,CC_3264,25.362,138,89,5,71,201,61,191,9.40e-09,50.4
AYT27_RS07775,CC_3164,54.545,66,30,0,15,80,27,92,1.84e-20,78.6
AYT27_RS07795,CC_0721,40.426,188,112,0,1,188,1,188,1.14e-57,177
AYT27_RS07800,CC_3269,55.159,252,109,4,10,257,1,252,2.08e-96,280
AYT27_RS07805,CC_3274,48.201,556,286,1,41,596,61,614,9.58e-167,486
AYT27_RS07810,CC_3275,66.197,71,24,0,1,71,1,71,1.43e-32,104
AYT27_RS07830,CC_3249,56.853,394,170,0,2,395,1,394,2.31e-159,451
AYT27_RS07835,CC_3248,69.369,333,102,0,1,333,1,333,1.40e-169,472
AYT27_RS07840,CC_3620,55.850,641,277,4,9,647,7,643,0.0,728
AYT27_RS07850,CC_3247,32.836,67,45,0,1,67,1,67,6.09e-13,57.8
AYT27_RS07860,CC_2051,49.142,466,236,1,3,468,3,467,5.97e-149,431
AYT27_RS07870,CC_3319,49.367,79,40,0,5,83,9,87,1.29e-22,80.5
AYT27_RS07890,CC_2631,41.908,587,322,6,3,586,7,577,1.31e-117,360
AYT27_RS07905,CC_0877,24.868,189,126,4,66,247,61,240,3.53e-16,75.1
AYT27_RS07910,CC_3098,39.338,272,158,3,34,300,29,298,6.47e-61,192
AYT27_RS07915,CC_0657,24.479,192,140,4,15,203,470,659,3.97e-11,62.4
AYT27_RS07920,CC_0654,61.607,112,42,1,1,111,1,112,2.13e-48,147
AYT27_RS07925,CC_0653,59.615,156,63,0,14,169,26,181,1.12e-63,192
AYT27_RS07930,CC_1721,69.492,59,18,0,1,59,1,59,7.70e-27,89.0
AYT27_RS07935,CC_2069,45.076,264,142,2,38,300,33,294,1.11e-61,194
AYT27_RS07965,CC_0851,36.034,358,185,9,11,367,14,328,1.16e-55,185
AYT27_RS07975,CC_3714,34.603,315,174,5,40,330,68,374,1.32e-42,149
AYT27_RS07985,CC_3445,37.179,78,49,0,15,92,6,83,1.54e-13,59.3
AYT27_RS07990,CC_3447,75.906,469,110,2,54,519,61,529,0.0,736
AYT27_RS07995,CC_3448,52.805,303,131,2,1,303,1,291,1.23e-104,304
AYT27_RS08000,CC_3449,73.489,513,131,3,1,511,1,510,0.0,769
AYT27_RS08005,CC_3450,33.333,177,113,1,15,191,12,183,3.27e-27,99.0
AYT27_RS08020,CC_0346,47.347,735,362,9,9,736,3,719,0.0,615
AYT27_RS08025,CC_3614,59.908,217,86,1,1,217,1,216,2.03e-95,275
AYT27_RS08035,CC_3749,55.785,873,366,9,11,879,3,859,0.0,1003
AYT27_RS08040,CC_3745,51.282,195,92,1,33,227,23,214,2.59e-68,206
AYT27_RS08055,CC_3581,60.342,643,250,2,4,645,6,644,0.0,823
AYT27_RS08060,CC_2216,60.465,215,85,0,1,215,1,215,4.03e-96,276
AYT27_RS08065,CC_2217,29.412,221,156,0,8,228,5,225,1.15e-23,95.5
AYT27_RS08070,CC_2218,36.813,182,113,2,45,224,7,188,6.47e-37,125
AYT27_RS08080,CC_0932,46.188,223,118,2,9,229,4,226,5.77e-55,184
AYT27_RS08090,CC_0806,30.952,462,303,6,18,469,8,463,2.00e-57,194
AYT27_RS08095,CC_3706,45.865,266,135,3,1,261,1,262,5.87e-81,242
AYT27_RS08100,CC_3705,28.488,172,110,4,26,184,24,195,5.50e-16,70.5
AYT27_RS08105,CC_3704,66.800,500,159,3,310,805,318,814,0.0,677
AYT27_RS08110,CC_0107,40.342,409,230,5,26,423,1,406,1.06e-97,295
AYT27_RS08180,CC_2419,34.982,829,489,12,2,820,6,794,2.47e-164,494
AYT27_RS08220,CC_2421,28.241,216,145,5,33,244,28,237,3.27e-23,92.4
AYT27_RS08225,CC_2422,39.896,193,114,2,197,389,188,378,1.38e-40,145
AYT27_RS08230,CC_2423,30.435,322,193,9,17,331,7,304,5.95e-41,143
AYT27_RS08240,CC_3526,63.918,97,32,2,1,96,163,257,3.80e-39,128
AYT27_RS08245,CC_3526,69.380,258,78,1,1,257,1,258,3.26e-136,381
AYT27_RS08250,CC_3527,71.381,601,164,3,15,614,3,596,0.0,865
AYT27_RS08255,CC_3528,34.127,126,83,0,1,126,8,133,2.68e-19,75.1
AYT27_RS08260,CC_3529,30.827,133,90,2,1,132,1,132,3.09e-11,54.3
AYT27_RS08265,CC_0197,64.800,125,44,0,1,125,3,127,3.03e-55,167
AYT27_RS08270,CC_0198,56.466,232,99,2,1,230,1,232,9.86e-90,262
AYT27_RS08275,CC_3651,37.500,152,91,4,22,170,20,170,1.78e-26,97.1
AYT27_RS08280,CC_0215,34.615,234,139,4,5,231,34,260,2.61e-40,138
AYT27_RS08285,CC_0344,47.826,299,147,6,29,322,10,304,1.78e-87,262
AYT27_RS08290,CC_3011,41.667,84,45,1,4,87,4,83,1.25e-17,68.2
AYT27_RS08295,CC_3010,37.433,187,103,4,26,206,38,216,3.79e-33,115
AYT27_RS08300,CC_3021,73.585,318,83,1,11,327,18,335,6.58e-178,493
AYT27_RS08305,CC_0672,49.091,605,297,4,24,622,10,609,0.0,585
AYT27_RS08320,CC_0661,58.025,81,34,0,1,81,1,81,6.53e-29,97.1
AYT27_RS08325,CC_1769,40.708,226,121,2,32,257,1,213,1.19e-53,170
AYT27_RS08335,CC_2513,33.708,89,57,1,1,89,1,87,5.11e-08,43.5
AYT27_RS08345,CC_0086,60.561,535,201,4,5,538,4,529,0.0,607
AYT27_RS08350,CC_0100,28.143,533,364,12,40,563,51,573,1.31e-40,152
AYT27_RS08355,CC_0102,39.865,444,240,9,8,446,8,429,4.54e-88,272
AYT27_RS08360,CC_2509,61.824,296,102,6,1,288,1,293,3.23e-113,328
AYT27_RS08365,CC_0103,54.386,57,26,0,15,71,36,92,6.11e-08,42.7
AYT27_RS08370,CC_3652,63.964,111,39,1,3,112,2,112,1.74e-43,137
AYT27_RS08380,CC_3653,59.333,450,174,4,1,444,1,447,2.63e-171,491
AYT27_RS08385,CC_3569,32.143,168,95,7,35,196,31,185,3.80e-19,79.3
AYT27_RS08390,CC_0088,39.686,1464,848,14,73,1512,90,1542,0.0,1069
AYT27_RS08405,CC_0075,30.530,321,210,7,86,399,86,400,1.05e-16,79.3
AYT27_RS08415,CC_0071,51.781,365,165,3,3,364,11,367,2.37e-119,347
AYT27_RS08435,CC_3743,55.714,210,93,0,16,225,21,230,2.88e-86,252
AYT27_RS08440,CC_0520,36.910,233,145,2,2,234,20,250,2.80e-46,152
AYT27_RS08450,CC_2213,48.941,425,209,4,1,421,1,421,4.88e-133,386
AYT27_RS08460,CC_2210,28.481,158,109,2,73,230,56,209,1.86e-22,88.2
AYT27_RS08465,CC_1215,46.939,147,78,0,16,162,4,150,3.33e-43,137
AYT27_RS08475,CC_2224,55.298,302,132,1,4,302,6,307,6.23e-114,329
AYT27_RS08480,CC_3751,30.303,198,133,2,1,193,1,198,3.49e-23,95.5
AYT27_RS08485,CC_0611,32.895,228,132,8,2,225,6,216,2.32e-23,92.8
AYT27_RS08510,CC_3223,38.745,271,152,4,14,283,8,265,2.23e-44,149
AYT27_RS08515,CC_2219,36.910,233,145,2,5,237,1,231,7.55e-48,156
AYT27_RS08520,CC_2161,43.460,237,128,4,27,261,50,282,4.06e-55,184
AYT27_RS08525,CC_0321,39.247,186,107,2,5,190,8,187,1.26e-36,132
AYT27_RS08540,CC_2995,59.236,314,128,0,3,316,4,317,6.45e-134,380
AYT27_RS08545,CC_3006,43.709,302,156,3,8,305,9,300,7.80e-71,219
AYT27_RS08550,CC_3008,42.262,168,96,1,6,172,12,179,1.31e-49,157
AYT27_RS08555,CC_3009,47.043,372,191,3,4,374,3,369,1.95e-113,332
AYT27_RS08585,CC_1937,27.922,308,190,10,131,432,120,401,2.64e-12,65.9
AYT27_RS08595,CC_1939,31.773,406,241,8,47,433,61,449,1.81e-43,166
AYT27_RS08625,CC_0342,60.044,458,178,4,3,459,13,466,0.0,533
AYT27_RS08630,CC_0340,61.787,403,151,2,4,406,3,402,2.60e-163,461
AYT27_RS08635,CC_0339,59.095,995,387,7,7,997,8,986,0.0,1209
AYT27_RS08640,CC_0338,77.667,300,61,2,1,300,1,294,6.89e-169,467
AYT27_RS08645,CC_0337,71.859,398,112,0,1,398,1,398,0.0,567
AYT27_RS08650,CC_3655,70.476,315,93,0,1,315,1,315,8.66e-165,458
AYT27_RS08655,CC_3531,38.158,380,210,5,6,379,7,367,1.22e-91,278
AYT27_RS08665,CC_3686,41.237,291,154,8,1,277,1,288,2.45e-66,206
AYT27_RS08670,CC_3684,55.819,421,174,3,2,421,32,441,5.06e-174,491
AYT27_RS08675,CC_3679,49.032,310,158,0,104,413,1,310,5.49e-103,305
AYT27_RS08680,CC_3678,35.338,133,85,1,84,216,40,171,3.95e-27,100
AYT27_RS08685,CC_0519,42.629,251,136,3,3,253,5,247,4.82e-67,205
AYT27_RS08690,CC_3752,46.488,299,145,4,5,299,3,290,1.44e-80,243
AYT27_RS08695,CC_3753,64.504,262,92,1,4,265,6,266,1.04e-122,347
AYT27_RS08700,CC_3754,35.602,191,120,1,24,214,18,205,1.94e-42,139
AYT27_RS08705,CC_3755,55.719,612,271,0,4,615,27,638,0.0,703
AYT27_RS08710,CC_3756,41.834,447,244,7,2,435,3,446,2.06e-101,306
AYT27_RS08715,CC_3760,77.435,421,95,0,1,421,61,481,0.0,691
