B_henselae|Q.,Melitensis16M|S.,% identity,alignment length,mismatches,gap opens,q. start,q. end,s. start,s. end,evalue,bit score
AYT27_RS00005,BME_RS10195,60.145,276,105,2,1,274,1,273,1.33e-114,327
AYT27_RS00010,BME_RS10190,50.761,197,91,2,6,198,5,199,1.21e-56,174
AYT27_RS00015,BME_RS10185,55.235,277,121,2,15,290,11,285,1.07e-103,301
AYT27_RS00020,BME_RS10180,47.396,192,100,1,1,192,1,191,1.79e-60,184
AYT27_RS00025,BME_RS10175,56.034,232,101,1,1,231,1,232,5.73e-96,277
AYT27_RS00030,BME_RS09040,69.121,978,292,2,1,968,1,978,0.0,1422
AYT27_RS00035,BME_RS11370,55.263,266,118,1,20,285,9,273,1.46e-107,310
AYT27_RS00040,BME_RS09200,63.602,261,75,3,1,257,1,245,2.24e-111,317
AYT27_RS00050,BME_RS08915,46.203,158,84,1,1,158,1,157,1.27e-41,134
AYT27_RS00055,BME_RS08910,66.545,275,92,0,4,278,22,296,2.71e-141,396
AYT27_RS00060,BME_RS16770,73.006,163,40,1,152,310,1,163,3.08e-86,253
AYT27_RS00065,BME_RS08900,40.000,90,54,0,1,90,1,90,2.57e-21,77.8
AYT27_RS00070,BME_RS08895,79.121,91,19,0,1,91,1,91,3.30e-50,150
AYT27_RS00075,BME_RS08885,41.237,194,111,2,22,214,36,227,2.58e-51,163
AYT27_RS00080,BME_RS08880,48.734,158,78,2,37,194,47,201,6.94e-48,153
AYT27_RS00085,BME_RS08875,79.592,245,50,0,20,264,33,277,1.68e-146,408
AYT27_RS00095,BME_RS08860,75.974,154,37,0,1,154,1,154,5.43e-82,235
AYT27_RS00100,BME_RS09245,52.410,166,79,0,1,166,1,166,3.31e-63,189
AYT27_RS00105,BME_RS09255,77.561,410,83,2,1,406,1,405,0.0,658
AYT27_RS00110,BME_RS09265,46.919,211,112,0,1,211,7,217,3.06e-72,215
AYT27_RS00115,BME_RS12630,69.259,540,165,1,9,548,9,547,0.0,775
AYT27_RS00120,BME_RS11355,78.571,518,111,0,8,525,7,524,0.0,856
AYT27_RS00125,BME_RS10020,76.699,103,24,0,1,103,1,103,1.98e-58,172
AYT27_RS00130,BME_RS10025,46.438,1165,596,11,6,1158,7,1155,0.0,1027
AYT27_RS00135,BME_RS10030,49.856,1043,499,6,4,1032,10,1042,0.0,961
AYT27_RS00140,BME_RS10040,40.741,189,112,0,1,189,313,501,9.45e-52,170
AYT27_RS00145,BME_RS10040,40.845,71,42,0,1,71,217,287,2.31e-13,59.7
AYT27_RS00150,BME_RS10040,54.967,151,68,0,6,156,11,161,3.40e-52,169
AYT27_RS00155,BME_RS10045,45.742,728,389,2,92,813,99,826,0.0,642
AYT27_RS00160,BME_RS10050,82.618,466,80,1,1,465,1,466,0.0,816
AYT27_RS00165,BME_RS11455,46.440,323,168,1,7,329,8,325,3.07e-107,313
AYT27_RS00170,BME_RS10015,53.349,433,198,1,10,438,9,441,1.98e-170,482
AYT27_RS00175,BME_RS10010,75.817,306,69,1,1,306,1,301,3.18e-177,488
AYT27_RS00180,BME_RS08460,48.333,60,31,0,4,63,4,63,1.16e-09,48.9
AYT27_RS00185,BME_RS08835,51.515,231,112,0,1,231,1,231,9.17e-75,223
AYT27_RS00190,BME_RS11350,58.209,402,167,1,54,454,1,402,6.51e-159,453
AYT27_RS00195,BME_RS11345,63.567,527,189,2,1,525,1,526,0.0,699
AYT27_RS00200,BME_RS11340,68.627,255,80,0,6,260,15,269,6.15e-136,380
AYT27_RS00205,BME_RS09030,79.276,801,162,2,13,810,14,813,0.0,1307
AYT27_RS00215,BME_RS08100,46.947,262,136,1,31,289,19,280,2.57e-91,269
AYT27_RS00220,BME_RS09870,70.866,508,148,0,1,508,1,508,0.0,716
AYT27_RS00225,BME_RS09395,49.601,627,305,3,33,653,18,639,0.0,612
AYT27_RS00230,BME_RS09390,36.660,1533,940,15,38,1548,56,1579,0.0,940
AYT27_RS00235,BME_RS08460,44.382,178,94,2,12,184,45,222,4.21e-42,142
AYT27_RS00240,BME_RS11415,38.676,574,350,2,13,585,19,591,1.26e-148,438
AYT27_RS00245,BME_RS09950,78.947,171,36,0,2,172,8,178,5.34e-99,280
AYT27_RS00250,BME_RS09960,56.800,250,108,0,8,257,11,260,5.71e-108,310
AYT27_RS00255,BME_RS09980,46.753,231,115,2,11,241,30,252,5.58e-75,225
AYT27_RS00260,BME_RS11500,60.914,394,149,2,1,389,1,394,1.02e-173,487
AYT27_RS00265,BME_RS08790,58.629,394,145,1,5,398,28,403,6.29e-168,473
AYT27_RS00270,BME_RS08795,64.486,214,76,0,1,214,1,214,1.53e-103,295
AYT27_RS00275,BME_RS08815,74.928,347,87,0,10,356,10,356,0.0,521
AYT27_RS00280,BME_RS08820,66.514,218,71,2,1,217,1,217,6.87e-95,273
AYT27_RS00285,BME_RS09225,44.000,175,97,1,1,175,1,174,2.39e-49,155
AYT27_RS00290,BME_RS10055,64.835,91,32,0,8,98,13,103,4.08e-39,122
AYT27_RS00295,BME_RS10060,67.424,132,41,1,1,132,1,130,6.93e-59,175
AYT27_RS00300,BME_RS10065,43.836,146,79,2,8,150,10,155,7.22e-38,124
AYT27_RS00305,BME_RS10070,66.195,565,184,3,34,591,34,598,0.0,750
AYT27_RS00310,BME_RS10075,81.277,235,44,0,6,240,5,239,4.28e-142,394
AYT27_RS00315,BME_RS07455,39.683,63,35,2,86,147,327,387,1.05e-09,52.4
AYT27_RS00320,BME_RS09370,41.803,122,71,0,52,173,199,320,9.08e-27,100
AYT27_RS00325,BME_RS09910,86.614,635,80,1,1,630,1,635,0.0,1111
AYT27_RS00330,BME_RS09900,76.330,376,88,1,1,376,1,375,0.0,555
AYT27_RS00340,BME_RS11525,81.597,288,53,0,13,300,8,295,1.92e-168,466
AYT27_RS00345,BME_RS02540,25.333,300,204,7,14,301,5,296,1.05e-18,81.3
AYT27_RS00350,BME_RS11460,86.644,599,80,0,1,599,1,599,0.0,1094
AYT27_RS00355,BME_RS11510,75.000,280,70,0,3,282,5,284,4.48e-162,448
AYT27_RS00360,BME_RS11515,65.455,275,95,0,12,286,2,276,4.56e-143,400
AYT27_RS00365,BME_RS11490,61.134,247,96,0,1,247,1,247,3.27e-117,332
AYT27_RS00370,BME_RS11485,58.013,312,122,2,3,311,1,306,4.40e-127,362
AYT27_RS00375,BME_RS11480,56.000,175,77,0,1,175,1,175,9.74e-76,221
AYT27_RS00380,BME_RS11475,60.714,392,148,2,7,394,18,407,1.65e-172,484
AYT27_RS00385,BME_RS03920,50.777,193,93,2,1,193,1,191,8.82e-66,197
AYT27_RS00390,BME_RS08855,51.899,79,38,0,5,83,3,81,4.53e-29,96.3
AYT27_RS00395,BME_RS08850,55.714,140,62,0,1,140,1,140,4.51e-58,174
AYT27_RS00400,BME_RS08840,64.502,231,82,0,5,235,14,244,6.05e-113,321
AYT27_RS00405,BME_RS09940,80.597,67,12,1,1,67,1,66,1.51e-35,111
AYT27_RS00410,BME_RS09935,88.806,134,14,1,1,133,1,134,9.81e-83,235
AYT27_RS00415,BME_RS09925,71.935,367,94,1,1,358,1,367,0.0,554
AYT27_RS00420,BME_RS09920,63.636,803,292,0,1,803,1,803,0.0,1011
AYT27_RS00425,BME_RS11040,21.452,303,192,6,2,262,3,301,1.42e-13,66.6
AYT27_RS00430,BME_RS03270,34.956,226,140,5,17,238,14,236,1.37e-37,130
AYT27_RS00435,BME_RS11030,29.435,248,161,4,21,264,33,270,5.15e-19,81.6
AYT27_RS00440,BME_RS11030,25.781,256,164,3,31,285,36,266,6.96e-08,49.3
AYT27_RS00445,BME_RS09855,37.931,116,72,0,12,127,22,137,1.02e-20,78.6
AYT27_RS00455,BME_RS09090,80.415,434,85,0,1,434,1,434,0.0,752
AYT27_RS00460,BME_RS09095,57.378,2860,1188,9,14,2852,15,2864,0.0,3490
AYT27_RS00465,BME_RS09485,85.159,566,84,0,1,566,1,566,0.0,985
AYT27_RS00470,BME_RS09490,59.804,204,82,0,3,206,8,211,2.05e-87,254
AYT27_RS00475,BME_RS09495,67.048,437,144,0,6,442,9,445,0.0,584
AYT27_RS00480,BME_RS09500,70.886,79,23,0,1,79,1,79,1.04e-30,103
AYT27_RS00485,BME_RS09505,96.000,25,1,0,1,25,1,25,5.10e-12,48.9
AYT27_RS00495,BME_RS09150,77.288,612,136,1,1,612,1,609,0.0,961
AYT27_RS00505,BME_RS08925,68.849,886,272,3,25,908,23,906,0.0,1251
AYT27_RS00510,BME_RS04815,47.657,747,384,5,22,762,18,763,0.0,630
AYT27_RS00515,BME_RS10170,64.151,159,54,1,2,157,5,163,1.50e-67,199
AYT27_RS00520,BME_RS10165,36.129,155,96,2,17,168,11,165,9.85e-32,108
AYT27_RS00525,BME_RS10160,52.036,221,102,2,12,230,13,231,2.76e-80,237
AYT27_RS00530,BME_RS10150,46.237,186,87,3,13,196,3,177,2.56e-47,150
AYT27_RS00535,BME_RS08065,54.925,335,143,3,2,331,7,338,2.80e-130,372
AYT27_RS00540,BME_RS08075,60.253,395,157,0,2,396,3,397,0.0,527
AYT27_RS00545,BME_RS08080,60.000,180,68,1,1,176,1,180,6.81e-71,209
AYT27_RS00550,BME_RS09155,41.872,203,105,3,1,193,1,200,1.57e-52,165
AYT27_RS00560,BME_RS09165,54.008,237,109,0,15,251,15,251,1.92e-97,282
AYT27_RS00565,BME_RS09170,45.161,217,119,0,1,217,1,217,5.29e-50,159
AYT27_RS00570,BME_RS09175,49.735,189,95,0,1,189,1,189,1.71e-64,195
AYT27_RS00575,BME_RS09180,80.291,893,176,0,1,893,1,893,0.0,1485
AYT27_RS00580,BME_RS09620,74.713,87,22,0,1,87,1,87,8.45e-44,134
AYT27_RS00585,BME_RS09615,68.511,524,139,7,18,523,31,546,0.0,664
AYT27_RS00590,BME_RS09610,66.578,374,122,3,1,373,1,372,0.0,508
AYT27_RS00595,BME_RS09605,56.757,370,158,2,7,375,13,381,2.95e-136,390
AYT27_RS00600,BME_RS05310,58.571,140,58,0,1,140,1,140,6.02e-53,161
AYT27_RS00605,BME_RS09420,45.724,304,147,5,6,304,7,297,1.61e-86,260
AYT27_RS00610,BME_RS09415,55.755,669,283,5,1,668,1,657,0.0,772
AYT27_RS00615,BME_RS09410,48.325,209,88,2,13,221,21,209,6.49e-64,194
AYT27_RS00620,BME_RS09405,34.615,104,65,1,4,107,8,108,8.63e-16,68.2
AYT27_RS00625,BME_RS00825,36.254,331,204,3,3,333,2,325,3.82e-64,203
AYT27_RS00630,BME_RS09695,76.471,272,64,0,1,272,1,272,1.22e-161,446
AYT27_RS00635,BME_RS09690,84.691,405,62,0,1,405,1,405,0.0,714
AYT27_RS00640,BME_RS09685,76.786,168,39,0,1,168,1,168,6.31e-98,277
AYT27_RS00645,BME_RS09680,63.235,136,50,0,26,161,6,141,1.43e-63,189
AYT27_RS00650,BME_RS09670,53.672,177,66,2,21,181,2,178,3.50e-69,205
AYT27_RS00655,BME_RS11810,90.541,74,7,0,1,74,1,74,1.30e-34,109
AYT27_RS00670,BME_RS08205,92.000,25,2,0,1,25,1,25,3.25e-12,49.7
AYT27_RS00675,BME_RS08195,40.845,355,205,1,4,353,3,357,1.03e-93,282
AYT27_RS00680,BME_RS08190,64.631,1015,353,2,18,1029,10,1021,0.0,1284
AYT27_RS00690,BME_RS08150,59.450,545,221,0,8,552,3,547,0.0,695
AYT27_RS00695,BME_RS00985,80.000,30,6,0,1,30,1,30,5.41e-13,52.0
AYT27_RS00700,BME_RS00990,71.429,105,26,1,1,105,1,101,5.31e-50,154
AYT27_RS00705,BME_RS00995,79.310,87,18,0,3,89,1,87,5.12e-48,144
AYT27_RS00710,BME_RS00905,30.297,538,365,6,275,804,183,718,4.45e-65,228
AYT27_RS00715,BME_RS11315,93.333,30,2,0,1,30,1,30,3.96e-16,59.7
AYT27_RS00770,BME_RS16810,32.520,369,212,12,449,800,224,572,7.80e-32,131
AYT27_RS00780,BME_RS01010,34.375,96,61,1,57,150,131,226,4.38e-09,50.1
AYT27_RS00790,BME_RS16810,44.340,106,54,2,7,109,282,385,4.22e-18,74.7
AYT27_RS00800,BME_RS09275,32.749,171,103,3,36,194,75,245,4.51e-24,92.0
AYT27_RS00805,BME_RS13120,68.196,327,104,0,103,429,175,501,9.81e-167,475
AYT27_RS00810,BME_RS13115,79.724,217,44,0,19,235,23,239,1.77e-133,373
AYT27_RS00820,BME_RS01015,78.679,333,71,0,1,333,1,333,0.0,502
AYT27_RS00825,BME_RS01020,69.251,374,115,0,5,378,2,375,0.0,515
AYT27_RS00830,BME_RS01025,65.947,417,139,3,3,417,11,426,0.0,565
AYT27_RS00835,BME_RS01030,55.263,190,85,0,1,190,24,213,6.67e-72,214
AYT27_RS00840,BME_RS01035,52.252,111,53,0,30,140,7,117,4.05e-42,133
AYT27_RS00845,BME_RS01040,51.445,173,70,1,1,159,1,173,1.91e-58,176
AYT27_RS00850,BME_RS01050,41.755,376,198,2,72,426,74,449,1.73e-102,309
AYT27_RS00855,BME_RS01055,72.562,441,115,1,1,435,1,441,0.0,648
AYT27_RS00860,BME_RS01060,51.515,165,80,0,3,167,10,174,3.14e-63,189
AYT27_RS00865,BME_RS07900,34.043,188,107,5,1,186,1,173,1.41e-28,101
AYT27_RS00870,BME_RS00345,66.279,86,29,0,4,89,3,88,2.77e-32,105
AYT27_RS00880,BME_RS00340,77.011,174,40,0,1,174,1,174,1.25e-102,289
AYT27_RS00885,BME_RS12240,88.595,605,69,0,1,605,1,605,0.0,1106
AYT27_RS00890,BME_RS12235,64.853,441,155,0,18,458,25,465,0.0,588
AYT27_RS00895,BME_RS12230,63.244,672,245,2,5,674,10,681,0.0,847
AYT27_RS00900,BME_RS10375,35.862,290,171,3,52,335,95,375,4.75e-60,194
AYT27_RS00905,BME_RS10310,57.946,409,170,1,10,418,6,412,4.78e-177,497
AYT27_RS00910,BME_RS10305,78.840,293,61,1,1,293,4,295,5.20e-175,482
AYT27_RS00915,BME_RS10295,64.688,320,113,0,12,331,14,333,7.23e-153,429
AYT27_RS00920,BME_RS10275,56.977,86,36,1,33,118,39,123,4.39e-31,104
AYT27_RS00925,BME_RS10250,33.761,468,290,5,1,450,1,466,2.81e-69,225
AYT27_RS00930,BME_RS11365,27.536,207,126,4,46,239,88,283,1.35e-12,66.2
AYT27_RS00935,BME_RS14580,83.636,495,79,1,1,495,1,493,0.0,806
AYT27_RS00940,BME_RS14545,67.143,70,23,0,1,70,1,70,4.49e-24,100
AYT27_RS00945,BME_RS14530,71.047,487,136,3,2,485,3,487,0.0,707
AYT27_RS00950,BME_RS04090,39.815,108,60,3,3,107,13,118,4.53e-14,66.2
AYT27_RS00955,BME_RS13225,55.014,349,151,5,4,347,4,351,2.35e-129,371
AYT27_RS00960,BME_RS17255,64.497,169,59,1,115,283,6,173,1.70e-79,235
AYT27_RS00965,BME_RS13235,55.159,252,110,1,43,294,2,250,8.87e-101,292
AYT27_RS00970,BME_RS13240,45.433,427,225,5,6,430,6,426,6.78e-134,389
AYT27_RS00975,BME_RS11040,23.754,341,210,9,5,305,4,334,3.10e-17,77.4
AYT27_RS00980,BME_RS11030,28.571,266,179,5,13,274,17,275,5.08e-18,79.0
AYT27_RS00985,BME_RS03270,29.902,204,124,4,13,202,14,212,4.81e-27,102
AYT27_RS00990,BME_RS14745,68.493,73,23,0,1,73,1,73,1.04e-36,114
AYT27_RS00995,BME_RS14740,54.198,131,59,1,1,130,1,131,3.23e-45,140
AYT27_RS01000,BME_RS14735,78.329,706,153,0,11,716,33,738,0.0,1178
AYT27_RS01005,BME_RS14730,77.389,314,71,0,11,324,16,329,0.0,519
AYT27_RS01010,BME_RS00915,45.878,279,151,0,6,284,9,287,1.02e-87,260
AYT27_RS01015,BME_RS00910,78.310,355,77,0,1,355,1,355,0.0,575
AYT27_RS01020,BME_RS01840,70.149,134,40,0,2,135,5,138,4.74e-68,199
AYT27_RS01025,BME_RS00570,76.159,906,213,3,1,904,1,905,0.0,1417
AYT27_RS01030,BME_RS00580,48.881,268,136,1,48,314,60,327,1.13e-92,275
AYT27_RS01035,BME_RS00585,63.325,409,147,1,5,410,5,413,1.04e-178,501
AYT27_RS01040,BME_RS00595,62.406,133,50,0,4,136,6,138,3.99e-60,179
AYT27_RS01045,BME_RS09655,49.291,282,140,1,5,283,9,290,2.65e-96,282
AYT27_RS01050,BME_RS09645,56.733,453,191,2,7,455,4,455,2.03e-180,509
AYT27_RS01055,BME_RS10095,70.096,311,93,0,22,332,12,322,2.28e-167,465
AYT27_RS01060,BME_RS00485,49.164,299,151,1,1,298,1,299,5.52e-101,297
AYT27_RS01065,BME_RS10130,79.459,185,37,1,1,185,1,184,7.47e-108,303
AYT27_RS01070,BME_RS10135,81.986,433,75,2,5,436,4,434,0.0,716
AYT27_RS01075,BME_RS09705,43.983,241,133,1,3,241,9,249,6.26e-70,218
AYT27_RS01080,BME_RS09710,82.553,705,123,0,1,705,1,705,0.0,1211
AYT27_RS01085,BME_RS09715,80.899,89,17,0,1,89,1,89,1.53e-50,150
AYT27_RS01090,BME_RS14750,57.692,286,121,0,62,347,1,286,6.54e-102,311
AYT27_RS01095,BME_RS09720,63.975,322,112,1,1,318,1,322,1.14e-150,422
AYT27_RS01100,BME_RS09725,66.667,123,38,1,7,129,14,133,1.12e-55,167
AYT27_RS01105,BME_RS09730,70.248,847,188,9,61,845,115,959,0.0,1144
AYT27_RS01110,BME_RS09735,49.746,197,99,0,1,197,18,214,5.93e-66,199
AYT27_RS01115,BME_RS09740,81.853,518,94,0,1,518,1,518,0.0,877
AYT27_RS01120,BME_RS09745,57.949,195,82,0,10,204,8,202,3.61e-79,233
AYT27_RS01125,BME_RS09750,60.851,235,88,2,1,233,1,233,1.21e-104,299
AYT27_RS01130,BME_RS09755,78.282,419,91,0,1,419,1,419,0.0,671
AYT27_RS01135,BME_RS09760,65.217,138,42,3,1,133,1,137,7.49e-59,175
AYT27_RS01140,BME_RS09765,44.639,513,281,2,27,537,12,523,1.10e-161,468
AYT27_RS01145,BME_RS09770,52.959,338,149,2,6,334,10,346,3.39e-117,340
AYT27_RS01150,BME_RS09775,54.362,149,68,0,7,155,1,149,2.74e-60,181
AYT27_RS01160,BME_RS09785,68.233,447,140,2,10,454,18,464,0.0,655
AYT27_RS01165,BME_RS09795,42.581,155,89,0,7,161,10,164,2.48e-44,140
AYT27_RS01170,BME_RS09800,40.851,235,122,5,1,227,1,226,1.70e-50,161
AYT27_RS01175,BME_RS09480,54.192,334,150,2,3,334,3,335,1.41e-99,294
AYT27_RS01180,BME_RS09465,80.597,201,39,0,1,201,1,201,3.85e-119,333
AYT27_RS01185,BME_RS09460,63.551,107,39,0,1,107,1,107,1.52e-50,152
AYT27_RS01190,BME_RS09455,57.619,630,221,9,1,626,1,588,0.0,706
AYT27_RS01195,BME_RS16835,75.000,32,8,0,1,32,1,32,1.73e-09,43.1
AYT27_RS01210,BME_RS09440,66.312,282,95,0,6,287,2,283,1.05e-146,410
AYT27_RS01215,BME_RS09435,66.116,242,81,1,3,243,5,246,4.69e-115,326
AYT27_RS01220,BME_RS09430,35.359,181,109,4,1,173,1,181,1.63e-36,122
AYT27_RS01225,BME_RS09580,64.171,374,124,3,1,373,1,365,5.38e-176,491
AYT27_RS01230,BME_RS09585,66.048,377,125,2,4,378,2,377,0.0,510
AYT27_RS01235,BME_RS09590,65.730,534,182,1,1,533,1,534,0.0,735
AYT27_RS01240,BME_RS09600,65.726,248,80,1,5,247,8,255,3.22e-121,343
AYT27_RS01245,BME_RS09875,73.226,310,83,0,1,310,3,312,1.32e-176,488
AYT27_RS01250,BME_RS09850,68.966,348,108,0,1,348,1,348,0.0,525
AYT27_RS01255,BME_RS09845,60.757,502,173,5,3,486,1,496,0.0,581
AYT27_RS01260,BME_RS09840,73.397,421,112,0,9,429,15,435,0.0,640
AYT27_RS01265,BME_RS09835,80.000,250,50,0,3,252,24,273,2.20e-153,424
AYT27_RS01270,BME_RS09830,64.831,236,83,0,1,236,1,236,1.50e-113,322
AYT27_RS01280,BME_RS09820,53.807,197,78,6,39,229,67,256,2.97e-63,199
AYT27_RS01285,BME_RS09810,67.308,416,135,1,1,415,1,416,0.0,587
AYT27_RS01290,BME_RS09635,55.667,300,115,4,1,290,1,292,1.07e-113,327
AYT27_RS01295,BME_RS09045,72.103,466,125,1,2,462,6,471,0.0,705
AYT27_RS01300,BME_RS09050,78.325,203,44,0,4,206,3,205,4.45e-123,343
AYT27_RS01310,BME_RS09060,37.143,280,122,10,1,276,1,230,1.54e-49,160
AYT27_RS01315,BME_RS09060,37.367,281,123,8,1,279,1,230,6.42e-54,171
AYT27_RS01320,BME_RS09060,44.800,125,55,3,269,391,118,230,1.02e-30,114
AYT27_RS01325,BME_RS15265,73.499,966,254,1,8,971,7,972,0.0,1510
AYT27_RS01330,BME_RS15260,34.615,208,107,8,6,188,7,210,1.28e-23,90.5
AYT27_RS01335,BME_RS15250,65.972,144,49,0,4,147,14,157,1.39e-66,196
AYT27_RS01340,BME_RS15245,63.764,356,89,4,3,346,69,396,1.89e-152,442
AYT27_RS01345,BME_RS15240,56.452,186,81,0,1,186,1,186,2.04e-71,211
AYT27_RS01365,BME_RS15215,64.073,437,157,0,7,443,11,447,0.0,555
AYT27_RS01370,BME_RS15210,49.206,252,128,0,10,261,12,263,8.60e-84,249
AYT27_RS01375,BME_RS15205,59.740,77,31,0,1,77,1,77,8.35e-31,100
AYT27_RS01385,BME_RS15195,48.526,441,224,2,1,439,1,440,2.06e-145,419
AYT27_RS01390,BME_RS15190,49.853,341,168,2,1,338,1,341,2.99e-116,337
AYT27_RS01395,BME_RS15185,47.761,67,35,0,3,69,6,72,1.07e-19,72.0
AYT27_RS01400,BME_RS15180,63.884,623,214,2,1,612,1,623,0.0,832
AYT27_RS01405,BME_RS08045,74.722,360,91,0,3,362,4,363,0.0,550
AYT27_RS01410,BME_RS12035,41.711,374,214,3,8,379,9,380,4.42e-102,304
AYT27_RS01420,BME_RS12430,84.000,25,4,0,1,25,1,25,7.81e-09,40.8
AYT27_RS01425,BME_RS11320,25.000,112,69,2,1,104,1,105,1.43e-08,45.4
AYT27_RS01430,BME_RS10380,41.058,397,224,4,3,391,13,407,1.68e-86,270
AYT27_RS01435,BME_RS16115,34.123,211,134,4,3,209,4,213,4.86e-35,121
AYT27_RS01445,BME_RS01545,33.108,148,88,4,18,161,34,174,3.66e-10,53.5
AYT27_RS01500,BME_RS08380,56.338,71,31,0,1,71,1,71,9.51e-21,77.8
AYT27_RS01505,BME_RS08460,55.584,385,169,1,1,383,1,385,4.39e-155,439
AYT27_RS01745,BME_RS08890,29.224,219,131,5,65,278,48,247,3.55e-12,63.2
AYT27_RS01845,BME_RS05015,34.884,172,101,3,2,165,7,175,1.20e-27,99.8
AYT27_RS01850,BME_RS04385,58.678,121,50,0,2,122,5,125,1.18e-52,161
AYT27_RS01955,BME_RS08330,80.000,25,5,0,1,25,1,25,2.67e-08,39.7
AYT27_RS01960,BME_RS01690,70.757,383,112,0,1,383,1,383,0.0,578
AYT27_RS01965,BME_RS01705,77.049,427,98,0,1,427,1,427,0.0,695
AYT27_RS01970,BME_RS01710,38.158,228,130,5,217,435,238,463,1.82e-44,158
AYT27_RS01975,BME_RS01860,80.935,278,53,0,1,278,1,278,1.61e-174,481
AYT27_RS01980,BME_RS01855,60.550,327,129,0,6,332,18,344,4.06e-146,412
AYT27_RS01985,BME_RS00110,35.597,486,291,9,2,474,15,491,2.65e-93,288
AYT27_RS01990,BME_RS13825,57.426,808,301,12,41,836,40,816,0.0,845
AYT27_RS02005,BME_RS02080,36.029,408,233,9,46,433,629,1028,1.82e-64,220
AYT27_RS02010,BME_RS07990,75.182,137,33,1,1,137,1,136,6.64e-72,208
AYT27_RS02015,BME_RS08020,54.848,361,162,1,3,362,4,364,1.50e-142,405
AYT27_RS02025,BME_RS12745,78.070,456,100,0,20,475,21,476,0.0,771
AYT27_RS02030,BME_RS12735,53.318,422,196,1,5,425,5,426,5.40e-171,483
AYT27_RS02035,BME_RS12695,65.644,489,168,0,1,489,1,489,0.0,690
AYT27_RS02040,BME_RS12690,54.113,231,106,0,4,234,1,231,1.57e-79,236
AYT27_RS02045,BME_RS12685,70.549,601,176,1,5,605,8,607,0.0,880
AYT27_RS02050,BME_RS12680,66.555,299,100,0,1,299,1,299,7.87e-146,409
AYT27_RS02055,BME_RS02075,35.252,556,337,8,26,559,27,581,4.33e-109,339
AYT27_RS02060,BME_RS12775,54.098,244,112,0,1,244,1,244,2.43e-89,261
AYT27_RS02065,BME_RS12770,69.803,457,138,0,1,457,1,457,0.0,671
AYT27_RS02075,BME_RS00865,59.507,284,115,0,6,289,10,293,3.74e-120,343
AYT27_RS02080,BME_RS00870,51.965,229,110,0,26,254,34,262,2.68e-83,247
AYT27_RS02085,BME_RS00875,65.476,84,26,2,1,82,1,83,1.41e-37,117
AYT27_RS02090,BME_RS00895,67.480,246,80,0,1,246,1,246,3.21e-136,380
AYT27_RS02095,BME_RS00900,79.905,423,79,1,1,417,1,423,0.0,684
AYT27_RS02100,BME_RS07655,37.698,443,216,8,14,449,4,393,2.12e-72,239
AYT27_RS02110,BME_RS13220,55.839,548,242,0,1,548,1,548,0.0,585
AYT27_RS02115,BME_RS07730,43.636,220,124,0,1,220,1,220,7.01e-57,177
AYT27_RS02120,BME_RS07725,71.784,482,129,1,1,475,1,482,0.0,717
AYT27_RS02125,BME_RS08460,43.284,67,38,0,50,116,49,115,4.45e-10,53.1
AYT27_RS02130,BME_RS07710,39.098,133,79,1,1,133,1,131,9.99e-23,84.0
AYT27_RS02135,BME_RS07705,75.403,248,61,0,5,252,2,249,2.68e-139,388
AYT27_RS02140,BME_RS07700,97.183,71,2,0,6,76,5,75,1.81e-43,132
AYT27_RS02145,BME_RS07695,50.495,202,83,2,1,185,1,202,5.94e-64,193
AYT27_RS02150,BME_RS07690,53.659,164,71,1,1,164,1,159,2.08e-54,166
AYT27_RS02155,BME_RS07625,60.567,776,269,3,1,739,1,776,0.0,945
AYT27_RS02160,BME_RS07630,83.000,300,50,1,7,306,1,299,0.0,540
AYT27_RS02165,BME_RS07635,43.165,556,309,2,15,563,19,574,2.80e-170,493
AYT27_RS02170,BME_RS07640,68.731,323,101,0,34,356,16,338,2.18e-167,467
AYT27_RS02175,BME_RS07650,57.647,255,108,0,5,259,6,260,2.05e-93,273
AYT27_RS02180,BME_RS07655,62.759,290,101,2,1,283,447,736,2.77e-124,368
AYT27_RS02190,BME_RS07665,43.929,280,155,1,16,295,14,291,3.01e-76,232
AYT27_RS02200,BME_RS07685,61.468,218,84,0,1,218,1,218,1.08e-90,263
AYT27_RS02205,BME_RS07620,57.367,319,132,1,4,318,5,323,1.00e-125,359
AYT27_RS02210,BME_RS07615,61.075,465,181,0,5,469,6,470,0.0,602
AYT27_RS02215,BME_RS07600,37.405,131,79,1,1,128,1,131,5.70e-26,95.1
AYT27_RS02220,BME_RS07580,65.176,425,148,0,1,425,1,425,0.0,576
AYT27_RS02225,BME_RS07575,58.982,334,136,1,1,334,1,333,6.09e-132,376
AYT27_RS02235,BME_RS07570,70.443,203,59,1,5,207,2,203,1.75e-107,304
AYT27_RS02240,BME_RS07560,59.494,316,106,4,1,299,1,311,1.27e-118,340
AYT27_RS02245,BME_RS07555,84.559,272,42,0,1,272,1,272,1.27e-174,479
AYT27_RS02250,BME_RS07520,78.729,362,77,0,1,362,1,362,0.0,603
AYT27_RS02255,BME_RS07515,68.011,372,114,2,1,368,1,371,0.0,531
AYT27_RS02260,BME_RS07505,66.667,84,28,0,1,84,1,84,1.83e-35,112
AYT27_RS02265,BME_RS07480,75.397,630,154,1,1,630,1,629,0.0,961
AYT27_RS02270,BME_RS07475,61.317,243,94,0,4,246,9,251,8.25e-90,263
AYT27_RS02275,BME_RS07470,51.106,407,199,0,2,408,6,412,7.72e-144,413
AYT27_RS02280,BME_RS07350,70.064,471,140,1,1,471,1,470,0.0,686
AYT27_RS02285,BME_RS07345,40.000,135,81,0,44,178,74,208,2.47e-36,122
AYT27_RS02290,BME_RS07330,59.396,298,121,0,6,303,5,302,1.42e-131,374
AYT27_RS02295,BME_RS07300,80.061,326,65,0,6,331,7,332,0.0,528
AYT27_RS02300,BME_RS07295,57.680,319,135,0,1,319,1,319,3.63e-141,399
AYT27_RS02305,BME_RS07290,67.808,146,47,0,6,151,2,147,9.59e-75,217
AYT27_RS02310,BME_RS07280,28.631,241,156,6,51,278,24,261,2.37e-29,108
AYT27_RS02315,BME_RS07275,53.886,193,89,0,2,194,8,200,1.49e-73,217
AYT27_RS02320,BME_RS07270,54.228,946,429,2,11,955,18,960,0.0,1123
AYT27_RS02325,BME_RS07260,70.853,422,123,0,1,422,1,422,0.0,639
AYT27_RS02330,BME_RS07255,63.715,463,168,0,1,463,1,463,0.0,635
AYT27_RS02350,BME_RS07235,51.082,231,109,2,1,231,1,227,3.08e-80,237
AYT27_RS02355,BME_RS07225,70.213,376,112,0,1,376,1,376,0.0,575
AYT27_RS02360,BME_RS07215,58.092,346,142,1,24,366,7,352,3.39e-147,417
AYT27_RS02365,BME_RS07210,42.424,165,94,1,1,164,1,165,5.67e-50,155
AYT27_RS02370,BME_RS07205,58.696,184,75,1,34,216,34,217,9.55e-75,222
AYT27_RS02375,BME_RS07185,77.002,874,201,0,1,874,1,874,0.0,1415
AYT27_RS02380,BME_RS06825,28.105,306,163,11,34,282,17,322,1.55e-25,100
AYT27_RS02385,BME_RS06835,32.673,101,58,2,1,91,1,101,2.69e-10,51.6
AYT27_RS02390,BME_RS06840,58.209,134,56,0,1,134,1,134,1.65e-57,172
AYT27_RS02395,BME_RS06865,63.571,140,51,0,1,140,1,140,3.50e-63,187
AYT27_RS02400,BME_RS06870,63.135,689,254,0,7,695,9,697,0.0,946
AYT27_RS02405,BME_RS06880,75.758,198,48,0,1,198,1,198,1.63e-113,318
AYT27_RS02410,BME_RS07130,88.000,25,3,0,1,25,1,25,2.82e-12,49.7
AYT27_RS02415,BME_RS07170,38.672,256,155,1,2,255,3,258,2.22e-56,178
AYT27_RS02420,BME_RS06810,37.356,174,109,0,1,174,1,174,4.23e-45,144
AYT27_RS02425,BME_RS06805,41.294,201,114,1,1,197,1,201,3.59e-53,166
AYT27_RS02430,BME_RS06800,59.169,698,272,4,6,696,13,704,0.0,834
AYT27_RS02435,BME_RS06735,40.351,57,34,0,21,77,42,98,1.24e-15,62.4
AYT27_RS02440,BME_RS06730,71.946,221,62,0,1,221,1,221,1.15e-122,344
AYT27_RS02445,BME_RS06725,49.078,434,219,1,35,468,1,432,7.38e-151,433
AYT27_RS02450,BME_RS06715,32.584,178,120,0,64,241,98,275,5.71e-27,103
AYT27_RS02455,BME_RS06710,44.604,139,76,1,16,154,22,159,5.49e-39,127
AYT27_RS02460,BME_RS06705,55.371,661,287,4,3,659,3,659,0.0,706
AYT27_RS02465,BME_RS06700,48.344,151,76,1,1,149,1,151,4.76e-46,144
AYT27_RS02470,BME_RS06695,64.570,477,154,5,36,500,37,510,0.0,605
AYT27_RS02475,BME_RS06690,80.617,227,44,0,1,227,1,227,2.55e-134,374
AYT27_RS02480,BME_RS06685,61.957,460,175,0,1,460,2,461,0.0,574
AYT27_RS02485,BME_RS06680,58.256,975,404,3,2,974,7,980,0.0,1143
AYT27_RS02490,BME_RS09060,37.681,276,124,6,1,274,1,230,8.88e-59,184
AYT27_RS02495,BME_RS07760,47.853,163,83,1,10,172,201,361,1.93e-53,170
AYT27_RS02500,BME_RS06670,50.130,772,376,5,1,769,1,766,0.0,759
AYT27_RS02505,BME_RS06665,56.949,885,369,6,1,875,1,883,0.0,1052
AYT27_RS02510,BME_RS06650,49.645,282,127,2,8,274,7,288,1.09e-101,295
AYT27_RS02515,BME_RS08605,36.735,245,144,3,2,240,18,257,9.83e-35,122
AYT27_RS02520,BME_RS08625,59.596,198,80,0,3,200,4,201,2.34e-87,253
AYT27_RS02525,BME_RS08620,61.024,254,99,0,1,254,1,254,1.24e-114,326
AYT27_RS02530,BME_RS08615,47.692,65,34,0,1,65,1,65,8.75e-16,61.2
AYT27_RS02535,BME_RS08610,53.094,307,137,4,3,304,2,306,4.11e-109,317
AYT27_RS02555,BME_RS03270,35.686,255,150,5,12,263,14,257,5.28e-47,154
AYT27_RS02560,BME_RS12805,40.345,290,163,3,73,361,50,330,9.73e-47,159
AYT27_RS02575,BME_RS11650,23.636,440,262,18,273,692,256,641,2.98e-11,63.2
AYT27_RS02580,BME_RS01770,26.829,82,59,1,159,240,178,258,1.78e-08,50.8
AYT27_RS02585,BME_RS06545,50.511,685,324,5,27,700,3,683,0.0,706
AYT27_RS02590,BME_RS06540,65.753,292,100,0,1,292,1,292,1.49e-150,420
AYT27_RS02595,BME_RS06535,81.646,158,29,0,1,158,1,158,2.81e-96,271
AYT27_RS02600,BME_RS06530,68.720,211,65,1,11,221,4,213,2.13e-109,310
AYT27_RS02605,BME_RS06520,76.866,134,28,2,1,132,1,133,2.81e-65,191
AYT27_RS02610,BME_RS06515,79.333,750,146,2,1,741,1,750,0.0,1213
AYT27_RS02615,BME_RS06510,68.229,192,61,0,1,192,1,192,1.06e-96,275
AYT27_RS02620,BME_RS06485,38.776,196,111,2,1,196,1,187,1.14e-35,120
AYT27_RS02625,BME_RS06480,66.412,131,44,0,1,131,1,131,1.75e-64,189
AYT27_RS02630,BME_RS06475,67.213,244,80,0,8,251,7,250,2.98e-122,346
AYT27_RS02635,BME_RS06470,63.927,219,79,0,9,227,11,229,6.38e-105,300
AYT27_RS02640,BME_RS06465,70.370,297,88,0,3,299,13,309,2.63e-159,443
AYT27_RS02645,BME_RS06460,58.723,235,97,0,1,235,1,235,6.51e-102,293
AYT27_RS02650,BME_RS07940,49.286,280,142,0,1,280,1,280,3.05e-95,279
AYT27_RS02655,BME_RS07935,57.736,265,111,1,8,271,8,272,9.01e-114,325
AYT27_RS02660,BME_RS06450,62.255,204,76,1,1,204,1,203,9.10e-92,264
AYT27_RS02665,BME_RS06445,41.197,284,164,2,1,283,1,282,5.36e-81,243
AYT27_RS02670,BME_RS06440,75.283,441,109,0,1,441,1,441,0.0,700
AYT27_RS02675,BME_RS06425,44.762,105,58,0,19,123,23,127,2.84e-29,99.8
AYT27_RS02685,BME_RS06400,64.000,500,176,3,3,500,7,504,0.0,668
AYT27_RS02695,BME_RS07450,72.816,618,168,0,8,625,5,622,0.0,949
AYT27_RS02700,BME_RS07445,63.636,220,80,0,1,220,20,239,2.18e-113,322
AYT27_RS02705,BME_RS07440,60.000,265,106,0,7,271,5,269,3.79e-118,337
AYT27_RS02710,BME_RS07435,64.634,246,87,0,4,249,1,246,1.54e-123,348
AYT27_RS02715,BME_RS07430,78.512,484,104,0,11,494,11,494,0.0,783
AYT27_RS02720,BME_RS07425,52.717,184,84,2,1,184,1,181,3.58e-61,186
AYT27_RS02725,BME_RS07420,78.261,460,94,2,1,454,1,460,0.0,714
AYT27_RS02730,BME_RS07415,69.000,500,149,3,1,494,1,500,0.0,707
AYT27_RS02735,BME_RS08460,34.677,124,72,2,6,125,80,198,8.95e-14,66.2
AYT27_RS02740,BME_RS07405,72.340,188,50,1,1,186,1,188,7.06e-97,276
AYT27_RS02745,BME_RS07400,31.488,289,182,5,12,293,11,290,1.80e-27,106
AYT27_RS02750,BME_RS07395,86.585,82,11,0,1,82,1,82,6.13e-51,151
AYT27_RS02755,BME_RS07390,70.476,105,31,0,1,105,1,105,6.84e-55,166
AYT27_RS02770,BME_RS07385,69.103,301,93,0,1,301,1,301,6.45e-152,425
AYT27_RS02775,BME_RS07380,80.000,245,49,0,1,245,1,245,4.93e-148,410
AYT27_RS02780,BME_RS07375,91.026,78,7,0,1,78,1,78,1.93e-45,137
AYT27_RS02785,BME_RS07370,81.384,419,78,0,1,419,1,419,0.0,648
AYT27_RS02790,BME_RS07365,58.982,334,137,0,32,365,57,390,5.43e-136,390
AYT27_RS02795,BME_RS07355,61.463,205,77,1,17,219,12,216,1.63e-93,270
AYT27_RS02800,BME_RS06380,72.464,276,75,1,1,276,1,275,3.11e-148,413
AYT27_RS02805,BME_RS06375,59.215,331,132,2,4,332,9,338,4.54e-135,384
AYT27_RS02810,BME_RS06370,50.526,285,137,3,32,313,32,315,5.96e-100,293
AYT27_RS02815,BME_RS06365,51.324,793,369,6,9,787,2,791,0.0,844
AYT27_RS02820,BME_RS06360,61.096,365,139,1,1,365,1,362,2.75e-157,443
AYT27_RS02825,BME_RS06355,52.957,372,175,0,1,372,1,372,1.50e-145,416
AYT27_RS02830,BME_RS06345,56.081,148,65,0,1,148,2,149,1.60e-63,188
AYT27_RS02845,BME_RS13020,54.940,415,187,0,12,426,10,424,1.11e-142,410
AYT27_RS02865,BME_RS06335,63.754,618,219,2,1,614,11,627,0.0,802
AYT27_RS02870,BME_RS06325,82.143,140,25,0,1,140,1,140,2.91e-83,237
AYT27_RS02875,BME_RS06305,80.729,192,37,0,1,192,2,193,9.89e-108,303
AYT27_RS02880,BME_RS06300,66.667,660,213,3,5,661,30,685,0.0,942
AYT27_RS02885,BME_RS06270,56.794,287,119,2,1,283,1,286,2.89e-119,340
AYT27_RS02895,BME_RS05440,58.333,48,19,1,1,48,1,47,5.62e-11,50.8
AYT27_RS02900,BME_RS05435,39.062,128,68,2,1,128,1,118,3.83e-22,84.3
AYT27_RS02905,BME_RS05430,48.485,264,135,1,1,263,1,264,6.97e-80,239
AYT27_RS02910,BME_RS05425,72.104,423,118,0,1,423,1,423,0.0,638
AYT27_RS02915,BME_RS05415,48.804,209,106,1,11,219,15,222,7.17e-71,212
AYT27_RS02920,BME_RS05405,44.656,262,112,2,133,392,202,432,7.78e-77,241
AYT27_RS02925,BME_RS05395,66.667,114,37,1,1,114,1,113,1.83e-53,161
AYT27_RS02930,BME_RS05385,65.891,129,43,1,1,128,1,129,2.94e-59,176
AYT27_RS02935,BME_RS05380,46.667,270,143,1,7,276,7,275,3.40e-84,251
AYT27_RS02940,BME_RS04220,34.127,630,406,7,1,625,1,626,1.72e-123,376
AYT27_RS02945,BME_RS04225,66.535,254,85,0,1,254,1,254,7.74e-124,349
AYT27_RS02950,BME_RS04230,51.282,117,49,1,1,117,1,109,5.28e-24,88.2
AYT27_RS02955,BME_RS04240,82.841,542,93,0,1,542,1,542,0.0,924
AYT27_RS02960,BME_RS04245,73.091,275,74,0,1,275,1,275,1.59e-142,398
AYT27_RS02965,BME_RS04250,76.555,418,98,0,1,418,1,418,0.0,659
AYT27_RS02975,BME_RS04260,56.863,102,44,0,1,102,1,102,3.32e-42,131
AYT27_RS02980,BME_RS04265,75.434,346,85,0,1,346,1,346,0.0,532
AYT27_RS02985,BME_RS04270,75.054,461,111,1,1,457,1,461,0.0,709
AYT27_RS02990,BME_RS04275,65.402,448,148,3,1,442,1,447,0.0,577
AYT27_RS02995,BME_RS04280,79.877,487,97,1,1,486,1,487,0.0,810
AYT27_RS03000,BME_RS04290,79.560,318,64,1,1,317,1,318,0.0,529
AYT27_RS03005,BME_RS04295,66.443,149,50,0,1,149,1,149,7.13e-76,219
AYT27_RS03010,BME_RS04305,57.692,156,66,0,7,162,8,163,1.58e-59,179
AYT27_RS03015,BME_RS04310,61.168,394,153,0,2,395,54,447,3.80e-175,493
AYT27_RS03020,BME_RS13665,66.667,147,47,1,1,145,1,147,1.11e-67,199
AYT27_RS03025,BME_RS04330,56.950,741,313,3,1,737,15,753,0.0,839
AYT27_RS03030,BME_RS04335,75.330,454,108,2,1,451,1,453,0.0,707
AYT27_RS03035,BME_RS04340,65.721,458,157,0,1,458,1,458,0.0,627
AYT27_RS03040,BME_RS04345,47.273,220,106,4,1,215,1,215,4.63e-59,186
AYT27_RS03045,BME_RS04360,84.211,209,33,0,1,209,1,209,6.99e-137,379
AYT27_RS03050,BME_RS04365,87.736,424,52,0,1,424,1,424,0.0,779
AYT27_RS03055,BME_RS04370,79.151,801,165,2,7,807,14,812,0.0,1299
AYT27_RS03060,BME_RS04375,71.111,90,26,0,1,90,1,90,2.51e-42,130
AYT27_RS03065,BME_RS05375,73.684,456,118,2,7,460,8,463,0.0,707
AYT27_RS03070,BME_RS05355,100.000,27,0,0,1,27,1,27,2.34e-15,57.8
AYT27_RS03075,BME_RS05350,67.946,443,138,1,1,439,9,451,0.0,592
AYT27_RS03080,BME_RS05345,83.367,499,83,0,1,499,1,499,0.0,887
AYT27_RS03085,BME_RS05335,60.448,134,49,1,1,130,1,134,3.91e-60,178
AYT27_RS03090,BME_RS05330,60.156,128,51,0,8,135,20,147,1.61e-58,175
AYT27_RS03100,BME_RS03675,45.045,222,114,3,19,236,14,231,3.70e-60,187
AYT27_RS03105,BME_RS03685,56.786,280,108,3,4,273,8,284,2.49e-107,309
AYT27_RS03115,BME_RS03695,95.833,24,1,0,1,24,1,24,9.40e-10,43.1
AYT27_RS03120,BME_RS03770,90.793,391,36,0,1,391,1,391,0.0,704
AYT27_RS03125,BME_RS03705,92.000,25,2,0,1,25,1,25,9.68e-11,45.8
AYT27_RS03130,BME_RS03710,67.241,58,19,0,1,58,1,58,1.13e-18,68.9
AYT27_RS03135,BME_RS03715,74.432,176,44,1,1,176,1,175,1.01e-93,266
AYT27_RS03140,BME_RS03720,84.507,142,22,0,1,142,1,142,4.40e-90,254
AYT27_RS03145,BME_RS03725,77.826,230,51,0,1,230,1,230,3.20e-124,348
AYT27_RS03150,BME_RS03730,75.000,172,43,0,1,172,1,172,7.19e-97,274
AYT27_RS03155,BME_RS03735,88.710,124,13,1,1,123,1,124,7.50e-58,172
AYT27_RS03160,BME_RS03740,87.083,1378,177,1,5,1382,1,1377,0.0,2501
AYT27_RS03165,BME_RS03745,87.759,1397,170,1,1,1397,1,1396,0.0,2571
AYT27_RS03170,BME_RS04035,52.419,124,59,0,4,127,4,127,1.85e-42,133
AYT27_RS03180,BME_RS04050,68.094,467,147,1,1,465,1,467,0.0,615
AYT27_RS03190,BME_RS04065,50.000,430,192,4,39,448,43,469,1.96e-143,415
AYT27_RS03195,BME_RS04070,58.095,105,42,1,20,124,14,116,1.65e-42,132
AYT27_RS03200,BME_RS04075,71.974,760,206,2,1,753,1,760,0.0,1135
AYT27_RS03205,BME_RS04080,68.571,140,44,0,1,140,1,140,1.08e-69,203
AYT27_RS03210,BME_RS04095,60.784,153,60,0,1,153,1,153,3.65e-63,187
AYT27_RS03215,BME_RS04100,43.775,249,139,1,24,272,31,278,2.96e-80,240
AYT27_RS03220,BME_RS04110,84.980,253,38,0,1,253,1,253,7.02e-169,463
AYT27_RS03225,BME_RS04115,75.896,307,72,1,1,307,1,305,3.12e-160,446
AYT27_RS03230,BME_RS04120,78.243,239,52,0,1,239,1,239,1.54e-127,357
AYT27_RS03235,BME_RS04125,79.570,186,38,0,1,186,1,186,5.14e-107,301
AYT27_RS03240,BME_RS04135,49.077,271,131,3,1,268,1,267,5.75e-65,201
AYT27_RS03245,BME_RS04140,42.938,354,189,4,31,379,33,378,9.14e-91,275
AYT27_RS03250,BME_RS04145,59.148,798,309,3,1,798,1,781,0.0,969
AYT27_RS03255,BME_RS04150,60.116,346,138,0,1,346,1,346,2.98e-158,444
AYT27_RS03260,BME_RS04155,61.333,150,58,0,2,151,1,150,3.04e-71,208
AYT27_RS03265,BME_RS04160,64.151,265,95,0,1,265,1,265,9.75e-129,363
AYT27_RS03270,BME_RS04165,52.174,276,132,0,11,286,18,293,1.56e-101,296
AYT27_RS03275,BME_RS04170,56.010,391,168,1,6,396,8,394,3.41e-155,440
AYT27_RS03280,BME_RS06075,60.996,241,93,1,17,257,30,269,9.71e-111,317
AYT27_RS03285,BME_RS13130,33.617,235,136,4,2,233,1,218,8.58e-31,110
AYT27_RS03290,BME_RS13130,35.632,174,100,2,56,229,53,214,2.59e-30,109
AYT27_RS03295,BME_RS05535,41.991,231,128,2,24,250,30,258,1.81e-64,198
AYT27_RS03300,BME_RS04175,80.420,429,84,0,1,429,1,429,0.0,751
AYT27_RS03305,BME_RS04180,75.906,469,113,0,2,470,4,472,0.0,751
AYT27_RS03310,BME_RS04190,39.053,507,294,6,278,772,3,506,5.79e-98,311
AYT27_RS03315,BME_RS04855,59.545,220,89,0,4,223,5,224,4.00e-86,252
AYT27_RS03320,BME_RS04850,48.052,154,79,1,6,159,6,158,2.56e-46,147
AYT27_RS03325,BME_RS04845,61.739,460,175,1,4,462,4,463,0.0,593
AYT27_RS03330,BME_RS04840,79.778,450,91,0,1,450,1,450,0.0,758
AYT27_RS03335,BME_RS04830,64.051,548,196,1,5,551,11,558,0.0,737
AYT27_RS03340,BME_RS04825,59.382,453,183,1,2,453,3,455,0.0,547
AYT27_RS03345,BME_RS05175,69.665,478,126,2,5,463,1,478,0.0,665
AYT27_RS03350,BME_RS05180,65.200,250,87,0,8,257,8,257,1.08e-116,331
AYT27_RS03355,BME_RS05065,95.833,24,1,0,1,24,1,24,3.75e-12,49.3
AYT27_RS03360,BME_RS15775,66.904,281,93,0,1,281,1,281,1.40e-120,360
AYT27_RS03370,BME_RS10380,39.780,455,266,4,5,457,18,466,5.03e-87,271
AYT27_RS03375,BME_RS08460,45.161,62,31,1,2,63,94,152,2.05e-10,51.6
AYT27_RS03530,BME_RS07415,67.442,129,37,1,21,144,331,459,3.03e-53,174
AYT27_RS03545,BME_RS05050,25.000,340,226,12,17,345,16,337,1.24e-15,73.6
AYT27_RS03635,BME_RS04385,57.025,121,52,0,2,122,5,125,2.01e-51,158
AYT27_RS03640,BME_RS05015,35.849,159,92,3,9,158,29,186,7.31e-27,97.4
AYT27_RS03755,BME_RS07415,66.667,129,38,1,29,152,331,459,1.55e-52,172
AYT27_RS03760,BME_RS10430,100.000,25,0,0,1,25,1,25,3.09e-11,47.0
AYT27_RS03765,BME_RS10425,89.167,120,13,0,1,120,1,120,1.19e-75,216
AYT27_RS03770,BME_RS10410,27.184,309,212,3,5,300,5,313,3.84e-40,139
AYT27_RS03775,BME_RS10400,60.959,146,57,0,1,146,1,146,1.98e-63,189
AYT27_RS03790,BME_RS09330,28.272,191,132,4,2,187,25,215,4.91e-26,97.1
AYT27_RS03815,BME_RS05920,100.000,25,0,0,1,25,1,25,1.11e-12,50.8
AYT27_RS03820,BME_RS05170,66.116,121,40,1,1,120,1,121,5.75e-56,167
AYT27_RS03825,BME_RS04575,48.889,270,138,0,3,272,3,272,3.73e-92,270
AYT27_RS03830,BME_RS05590,64.495,307,109,0,1,307,1,307,6.29e-149,417
AYT27_RS03835,BME_RS05585,79.825,342,69,0,1,342,1,342,0.0,573
AYT27_RS03840,BME_RS05580,74.940,419,105,0,2,420,3,421,0.0,632
AYT27_RS03845,BME_RS05575,61.795,390,147,2,1,388,1,390,1.54e-153,436
AYT27_RS03850,BME_RS05570,89.130,92,10,0,1,92,1,92,5.81e-56,164
AYT27_RS03855,BME_RS04815,77.516,765,171,1,11,774,9,773,0.0,1179
AYT27_RS03860,BME_RS04785,28.207,1489,907,20,111,1520,177,1582,0.0,603
AYT27_RS03865,BME_RS04350,88.462,78,9,0,1,78,1,78,2.36e-50,149
AYT27_RS03870,BME_RS04355,57.692,442,177,2,9,440,16,457,3.91e-168,478
AYT27_RS03880,BME_RS05890,54.783,345,154,1,22,366,16,358,3.64e-130,374
AYT27_RS03885,BME_RS05885,56.774,310,134,0,1,310,1,310,1.49e-137,389
AYT27_RS03890,BME_RS05995,79.235,183,35,1,2,184,8,187,4.78e-104,313
AYT27_RS03895,BME_RS05990,74.324,148,38,0,1,148,1,148,3.82e-81,233
AYT27_RS03900,BME_RS05985,46.575,365,187,5,7,369,15,373,4.36e-111,326
AYT27_RS03905,BME_RS05980,60.976,205,73,2,1,202,1,201,3.27e-89,258
AYT27_RS03910,BME_RS05975,66.434,143,45,1,10,149,10,152,9.46e-69,202
AYT27_RS03915,BME_RS05970,68.831,154,45,1,5,155,6,159,3.86e-75,219
AYT27_RS03920,BME_RS05960,54.902,153,65,1,9,157,12,164,2.35e-59,179
AYT27_RS03925,BME_RS05950,48.851,174,84,2,12,181,6,178,1.09e-56,173
AYT27_RS03930,BME_RS05945,68.675,332,104,0,1,332,1,332,5.00e-169,471
AYT27_RS03935,BME_RS05940,71.914,324,90,1,1,324,1,323,3.99e-171,474
AYT27_RS03940,BME_RS05935,75.490,102,25,0,1,102,1,102,6.46e-55,163
AYT27_RS03945,BME_RS05930,55.495,182,63,2,1,167,1,179,3.25e-68,202
AYT27_RS03950,BME_RS04555,78.875,658,138,1,1,658,1,657,0.0,1106
AYT27_RS03955,BME_RS04540,70.476,105,31,0,10,114,15,119,2.76e-53,160
AYT27_RS03960,BME_RS04535,54.225,142,65,0,1,142,1,142,9.19e-60,178
AYT27_RS03965,BME_RS04530,63.636,187,68,0,17,203,26,212,4.87e-95,273
AYT27_RS03970,BME_RS04510,96.429,28,1,0,1,28,1,28,6.07e-13,51.6
AYT27_RS03975,BME_RS07945,29.146,398,248,10,12,394,14,392,2.24e-49,169
AYT27_RS04010,BME_RS13415,75.833,120,29,0,1,120,1,120,1.65e-65,191
AYT27_RS04015,BME_RS05875,83.333,162,22,2,1,161,1,158,4.45e-96,271
AYT27_RS04020,BME_RS05870,85.430,151,22,0,1,151,1,151,8.95e-97,273
AYT27_RS04025,BME_RS03620,57.770,592,248,2,1,591,1,591,0.0,648
AYT27_RS04030,BME_RS13510,76.168,642,153,0,44,685,58,699,0.0,1063
AYT27_RS04035,BME_RS13520,62.445,229,82,1,12,240,21,245,1.71e-111,317
AYT27_RS04040,BME_RS01125,49.289,211,101,2,32,239,13,220,5.03e-66,203
AYT27_RS04045,BME_RS01120,70.918,196,57,0,19,214,12,207,9.29e-106,300
AYT27_RS04110,BME_RS05185,100.000,25,0,0,1,25,1,25,2.64e-12,49.7
AYT27_RS04115,BME_RS05320,83.186,452,76,0,1,452,1,452,0.0,795
AYT27_RS04120,BME_RS05315,57.143,154,65,1,10,163,4,156,1.90e-55,168
AYT27_RS04125,BME_RS05305,47.783,203,103,2,71,273,49,248,2.60e-68,210
AYT27_RS04135,BME_RS08680,54.812,478,208,5,28,501,22,495,0.0,518
AYT27_RS04140,BME_RS05530,61.755,319,122,0,8,326,15,333,8.20e-154,431
AYT27_RS04145,BME_RS05510,64.417,326,116,0,5,330,7,332,4.14e-136,387
AYT27_RS04150,BME_RS05505,81.818,154,28,0,1,154,1,154,1.74e-94,267
AYT27_RS04155,BME_RS05500,51.707,205,99,0,7,211,5,209,1.03e-76,226
AYT27_RS04160,BME_RS05495,41.860,129,74,1,33,161,55,182,1.01e-34,117
AYT27_RS04165,BME_RS13425,87.273,55,7,0,1,55,1,55,9.71e-31,98.2
AYT27_RS04180,BME_RS13445,52.575,738,343,1,19,749,32,769,0.0,836
AYT27_RS04185,BME_RS13450,72.889,841,223,3,1,840,1,837,0.0,1280
AYT27_RS04195,BME_RS13460,52.658,395,177,3,4,396,2,388,2.76e-140,402
AYT27_RS04200,BME_RS13465,56.383,188,76,2,20,207,19,200,1.85e-63,192
AYT27_RS04205,BME_RS13470,65.012,423,148,0,5,427,4,426,0.0,585
AYT27_RS04210,BME_RS13475,75.399,313,77,0,1,313,1,313,3.27e-174,482
AYT27_RS04215,BME_RS13480,38.534,532,317,5,13,541,17,541,2.89e-119,359
AYT27_RS04220,BME_RS13485,64.744,156,55,0,1,156,1,156,1.24e-74,217
AYT27_RS04225,BME_RS13495,71.579,95,27,0,1,95,1,95,6.13e-38,119
AYT27_RS04230,BME_RS13500,76.673,493,115,0,1,493,1,493,0.0,772
AYT27_RS04240,BME_RS01275,49.362,235,117,2,3,236,12,245,8.30e-81,239
AYT27_RS04245,BME_RS01270,46.212,264,133,3,1,255,6,269,1.11e-76,236
AYT27_RS04250,BME_RS01265,36.280,328,150,9,39,332,138,440,6.40e-42,149
AYT27_RS04255,BME_RS01260,36.056,355,173,6,4,358,2,302,5.24e-60,192
AYT27_RS04260,BME_RS01285,26.632,383,256,12,3,372,1,371,1.00e-33,125
AYT27_RS04265,BME_RS03635,67.027,185,60,1,1,184,1,185,4.42e-90,259
AYT27_RS04270,BME_RS03640,46.296,162,79,3,8,167,2,157,7.70e-44,140
AYT27_RS04275,BME_RS03645,66.667,252,84,0,5,256,5,256,2.10e-126,356
AYT27_RS04285,BME_RS03655,66.176,68,23,0,1,68,1,68,1.06e-30,99.4
AYT27_RS04290,BME_RS03565,54.545,264,105,4,1,264,1,249,2.79e-99,287
AYT27_RS04295,BME_RS03570,73.978,269,70,0,1,269,1,269,3.09e-157,436
AYT27_RS04300,BME_RS03575,55.319,235,105,0,1,235,1,235,2.34e-97,281
AYT27_RS04305,BME_RS03960,67.407,270,88,0,1,270,1,270,5.46e-135,379
AYT27_RS04310,BME_RS03965,55.985,259,114,0,3,261,18,276,3.88e-114,326
AYT27_RS04315,BME_RS05680,86.341,205,28,0,1,205,1,205,6.03e-138,381
AYT27_RS04320,BME_RS05675,80.597,268,52,0,24,291,13,280,7.36e-161,446
AYT27_RS04325,BME_RS13645,80.092,437,87,0,1,437,1,437,0.0,748
AYT27_RS04330,BME_RS04195,63.333,240,82,1,1,234,1,240,6.58e-111,315
AYT27_RS04335,BME_RS13535,96.000,25,1,0,1,25,1,25,1.99e-11,47.4
AYT27_RS04340,BME_RS04940,48.624,218,90,3,66,282,72,268,4.14e-64,204
AYT27_RS04345,BME_RS04935,49.444,360,182,0,28,387,37,396,3.18e-127,369
AYT27_RS04350,BME_RS04930,50.704,213,103,2,1,213,1,211,1.06e-77,229
AYT27_RS04355,BME_RS04925,43.235,340,187,2,8,341,9,348,9.36e-95,283
AYT27_RS04360,BME_RS04920,63.708,507,183,1,3,509,4,509,0.0,713
AYT27_RS04365,BME_RS04915,65.234,256,89,0,1,256,1,256,4.03e-130,365
AYT27_RS04370,BME_RS04910,59.924,262,105,0,6,267,9,270,2.10e-117,334
AYT27_RS04375,BME_RS06010,41.880,117,65,1,10,123,13,129,1.77e-24,88.2
AYT27_RS04380,BME_RS06015,53.235,340,157,2,1,339,1,339,1.07e-133,382
AYT27_RS04385,BME_RS13610,72.075,265,67,1,6,270,4,261,3.80e-139,389
AYT27_RS04390,BME_RS13605,53.708,391,181,0,10,400,12,402,4.61e-155,442
AYT27_RS04405,BME_RS13035,50.581,172,79,4,7,174,4,173,1.27e-51,160
AYT27_RS04420,BME_RS05195,75.000,136,31,1,1,133,4,139,1.55e-70,205
AYT27_RS04425,BME_RS05200,68.370,411,130,0,2,412,3,413,0.0,612
AYT27_RS04430,BME_RS05205,45.833,408,219,2,12,418,15,421,5.33e-135,391
AYT27_RS04435,BME_RS05210,79.283,251,52,0,1,251,1,251,2.60e-149,413
AYT27_RS04440,BME_RS05215,86.588,507,64,1,1,503,1,507,0.0,934
AYT27_RS04445,BME_RS05220,51.969,381,176,3,4,380,6,383,4.53e-133,383
AYT27_RS04450,BME_RS05225,82.960,223,38,0,1,223,1,223,4.67e-145,400
AYT27_RS04455,BME_RS05240,72.222,414,115,0,3,416,3,416,0.0,630
AYT27_RS04460,BME_RS05250,61.745,149,56,1,3,151,7,154,2.82e-65,193
AYT27_RS04465,BME_RS05270,79.651,344,70,0,11,354,1,344,0.0,572
AYT27_RS04470,BME_RS05275,63.980,819,287,4,4,821,8,819,0.0,1088
AYT27_RS04475,BME_RS05280,48.387,403,186,6,18,403,18,415,1.29e-125,366
AYT27_RS04485,BME_RS05290,76.351,444,101,1,160,599,193,636,0.0,711
AYT27_RS04490,BME_RS13595,49.727,183,92,0,19,201,19,201,1.04e-62,190
AYT27_RS04495,BME_RS13590,56.291,604,254,1,8,601,8,611,0.0,731
AYT27_RS04500,BME_RS13575,65.240,1168,401,2,1,1163,1,1168,0.0,1580
AYT27_RS04505,BME_RS13570,53.846,91,40,2,1,89,1,91,3.66e-30,100
AYT27_RS04510,BME_RS05705,68.919,222,69,0,4,225,6,227,5.86e-114,322
AYT27_RS04515,BME_RS05710,60.190,422,168,0,1,422,16,437,0.0,535
AYT27_RS04520,BME_RS05715,75.227,440,109,0,1,440,1,440,0.0,717
AYT27_RS04525,BME_RS05730,66.367,556,187,0,1,556,1,556,0.0,790
AYT27_RS04530,BME_RS05735,42.045,264,152,1,1,263,1,264,1.29e-76,230
AYT27_RS04535,BME_RS05740,60.950,484,183,1,1,484,1,478,0.0,593
AYT27_RS04540,BME_RS05745,80.698,487,94,0,1,487,1,487,0.0,816
AYT27_RS04545,BME_RS05750,72.686,659,170,3,1,651,2,658,0.0,972
AYT27_RS04550,BME_RS05755,86.275,102,14,0,1,102,1,102,9.07e-52,155
AYT27_RS04555,BME_RS05760,73.786,206,53,1,1,206,1,205,5.50e-95,272
AYT27_RS04560,BME_RS05765,88.344,163,19,0,1,163,1,163,1.91e-108,303
AYT27_RS04565,BME_RS05770,81.686,344,62,1,5,348,5,347,0.0,541
AYT27_RS04570,BME_RS05775,72.478,694,186,3,1,689,1,694,0.0,1042
AYT27_RS04575,BME_RS05780,82.299,435,77,0,1,435,1,435,0.0,767
AYT27_RS04580,BME_RS05785,70.335,209,62,0,1,209,1,209,5.69e-114,322
AYT27_RS04585,BME_RS05790,83.838,396,64,0,1,396,1,396,0.0,704
AYT27_RS04590,BME_RS05795,69.543,197,60,0,3,199,4,200,2.94e-104,295
AYT27_RS04595,BME_RS05800,84.456,193,30,0,1,193,1,193,1.15e-126,351
AYT27_RS04600,BME_RS05805,80.165,121,24,0,1,121,1,121,2.34e-69,201
AYT27_RS04605,BME_RS14705,96.000,25,1,0,1,25,1,25,3.55e-12,49.3
AYT27_RS04610,BME_RS05820,96.000,25,1,0,1,25,1,25,3.59e-12,49.3
AYT27_RS04630,BME_RS08460,58.788,165,67,1,1,165,180,343,2.11e-68,211
AYT27_RS04635,BME_RS08450,46.154,65,35,0,1,65,1,65,1.95e-18,68.2
AYT27_RS04640,BME_RS08445,47.887,284,143,3,10,289,4,286,3.09e-86,257
AYT27_RS04655,BME_RS05665,24.151,265,193,5,3,264,137,396,5.68e-10,55.8
AYT27_RS04700,BME_RS13675,88.000,25,3,0,1,25,1,25,2.08e-10,45.4
AYT27_RS04705,BME_RS08380,54.167,48,21,1,1,48,1,47,1.22e-10,50.8
AYT27_RS04835,BME_RS05015,34.756,164,97,3,9,163,29,191,1.63e-28,101
AYT27_RS04840,BME_RS04385,57.025,121,52,0,2,122,5,125,2.01e-51,158
AYT27_RS04860,BME_RS06195,88.000,25,3,0,1,25,1,25,7.22e-10,43.5
AYT27_RS04865,BME_RS06200,60.396,101,40,0,1,101,1,101,7.59e-45,137
AYT27_RS04870,BME_RS06205,92.000,25,2,0,1,25,1,25,1.12e-10,45.8
AYT27_RS04875,BME_RS06235,45.982,224,121,0,1,224,5,228,4.42e-72,216
AYT27_RS04880,BME_RS06240,57.821,358,149,2,44,401,10,365,1.79e-132,382
AYT27_RS04885,BME_RS06245,70.571,350,103,0,12,361,10,359,0.0,513
AYT27_RS04890,BME_RS06250,55.051,198,86,1,2,196,3,200,3.93e-80,234
AYT27_RS04920,BME_RS04320,26.923,260,176,6,444,698,110,360,6.44e-19,86.3
AYT27_RS04925,BME_RS04715,45.361,97,53,0,1,97,1,97,3.61e-23,91.3
AYT27_RS04930,BME_RS04720,82.609,138,24,0,1,138,1,138,3.60e-83,237
AYT27_RS04935,BME_RS03515,54.217,166,76,0,12,177,8,173,2.02e-67,200
AYT27_RS04940,BME_RS05595,64.151,212,76,0,3,214,2,213,9.96e-104,296
AYT27_RS04945,BME_RS05600,80.370,433,85,0,1,433,1,433,0.0,722
AYT27_RS04950,BME_RS05610,63.187,182,67,0,1,182,1,182,5.74e-88,253
AYT27_RS04955,BME_RS05625,81.496,254,47,0,1,254,1,254,1.54e-159,439
AYT27_RS04960,BME_RS05630,61.538,78,30,0,1,78,2,79,5.81e-32,103
AYT27_RS04965,BME_RS05635,73.973,219,56,1,1,218,1,219,1.05e-125,351
AYT27_RS04970,BME_RS05650,74.352,733,187,1,1,733,1,732,0.0,1095
AYT27_RS04975,BME_RS05655,76.623,77,18,0,1,77,1,77,1.58e-42,129
AYT27_RS04980,BME_RS05660,71.818,110,31,0,1,110,1,110,6.02e-59,173
AYT27_RS04985,BME_RS05665,50.363,413,202,2,4,413,2,414,1.17e-130,379
AYT27_RS04990,BME_RS06035,73.913,759,176,1,11,747,12,770,0.0,1139
AYT27_RS04995,BME_RS06045,77.815,595,132,0,1,595,1,595,0.0,993
AYT27_RS05000,BME_RS06050,57.180,383,164,0,2,384,1,383,1.03e-167,471
AYT27_RS05005,BME_RS06055,58.300,494,204,2,1,493,1,493,0.0,559
AYT27_RS05010,BME_RS06060,69.590,707,214,1,10,715,27,733,0.0,1011
AYT27_RS05015,BME_RS06065,63.158,76,28,0,1,76,1,76,7.99e-36,113
AYT27_RS05020,BME_RS06070,42.716,405,222,5,6,410,1,395,3.48e-101,303
AYT27_RS05025,BME_RS05700,68.935,1146,356,0,16,1161,17,1162,0.0,1629
AYT27_RS05030,BME_RS13565,62.251,702,265,0,1,702,1,702,0.0,897
AYT27_RS05045,BME_RS08445,41.905,105,58,2,91,194,87,189,1.22e-18,79.0
AYT27_RS05055,BME_RS08460,58.140,43,18,0,1,43,244,286,3.34e-13,58.5
AYT27_RS05060,BME_RS08460,44.898,49,27,0,2,50,68,116,1.68e-08,45.4
AYT27_RS05065,BME_RS13560,66.063,607,206,0,1,607,1,607,0.0,836
AYT27_RS05070,BME_RS13555,64.877,447,157,0,2,448,4,450,0.0,603
AYT27_RS05075,BME_RS13550,60.729,247,95,1,2,246,1,247,1.74e-109,313
AYT27_RS05080,BME_RS04560,50.000,262,128,3,54,314,69,328,1.42e-90,270
AYT27_RS05085,BME_RS05475,69.811,106,32,0,2,107,3,108,5.09e-54,160
AYT27_RS05090,BME_RS05470,62.594,401,148,1,1,399,1,401,2.09e-180,504
AYT27_RS05095,BME_RS05465,67.692,585,189,0,1,585,1,585,0.0,858
AYT27_RS05100,BME_RS05460,23.689,515,325,14,374,839,489,984,4.77e-29,121
AYT27_RS05115,BME_RS03610,79.692,325,66,0,3,327,4,328,1.60e-175,486
AYT27_RS05120,BME_RS03605,70.872,436,124,1,1,433,1,436,0.0,639
AYT27_RS05125,BME_RS03585,96.000,25,1,0,1,25,1,25,8.48e-11,45.8
AYT27_RS05130,BME_RS03945,86.600,403,54,0,1,403,1,403,0.0,749
AYT27_RS05145,BME_RS04435,74.797,369,93,0,3,371,4,372,0.0,588
AYT27_RS05150,BME_RS04425,78.788,165,35,0,5,169,4,168,5.73e-100,282
AYT27_RS05155,BME_RS04420,68.786,173,49,2,19,189,24,193,6.07e-85,246
AYT27_RS05160,BME_RS04415,65.244,164,57,0,1,164,1,164,1.00e-75,220
AYT27_RS05165,BME_RS04405,81.930,891,160,1,16,905,12,902,0.0,1513
AYT27_RS05170,BME_RS04385,85.593,118,17,0,1,118,1,118,4.06e-74,216
AYT27_RS05175,BME_RS04380,77.433,966,217,1,1,965,1,966,0.0,1547
AYT27_RS05180,BME_RS04875,75.000,112,28,0,1,112,1,112,1.51e-59,175
AYT27_RS05185,BME_RS04880,81.663,469,86,0,1,469,1,469,0.0,827
AYT27_RS05195,BME_RS04885,50.000,258,126,2,1,256,1,257,3.77e-91,267
AYT27_RS05205,BME_RS04900,73.231,325,87,0,1,325,1,325,0.0,514
AYT27_RS05210,BME_RS04905,63.272,599,215,1,1,594,1,599,0.0,804
AYT27_RS05215,BME_RS03935,73.364,871,231,1,1,871,1,870,0.0,1317
AYT27_RS05220,BME_RS03930,87.021,339,44,0,1,339,14,352,0.0,614
AYT27_RS05225,BME_RS03915,77.176,425,97,0,4,428,3,427,0.0,699
AYT27_RS05230,BME_RS03910,60.793,454,173,5,13,463,23,474,0.0,545
AYT27_RS05235,BME_RS03905,81.679,131,24,0,1,131,1,131,9.78e-77,221
AYT27_RS05240,BME_RS03900,83.086,337,57,0,1,337,1,337,0.0,584
AYT27_RS05245,BME_RS03895,93.798,129,8,0,1,129,1,129,7.33e-91,256
AYT27_RS05250,BME_RS03890,88.496,113,13,0,1,113,1,113,3.85e-70,202
AYT27_RS05255,BME_RS03885,63.874,191,69,0,1,191,1,191,2.61e-88,254
AYT27_RS05260,BME_RS03880,78.222,450,92,2,1,448,1,446,0.0,714
AYT27_RS05265,BME_RS03875,71.429,154,44,0,1,154,1,154,3.05e-76,221
AYT27_RS05270,BME_RS03870,72.059,68,16,1,1,68,1,65,3.93e-29,95.1
AYT27_RS05275,BME_RS03865,87.952,166,20,0,16,181,20,185,3.05e-106,299
AYT27_RS05280,BME_RS03860,70.833,120,35,0,1,120,1,120,3.10e-49,150
AYT27_RS05285,BME_RS03855,77.401,177,40,0,1,177,1,177,3.57e-103,291
AYT27_RS05290,BME_RS03850,81.818,132,24,0,1,132,1,132,2.28e-78,224
AYT27_RS05295,BME_RS03845,80.198,101,20,0,1,101,1,101,4.94e-58,170
AYT27_RS05300,BME_RS03840,81.081,185,35,0,1,185,1,185,6.99e-115,321
AYT27_RS05305,BME_RS03835,79.808,104,20,1,1,104,1,103,3.98e-56,166
AYT27_RS05310,BME_RS03830,94.262,122,7,0,1,122,1,122,2.72e-81,231
AYT27_RS05315,BME_RS03825,83.544,79,13,0,1,79,1,79,2.93e-45,136
AYT27_RS05320,BME_RS03820,71.212,66,19,0,1,66,1,66,3.22e-29,95.5
AYT27_RS05325,BME_RS03815,91.971,137,11,0,1,137,1,137,2.59e-93,262
AYT27_RS05330,BME_RS03810,89.407,236,25,0,1,236,1,236,1.04e-161,443
AYT27_RS05335,BME_RS03805,88.372,129,15,0,1,129,1,129,1.28e-81,232
AYT27_RS05340,BME_RS03800,91.304,92,8,0,1,92,1,92,1.83e-60,176
AYT27_RS05345,BME_RS03795,86.282,277,38,0,1,277,1,277,8.81e-173,475
AYT27_RS05350,BME_RS03790,84.536,97,15,0,1,97,1,97,1.89e-56,166
AYT27_RS05355,BME_RS03785,70.760,171,50,0,1,171,1,171,4.36e-89,257
AYT27_RS05360,BME_RS03780,88.789,223,25,0,1,223,1,223,1.49e-150,416
AYT27_RS05365,BME_RS03775,98.039,102,2,0,1,102,1,102,1.07e-70,202
AYT27_RS05370,BME_RS03770,90.793,391,36,0,1,391,1,391,0.0,704
AYT27_RS05375,BME_RS03765,91.210,694,61,0,1,694,1,694,0.0,1300
AYT27_RS05380,BME_RS03760,87.821,156,19,0,1,156,1,156,4.28e-104,291
AYT27_RS05385,BME_RS03755,95.935,123,5,0,1,123,1,123,8.51e-85,240
AYT27_RS05390,BME_RS05485,65.116,258,89,1,1,257,1,258,2.96e-129,363
AYT27_RS05395,BME_RS11890,26.923,260,180,6,1,256,1,254,2.57e-22,92.0
AYT27_RS05400,BME_RS06085,35.833,120,77,0,115,234,267,386,1.06e-18,80.9
AYT27_RS05405,BME_RS00520,30.244,205,135,4,19,220,2,201,1.57e-21,86.3
AYT27_RS05410,BME_RS06075,61.570,242,91,1,6,247,30,269,7.78e-105,301
AYT27_RS05415,BME_RS05490,53.386,251,117,0,14,264,17,267,1.20e-92,271
AYT27_RS05420,BME_RS05140,70.088,906,271,0,1,906,1,906,0.0,1307
AYT27_RS05430,BME_RS05150,50.463,432,210,3,10,438,4,434,5.84e-138,400
AYT27_RS05435,BME_RS05155,58.140,215,88,1,1,215,1,213,9.26e-85,248
AYT27_RS05440,BME_RS13390,83.333,24,4,0,1,24,1,24,1.02e-08,40.8
AYT27_RS05445,BME_RS13355,96.000,25,1,0,1,25,1,25,3.89e-11,47.0
AYT27_RS05475,BME_RS04650,60.138,434,166,3,1,427,79,512,0.0,517
AYT27_RS05490,BME_RS04655,65.403,422,143,1,4,425,1,419,0.0,562
AYT27_RS05500,BME_RS09060,33.673,294,116,10,8,294,9,230,4.08e-42,141
AYT27_RS05505,BME_RS03380,32.099,81,55,0,10,90,16,96,9.93e-13,55.5
AYT27_RS05510,BME_RS03375,37.600,750,452,5,42,783,64,805,1.82e-166,500
AYT27_RS05520,BME_RS03365,62.605,837,309,4,1,834,1,836,0.0,1035
AYT27_RS05525,BME_RS03360,57.951,566,237,1,1,565,1,566,0.0,592
AYT27_RS05530,BME_RS03355,53.416,322,143,3,1,317,1,320,1.52e-115,333
AYT27_RS05535,BME_RS03320,63.883,515,184,1,2,516,5,517,0.0,682
AYT27_RS05545,BME_RS03310,92.000,25,2,0,1,25,1,25,2.97e-10,44.7
AYT27_RS05555,BME_RS10380,55.895,458,199,2,6,462,12,467,5.16e-160,458
AYT27_RS05560,BME_RS03110,81.121,339,64,0,1,339,1,339,0.0,566
AYT27_RS05565,BME_RS03095,64.082,245,87,1,1,244,1,245,1.96e-102,294
AYT27_RS05570,BME_RS03085,78.820,373,79,0,1,373,1,373,0.0,624
AYT27_RS05575,BME_RS03075,72.362,597,165,0,3,599,11,607,0.0,916
AYT27_RS05580,BME_RS03070,49.825,285,141,1,4,286,7,291,9.85e-86,256
AYT27_RS05585,BME_RS03055,57.143,497,191,5,30,505,29,524,0.0,542
AYT27_RS05590,BME_RS03045,46.233,292,148,3,1,285,1,290,1.79e-82,248
AYT27_RS05595,BME_RS03040,48.387,341,164,5,34,364,34,372,1.75e-106,315
AYT27_RS05600,BME_RS03035,52.121,165,79,0,5,169,6,170,1.52e-67,200
AYT27_RS05605,BME_RS03030,79.545,264,54,0,1,264,1,264,2.48e-165,455
AYT27_RS05610,BME_RS02780,62.269,432,160,3,2,432,13,442,0.0,537
AYT27_RS05615,BME_RS02780,60.465,430,167,3,4,432,15,442,0.0,515
AYT27_RS05620,BME_RS02780,57.143,427,182,1,4,430,15,440,1.51e-173,490
AYT27_RS05625,BME_RS03025,47.000,100,51,2,1,98,1,100,5.33e-26,89.7
AYT27_RS05630,BME_RS16100,75.610,41,9,1,51,90,53,93,2.07e-12,56.2
AYT27_RS05635,BME_RS03010,56.021,191,72,5,1,181,1,189,2.97e-66,197
AYT27_RS05640,BME_RS03000,50.909,55,27,0,1,55,1,55,1.92e-13,55.5
AYT27_RS05645,BME_RS02995,46.774,62,33,0,14,75,7,68,2.20e-16,63.9
AYT27_RS05650,BME_RS02965,65.965,855,211,4,1,775,1,855,0.0,1149
AYT27_RS05655,BME_RS02955,61.538,208,80,0,1,208,20,227,6.31e-99,283
AYT27_RS05660,BME_RS02950,46.667,165,81,1,27,191,33,190,2.21e-53,166
AYT27_RS05665,BME_RS02945,55.594,286,124,1,4,289,3,285,1.41e-109,316
AYT27_RS05670,BME_RS02940,57.990,607,254,1,2,608,3,608,0.0,744
AYT27_RS05675,BME_RS08460,42.857,49,28,0,7,55,18,66,2.77e-08,44.3
AYT27_RS05680,BME_RS02930,65.042,718,245,5,1,714,1,716,0.0,961
AYT27_RS05685,BME_RS02925,65.065,541,188,1,1,541,1,540,0.0,679
AYT27_RS05690,BME_RS02920,61.569,255,97,1,34,288,25,278,3.76e-113,325
AYT27_RS05695,BME_RS02915,48.763,283,144,1,5,287,1,282,1.04e-101,296
AYT27_RS05700,BME_RS02910,62.991,535,154,7,1,518,1,508,9.17e-177,509
AYT27_RS05705,BME_RS02905,65.349,430,147,1,6,433,11,440,0.0,554
AYT27_RS05710,BME_RS02900,39.493,276,167,0,20,295,29,304,2.68e-75,230
AYT27_RS05715,BME_RS02895,67.961,309,95,2,1,306,1,308,2.00e-146,410
AYT27_RS05720,BME_RS02890,66.134,313,106,0,9,321,5,317,1.43e-149,420
AYT27_RS05725,BME_RS02885,73.876,467,118,2,1,464,1,466,0.0,677
AYT27_RS05730,BME_RS02880,57.258,372,157,2,1,370,4,375,1.21e-138,397
AYT27_RS05735,BME_RS02875,64.690,371,130,1,1,371,1,370,1.23e-170,478
AYT27_RS05740,BME_RS02870,54.095,464,205,2,1,463,1,457,4.60e-173,491
AYT27_RS05745,BME_RS02865,75.000,360,86,1,1,356,1,360,0.0,551
AYT27_RS05750,BME_RS02860,52.452,469,221,2,4,471,10,477,3.21e-167,477
AYT27_RS05755,BME_RS02855,61.075,465,180,1,6,470,10,473,0.0,580
AYT27_RS05760,BME_RS02850,68.140,543,170,2,26,566,40,581,0.0,758
AYT27_RS05765,BME_RS02845,37.681,138,74,4,3,134,1,132,1.16e-27,96.3
AYT27_RS05770,BME_RS02840,64.174,321,109,1,24,338,17,337,1.56e-142,404
AYT27_RS05775,BME_RS15765,56.818,44,19,0,87,130,99,142,4.72e-10,50.8
AYT27_RS05780,BME_RS02830,61.983,121,46,0,48,168,94,214,7.98e-52,161
AYT27_RS05795,BME_RS02790,40.683,322,168,1,5,303,6,327,1.68e-82,249
AYT27_RS05800,BME_RS02770,85.792,549,78,0,1,549,1,549,0.0,969
AYT27_RS05810,BME_RS02730,59.799,199,80,0,1,199,1,199,8.13e-91,261
AYT27_RS05815,BME_RS02725,57.759,348,143,2,6,351,6,351,6.99e-143,405
AYT27_RS05850,BME_RS02680,96.000,25,1,0,1,25,1,25,9.54e-12,48.5
AYT27_RS05855,BME_RS02675,39.474,228,119,4,31,244,27,249,2.09e-46,152
AYT27_RS05860,BME_RS02665,59.375,128,52,0,4,131,3,130,2.48e-58,175
AYT27_RS05865,BME_RS02655,78.487,674,136,4,1,667,1,672,0.0,1025
AYT27_RS05870,BME_RS02650,47.766,649,315,6,1,629,1,645,0.0,600
AYT27_RS05875,BME_RS04695,55.473,402,177,1,3,402,3,404,1.80e-160,454
AYT27_RS05880,BME_RS02645,60.682,557,219,0,1,557,1,557,0.0,721
AYT27_RS05885,BME_RS05060,70.175,57,17,0,25,81,25,81,3.23e-25,86.7
AYT27_RS05895,BME_RS02635,70.175,399,118,1,1,399,1,398,0.0,602
AYT27_RS05905,BME_RS02615,80.603,1160,225,0,1,1160,1,1160,0.0,1944
AYT27_RS05910,BME_RS02600,74.242,66,17,0,1,66,1,66,5.90e-35,110
AYT27_RS05915,BME_RS02590,77.694,399,89,0,1,399,1,399,0.0,653
AYT27_RS05920,BME_RS02575,68.439,301,95,0,1,301,1,301,1.27e-167,464
AYT27_RS05925,BME_RS02570,73.734,316,83,0,1,316,1,316,1.46e-175,486
AYT27_RS05930,BME_RS02565,59.823,453,182,0,8,460,12,464,0.0,562
AYT27_RS05935,BME_RS02555,69.341,349,107,0,2,350,6,354,0.0,505
AYT27_RS05940,BME_RS02550,79.618,157,32,0,1,157,1,157,3.25e-92,261
AYT27_RS05945,BME_RS02520,36.364,88,54,1,1,86,1,88,1.54e-14,62.8
AYT27_RS05950,BME_RS02515,75.945,794,161,3,3,767,110,902,0.0,1251
AYT27_RS05955,BME_RS02500,40.268,149,69,4,88,229,31,166,2.99e-25,94.4
AYT27_RS05960,BME_RS02495,58.962,212,86,1,1,211,1,212,9.21e-92,265
AYT27_RS05965,BME_RS02475,70.306,229,68,0,6,234,7,235,1.67e-119,337
AYT27_RS05970,BME_RS02470,74.661,442,109,3,6,445,6,446,0.0,641
AYT27_RS05975,BME_RS02455,56.688,157,68,0,10,166,10,166,3.79e-64,191
AYT27_RS05985,BME_RS02450,52.564,78,37,0,1,78,1,78,8.25e-24,83.6
AYT27_RS05990,BME_RS02445,51.852,270,124,4,6,275,8,271,3.28e-90,266
AYT27_RS05995,BME_RS02440,47.075,359,186,1,3,357,5,363,1.06e-119,347
AYT27_RS06000,BME_RS02435,52.227,247,113,2,6,248,11,256,2.56e-89,262
AYT27_RS06005,BME_RS02415,83.495,309,51,0,1,309,1,309,0.0,529
AYT27_RS06010,BME_RS02410,71.069,477,138,0,22,498,26,502,0.0,686
AYT27_RS06015,BME_RS02405,75.789,190,46,0,1,190,1,190,5.55e-110,310
AYT27_RS06020,BME_RS02400,60.714,196,72,1,1,191,1,196,1.26e-77,229
AYT27_RS06030,BME_RS06895,53.672,177,80,1,43,217,62,238,2.10e-65,200
AYT27_RS06035,BME_RS02395,80.109,367,73,0,1,367,1,367,0.0,602
AYT27_RS06040,BME_RS15950,28.767,146,83,6,1,136,1,135,8.24e-11,55.1
AYT27_RS06045,BME_RS02375,61.667,60,23,0,1,60,227,286,8.60e-22,81.6
AYT27_RS06060,BME_RS02350,65.101,149,52,0,1,149,1,149,2.43e-67,198
AYT27_RS06065,BME_RS02315,56.618,408,177,0,9,416,10,417,1.28e-174,491
AYT27_RS06070,BME_RS02300,68.249,337,105,1,7,343,1,335,3.39e-172,478
AYT27_RS06075,BME_RS02295,51.186,295,144,0,1,295,1,295,1.42e-104,304
AYT27_RS06080,BME_RS02290,41.728,949,527,11,1,929,6,948,0.0,767
AYT27_RS06085,BME_RS02285,49.855,692,338,5,7,697,5,688,0.0,661
AYT27_RS06095,BME_RS02260,49.141,291,145,2,5,292,1,291,5.14e-101,295
AYT27_RS06100,BME_RS02250,63.123,301,111,0,1,301,1,301,1.78e-133,377
AYT27_RS06105,BME_RS02160,45.255,274,133,6,2,267,9,273,1.38e-70,215
AYT27_RS06110,BME_RS02155,72.796,397,108,0,1,397,1,397,0.0,618
AYT27_RS06115,BME_RS02145,86.813,91,12,0,1,91,1,91,5.68e-57,167
AYT27_RS06120,BME_RS02115,54.545,132,54,2,1,128,1,130,7.02e-43,134
AYT27_RS06125,BME_RS02120,86.695,233,30,1,1,233,1,232,2.81e-150,414
AYT27_RS06130,BME_RS02125,50.481,208,103,0,1,208,1,208,1.13e-75,224
AYT27_RS06135,BME_RS02130,66.258,163,55,0,34,196,36,198,6.65e-83,241
AYT27_RS06140,BME_RS02135,35.443,79,51,0,24,102,15,93,5.11e-11,57.8
AYT27_RS06145,BME_RS02110,66.216,370,125,0,1,370,1,370,0.0,513
AYT27_RS06150,BME_RS02105,62.658,316,118,0,1,316,1,316,1.24e-153,430
AYT27_RS06155,BME_RS02100,96.000,25,1,0,1,25,1,25,1.30e-10,45.4
AYT27_RS06170,BME_RS02195,47.083,240,117,5,17,249,22,258,5.31e-67,206
AYT27_RS06175,BME_RS11280,48.276,261,131,4,5,262,10,269,5.11e-73,224
AYT27_RS06180,BME_RS02185,44.853,272,144,1,43,308,27,298,1.70e-73,225
AYT27_RS06185,BME_RS11270,40.774,336,193,4,24,357,4,335,3.36e-81,248
AYT27_RS06190,BME_RS11255,26.824,425,273,16,3,411,9,411,2.13e-32,127
AYT27_RS06195,BME_RS11190,29.834,181,99,7,48,224,49,205,8.58e-14,70.1
AYT27_RS06205,BME_RS15335,63.542,192,70,0,17,208,10,201,3.22e-90,261
AYT27_RS06210,BME_RS12765,56.851,489,164,3,11,452,11,499,0.0,542
AYT27_RS06215,BME_RS11255,26.932,427,260,16,8,412,13,409,3.06e-28,115
AYT27_RS06220,BME_RS08035,42.045,88,49,1,1,86,1,88,7.31e-20,73.2
AYT27_RS06225,BME_RS12460,40.146,274,159,3,1,269,1,274,1.16e-65,202
AYT27_RS06230,BME_RS12465,71.429,301,86,0,3,303,3,303,2.89e-140,395
AYT27_RS06240,BME_RS00450,64.919,248,87,0,1,248,1,248,1.40e-119,338
AYT27_RS06245,BME_RS00455,61.935,310,113,2,1,306,1,309,4.29e-132,374
AYT27_RS06250,BME_RS06645,68.108,555,168,1,7,552,9,563,0.0,786
AYT27_RS06265,BME_RS08740,69.136,81,25,0,1,81,1,81,2.90e-36,114
AYT27_RS06270,BME_RS08780,55.738,122,54,0,4,125,2,123,1.46e-44,138
AYT27_RS06275,BME_RS08785,56.552,290,126,0,4,293,10,299,2.51e-107,311
AYT27_RS06280,BME_RS09355,54.178,371,154,3,1,359,1,367,2.27e-142,406
AYT27_RS06285,BME_RS11545,88.636,44,5,0,1,44,1,44,2.59e-22,76.3
AYT27_RS06290,BME_RS11540,58.621,116,46,1,3,116,4,119,1.73e-39,126
AYT27_RS06295,BME_RS11535,59.420,621,225,7,1,608,1,607,0.0,735
AYT27_RS06300,BME_RS11530,73.500,200,53,0,10,209,61,260,3.14e-106,303
AYT27_RS06305,BME_RS11445,62.174,230,87,0,1,230,1,230,1.96e-108,308
AYT27_RS06310,BME_RS11410,59.551,267,107,1,1,266,12,278,5.26e-107,308
AYT27_RS06315,BME_RS11405,72.195,205,57,0,1,205,1,205,5.34e-115,323
AYT27_RS06325,BME_RS09600,34.615,104,62,3,95,196,19,118,3.67e-11,59.3
AYT27_RS06335,BME_RS06570,80.000,30,6,0,1,30,1,30,4.33e-11,47.0
AYT27_RS06340,BME_RS06575,39.340,394,163,10,29,402,30,367,1.02e-80,249
AYT27_RS06350,BME_RS02825,29.452,292,124,9,21,306,44,259,7.03e-30,111
AYT27_RS06355,BME_RS04670,28.205,195,133,2,365,556,8,198,2.17e-16,76.3
AYT27_RS06365,BME_RS05665,26.667,375,243,7,25,383,38,396,5.35e-26,105
AYT27_RS06395,BME_RS11085,100.000,25,0,0,1,25,1,25,7.25e-12,48.5
AYT27_RS06400,BME_RS11080,78.378,37,8,0,2,38,2,38,2.35e-13,53.1
AYT27_RS06405,BME_RS11075,89.767,772,77,1,136,907,172,941,0.0,1293
AYT27_RS06410,BME_RS11070,100.000,25,0,0,1,25,1,25,1.02e-12,50.8
AYT27_RS06415,BME_RS11065,92.000,25,2,0,1,25,1,25,1.22e-08,40.4
AYT27_RS06420,BME_RS11060,90.342,497,47,1,1,497,1,496,0.0,798
AYT27_RS06425,BME_RS11025,53.968,126,58,0,2,127,10,135,2.19e-46,144
AYT27_RS06430,BME_RS15635,58.434,332,138,0,15,346,67,398,1.69e-136,391
AYT27_RS06435,BME_RS15640,62.008,508,189,1,9,516,14,517,0.0,663
AYT27_RS06440,BME_RS02280,36.196,163,98,2,14,176,6,162,4.63e-20,79.7
AYT27_RS06445,BME_RS15710,81.432,377,70,0,1,377,1,377,0.0,647
AYT27_RS06460,BME_RS10230,63.758,298,96,2,5,302,6,291,1.28e-140,395
AYT27_RS06465,BME_RS10240,55.224,201,90,0,1,201,1,201,3.11e-82,241
AYT27_RS06475,BME_RS07930,48.387,248,127,1,29,275,9,256,4.24e-84,249
AYT27_RS06480,BME_RS03740,89.189,37,4,0,1,37,167,203,3.43e-18,77.4
AYT27_RS06500,BME_RS08460,39.310,145,80,4,11,148,10,153,7.66e-26,97.4
AYT27_RS06505,BME_RS12020,47.312,372,182,2,15,372,17,388,2.84e-123,358
AYT27_RS06510,BME_RS12935,69.447,923,282,0,5,927,6,928,0.0,1285
AYT27_RS06515,BME_RS12930,63.115,122,45,0,1,122,1,122,1.01e-53,161
AYT27_RS06520,BME_RS12925,65.205,365,127,0,8,372,3,367,1.81e-177,494
AYT27_RS06525,BME_RS12165,46.188,223,108,2,1,211,1,223,2.19e-58,181
AYT27_RS06530,BME_RS12170,57.692,52,22,0,7,58,11,62,5.88e-17,64.3
AYT27_RS06540,BME_RS09760,63.380,71,26,0,4,74,6,76,8.17e-28,96.3
AYT27_RS06545,BME_RS08460,46.667,75,40,0,14,88,78,152,2.30e-16,70.9
AYT27_RS06550,BME_RS12190,81.953,338,61,0,1,338,1,338,0.0,595
AYT27_RS06555,BME_RS12190,85.075,67,10,0,1,67,272,338,2.41e-37,123
AYT27_RS06560,BME_RS06115,46.939,49,26,0,43,91,33,81,1.10e-11,57.8
AYT27_RS06565,BME_RS11835,53.333,270,121,3,6,272,10,277,9.78e-102,295
AYT27_RS06570,BME_RS11830,54.277,339,152,1,6,344,13,348,2.29e-130,373
AYT27_RS06575,BME_RS11825,50.476,210,104,0,9,218,9,218,3.46e-63,192
AYT27_RS06580,BME_RS08460,25.000,320,222,6,1,310,51,362,2.84e-21,90.1
AYT27_RS06585,BME_RS11795,72.549,153,41,1,1,152,1,153,8.09e-71,207
AYT27_RS06590,BME_RS11785,65.367,436,151,0,1,436,1,436,0.0,592
AYT27_RS06610,BME_RS11715,55.696,237,105,0,7,243,11,247,4.68e-100,288
AYT27_RS06615,BME_RS11710,68.436,358,88,1,9,341,13,370,0.0,516
AYT27_RS06620,BME_RS11705,54.037,322,147,1,1,321,1,322,4.61e-134,380
AYT27_RS06645,BME_RS13165,47.561,246,127,2,22,266,35,279,3.10e-72,222
AYT27_RS06650,BME_RS13160,48.193,83,41,1,20,100,18,100,1.01e-16,75.9
AYT27_RS06655,BME_RS13155,45.370,108,59,0,37,144,38,145,2.07e-28,108
AYT27_RS06715,BME_RS11010,37.168,113,70,1,21,133,39,150,1.31e-16,68.9
AYT27_RS06730,BME_RS00045,27.219,169,80,3,2,127,7,175,3.85e-14,65.9
AYT27_RS06735,BME_RS13070,40.187,107,63,1,1,106,1,107,2.42e-26,91.3
AYT27_RS06740,BME_RS15270,53.659,328,149,1,2,329,4,328,3.25e-128,366
AYT27_RS06745,BME_RS15275,55.072,276,123,1,6,280,6,281,5.10e-113,324
AYT27_RS06775,BME_RS10330,38.710,806,453,14,13,782,20,820,0.0,539
AYT27_RS06795,BME_RS10350,31.132,212,142,3,12,220,25,235,5.06e-35,121
AYT27_RS06800,BME_RS10355,28.269,283,165,7,21,281,11,277,2.76e-26,101
AYT27_RS06805,BME_RS10360,39.273,275,151,5,96,361,111,378,2.44e-56,186
AYT27_RS06810,BME_RS10365,39.883,341,184,6,20,352,25,352,1.27e-75,234
AYT27_RS06880,BME_RS08945,61.996,521,195,1,1,521,1,518,0.0,629
AYT27_RS06885,BME_RS08950,70.423,355,105,0,1,355,1,355,0.0,534
AYT27_RS06890,BME_RS08955,44.720,161,88,1,1,161,19,178,1.41e-44,142
AYT27_RS06895,BME_RS08960,71.053,190,55,0,1,190,1,190,5.46e-99,281
AYT27_RS06900,BME_RS02735,43.284,67,38,0,43,109,6,72,4.57e-14,58.9
AYT27_RS06905,BME_RS15285,88.826,528,59,0,1,528,1,528,0.0,905
AYT27_RS06910,BME_RS15280,83.673,98,16,0,1,98,1,98,9.71e-57,167
AYT27_RS06915,BME_RS15295,70.842,463,134,1,1,462,1,463,0.0,671
AYT27_RS06925,BME_RS09350,58.379,543,225,1,1,542,1,543,0.0,654
AYT27_RS06930,BME_RS07285,37.671,146,80,3,6,149,9,145,3.49e-31,107
AYT27_RS06945,BME_RS09760,53.226,62,29,0,25,86,12,73,1.04e-17,70.9
AYT27_RS06950,BME_RS08460,46.667,60,28,1,1,60,4,59,9.46e-12,54.3
AYT27_RS06955,BME_RS15325,70.505,495,146,0,1,495,1,495,0.0,693
AYT27_RS06990,BME_RS11085,100.000,25,0,0,1,25,1,25,7.25e-12,48.5
AYT27_RS06995,BME_RS11080,78.378,37,8,0,2,38,2,38,2.35e-13,53.1
AYT27_RS07020,BME_RS11085,100.000,25,0,0,1,25,1,25,7.25e-12,48.5
AYT27_RS07025,BME_RS11080,78.378,37,8,0,2,38,2,38,2.35e-13,53.1
AYT27_RS07030,BME_RS11075,89.767,772,77,1,136,907,172,941,0.0,1293
AYT27_RS07035,BME_RS11070,100.000,25,0,0,1,25,1,25,1.02e-12,50.8
AYT27_RS07040,BME_RS11065,92.000,25,2,0,1,25,1,25,1.22e-08,40.4
AYT27_RS07045,BME_RS11060,90.342,497,47,1,1,497,1,496,0.0,798
AYT27_RS07050,BME_RS00935,44.190,654,334,8,10,659,10,636,0.0,578
AYT27_RS07055,BME_RS01810,36.786,473,286,4,8,471,1,469,3.57e-90,280
AYT27_RS07060,BME_RS01815,75.429,175,43,0,8,182,15,189,1.79e-100,285
AYT27_RS07065,BME_RS01820,41.304,46,27,0,17,62,22,67,2.88e-09,45.1
AYT27_RS07070,BME_RS01825,70.189,265,78,1,1,265,1,264,1.54e-138,387
AYT27_RS07075,BME_RS01835,49.550,333,161,3,7,334,4,334,1.23e-108,317
AYT27_RS07095,BME_RS01850,35.385,130,72,3,16,133,21,150,2.37e-20,79.0
AYT27_RS07105,BME_RS00920,64.948,97,32,1,25,119,23,119,9.37e-37,127
AYT27_RS07120,BME_RS08460,38.624,189,108,4,8,192,28,212,4.67e-33,119
AYT27_RS07130,BME_RS08460,60.317,63,25,0,2,64,94,156,5.29e-21,83.2
AYT27_RS07225,BME_RS00925,75.963,857,206,0,1,857,1,857,0.0,1352
AYT27_RS07240,BME_RS08325,48.214,56,29,0,34,89,13,68,6.82e-17,65.5
AYT27_RS07245,BME_RS08320,53.883,206,88,1,23,228,6,204,1.07e-73,219
AYT27_RS07250,BME_RS08315,88.889,72,8,0,1,72,1,72,7.81e-46,137
AYT27_RS07260,BME_RS09760,37.288,118,63,2,15,121,12,129,1.12e-21,80.9
AYT27_RS07280,BME_RS14555,35.789,95,57,2,23,114,36,129,6.13e-10,53.1
AYT27_RS07290,BME_RS09760,53.846,52,24,0,15,66,12,63,1.89e-14,60.1
AYT27_RS07320,BME_RS01440,76.250,160,38,0,5,164,2,161,2.98e-77,224
AYT27_RS07325,BME_RS01435,49.716,352,177,0,56,407,6,357,1.11e-118,347
AYT27_RS07340,BME_RS15920,80.488,41,8,0,1,41,1,41,1.23e-19,69.3
AYT27_RS07345,BME_RS01425,39.362,188,110,1,72,259,40,223,2.87e-37,128
AYT27_RS07355,BME_RS09760,64.789,71,25,0,16,86,6,76,2.68e-29,100
AYT27_RS07360,BME_RS09760,64.789,71,25,0,38,108,6,76,8.89e-29,99.8
AYT27_RS07365,BME_RS09760,63.380,71,26,0,16,86,6,76,2.40e-28,97.8
AYT27_RS07375,BME_RS01525,40.206,194,112,1,9,202,6,195,1.24e-48,154
AYT27_RS07380,BME_RS01530,64.469,273,97,0,1,273,1,273,1.33e-135,380
AYT27_RS07395,BME_RS08290,68.372,430,134,1,1,430,1,428,0.0,589
AYT27_RS07400,BME_RS08280,100.000,25,0,0,1,25,1,25,4.49e-11,46.6
AYT27_RS07545,BME_RS05015,36.464,181,111,2,1,180,9,186,4.20e-36,121
AYT27_RS07585,BME_RS00545,96.429,28,1,0,1,28,1,28,2.33e-13,52.8
AYT27_RS07590,BME_RS01895,49.733,187,92,1,2,188,1,185,7.93e-70,208
AYT27_RS07595,BME_RS01890,42.515,167,87,4,17,179,5,166,1.32e-38,127
AYT27_RS07605,BME_RS01725,50.183,273,112,4,10,268,43,305,7.67e-84,250
AYT27_RS07610,BME_RS01745,64.706,153,47,1,30,182,10,155,1.38e-68,202
AYT27_RS07615,BME_RS01745,38.760,129,65,3,31,155,37,155,5.14e-22,83.2
AYT27_RS07620,BME_RS01745,36.275,102,58,2,31,128,37,135,1.91e-15,66.2
AYT27_RS07625,BME_RS01775,46.094,128,68,1,12,139,11,137,2.08e-28,101
AYT27_RS07630,BME_RS01780,47.388,268,107,1,3,270,71,304,9.07e-75,228
AYT27_RS07635,BME_RS01800,35.849,106,68,0,3,108,12,117,4.36e-14,60.1
AYT27_RS07650,BME_RS01675,60.902,133,52,0,1,133,301,433,2.28e-53,171
AYT27_RS07655,BME_RS01675,67.946,443,142,0,1,443,9,451,0.0,637
AYT27_RS07660,BME_RS01670,78.914,626,129,3,1,625,1,624,0.0,1004
AYT27_RS07665,BME_RS01665,31.470,483,273,8,8,484,7,437,4.39e-60,201
AYT27_RS07685,BME_RS01650,60.116,173,64,1,1,173,1,168,3.17e-72,212
AYT27_RS07690,BME_RS01470,69.397,232,68,1,1,232,1,229,2.66e-118,333
AYT27_RS07695,BME_RS01555,82.661,248,43,0,1,248,1,248,7.09e-157,432
AYT27_RS07705,BME_RS01645,64.368,435,151,3,7,440,11,442,0.0,592
AYT27_RS07710,BME_RS01640,33.333,102,67,1,9,109,1,102,7.31e-08,50.1
AYT27_RS07715,BME_RS01635,45.695,151,77,3,1,150,1,147,1.95e-36,119
AYT27_RS07720,BME_RS01630,62.128,235,88,1,1,234,1,235,5.49e-103,295
AYT27_RS07725,BME_RS01625,50.000,128,64,0,13,140,15,142,1.38e-43,137
AYT27_RS07730,BME_RS01620,82.716,324,56,0,18,341,15,338,0.0,534
AYT27_RS07735,BME_RS01615,57.561,205,83,2,1,202,1,204,4.62e-66,199
AYT27_RS07740,BME_RS01610,76.582,158,37,0,1,158,1,158,4.08e-86,247
AYT27_RS07745,BME_RS01605,44.172,163,83,3,12,169,6,165,5.56e-37,122
AYT27_RS07750,BME_RS01600,45.098,357,196,0,13,369,10,366,5.39e-108,319
AYT27_RS07755,BME_RS01595,43.902,164,89,2,41,204,41,201,7.60e-40,133
AYT27_RS07775,BME_RS09760,37.288,118,63,2,15,121,12,129,1.12e-21,80.9
AYT27_RS07790,BME_RS01590,37.162,296,163,3,42,336,67,340,2.35e-56,184
AYT27_RS07795,BME_RS01585,81.720,186,34,0,1,186,1,186,2.61e-117,327
AYT27_RS07800,BME_RS01580,72.243,263,73,0,1,263,1,263,3.19e-143,399
AYT27_RS07805,BME_RS01565,59.628,592,235,1,1,592,83,670,0.0,642
AYT27_RS07810,BME_RS01560,82.192,73,13,0,1,73,1,73,4.51e-44,133
AYT27_RS07830,BME_RS01500,62.626,396,148,0,2,397,1,396,0.0,514
AYT27_RS07835,BME_RS01505,78.806,335,71,0,1,335,1,335,0.0,553
AYT27_RS07840,BME_RS01510,75.455,660,161,1,1,659,1,660,0.0,1047
AYT27_RS07845,BME_RS01515,62.921,89,27,2,6,91,5,90,2.59e-30,100
AYT27_RS07850,BME_RS01520,47.414,116,54,1,1,109,1,116,4.45e-35,114
AYT27_RS07860,BME_RS01420,65.900,478,163,0,1,478,1,478,0.0,649
AYT27_RS07865,BME_RS01415,60.163,123,49,0,44,166,25,147,6.45e-54,165
AYT27_RS07870,BME_RS01405,79.762,84,17,0,2,85,3,86,1.75e-36,115
AYT27_RS07875,BME_RS08460,46.218,238,126,2,9,246,44,279,3.62e-69,214
AYT27_RS07890,BME_RS01400,60.535,598,218,4,1,595,1,583,0.0,720
AYT27_RS07895,BME_RS01395,40.741,108,49,3,1,108,1,93,4.97e-08,44.7
AYT27_RS07900,BME_RS01390,52.404,208,99,0,1,208,1,208,4.73e-79,233
AYT27_RS07905,BME_RS01370,47.357,473,248,1,10,481,21,493,4.52e-164,469
AYT27_RS07910,BME_RS01360,62.724,279,104,0,23,301,31,309,9.11e-129,366
AYT27_RS07915,BME_RS01340,41.176,544,269,8,6,504,489,1026,1.52e-120,375
AYT27_RS07920,BME_RS01350,80.357,112,22,0,1,112,1,112,1.85e-66,192
AYT27_RS07925,BME_RS01355,68.947,190,55,2,1,186,1,190,2.37e-92,265
AYT27_RS07930,BME_RS01325,88.136,59,7,0,1,59,1,59,5.43e-35,109
AYT27_RS07935,BME_RS01315,61.745,298,114,0,3,300,7,304,2.66e-119,342
AYT27_RS07965,BME_RS01310,76.399,411,97,0,3,413,5,415,0.0,635
AYT27_RS07975,BME_RS14075,43.243,333,173,2,12,328,12,344,1.97e-90,271
AYT27_RS07980,BME_RS14080,46.766,201,107,0,29,229,25,225,1.94e-46,167
AYT27_RS07985,BME_RS01235,41.322,121,70,1,13,132,5,125,1.56e-24,88.6
AYT27_RS07990,BME_RS01230,84.683,457,64,2,60,515,55,506,0.0,778
AYT27_RS07995,BME_RS01225,66.007,303,92,2,1,303,1,292,2.30e-139,392
AYT27_RS08000,BME_RS01220,85.323,511,73,1,1,511,1,509,0.0,895
AYT27_RS08005,BME_RS01215,42.458,179,98,1,13,191,11,184,2.88e-42,137
AYT27_RS08020,BME_RS01205,59.333,300,109,3,9,304,22,312,1.04e-106,339
AYT27_RS08025,BME_RS01200,77.064,218,49,1,1,218,1,217,1.86e-126,353
AYT27_RS08030,BME_RS01195,38.728,173,100,1,18,190,26,192,6.31e-40,131
AYT27_RS08035,BME_RS01190,69.669,877,255,3,10,879,4,876,0.0,1282
AYT27_RS08040,BME_RS01185,58.252,206,86,0,22,227,15,220,2.87e-87,254
AYT27_RS08055,BME_RS01170,74.962,651,161,1,1,649,1,651,0.0,1059
AYT27_RS08060,BME_RS00320,78.995,219,46,0,1,219,1,219,5.57e-129,359
AYT27_RS08065,BME_RS00325,47.000,300,159,0,11,310,27,326,2.06e-107,313
AYT27_RS08070,BME_RS00330,40.000,190,112,1,34,221,92,281,2.28e-49,160
AYT27_RS08080,BME_RS01755,47.123,365,184,2,12,376,13,368,2.87e-103,316
AYT27_RS08085,BME_RS01750,38.442,385,209,4,11,388,22,385,1.76e-77,242
AYT27_RS08095,BME_RS00300,61.940,268,102,0,1,268,1,268,1.55e-126,357
AYT27_RS08100,BME_RS00305,49.462,186,92,2,15,198,34,219,6.17e-65,197
AYT27_RS08105,BME_RS00795,58.223,833,310,9,1,811,1,817,0.0,894
AYT27_RS08110,BME_RS00780,53.333,405,188,1,22,426,11,414,9.27e-162,459
AYT27_RS08125,BME_RS10315,29.333,150,99,3,6,149,4,152,1.83e-18,77.8
AYT27_RS08175,BME_RS10325,36.634,101,58,2,6,102,15,113,2.48e-20,75.9
AYT27_RS08180,BME_RS10330,41.796,835,440,10,7,817,8,820,0.0,662
AYT27_RS08185,BME_RS10335,27.811,169,105,5,97,254,62,224,2.56e-13,64.3
AYT27_RS08190,BME_RS10340,25.221,226,164,2,12,232,13,238,2.98e-16,74.7
AYT27_RS08200,BME_RS10335,33.333,102,60,1,93,186,111,212,8.92e-10,53.1
AYT27_RS08205,BME_RS10340,25.200,250,180,3,12,256,13,260,1.65e-16,75.1
AYT27_RS08215,BME_RS10350,41.921,229,123,7,7,228,10,235,5.88e-51,162
AYT27_RS08220,BME_RS10355,30.466,279,171,4,9,265,1,278,1.22e-43,146
AYT27_RS08225,BME_RS10360,43.925,214,120,0,179,392,164,377,2.27e-66,212
AYT27_RS08230,BME_RS10365,38.527,353,178,6,11,345,15,346,4.96e-73,228
AYT27_RS08240,BME_RS00770,66.000,100,31,2,1,99,162,259,2.85e-41,133
AYT27_RS08245,BME_RS00770,82.625,259,45,0,1,259,1,259,9.07e-169,463
AYT27_RS08250,BME_RS00765,86.288,598,82,0,17,614,16,613,0.0,1074
AYT27_RS08255,BME_RS00760,53.906,128,59,0,1,128,4,131,1.57e-47,146
AYT27_RS08260,BME_RS00755,48.485,132,67,1,1,132,1,131,5.54e-41,130
AYT27_RS08265,BME_RS00740,83.200,125,21,0,2,126,3,127,3.78e-72,209
AYT27_RS08270,BME_RS00705,67.826,230,74,0,2,231,11,240,9.43e-115,325
AYT27_RS08275,BME_RS00700,47.024,168,88,1,7,173,3,170,3.77e-50,157
AYT27_RS08285,BME_RS00695,57.468,308,131,0,15,322,8,315,2.31e-130,371
AYT27_RS08290,BME_RS00205,55.172,87,35,1,6,88,8,94,6.15e-31,102
AYT27_RS08295,BME_RS00210,60.766,209,79,1,1,206,1,209,1.04e-94,271
AYT27_RS08300,BME_RS00215,76.923,325,75,0,1,325,1,325,0.0,551
AYT27_RS08305,BME_RS00220,61.415,622,224,6,6,622,9,619,0.0,774
AYT27_RS08315,BME_RS00255,62.189,201,76,0,22,222,21,221,8.24e-86,250
AYT27_RS08320,BME_RS00250,90.909,88,8,0,1,88,1,88,2.15e-57,168
AYT27_RS08325,BME_RS13830,46.614,251,121,3,10,260,10,247,1.29e-72,219
AYT27_RS08340,BME_RS05370,64.444,45,16,0,1,45,1,45,3.69e-17,63.9
AYT27_RS08345,BME_RS01145,69.517,538,164,0,1,538,1,538,0.0,756
AYT27_RS08350,BME_RS01150,48.094,551,276,3,21,566,31,576,2.72e-173,500
AYT27_RS08355,BME_RS01155,54.299,442,197,4,7,446,27,465,4.42e-169,480
AYT27_RS08360,BME_RS01160,70.775,284,79,2,1,283,1,281,7.22e-140,396
AYT27_RS08365,BME_RS01165,63.934,61,22,0,11,71,12,72,1.54e-16,63.5
AYT27_RS08370,BME_RS01115,76.699,103,24,0,1,103,1,103,3.83e-59,176
AYT27_RS08375,BME_RS01110,60.241,83,33,0,2,84,5,87,1.67e-26,91.7
AYT27_RS08380,BME_RS01105,75.514,486,115,2,1,486,1,482,0.0,662
AYT27_RS08385,BME_RS01095,59.155,213,87,0,1,213,1,213,3.47e-97,278
AYT27_RS08390,BME_RS01135,53.791,1543,679,11,47,1562,63,1598,0.0,1654
AYT27_RS08395,BME_RS00360,25.501,349,216,7,3,351,35,339,5.68e-35,127
AYT27_RS08405,BME_RS00850,39.627,429,254,2,1,427,1,426,9.28e-91,284
AYT27_RS08410,BME_RS00845,29.970,337,199,10,70,384,110,431,1.63e-34,129
AYT27_RS08415,BME_RS00830,68.407,364,110,1,1,364,1,359,1.62e-180,501
AYT27_RS08425,BME_RS00815,78.832,137,29,0,1,137,1,137,2.89e-82,235
AYT27_RS08435,BME_RS00290,62.667,225,84,0,1,225,1,225,3.44e-107,305
AYT27_RS08440,BME_RS00375,47.881,236,123,0,2,237,4,239,3.31e-82,243
AYT27_RS08445,BME_RS00385,38.188,817,449,11,48,811,64,877,6.68e-177,528
AYT27_RS08450,BME_RS00390,60.287,418,166,0,4,421,4,421,1.10e-179,504
AYT27_RS08455,BME_RS00395,38.596,57,35,0,2,58,4,60,4.88e-12,51.6
AYT27_RS08460,BME_RS00405,35.565,239,132,4,3,227,5,235,1.38e-47,154
AYT27_RS08465,BME_RS00410,54.305,151,68,1,15,164,8,158,5.56e-57,172
AYT27_RS08470,BME_RS00415,54.417,283,128,1,2,283,1,283,6.10e-99,288
AYT27_RS08475,BME_RS00365,71.521,309,88,0,1,309,1,309,8.04e-169,468
AYT27_RS08480,BME_RS00055,51.453,344,167,0,1,344,1,344,1.19e-130,374
AYT27_RS08485,BME_RS00060,65.530,264,91,0,1,264,1,264,7.18e-124,350
AYT27_RS08490,BME_RS00065,59.655,290,113,2,1,290,1,286,1.86e-106,308
AYT27_RS08495,BME_RS00070,55.631,293,130,0,29,321,25,317,2.83e-110,320
AYT27_RS08500,BME_RS12150,96.000,25,1,0,1,25,1,25,2.23e-10,45.1
AYT27_RS08510,BME_RS08605,46.127,284,126,4,12,286,20,285,7.12e-67,207
AYT27_RS08515,BME_RS00335,63.178,258,95,0,4,261,1,258,1.83e-115,329
AYT27_RS08520,BME_RS00155,47.740,354,182,3,1,351,2,355,3.35e-119,347
AYT27_RS08525,BME_RS00160,43.421,380,181,1,8,353,5,384,5.47e-117,341
AYT27_RS08535,BME_RS00170,57.806,237,99,1,1,237,1,236,2.58e-106,310
AYT27_RS08540,BME_RS00175,77.287,317,72,0,1,317,1,317,4.51e-177,489
AYT27_RS08545,BME_RS00180,57.143,308,130,2,1,307,1,307,2.21e-103,301
AYT27_RS08550,BME_RS00190,50.270,185,89,1,12,196,14,195,2.11e-67,202
AYT27_RS08555,BME_RS00195,60.541,370,141,1,5,374,12,376,3.98e-160,451
AYT27_RS08560,BME_RS07460,39.796,98,55,1,29,126,28,121,1.16e-23,85.5
AYT27_RS08565,BME_RS07460,42.857,98,52,1,29,126,28,121,1.68e-26,92.8
AYT27_RS08570,BME_RS13930,36.792,106,67,0,4,109,6,111,3.81e-15,63.9
AYT27_RS08575,BME_RS13935,55.914,93,41,0,1,93,1,93,4.53e-26,89.4
AYT27_RS08580,BME_RS13940,40.994,161,94,1,1,161,1,160,1.08e-39,129
AYT27_RS08585,BME_RS13945,61.143,525,202,2,6,528,5,529,0.0,575
AYT27_RS08590,BME_RS13950,66.667,111,37,0,1,111,1,111,8.64e-53,158
AYT27_RS08595,BME_RS13955,64.301,958,336,3,18,972,18,972,0.0,1216
AYT27_RS08600,BME_RS12890,37.755,98,47,2,61,158,62,145,3.88e-15,65.5
AYT27_RS08605,BME_RS07920,69.315,365,112,0,1,365,1,365,0.0,545
AYT27_RS08610,BME_RS07915,69.268,410,126,0,1,410,1,410,0.0,619
AYT27_RS08625,BME_RS00685,73.932,468,121,1,1,468,1,467,0.0,719
AYT27_RS08630,BME_RS00665,70.833,408,117,1,1,406,1,408,0.0,555
AYT27_RS08635,BME_RS00660,76.195,1004,233,2,1,998,1,1004,0.0,1628
AYT27_RS08640,BME_RS00655,89.000,300,33,0,1,300,1,300,0.0,516
AYT27_RS08645,BME_RS00650,87.154,397,51,0,1,397,1,397,0.0,694
AYT27_RS08650,BME_RS00645,84.375,320,50,0,1,320,1,320,0.0,551
AYT27_RS08655,BME_RS00640,56.764,377,152,3,4,379,13,379,3.97e-154,437
AYT27_RS08660,BME_RS00635,42.135,178,102,1,1,178,1,177,7.50e-41,132
AYT27_RS08665,BME_RS00630,50.526,285,136,1,2,281,4,288,2.33e-92,272
AYT27_RS08670,BME_RS00625,70.813,418,122,0,1,418,1,418,0.0,647
AYT27_RS08675,BME_RS00620,76.568,303,71,0,111,413,161,463,3.63e-170,481
AYT27_RS08680,BME_RS00615,55.605,223,95,2,7,229,2,220,3.73e-80,236
AYT27_RS08685,BME_RS00610,58.964,251,103,0,3,253,10,260,9.04e-110,314
AYT27_RS08690,BME_RS00050,62.951,305,97,2,1,301,1,293,3.29e-134,379
AYT27_RS08695,BME_RS00045,76.981,265,60,1,1,264,1,265,8.65e-152,421
AYT27_RS08700,BME_RS00040,52.885,208,98,0,4,211,2,209,3.07e-76,225
AYT27_RS08705,BME_RS00035,65.574,610,210,0,4,613,9,618,0.0,833
AYT27_RS08710,BME_RS00030,53.917,434,200,0,2,435,9,442,5.50e-172,486
AYT27_RS08715,BME_RS00020,90.670,418,39,0,4,421,1,418,0.0,780
