C_crescentus|Q.,B_henselae|S.,% identity,alignment length,mismatches,gap opens,q. start,q. end,s. start,s. end,evalue,bit score
CC_0001,AYT27_RS00005,52.453,265,125,1,44,308,8,271,7.52e-96,281
CC_0002,AYT27_RS00010,44.382,178,94,3,6,181,6,180,9.81e-45,143
CC_0003,AYT27_RS00015,38.406,276,162,3,14,284,18,290,7.46e-54,173
CC_0004,AYT27_RS00020,50.538,186,91,1,24,209,1,185,2.24e-63,191
CC_0005,AYT27_RS00025,44.444,234,124,4,3,232,2,233,1.21e-62,192
CC_0006,AYT27_RS04380,27.536,207,141,4,20,223,21,221,1.58e-18,79.7
CC_0007,AYT27_RS00580,66.279,86,29,0,1,86,1,86,5.94e-35,110
CC_0008,AYT27_RS00585,40.042,477,264,10,21,486,51,516,7.59e-95,293
CC_0010,AYT27_RS00325,74.921,630,155,2,1,628,1,629,0.0,978
CC_0011,AYT27_RS00330,54.688,384,163,5,3,384,4,378,1.31e-149,424
CC_0012,AYT27_RS00505,47.933,895,440,11,19,900,27,908,0.0,809
CC_0025,AYT27_RS05620,32.456,342,218,5,1,341,7,336,1.36e-49,173
CC_0026,AYT27_RS02500,37.657,239,138,6,516,749,536,768,1.71e-38,149
CC_0029,AYT27_RS00110,30.435,207,144,0,1,207,4,210,2.42e-31,110
CC_0034,AYT27_RS01080,66.952,702,232,0,1,702,1,702,0.0,982
CC_0035,AYT27_RS01085,77.528,89,20,0,1,89,1,89,1.65e-47,142
CC_0036,AYT27_RS01095,42.331,326,164,3,1,309,1,319,3.56e-87,260
CC_0037,AYT27_RS01100,45.902,122,64,2,15,135,6,126,1.01e-33,111
CC_0042,AYT27_RS01105,59.578,663,260,6,377,1036,188,845,0.0,797
CC_0043,AYT27_RS01110,34.392,189,120,1,17,201,4,192,3.83e-35,120
CC_0044,AYT27_RS01115,61.822,516,194,1,3,518,1,513,0.0,658
CC_0045,AYT27_RS01120,40.881,159,81,4,9,160,61,213,4.31e-32,110
CC_0047,AYT27_RS00880,53.714,175,81,0,1,175,1,175,2.50e-71,209
CC_0049,AYT27_RS01125,37.611,226,121,6,59,270,13,232,3.51e-43,143
CC_0050,AYT27_RS01130,55.164,426,163,10,1,406,1,418,4.37e-145,415
CC_0051,AYT27_RS01135,45.455,132,70,2,5,135,2,132,1.62e-40,128
CC_0052,AYT27_RS01140,30.695,518,327,13,12,509,30,535,1.22e-63,213
CC_0053,AYT27_RS01145,43.277,238,118,4,65,286,86,322,2.40e-61,194
CC_0054,AYT27_RS01150,38.365,159,83,4,3,151,2,155,2.45e-33,111
CC_0055,AYT27_RS01155,45.902,305,151,2,11,301,49,353,2.35e-87,262
CC_0056,AYT27_RS01160,58.000,400,155,7,7,396,15,411,1.72e-160,457
CC_0057,AYT27_RS01020,54.622,119,54,0,12,130,15,133,7.27e-44,137
CC_0058,AYT27_RS01165,33.562,146,96,1,5,149,15,160,8.43e-27,94.7
CC_0059,AYT27_RS01170,34.934,229,119,10,1,210,2,219,2.00e-27,100
CC_0062,AYT27_RS06895,57.068,191,75,4,35,221,1,188,1.06e-70,210
CC_0064,AYT27_RS06885,53.602,347,143,1,13,341,6,352,4.20e-135,385
CC_0065,AYT27_RS06880,40.091,439,254,4,31,463,3,438,1.14e-101,313
CC_0070,AYT27_RS00625,38.806,335,184,4,8,330,8,333,3.04e-73,226
CC_0071,AYT27_RS08415,52.055,365,164,3,11,367,3,364,5.45e-125,360
CC_0074,AYT27_RS08410,25.281,178,119,4,107,281,208,374,9.23e-09,51.6
CC_0075,AYT27_RS08405,29.261,352,238,6,54,400,54,399,9.57e-25,103
CC_0076,AYT27_RS04380,24.747,198,121,8,1,192,30,205,3.99e-09,54.3
CC_0081,AYT27_RS03170,36.975,119,71,1,11,129,5,119,1.84e-19,75.1
CC_0084,AYT27_RS00115,56.128,563,203,5,5,552,15,548,0.0,622
CC_0085,AYT27_RS06925,26.601,406,260,11,69,458,42,425,3.65e-21,92.4
CC_0086,AYT27_RS08345,60.561,535,201,4,4,529,5,538,0.0,626
CC_0088,AYT27_RS08390,39.686,1464,848,14,90,1542,73,1512,0.0,1069
CC_0091,AYT27_RS02320,27.313,454,321,4,354,801,511,961,9.56e-62,221
CC_0094,AYT27_RS02775,28.571,252,168,3,4,255,3,242,8.62e-27,101
CC_0096,AYT27_RS03835,24.478,335,203,9,29,332,27,342,2.35e-19,83.2
CC_0100,AYT27_RS08350,27.955,533,365,12,51,573,40,563,1.67e-37,142
CC_0101,AYT27_RS04940,57.477,214,88,2,12,224,6,217,1.94e-85,249
CC_0102,AYT27_RS08355,39.865,444,240,9,8,429,8,446,1.77e-88,272
CC_0103,AYT27_RS08365,54.386,57,26,0,36,92,15,71,5.17e-16,62.4
CC_0107,AYT27_RS08110,40.342,409,230,5,1,406,26,423,4.14e-98,295
CC_0108,AYT27_RS06530,63.636,55,20,0,11,65,6,60,8.70e-21,73.2
CC_0109,AYT27_RS06525,40.566,212,111,6,3,210,6,206,1.73e-43,142
CC_0110,AYT27_RS00125,35.714,98,61,1,23,120,9,104,2.24e-21,83.2
CC_0116,AYT27_RS07705,29.310,174,101,6,53,216,249,410,4.52e-10,58.5
CC_0117,AYT27_RS07655,58.145,442,184,1,4,445,3,443,0.0,522
CC_0118,AYT27_RS05065,50.820,610,293,2,1,606,1,607,0.0,638
CC_0119,AYT27_RS02165,27.011,174,118,3,154,320,374,545,4.40e-08,52.0
CC_0124,AYT27_RS02775,28.906,256,155,8,9,257,9,244,4.58e-20,82.4
CC_0126,AYT27_RS00110,28.873,142,101,0,26,167,13,154,5.85e-17,72.4
CC_0133,AYT27_RS02775,35.079,191,117,4,4,193,7,191,1.99e-29,107
CC_0134,AYT27_RS00105,58.221,371,139,4,25,381,29,397,3.39e-156,442
CC_0136,AYT27_RS02470,30.000,170,88,6,25,176,108,264,6.24e-08,48.1
CC_0138,AYT27_RS02500,28.947,228,153,4,16,237,549,773,2.51e-27,112
CC_0140,AYT27_RS00220,56.574,502,212,5,1,498,1,500,0.0,561
CC_0141,AYT27_RS01245,55.591,313,138,1,3,315,1,312,2.69e-126,359
CC_0143,AYT27_RS06270,44.660,103,57,0,17,119,17,119,1.61e-23,84.3
CC_0144,AYT27_RS06275,48.364,275,139,2,17,288,20,294,2.13e-72,221
CC_0145,AYT27_RS00265,44.750,400,194,10,7,383,3,398,7.95e-103,305
CC_0146,AYT27_RS00270,45.366,205,97,4,4,193,8,212,1.13e-52,164
CC_0151,AYT27_RS05230,25.000,276,179,7,67,323,88,354,2.81e-16,75.1
CC_0153,AYT27_RS00275,51.734,346,163,3,15,356,10,355,2.94e-121,350
CC_0154,AYT27_RS00280,47.059,153,78,2,14,164,59,210,7.73e-41,134
CC_0156,AYT27_RS00590,47.594,374,193,3,1,372,1,373,5.29e-121,350
CC_0159,AYT27_RS00595,40.897,379,212,6,4,381,8,375,1.10e-77,240
CC_0160,AYT27_RS00205,63.570,818,273,6,1,805,5,810,0.0,1017
CC_0188,AYT27_RS00085,31.933,238,146,5,24,254,30,258,2.16e-28,107
CC_0192,AYT27_RS08055,23.747,379,240,12,181,531,260,617,2.67e-15,74.3
CC_0193,AYT27_RS06355,26.638,229,141,7,141,350,141,361,2.00e-09,54.3
CC_0196,AYT27_RS00575,26.954,371,254,5,111,465,194,563,6.21e-19,85.5
CC_0197,AYT27_RS08265,64.800,125,44,0,3,127,1,125,1.10e-55,167
CC_0198,AYT27_RS08270,56.466,232,99,2,1,232,1,230,4.23e-90,262
CC_0201,AYT27_RS07685,33.758,157,83,6,68,217,21,163,3.13e-12,58.9
CC_0204,AYT27_RS05525,24.490,539,381,7,21,537,24,558,5.69e-34,132
CC_0214,AYT27_RS02575,24.800,250,156,11,458,687,488,725,9.02e-08,50.8
CC_0215,AYT27_RS08280,34.615,234,139,4,34,260,5,231,1.09e-40,138
CC_0217,AYT27_RS02310,28.571,119,69,4,15,132,60,163,1.86e-08,52.0
CC_0222,AYT27_RS00690,43.948,537,299,2,4,538,13,549,7.48e-155,450
CC_0227,AYT27_RS01345,40.212,189,104,3,1,186,1,183,9.85e-45,142
CC_0230,AYT27_RS01340,53.719,242,107,1,30,271,3,239,1.26e-91,280
CC_0231,AYT27_RS01335,51.389,144,68,1,14,157,6,147,3.68e-45,141
CC_0234,AYT27_RS06145,28.307,378,244,8,26,397,10,366,3.48e-37,134
CC_0237,AYT27_RS00310,64.807,233,80,1,3,235,10,240,2.16e-110,313
CC_0238,AYT27_RS00305,39.138,557,286,11,25,533,43,594,9.11e-113,343
CC_0239,AYT27_RS00300,36.283,113,61,4,17,122,18,126,1.18e-13,60.1
CC_0240,AYT27_RS00295,57.143,133,54,2,13,143,1,132,1.52e-47,146
CC_0241,AYT27_RS00290,52.874,87,41,0,6,92,13,99,2.63e-27,92.0
CC_0246,AYT27_RS02775,29.249,253,167,4,7,259,3,243,1.13e-30,110
CC_0247,AYT27_RS03030,33.645,107,67,2,16,119,5,110,3.53e-14,65.5
CC_0248,AYT27_RS03025,25.098,255,145,10,228,454,499,735,2.55e-08,51.6
CC_0249,AYT27_RS05660,32.143,168,108,3,29,195,24,186,1.30e-27,99.4
CC_0251,AYT27_RS00255,31.967,244,145,5,7,238,6,240,2.93e-35,122
CC_0252,AYT27_RS02430,38.673,618,365,6,33,641,73,685,9.61e-142,426
CC_0253,AYT27_RS06550,66.272,338,113,1,1,337,1,338,3.13e-165,460
CC_0257,AYT27_RS00160,67.679,461,149,0,3,463,5,465,0.0,649
CC_0260,AYT27_RS01005,21.967,305,219,10,29,322,26,322,8.25e-08,48.9
CC_0263,AYT27_RS02070,24.000,425,290,11,2,400,22,439,1.98e-15,73.2
CC_0267,AYT27_RS01190,52.471,425,191,6,55,472,9,429,1.65e-144,429
CC_0268,AYT27_RS01185,42.105,76,44,0,1,76,8,83,4.52e-18,68.9
CC_0269,AYT27_RS01180,55.479,146,65,0,4,149,53,198,6.65e-57,172
CC_0272,AYT27_RS00375,50.993,151,74,0,18,168,14,164,2.08e-56,171
CC_0275,AYT27_RS00260,48.711,388,186,3,9,383,3,390,7.04e-121,351
CC_0278,AYT27_RS00365,56.275,247,106,1,1,245,1,247,1.64e-100,289
CC_0279,AYT27_RS00370,48.039,306,155,2,1,302,3,308,1.15e-96,284
CC_0281,AYT27_RS00355,66.667,282,85,4,8,283,4,282,3.11e-131,369
CC_0283,AYT27_RS00340,56.552,290,120,2,13,302,16,299,3.14e-111,320
CC_0284,AYT27_RS07070,30.973,113,77,1,5,116,140,252,6.41e-14,62.8
CC_0285,AYT27_RS07055,33.197,244,147,7,216,444,220,462,2.32e-31,121
CC_0289,AYT27_RS02500,26.236,263,163,3,195,455,540,773,9.46e-28,112
CC_0290,AYT27_RS01255,44.355,496,231,14,9,477,9,486,3.15e-121,359
CC_0291,AYT27_RS01260,50.120,417,199,2,22,430,14,429,4.92e-137,396
CC_0292,AYT27_RS01265,72.510,251,67,1,26,274,2,252,1.62e-135,379
CC_0293,AYT27_RS01270,46.222,225,121,0,3,227,4,228,1.35e-65,199
CC_0294,AYT27_RS02475,38.462,221,134,1,5,225,3,221,8.23e-48,153
CC_0297,AYT27_RS02220,49.289,422,211,3,4,424,1,420,6.48e-146,418
CC_0301,AYT27_RS01390,39.355,310,171,8,1,306,1,297,4.37e-57,184
CC_0302,AYT27_RS01385,36.869,396,238,8,6,393,9,400,1.95e-72,230
CC_0305,AYT27_RS00240,31.904,583,386,2,11,592,10,582,1.40e-98,308
CC_0307,AYT27_RS01375,49.296,71,36,0,4,74,8,78,1.96e-23,80.9
CC_0308,AYT27_RS01370,41.364,220,123,3,2,218,10,226,1.48e-49,160
CC_0309,AYT27_RS01365,41.149,435,252,4,9,443,13,443,5.56e-103,310
CC_0314,AYT27_RS00825,51.507,365,171,4,13,375,12,372,5.50e-121,351
CC_0315,AYT27_RS00820,62.170,341,127,2,1,340,1,340,7.34e-140,396
CC_0318,AYT27_RS00705,70.787,89,26,0,1,89,1,89,5.68e-44,133
CC_0319,AYT27_RS00700,45.714,105,57,0,1,105,1,105,5.85e-28,98.2
CC_0321,AYT27_RS06615,56.868,364,135,4,1,364,1,342,1.60e-141,401
CC_0322,AYT27_RS07625,37.209,129,74,3,19,147,15,136,3.33e-27,96.7
CC_0323,AYT27_RS06620,37.908,306,169,6,77,374,29,321,1.16e-61,197
CC_0324,AYT27_RS03175,42.009,219,125,1,1,217,6,224,7.76e-55,171
CC_0325,AYT27_RS02430,32.857,140,93,1,58,196,125,264,1.61e-23,94.0
CC_0337,AYT27_RS08645,71.859,398,112,0,1,398,1,398,0.0,567
CC_0338,AYT27_RS08640,77.667,300,61,2,1,294,1,300,1.21e-160,445
CC_0339,AYT27_RS08635,59.059,999,381,8,8,986,7,997,0.0,1219
CC_0340,AYT27_RS08630,62.963,405,143,4,3,402,4,406,2.71e-176,493
CC_0342,AYT27_RS08625,60.044,458,178,4,13,466,3,459,0.0,547
CC_0344,AYT27_RS08285,47.826,299,147,6,10,304,29,322,6.74e-88,262
CC_0346,AYT27_RS08020,47.347,735,362,9,3,719,9,736,0.0,630
CC_0347,AYT27_RS05535,46.032,252,116,4,52,301,7,240,4.65e-64,206
CC_0357,AYT27_RS06425,32.800,125,80,3,40,161,4,127,5.01e-15,63.9
CC_0360,AYT27_RS06445,30.831,373,232,12,9,366,8,369,6.09e-38,137
CC_0361,AYT27_RS03280,34.568,243,141,6,2,241,12,239,4.98e-43,143
CC_0364,AYT27_RS05535,40.149,269,150,6,163,427,254,515,5.23e-55,187
CC_0365,AYT27_RS02150,41.333,150,87,1,14,163,5,153,1.28e-28,100
CC_0366,AYT27_RS02145,34.839,155,101,0,22,176,29,183,6.71e-26,94.0
CC_0367,AYT27_RS02140,61.667,60,23,0,5,64,6,65,2.34e-19,70.5
CC_0368,AYT27_RS02135,45.059,253,123,4,3,249,7,249,1.26e-66,203
CC_0374,AYT27_RS02370,40.373,161,92,3,33,192,51,208,5.88e-33,114
CC_0375,AYT27_RS02370,35.882,170,107,2,30,199,49,216,7.42e-33,114
CC_0377,AYT27_RS02360,45.455,341,176,4,11,345,24,360,2.21e-97,289
CC_0378,AYT27_RS02355,61.429,350,135,0,8,357,23,372,9.64e-169,471
CC_0379,AYT27_RS02200,50.000,182,89,2,12,191,34,215,5.72e-51,160
CC_0382,AYT27_RS06205,43.243,185,96,3,5,184,26,206,7.04e-49,154
CC_0385,AYT27_RS02665,30.916,262,166,7,9,256,10,270,2.28e-28,105
CC_0388,AYT27_RS02670,60.407,442,174,1,1,442,1,441,0.0,532
CC_0393,AYT27_RS05575,20.504,556,380,12,1,510,16,555,2.00e-14,71.2
CC_0397,AYT27_RS04380,23.158,190,135,4,11,195,19,202,7.94e-10,53.9
CC_0398,AYT27_RS02710,27.354,223,136,9,24,240,8,210,6.46e-10,54.3
CC_0400,AYT27_RS02710,25.854,205,139,4,2,202,7,202,2.87e-13,63.9
CC_0403,AYT27_RS01090,25.843,356,246,7,24,372,6,350,2.73e-13,67.0
CC_0405,AYT27_RS06440,33.537,164,103,2,1,158,1,164,9.67e-23,85.9
CC_0408,AYT27_RS06065,38.889,414,229,6,7,405,12,416,1.52e-95,288
CC_0409,AYT27_RS00945,30.534,131,82,3,60,186,52,177,3.53e-10,55.1
CC_0417,AYT27_RS02775,30.802,237,154,6,7,237,9,241,1.67e-19,80.5
CC_0418,AYT27_RS01040,37.349,83,45,2,53,128,3,85,7.99e-10,50.8
CC_0419,AYT27_RS01985,53.263,475,214,5,1,469,1,473,7.81e-172,488
CC_0424,AYT27_RS04150,54.362,149,68,0,13,161,1,149,7.01e-62,184
CC_0425,AYT27_RS01175,30.712,267,173,4,146,404,13,275,1.22e-19,85.5
CC_0426,AYT27_RS01430,23.133,415,269,12,44,440,6,388,4.07e-17,79.3
CC_0432,AYT27_RS00310,31.933,119,78,1,1,119,7,122,1.57e-17,71.2
CC_0436,AYT27_RS05965,24.747,198,133,6,6,201,15,198,3.07e-10,55.5
CC_0437,AYT27_RS00310,30.000,120,80,2,6,125,8,123,9.06e-14,61.6
CC_0440,AYT27_RS05965,30.328,122,75,3,18,137,15,128,2.22e-09,51.2
CC_0444,AYT27_RS05065,30.000,310,188,8,72,358,299,602,2.76e-27,108
CC_0448,AYT27_RS00710,37.015,670,396,9,181,838,174,829,1.81e-115,367
CC_0450,AYT27_RS02100,39.220,436,218,6,6,395,19,453,1.21e-88,272
CC_0453,AYT27_RS01980,50.629,318,142,8,33,335,9,326,1.55e-99,293
CC_0456,AYT27_RS00110,28.241,216,130,6,5,207,8,211,2.52e-19,78.6
CC_0459,AYT27_RS03965,52.128,188,90,0,25,212,17,204,1.71e-72,215
CC_0460,AYT27_RS02685,42.913,515,222,11,3,462,4,501,2.68e-132,387
CC_0462,AYT27_RS03960,44.928,138,76,0,1,138,1,138,4.60e-44,138
CC_0463,AYT27_RS03955,52.459,61,29,0,12,72,33,93,3.09e-20,74.3
CC_0464,AYT27_RS03950,57.382,657,264,4,2,647,5,656,0.0,790
CC_0471,AYT27_RS06060,44.156,154,86,0,5,158,1,154,1.06e-46,145
CC_0474,AYT27_RS06045,44.643,56,31,0,213,268,1,56,3.19e-13,59.3
CC_0479,AYT27_RS06035,62.500,368,135,2,1,366,1,367,7.74e-170,474
CC_0484,AYT27_RS06020,41.711,187,105,1,1,187,1,183,1.21e-49,156
CC_0485,AYT27_RS06015,39.474,190,112,2,6,194,7,194,4.59e-47,149
CC_0487,AYT27_RS06005,65.916,311,104,2,1,311,1,309,6.14e-148,414
CC_0490,AYT27_RS06000,42.387,243,133,4,19,260,19,255,8.94e-63,194
CC_0491,AYT27_RS05995,38.441,372,206,7,2,368,3,356,3.17e-78,241
CC_0492,AYT27_RS05990,39.865,296,149,5,12,299,15,289,1.89e-59,187
CC_0493,AYT27_RS05975,26.144,153,113,0,16,168,14,166,4.23e-25,91.3
CC_0496,AYT27_RS03150,48.256,172,88,1,1,172,1,171,2.88e-51,158
CC_0497,AYT27_RS03155,66.142,127,39,2,1,127,1,123,1.86e-34,112
CC_0502,AYT27_RS03160,73.661,1363,351,4,1,1356,7,1368,0.0,2076
CC_0503,AYT27_RS03165,70.427,1383,401,5,1,1379,1,1379,0.0,1996
CC_0511,AYT27_RS02775,45.607,239,127,2,3,239,7,244,4.02e-59,183
CC_0519,AYT27_RS08685,45.418,251,129,3,5,247,3,253,2.79e-75,225
CC_0520,AYT27_RS08440,36.910,233,145,2,20,250,2,234,1.32e-46,152
CC_0521,AYT27_RS05180,50.000,106,53,0,1,106,1,106,8.24e-35,112
CC_0523,AYT27_RS00035,27.600,250,152,6,8,249,52,280,3.86e-21,85.9
CC_0528,AYT27_RS02015,47.801,341,176,2,6,346,7,345,1.21e-108,318
CC_0530,AYT27_RS03025,25.991,227,154,5,247,463,493,715,4.10e-18,83.2
CC_0535,AYT27_RS05065,31.169,308,187,7,67,353,299,602,1.19e-30,118
CC_0537,AYT27_RS00710,37.015,670,396,9,207,864,174,829,6.19e-115,366
CC_0566,AYT27_RS06070,40.645,310,168,4,18,317,37,340,2.42e-73,226
CC_0580,AYT27_RS04150,28.667,150,106,1,13,162,1,149,1.73e-17,71.2
CC_0582,AYT27_RS01985,28.924,446,288,10,10,440,26,457,3.78e-44,157
CC_0584,AYT27_RS00540,49.869,383,192,0,1,383,6,388,1.67e-134,387
CC_0586,AYT27_RS02500,38.400,250,147,4,329,574,524,770,5.88e-44,165
CC_0588,AYT27_RS00310,39.167,120,70,1,6,125,11,127,2.73e-22,84.0
CC_0591,AYT27_RS02440,32.203,118,77,2,6,123,1,115,3.20e-13,59.7
CC_0596,AYT27_RS00310,36.364,110,66,2,2,111,10,115,6.40e-15,64.3
CC_0597,AYT27_RS00310,31.944,144,82,6,14,155,11,140,1.34e-09,53.5
CC_0611,AYT27_RS00955,33.617,235,136,5,4,228,2,226,2.50e-40,138
CC_0628,AYT27_RS02070,21.640,439,304,14,2,411,24,451,4.13e-08,50.4
CC_0629,AYT27_RS07075,31.443,194,127,3,240,429,138,329,8.94e-23,94.4
CC_0634,AYT27_RS08485,30.319,188,108,4,48,212,20,207,2.78e-16,72.0
CC_0640,AYT27_RS03145,65.939,229,76,1,1,227,1,229,2.68e-100,287
CC_0641,AYT27_RS03140,63.121,141,52,0,1,141,1,141,4.65e-67,196
CC_0644,AYT27_RS02775,28.272,191,122,5,9,197,10,187,4.04e-10,54.3
CC_0648,AYT27_RS07060,25.352,142,91,4,51,186,17,149,4.31e-09,49.7
CC_0652,AYT27_RS02500,25.651,538,340,14,138,633,250,769,8.48e-42,159
CC_0653,AYT27_RS07925,59.615,156,63,0,26,181,14,169,4.35e-64,192
CC_0654,AYT27_RS07920,61.607,112,42,1,1,112,1,111,8.74e-49,147
CC_0655,AYT27_RS02320,25.641,507,362,7,195,691,452,953,2.40e-56,202
CC_0657,AYT27_RS07915,24.479,192,140,4,470,659,15,203,1.34e-11,63.2
CC_0659,AYT27_RS02495,28.378,148,103,3,6,152,10,155,5.03e-14,62.8
CC_0661,AYT27_RS08320,55.682,88,39,0,1,88,1,88,1.92e-30,100
CC_0665,AYT27_RS05910,72.727,66,18,0,1,66,1,66,1.90e-34,108
CC_0672,AYT27_RS08305,49.091,605,297,4,10,609,24,622,0.0,602
CC_0684,AYT27_RS07805,29.039,489,313,14,241,709,95,569,3.33e-41,155
CC_0685,AYT27_RS06905,77.083,528,120,1,1,528,1,527,0.0,803
CC_0686,AYT27_RS06910,73.404,94,25,0,1,94,4,97,1.20e-47,143
CC_0689,AYT27_RS02495,50.617,81,40,0,137,217,89,169,4.12e-23,87.8
CC_0695,AYT27_RS01400,47.500,640,305,8,1,637,1,612,0.0,585
CC_0700,AYT27_RS00050,31.138,167,107,6,6,168,1,163,2.32e-11,55.1
CC_0701,AYT27_RS01325,52.821,975,416,17,10,961,9,962,0.0,983
CC_0702,AYT27_RS02470,35.256,312,189,5,46,354,87,388,4.07e-52,176
CC_0703,AYT27_RS06740,38.776,294,176,2,12,301,13,306,8.98e-56,180
CC_0705,AYT27_RS06745,39.630,270,160,3,33,302,1,267,2.47e-63,198
CC_0709,AYT27_RS02495,42.949,156,87,1,86,239,14,169,8.33e-45,144
CC_0721,AYT27_RS07795,40.426,188,112,0,1,188,1,188,4.54e-58,177
CC_0723,AYT27_RS02500,36.396,283,155,7,179,449,498,767,5.01e-42,157
CC_0726,AYT27_RS06245,53.548,310,138,3,1,308,1,306,5.95e-118,338
CC_0727,AYT27_RS06240,59.677,248,100,0,1,248,1,248,1.17e-104,299
CC_0736,AYT27_RS00260,26.708,161,110,3,100,260,69,221,2.92e-11,60.5
CC_0738,AYT27_RS05915,25.549,364,254,7,27,378,34,392,1.62e-39,141
CC_0740,AYT27_RS02320,27.444,532,365,6,299,811,418,947,8.51e-68,239
CC_0741,AYT27_RS00885,63.711,609,212,5,1,608,1,601,0.0,790
CC_0744,AYT27_RS03765,63.866,119,42,1,1,118,1,119,1.27e-47,145
CC_0747,AYT27_RS07685,28.846,104,74,0,302,405,66,169,1.53e-10,55.5
CC_0756,AYT27_RS05935,29.348,184,119,4,220,394,142,323,3.92e-10,56.6
CC_0758,AYT27_RS00310,30.247,162,94,5,1,149,1,156,4.23e-15,67.4
CC_0759,AYT27_RS04920,28.159,277,166,9,234,490,433,696,1.52e-24,103
CC_0760,AYT27_RS05210,25.223,448,276,12,108,510,96,529,1.86e-27,112
CC_0761,AYT27_RS02695,29.963,267,176,3,290,546,308,573,4.03e-33,129
CC_0766,AYT27_RS06300,54.680,203,82,2,1,194,10,211,1.89e-72,214
CC_0767,AYT27_RS06295,40.650,615,316,11,5,597,4,591,1.28e-152,449
CC_0768,AYT27_RS06290,43.678,87,42,3,12,92,8,93,5.34e-13,58.2
CC_0769,AYT27_RS06285,75.000,44,11,0,1,44,1,44,8.72e-13,51.6
CC_0770,AYT27_RS03835,28.173,323,193,6,30,323,27,339,1.14e-27,106
CC_0784,AYT27_RS06465,26.966,178,124,4,9,184,17,190,7.27e-13,60.8
CC_0804,AYT27_RS01985,26.105,475,312,17,557,1014,22,474,1.09e-22,98.6
CC_0805,AYT27_RS04150,29.333,150,105,1,6,155,1,149,2.63e-23,85.9
CC_0806,AYT27_RS08090,30.952,462,303,6,8,463,18,469,7.68e-58,194
CC_0807,AYT27_RS00680,30.048,1045,679,21,5,1034,22,1029,2.44e-133,426
CC_0808,AYT27_RS08085,27.027,333,194,13,77,372,80,400,4.49e-13,65.5
CC_0810,AYT27_RS00360,44.828,261,124,3,11,257,33,287,2.85e-78,234
CC_0819,AYT27_RS00495,30.162,557,311,17,48,546,33,569,1.58e-50,180
CC_0821,AYT27_RS02775,29.583,240,167,2,9,247,4,242,2.49e-25,96.3
CC_0822,AYT27_RS01985,32.790,491,301,12,1,477,1,476,1.61e-74,238
CC_0829,AYT27_RS02085,61.446,83,29,2,1,82,1,81,2.57e-35,111
CC_0830,AYT27_RS02080,35.776,232,147,1,30,259,22,253,7.43e-36,124
CC_0831,AYT27_RS02075,41.472,299,166,4,3,298,2,294,3.11e-73,223
CC_0833,AYT27_RS01040,54.478,134,61,0,1,134,3,136,4.25e-51,155
CC_0835,AYT27_RS05475,48.525,373,184,4,4,369,9,380,1.56e-109,328
CC_0836,AYT27_RS07075,30.392,204,137,3,550,748,123,326,2.02e-26,106
CC_0838,AYT27_RS08080,29.778,225,149,4,3,220,8,230,1.23e-22,92.0
CC_0840,AYT27_RS02090,55.000,240,107,1,12,251,8,246,1.20e-98,284
CC_0843,AYT27_RS02095,61.466,423,148,4,1,414,1,417,3.25e-174,489
CC_0849,AYT27_RS00710,33.333,465,285,7,253,713,356,799,1.38e-58,209
CC_0851,AYT27_RS07965,35.733,375,194,10,14,342,11,384,3.35e-57,188
CC_0855,AYT27_RS01340,30.085,236,148,3,8,239,3,225,2.96e-28,107
CC_0856,AYT27_RS01015,58.192,354,143,2,32,381,4,356,2.16e-151,428
CC_0857,AYT27_RS02320,29.452,438,294,7,298,725,521,953,2.36e-59,212
CC_0860,AYT27_RS06570,27.778,234,155,5,2,227,5,232,4.94e-24,99.0
CC_0875,AYT27_RS01010,37.319,276,168,3,41,312,14,288,4.07e-54,174
CC_0876,AYT27_RS07105,57.895,57,23,1,29,85,31,86,2.22e-17,76.6
CC_0877,AYT27_RS07905,24.737,190,127,4,60,240,65,247,7.72e-17,75.1
CC_0878,AYT27_RS07225,64.912,855,298,2,1,853,1,855,0.0,1135
CC_0885,AYT27_RS03900,32.558,215,128,4,19,228,14,216,2.17e-21,89.4
CC_0886,AYT27_RS03905,39.512,205,110,6,1,198,1,198,2.39e-39,130
CC_0887,AYT27_RS02255,34.324,370,230,9,2,369,6,364,1.29e-68,217
CC_0888,AYT27_RS03910,36.111,144,87,3,8,149,10,150,2.35e-22,83.2
CC_0896,AYT27_RS02320,24.318,440,319,5,208,641,514,945,8.53e-39,149
CC_0897,AYT27_RS06110,56.452,372,157,4,6,376,10,377,3.81e-149,424
CC_0903,AYT27_RS06115,81.481,81,15,0,13,93,10,90,2.66e-46,139
CC_0909,AYT27_RS03030,37.162,296,166,2,71,350,77,368,6.61e-57,191
CC_0918,AYT27_RS02235,59.898,197,76,1,29,222,11,207,1.28e-85,248
CC_0921,AYT27_RS02500,35.565,239,144,4,185,419,523,755,2.93e-40,152
CC_0922,AYT27_RS08055,23.230,551,349,17,39,547,105,623,1.93e-17,82.8
CC_0924,AYT27_RS06735,30.556,108,72,2,3,108,2,108,8.88e-18,69.7
CC_0927,AYT27_RS02180,27.556,225,149,4,294,514,16,230,3.01e-17,78.2
CC_0930,AYT27_RS08085,26.346,353,210,8,39,345,49,397,1.13e-11,61.2
CC_0931,AYT27_RS04515,22.779,439,269,14,2,400,12,420,5.65e-23,95.5
CC_0932,AYT27_RS08080,46.188,223,118,2,4,226,9,229,5.69e-56,185
CC_0933,AYT27_RS02395,47.154,123,64,1,56,177,14,136,4.25e-32,109
CC_0934,AYT27_RS02500,37.687,268,153,6,183,445,514,772,7.19e-42,157
CC_0936,AYT27_RS02400,45.894,682,368,1,40,720,8,689,0.0,627
CC_0939,AYT27_RS04425,23.242,327,220,11,54,361,92,406,3.35e-15,72.0
CC_0942,AYT27_RS06585,44.218,147,79,3,2,145,3,149,4.51e-31,105
CC_0944,AYT27_RS08055,22.364,550,356,14,6,500,83,616,5.32e-22,95.1
CC_0947,AYT27_RS04380,29.412,187,112,4,19,202,21,190,1.92e-13,65.5
CC_0949,AYT27_RS02395,58.462,130,52,2,43,170,7,136,7.94e-48,149
CC_0959,AYT27_RS03360,58.000,500,207,3,4,501,3,501,0.0,566
CC_0966,AYT27_RS08055,24.542,546,353,15,20,518,83,616,7.57e-32,125
CC_0977,AYT27_RS01050,32.440,336,212,5,163,497,105,426,3.94e-47,166
CC_0979,AYT27_RS05150,36.765,68,33,2,112,178,94,152,5.71e-10,52.0
CC_0980,AYT27_RS05620,35.821,335,208,3,24,357,8,336,2.40e-57,194
CC_0998,AYT27_RS02865,33.398,518,324,6,14,527,4,504,2.37e-103,320
CC_1000,AYT27_RS08280,24.883,213,150,4,3,209,14,222,8.69e-17,73.2
CC_1008,AYT27_RS07805,35.985,264,162,5,298,555,319,581,2.14e-39,148
CC_1012,AYT27_RS06145,37.069,348,191,9,34,366,32,366,2.58e-57,187
CC_1015,AYT27_RS05430,28.889,450,294,8,3,443,7,439,1.07e-39,145
CC_1019,AYT27_RS05610,42.138,477,225,5,2,477,6,432,7.70e-125,367
CC_1034,AYT27_RS00350,78.283,594,128,1,55,647,8,601,0.0,975
CC_1035,AYT27_RS06135,46.939,147,78,0,67,213,39,185,2.82e-45,145
CC_1043,AYT27_RS00420,47.153,808,405,11,1,795,1,799,0.0,673
CC_1044,AYT27_RS00415,59.714,350,137,2,1,347,1,349,2.09e-161,452
CC_1045,AYT27_RS00410,70.940,117,34,0,1,117,1,117,4.67e-55,164
CC_1046,AYT27_RS00405,62.687,67,24,1,1,66,1,67,1.26e-24,83.2
CC_1049,AYT27_RS00245,64.671,167,59,0,7,173,6,172,3.47e-80,231
CC_1052,AYT27_RS05935,28.807,243,156,5,101,343,122,347,5.66e-13,64.7
CC_1053,AYT27_RS00250,43.277,238,131,2,12,245,13,250,2.59e-64,199
CC_1060,AYT27_RS06460,53.584,293,129,2,3,294,4,290,7.87e-112,322
CC_1061,AYT27_RS02390,50.382,131,63,1,8,136,4,134,4.17e-44,137
CC_1062,AYT27_RS02500,34.310,239,156,1,10,248,519,756,8.22e-42,148
CC_1063,AYT27_RS02500,47.845,232,118,3,322,551,540,770,2.48e-61,213
CC_1070,AYT27_RS00120,53.728,523,228,4,6,527,5,514,0.0,571
CC_1078,AYT27_RS04920,40.936,513,274,7,194,688,342,843,5.27e-116,364
CC_1086,AYT27_RS02320,21.881,521,349,17,47,519,431,941,1.22e-17,82.0
CC_1087,AYT27_RS05220,73.469,343,89,2,16,356,2,344,0.0,523
CC_1096,AYT27_RS02885,35.688,269,167,4,1,263,1,269,4.29e-56,178
CC_1104,AYT27_RS02070,27.891,441,296,10,35,463,21,451,8.67e-30,117
CC_1117,AYT27_RS05920,25.839,298,203,8,36,324,8,296,1.68e-16,74.7
CC_1141,AYT27_RS00910,26.022,269,154,10,2,233,6,266,2.44e-13,64.7
CC_1147,AYT27_RS00085,34.951,206,125,3,42,238,42,247,2.40e-30,112
CC_1150,AYT27_RS04010,34.545,110,66,3,3,110,4,109,7.89e-11,53.5
CC_1151,AYT27_RS01410,67.287,376,123,0,1,376,1,376,0.0,513
CC_1155,AYT27_RS02820,22.184,293,215,6,52,334,56,345,2.48e-11,59.7
CC_1158,AYT27_RS06095,36.800,250,151,5,3,247,5,252,1.77e-48,160
CC_1164,AYT27_RS00165,22.456,285,215,3,8,287,13,296,1.14e-18,80.9
CC_1181,AYT27_RS05970,35.789,285,173,4,192,474,169,445,1.86e-46,163
CC_1182,AYT27_RS05965,36.404,228,135,5,21,247,14,232,1.23e-41,138
CC_1183,AYT27_RS05960,49.020,204,104,0,46,249,8,211,1.89e-72,217
CC_1184,AYT27_RS01430,20.312,448,296,15,35,474,5,399,2.64e-12,64.3
CC_1187,AYT27_RS00055,45.174,259,141,1,4,261,10,268,1.87e-82,245
CC_1188,AYT27_RS00060,47.440,293,148,3,9,299,20,308,8.07e-95,279
CC_1192,AYT27_RS02560,37.634,279,161,4,66,333,76,352,2.07e-36,131
CC_1193,AYT27_RS02555,30.638,235,150,4,9,231,6,239,2.83e-35,123
CC_1194,AYT27_RS02585,30.332,633,432,9,36,663,61,689,5.46e-85,278
CC_1195,AYT27_RS02590,52.759,290,135,2,6,293,2,291,3.51e-102,296
CC_1196,AYT27_RS02595,61.379,145,56,0,3,147,11,155,3.13e-62,184
CC_1203,AYT27_RS00675,24.924,329,232,3,12,334,41,360,4.86e-21,89.0
CC_1204,AYT27_RS00680,36.496,1033,631,8,5,1030,22,1036,0.0,638
CC_1210,AYT27_RS01220,37.755,98,60,1,49,145,67,164,9.30e-20,77.4
CC_1211,AYT27_RS00545,35.088,171,83,3,1,144,1,170,2.37e-26,94.7
CC_1215,AYT27_RS08465,46.939,147,78,0,4,150,16,162,1.26e-43,137
CC_1216,AYT27_RS01985,26.432,454,306,12,49,493,41,475,5.82e-38,140
CC_1217,AYT27_RS02050,52.203,295,135,4,52,343,3,294,2.00e-100,294
CC_1221,AYT27_RS03350,52.800,250,118,0,9,258,6,255,1.57e-94,275
CC_1225,AYT27_RS06150,23.279,305,202,6,61,353,27,311,3.28e-16,74.3
CC_1229,AYT27_RS04275,33.333,126,69,5,15,132,7,125,4.01e-10,55.1
CC_1230,AYT27_RS06365,25.886,367,258,5,28,387,22,381,3.31e-32,121
CC_1239,AYT27_RS03105,38.007,271,161,5,1,269,5,270,1.36e-51,166
CC_1240,AYT27_RS05370,81.061,396,70,1,1,396,1,391,0.0,637
CC_1247,AYT27_RS05365,89.216,102,11,0,1,102,1,102,1.09e-64,186
CC_1248,AYT27_RS05360,61.044,249,91,1,7,255,2,244,1.66e-109,312
CC_1249,AYT27_RS05355,58.252,206,85,1,1,206,1,205,6.50e-81,236
CC_1250,AYT27_RS05350,73.118,93,25,0,6,98,5,97,3.62e-46,139
CC_1251,AYT27_RS05345,72.662,278,74,2,1,277,1,277,2.32e-137,385
CC_1252,AYT27_RS05340,78.261,92,20,0,1,92,1,92,9.31e-52,153
CC_1253,AYT27_RS05335,62.097,124,47,0,1,124,1,124,5.38e-50,151
CC_1254,AYT27_RS05330,71.368,234,66,1,1,234,1,233,1.36e-127,357
CC_1255,AYT27_RS05325,85.185,135,20,0,1,135,1,135,1.13e-84,240
CC_1256,AYT27_RS05320,61.667,60,23,0,1,60,1,60,1.33e-23,80.1
CC_1257,AYT27_RS05315,64.557,79,28,0,1,79,1,79,8.16e-31,99.8
CC_1258,AYT27_RS05310,81.148,122,23,0,1,122,1,122,8.50e-72,206
CC_1259,AYT27_RS05305,56.311,103,42,3,4,104,3,104,4.92e-35,112
CC_1260,AYT27_RS05300,70.492,183,54,0,1,183,1,183,2.26e-98,278
CC_1261,AYT27_RS05295,66.337,101,34,0,1,101,1,101,4.92e-47,142
CC_1262,AYT27_RS05290,68.182,132,42,0,1,132,1,132,2.11e-60,178
CC_1263,AYT27_RS05285,55.367,177,79,0,1,177,1,177,3.80e-70,206
CC_1264,AYT27_RS05280,62.745,102,33,1,20,116,19,120,1.56e-41,129
CC_1265,AYT27_RS05275,69.942,173,51,1,17,189,3,174,8.68e-84,242
CC_1266,AYT27_RS05270,56.897,58,25,0,4,61,9,66,2.53e-18,67.0
CC_1267,AYT27_RS05265,53.061,147,69,0,3,149,2,148,1.29e-50,155
CC_1268,AYT27_RS05260,57.883,444,171,7,1,438,12,445,0.0,513
CC_1269,AYT27_RS05255,44.792,192,100,1,1,186,1,192,3.03e-53,164
CC_1270,AYT27_RS05250,80.531,113,22,0,1,113,1,113,1.40e-63,185
CC_1271,AYT27_RS05245,77.519,129,29,0,1,129,1,129,1.67e-75,216
CC_1272,AYT27_RS05240,70.623,337,98,1,1,337,1,336,8.19e-180,497
CC_1273,AYT27_RS05235,74.194,124,32,0,1,124,1,124,5.33e-67,195
CC_1276,AYT27_RS04245,27.753,227,141,2,7,210,15,241,2.56e-28,105
CC_1282,AYT27_RS05230,41.136,440,248,7,41,472,25,461,2.62e-105,317
CC_1283,AYT27_RS05225,60.723,415,162,1,17,430,19,433,0.0,518
CC_1284,AYT27_RS05205,39.076,238,141,2,27,260,86,323,1.37e-48,159
CC_1286,AYT27_RS02775,33.071,254,160,5,8,260,1,245,6.25e-34,119
CC_1293,AYT27_RS02475,42.017,238,128,2,1,238,1,228,2.66e-58,181
CC_1294,AYT27_RS02500,27.734,256,168,8,268,513,521,769,7.08e-24,101
CC_1296,AYT27_RS06150,24.085,328,224,9,4,321,5,317,9.92e-11,57.4
CC_1299,AYT27_RS05575,24.051,553,365,19,33,563,30,549,4.86e-28,114
CC_1302,AYT27_RS01985,31.501,473,286,12,23,479,24,474,5.59e-55,187
CC_1304,AYT27_RS02440,48.131,214,111,0,1,214,1,214,1.19e-70,211
CC_1305,AYT27_RS02445,30.147,408,260,8,38,429,67,465,1.78e-44,157
CC_1306,AYT27_RS04140,52.848,316,148,1,11,326,11,325,2.55e-120,346
CC_1309,AYT27_RS04145,38.679,318,164,4,5,292,2,318,5.14e-69,213
CC_1313,AYT27_RS00360,28.571,126,86,2,276,398,140,264,1.87e-08,50.8
CC_1314,AYT27_RS02695,41.579,570,326,2,70,636,36,601,6.36e-155,456
CC_1317,AYT27_RS05435,34.821,224,112,4,1,190,1,224,3.23e-30,106
CC_1318,AYT27_RS05430,33.492,421,257,7,30,444,36,439,1.56e-59,198
CC_1320,AYT27_RS05420,56.895,921,363,6,1,902,1,906,0.0,1072
CC_1321,AYT27_RS08055,34.228,149,91,3,437,579,471,618,3.45e-17,80.5
CC_1323,AYT27_RS04230,27.311,476,303,16,71,510,16,484,9.62e-21,90.9
CC_1324,AYT27_RS02270,44.444,243,132,3,3,242,4,246,7.81e-61,187
CC_1326,AYT27_RS02275,36.715,414,250,6,4,415,5,408,9.64e-93,281
CC_1332,AYT27_RS02585,26.821,302,193,12,209,499,400,684,9.47e-23,97.8
CC_1333,AYT27_RS02510,41.509,265,147,4,9,267,10,272,9.96e-73,220
CC_1334,AYT27_RS06250,55.054,554,240,4,6,558,7,552,0.0,622
CC_1335,AYT27_RS02165,27.911,541,364,8,39,562,32,563,1.90e-63,214
CC_1336,AYT27_RS02190,36.458,288,166,4,11,290,16,294,5.81e-43,145
CC_1337,AYT27_RS05150,31.788,151,75,6,44,181,13,148,1.83e-12,58.9
CC_1339,AYT27_RS05180,53.571,112,52,0,1,112,1,112,3.66e-41,128
CC_1341,AYT27_RS02160,60.959,292,108,2,7,293,11,301,5.76e-135,381
CC_1342,AYT27_RS02155,42.934,743,362,12,1,688,1,736,0.0,557
CC_1352,AYT27_RS04380,37.349,332,196,6,14,340,18,342,4.39e-73,226
CC_1356,AYT27_RS02395,48.780,123,63,0,42,164,14,136,4.82e-38,123
CC_1357,AYT27_RS03890,67.458,421,136,1,10,429,12,432,0.0,595
CC_1358,AYT27_RS03895,62.745,153,55,1,1,151,1,153,3.57e-72,210
CC_1359,AYT27_RS03910,51.034,145,67,1,5,149,8,148,1.66e-46,144
CC_1360,AYT27_RS03915,46.429,140,75,0,9,148,16,155,1.99e-42,134
CC_1364,AYT27_RS03030,31.818,110,68,4,8,115,5,109,1.59e-09,51.6
CC_1365,AYT27_RS03920,38.710,93,55,2,47,138,58,149,3.00e-16,67.8
CC_1367,AYT27_RS03925,30.573,157,99,5,25,171,27,183,9.31e-19,75.5
CC_1368,AYT27_RS03930,48.795,332,168,2,7,336,4,335,9.75e-115,333
CC_1369,AYT27_RS03935,53.727,322,148,1,1,321,2,323,9.03e-122,348
CC_1370,AYT27_RS03940,52.128,94,45,0,1,94,1,94,2.82e-29,97.4
CC_1371,AYT27_RS03945,53.271,107,50,0,3,109,3,109,1.56e-37,122
CC_1374,AYT27_RS03880,39.067,343,199,6,5,342,24,361,8.31e-72,223
CC_1376,AYT27_RS04020,60.927,151,58,1,5,155,3,152,1.47e-65,193
CC_1377,AYT27_RS04015,63.975,161,54,1,1,157,1,161,3.18e-73,213
CC_1378,AYT27_RS03885,51.792,307,147,1,4,309,2,308,2.46e-116,334
CC_1382,AYT27_RS05915,27.532,385,249,11,23,388,22,395,3.59e-37,135
CC_1383,AYT27_RS05120,45.139,432,226,5,4,426,3,432,6.18e-122,357
CC_1384,AYT27_RS05115,59.554,314,126,1,4,316,9,322,9.34e-126,358
CC_1386,AYT27_RS04025,41.484,593,335,8,11,597,4,590,3.11e-145,429
CC_1387,AYT27_RS04265,62.712,59,22,0,1,59,122,180,2.86e-20,75.1
CC_1388,AYT27_RS04270,35.246,122,73,1,64,179,39,160,2.28e-21,82.4
CC_1389,AYT27_RS04865,46.535,101,54,0,1,101,1,101,1.01e-34,111
CC_1396,AYT27_RS01410,34.426,366,211,10,28,371,5,363,8.80e-55,181
CC_1411,AYT27_RS00265,26.455,189,137,2,52,240,5,191,1.35e-17,80.1
CC_1421,AYT27_RS00495,29.342,593,332,13,40,570,27,594,7.14e-63,214
CC_1426,AYT27_RS05490,24.127,315,215,9,3,304,15,318,9.54e-12,61.2
CC_1429,AYT27_RS02960,61.733,277,101,1,9,285,4,275,3.39e-126,357
CC_1437,AYT27_RS05030,46.348,712,358,8,1,698,1,702,0.0,587
CC_1439,AYT27_RS05410,47.699,239,123,1,4,240,6,244,1.64e-74,223
CC_1440,AYT27_RS03285,36.406,217,127,3,7,213,14,229,1.05e-35,122
CC_1441,AYT27_RS03295,22.566,226,168,3,41,259,24,249,3.59e-20,82.8
CC_1442,AYT27_RS03935,26.190,336,214,7,61,390,16,323,6.22e-33,122
CC_1451,AYT27_RS02660,57.360,197,78,2,41,233,6,200,3.05e-73,218
CC_1468,AYT27_RS05170,63.218,174,55,3,1,167,1,172,7.25e-75,218
CC_1471,AYT27_RS02375,66.065,887,301,0,14,900,3,889,0.0,1212
CC_1474,AYT27_RS05920,32.389,247,161,3,6,248,6,250,3.68e-38,132
CC_1476,AYT27_RS00325,21.868,439,260,14,12,433,2,374,1.46e-09,55.5
CC_1478,AYT27_RS05475,35.393,356,221,4,10,359,18,370,9.64e-57,196
CC_1480,AYT27_RS04360,23.314,519,345,9,6,519,7,477,1.81e-32,126
CC_1482,AYT27_RS05370,40.217,92,55,0,79,170,45,136,2.11e-17,80.1
CC_1492,AYT27_RS02775,34.274,248,156,3,5,252,2,242,2.61e-41,138
CC_1495,AYT27_RS06465,27.315,216,151,2,1,216,1,210,6.36e-20,80.5
CC_1515,AYT27_RS01250,39.692,325,192,3,1,321,1,325,6.08e-73,226
CC_1516,AYT27_RS02430,38.462,559,311,9,198,733,95,643,3.14e-120,374
CC_1518,AYT27_RS06170,30.962,239,152,5,2,232,3,236,4.00e-30,108
CC_1522,AYT27_RS05680,50.889,619,269,10,6,600,6,613,0.0,594
CC_1523,AYT27_RS00025,27.219,169,115,4,1,162,1,168,1.27e-12,60.5
CC_1525,AYT27_RS05670,44.698,613,324,7,1,603,1,608,5.24e-173,501
CC_1526,AYT27_RS05665,35.769,260,162,3,32,286,30,289,1.99e-56,179
CC_1528,AYT27_RS05650,54.942,779,296,6,39,805,43,778,0.0,866
CC_1530,AYT27_RS05640,46.154,52,28,0,1,52,1,52,2.95e-10,46.2
CC_1533,AYT27_RS06305,28.151,238,124,13,1,211,1,218,1.01e-08,49.3
CC_1534,AYT27_RS05915,67.669,399,129,0,1,399,1,399,0.0,568
CC_1537,AYT27_RS06730,25.389,193,130,4,4,189,3,188,2.98e-12,59.3
CC_1547,AYT27_RS05735,29.338,317,203,7,65,376,67,367,5.09e-30,115
CC_1549,AYT27_RS02600,53.774,212,94,1,17,224,11,222,3.30e-78,230
CC_1552,AYT27_RS02605,64.634,82,26,1,1,82,1,79,4.60e-31,103
CC_1553,AYT27_RS02610,45.928,749,371,8,20,742,1,741,0.0,629
CC_1554,AYT27_RS01040,31.304,115,72,5,10,120,11,122,3.46e-09,47.8
CC_1555,AYT27_RS02615,53.368,193,88,2,1,192,1,192,3.99e-73,215
CC_1557,AYT27_RS05565,32.389,247,161,4,1,244,1,244,5.56e-30,108
CC_1558,AYT27_RS02625,58.333,132,55,0,1,132,1,132,4.40e-58,172
CC_1559,AYT27_RS02630,40.602,266,124,3,20,281,16,251,7.51e-64,197
CC_1560,AYT27_RS02635,46.018,226,119,3,4,229,2,224,2.81e-60,185
CC_1562,AYT27_RS02640,52.597,308,132,2,24,331,6,299,1.23e-112,325
CC_1564,AYT27_RS02645,38.136,236,144,2,8,242,1,235,2.31e-48,156
CC_1566,AYT27_RS04990,53.743,748,335,3,12,756,8,747,0.0,820
CC_1569,AYT27_RS03835,31.975,319,180,6,30,318,28,339,2.27e-43,148
CC_1571,AYT27_RS02775,35.178,253,152,7,4,253,1,244,4.76e-35,122
CC_1577,AYT27_RS00540,35.093,322,186,11,4,323,14,314,8.57e-38,137
CC_1579,AYT27_RS04405,29.091,165,99,7,19,174,19,174,1.21e-13,61.6
CC_1580,AYT27_RS05165,60.922,911,351,3,4,912,3,910,0.0,1124
CC_1581,AYT27_RS05160,41.772,158,90,1,1,156,1,158,1.51e-41,133
CC_1582,AYT27_RS05150,35.545,211,77,5,8,206,6,169,8.01e-36,121
CC_1583,AYT27_RS05150,34.466,206,76,4,1,194,11,169,1.25e-32,112
CC_1584,AYT27_RS05150,59.509,163,54,1,4,154,6,168,2.01e-64,191
CC_1588,AYT27_RS05145,59.444,360,145,1,1,360,2,360,2.37e-155,437
CC_1594,AYT27_RS00155,33.193,238,148,5,650,882,582,813,9.78e-28,115
CC_1595,AYT27_RS02440,39.111,225,125,4,32,253,2,217,2.11e-40,135
CC_1598,AYT27_RS00955,44.726,237,126,2,23,258,4,236,4.76e-68,214
CC_1603,AYT27_RS00225,26.108,609,387,13,60,628,68,653,2.07e-43,161
CC_1604,AYT27_RS00230,25.034,743,468,26,692,1398,859,1548,7.90e-35,140
CC_1605,AYT27_RS00260,28.241,216,128,11,97,291,69,278,1.67e-08,51.6
CC_1607,AYT27_RS01985,28.478,460,307,15,5,451,7,457,1.58e-40,147
CC_1614,AYT27_RS00805,48.665,337,161,6,48,381,105,432,1.19e-103,309
CC_1615,AYT27_RS00810,48.291,234,111,4,2,226,5,237,8.51e-73,218
CC_1617,AYT27_RS00935,65.768,482,160,1,7,483,14,495,0.0,635
CC_1619,AYT27_RS00940,42.056,428,238,2,1,420,1,426,1.15e-103,310
CC_1620,AYT27_RS00945,66.341,511,171,1,10,520,9,518,0.0,717
CC_1621,AYT27_RS05920,29.032,124,88,0,3,126,5,128,5.83e-09,51.6
CC_1632,AYT27_RS01220,35.789,95,57,4,14,105,70,163,8.56e-16,65.5
CC_1646,AYT27_RS07060,26.562,128,94,0,40,167,33,160,8.54e-11,53.9
CC_1651,AYT27_RS02655,58.400,250,104,0,2,251,23,272,2.72e-104,300
CC_1652,AYT27_RS02115,24.402,209,153,3,7,213,9,214,3.65e-11,57.0
CC_1654,AYT27_RS02120,55.437,469,183,1,1,443,1,469,0.0,528
CC_1656,AYT27_RS02710,50.226,221,109,1,9,229,8,227,2.75e-77,230
CC_1658,AYT27_RS02715,62.527,467,169,3,21,481,15,481,0.0,610
CC_1659,AYT27_RS02720,26.042,192,139,1,1,192,3,191,1.05e-13,62.8
CC_1660,AYT27_RS02725,59.390,426,172,1,1,425,1,426,3.19e-173,490
CC_1661,AYT27_RS06505,36.441,354,221,3,10,360,20,372,5.15e-77,238
CC_1665,AYT27_RS02730,52.301,478,217,4,25,499,23,492,1.48e-172,491
CC_1667,AYT27_RS02740,52.439,164,78,0,1,164,1,164,4.52e-61,185
CC_1668,AYT27_RS02750,86.301,73,10,0,20,92,10,82,1.24e-44,135
CC_1669,AYT27_RS02755,51.163,129,53,1,1,119,1,129,3.63e-41,129
CC_1673,AYT27_RS04460,29.286,140,85,2,44,169,8,147,4.68e-16,67.8
CC_1674,AYT27_RS02770,55.380,316,135,5,1,314,1,312,4.51e-109,316
CC_1675,AYT27_RS02775,63.158,247,88,2,1,246,1,245,3.09e-108,308
CC_1677,AYT27_RS02780,71.795,78,22,0,1,78,1,78,4.63e-35,110
CC_1678,AYT27_RS02785,60.563,426,161,1,1,426,1,419,1.98e-170,480
CC_1679,AYT27_RS02790,46.541,318,157,5,39,347,52,365,2.49e-93,280
CC_1681,AYT27_RS02795,41.706,211,122,1,3,213,12,221,7.84e-63,191
CC_1683,AYT27_RS07075,30.612,196,122,5,367,550,136,329,2.58e-21,90.9
CC_1685,AYT27_RS02800,48.627,255,124,4,2,250,20,273,3.71e-77,231
CC_1686,AYT27_RS02805,51.672,329,150,5,6,328,4,329,5.50e-104,304
CC_1688,AYT27_RS01030,25.758,132,93,3,281,407,173,304,9.56e-08,49.3
CC_1689,AYT27_RS02815,24.533,803,527,20,33,805,29,782,4.16e-67,234
CC_1690,AYT27_RS02820,30.791,354,223,6,27,368,22,365,1.15e-43,150
CC_1691,AYT27_RS02825,22.071,367,271,6,1,359,1,360,2.82e-21,90.1
CC_1692,AYT27_RS01050,33.560,441,260,14,52,489,45,455,1.48e-58,196
CC_1693,AYT27_RS02830,36.735,147,93,0,7,153,2,148,1.55e-39,127
CC_1698,AYT27_RS02865,45.336,611,320,4,13,615,3,607,0.0,550
CC_1699,AYT27_RS02870,66.423,137,46,0,3,139,4,140,3.47e-65,191
CC_1702,AYT27_RS04890,45.989,187,100,1,6,192,4,189,6.20e-54,167
CC_1703,AYT27_RS04885,60.417,336,131,2,6,340,13,347,4.36e-147,415
CC_1704,AYT27_RS05000,42.188,384,219,3,1,382,2,384,1.47e-103,307
CC_1705,AYT27_RS02500,35.223,247,141,5,184,418,530,769,1.66e-33,131
CC_1708,AYT27_RS05005,36.730,471,291,3,10,478,17,482,7.85e-85,266
CC_1710,AYT27_RS05010,55.857,700,304,1,68,767,6,700,0.0,786
CC_1711,AYT27_RS04875,33.628,226,139,4,3,223,6,225,7.49e-35,120
CC_1720,AYT27_RS02955,68.000,550,168,2,1,550,1,542,0.0,759
CC_1721,AYT27_RS07930,69.492,59,18,0,1,59,1,59,3.18e-27,89.0
CC_1723,AYT27_RS04380,28.415,183,123,3,6,185,15,192,2.32e-13,64.7
CC_1724,AYT27_RS02965,70.883,419,121,1,1,419,1,418,0.0,603
CC_1725,AYT27_RS02975,37.333,75,47,0,20,94,26,100,1.49e-09,47.0
CC_1726,AYT27_RS02980,66.772,316,104,1,25,339,31,346,4.09e-153,430
CC_1727,AYT27_RS02985,61.572,458,161,2,3,450,4,456,0.0,568
CC_1729,AYT27_RS02990,48.770,447,205,6,1,428,1,442,6.92e-145,416
CC_1731,AYT27_RS02995,52.381,483,206,5,5,465,5,485,3.28e-170,484
CC_1735,AYT27_RS03000,67.823,317,97,1,1,317,1,312,2.51e-166,461
CC_1736,AYT27_RS03005,29.078,141,98,1,10,148,10,150,1.84e-22,83.2
CC_1737,AYT27_RS03010,46.405,153,82,0,10,162,9,161,1.20e-45,143
CC_1738,AYT27_RS03015,40.816,392,211,9,6,381,4,390,3.16e-89,270
CC_1739,AYT27_RS04140,30.688,189,113,6,53,228,68,251,5.63e-15,70.1
CC_1740,AYT27_RS04920,26.184,359,236,11,11,351,349,696,2.10e-19,85.5
CC_1741,AYT27_RS03030,33.121,471,279,8,8,466,5,451,3.54e-75,239
CC_1742,AYT27_RS03025,37.320,694,417,9,34,716,62,748,6.96e-138,419
CC_1743,AYT27_RS03030,60.793,454,176,2,1,454,1,452,0.0,548
CC_1744,AYT27_RS05110,25.926,135,88,4,158,280,215,349,1.59e-08,50.4
CC_1745,AYT27_RS03865,72.368,76,21,0,3,78,2,77,2.67e-40,123
CC_1746,AYT27_RS03870,51.244,402,187,3,20,415,43,441,2.98e-129,376
CC_1747,AYT27_RS03825,42.146,261,139,1,21,269,10,270,2.39e-71,216
CC_1759,AYT27_RS08080,40.541,222,129,2,9,228,8,228,5.93e-48,163
CC_1767,AYT27_RS03765,30.556,108,75,0,5,112,2,109,4.44e-11,53.5
CC_1768,AYT27_RS05970,23.750,240,153,8,211,439,226,446,2.59e-08,51.2
CC_1769,AYT27_RS08325,41.150,226,120,2,1,213,32,257,4.59e-56,175
CC_1770,AYT27_RS00620,33.981,103,66,1,18,118,5,107,1.67e-11,55.1
CC_1771,AYT27_RS00615,41.176,221,109,3,8,207,1,221,9.28e-58,177
CC_1772,AYT27_RS00610,57.186,668,272,6,9,663,1,667,0.0,772
CC_1773,AYT27_RS00605,43.667,300,156,3,12,302,6,301,7.55e-77,235
CC_1774,AYT27_RS02845,35.476,420,260,5,20,432,3,418,1.52e-72,231
CC_1777,AYT27_RS02405,38.424,203,119,3,36,237,2,199,9.49e-47,150
CC_1785,AYT27_RS08090,31.915,470,300,6,10,475,17,470,1.11e-62,207
CC_1788,AYT27_RS00680,22.649,1042,747,20,8,1020,22,1033,3.22e-55,204
CC_1803,AYT27_RS02775,33.333,243,144,8,11,242,9,244,3.23e-23,90.5
CC_1808,AYT27_RS02775,30.894,246,164,3,4,248,3,243,1.74e-29,107
CC_1812,AYT27_RS08055,23.039,408,257,14,157,534,237,617,2.49e-16,77.8
CC_1814,AYT27_RS04380,24.390,164,121,2,42,203,30,192,4.78e-10,55.1
CC_1816,AYT27_RS02775,34.286,245,154,4,4,247,3,241,7.19e-34,124
CC_1821,AYT27_RS04370,45.522,268,141,3,1,266,1,265,1.44e-78,234
CC_1822,AYT27_RS04365,42.578,256,147,0,4,259,1,256,8.45e-78,232
CC_1823,AYT27_RS04355,30.395,329,202,8,1,317,15,328,4.25e-46,156
CC_1824,AYT27_RS04350,44.175,206,110,2,4,204,3,208,3.07e-58,179
CC_1825,AYT27_RS04340,52.288,153,71,1,11,163,46,196,3.35e-49,161
CC_1829,AYT27_RS04115,44.470,443,240,4,1,440,1,440,3.27e-115,362
CC_1830,AYT27_RS04230,28.211,436,261,16,53,445,53,479,9.65e-24,100
CC_1831,AYT27_RS03280,32.727,220,132,3,3,215,16,226,3.49e-38,130
CC_1837,AYT27_RS01075,32.377,244,157,5,66,302,90,332,4.11e-32,117
CC_1838,AYT27_RS01340,29.508,122,75,4,3,121,9,122,6.84e-12,60.1
CC_1844,AYT27_RS04500,51.510,1159,538,13,12,1154,14,1164,0.0,1194
CC_1845,AYT27_RS04505,42.647,68,39,0,25,92,12,79,4.64e-17,66.6
CC_1847,AYT27_RS03345,58.015,393,156,4,1,389,5,392,1.95e-156,450
CC_1849,AYT27_RS01985,26.588,425,294,7,34,453,62,473,2.85e-36,135
CC_1851,AYT27_RS04380,26.064,188,130,4,16,203,21,199,4.57e-12,60.8
CC_1856,AYT27_RS08515,30.172,232,160,2,7,237,8,238,5.16e-33,117
CC_1858,AYT27_RS03820,52.475,101,46,1,1,101,17,115,2.89e-33,108
CC_1859,AYT27_RS04420,55.963,109,48,0,10,118,25,133,2.31e-45,139
CC_1860,AYT27_RS04425,58.168,404,167,2,7,408,10,413,1.11e-176,495
CC_1861,AYT27_RS04430,30.179,391,207,11,6,338,40,422,1.02e-44,154
CC_1862,AYT27_RS04435,59.761,251,99,1,1,249,1,251,2.88e-107,306
CC_1864,AYT27_RS04440,73.016,504,120,3,1,489,1,503,0.0,782
CC_1865,AYT27_RS04445,36.788,386,214,7,9,376,7,380,3.70e-67,213
CC_1867,AYT27_RS04450,57.075,212,91,0,66,277,1,212,9.77e-96,277
CC_1870,AYT27_RS04455,56.386,415,180,1,6,419,3,417,8.73e-175,491
CC_1871,AYT27_RS04460,58.219,146,60,1,5,149,3,148,6.13e-58,174
CC_1872,AYT27_RS07050,34.328,134,86,1,241,372,497,630,3.50e-20,87.8
CC_1874,AYT27_RS04465,61.224,343,133,0,19,361,1,343,3.44e-156,439
CC_1875,AYT27_RS04470,47.803,751,347,11,30,736,34,783,0.0,683
CC_1876,AYT27_RS04475,40.639,219,121,5,176,387,182,398,9.96e-42,147
CC_1877,AYT27_RS04485,55.385,650,240,9,1,609,1,641,0.0,684
CC_1879,AYT27_RS04125,34.123,211,131,5,37,239,75,285,4.12e-35,122
CC_1880,AYT27_RS02525,40.964,249,142,2,22,267,6,252,2.62e-58,182
CC_1882,AYT27_RS00600,48.551,138,71,0,1,138,1,138,1.45e-45,142
CC_1883,AYT27_RS04120,50.000,164,73,4,9,170,7,163,4.97e-52,159
CC_1884,AYT27_RS04115,67.720,443,143,0,1,443,1,443,0.0,632
CC_1886,AYT27_RS03090,37.815,119,67,2,96,214,23,134,1.63e-24,90.5
CC_1887,AYT27_RS03085,46.667,105,53,1,1,105,30,131,8.37e-30,99.8
CC_1892,AYT27_RS04995,64.706,612,194,4,1,608,1,594,0.0,824
CC_1893,AYT27_RS02945,48.374,246,126,1,5,249,2,247,6.88e-75,224
CC_1894,AYT27_RS02940,21.191,571,376,17,1,541,1,527,1.88e-20,91.3
CC_1897,AYT27_RS05895,28.662,157,102,5,35,187,241,391,4.16e-13,62.8
CC_1902,AYT27_RS04330,57.203,236,96,3,12,244,1,234,4.63e-93,269
CC_1904,AYT27_RS03310,25.855,731,458,22,24,712,61,749,9.10e-61,214
CC_1905,AYT27_RS03305,51.579,475,214,6,9,470,3,474,2.84e-166,474
CC_1906,AYT27_RS03300,68.075,426,134,1,3,426,4,429,0.0,637
CC_1909,AYT27_RS03275,32.663,398,246,6,9,392,6,395,4.16e-62,201
CC_1910,AYT27_RS03270,40.221,271,158,3,3,271,13,281,1.15e-49,162
CC_1911,AYT27_RS03265,43.678,261,147,0,2,262,5,265,4.76e-75,226
CC_1912,AYT27_RS03260,47.887,142,73,1,13,154,13,153,3.88e-46,144
CC_1913,AYT27_RS03255,40.237,338,191,3,1,328,1,337,2.98e-76,234
CC_1915,AYT27_RS03250,37.358,795,459,13,3,768,14,798,1.16e-156,471
CC_1916,AYT27_RS03245,31.795,390,228,6,5,383,14,376,7.90e-65,207
CC_1918,AYT27_RS03240,33.071,254,166,3,14,265,3,254,3.51e-34,120
CC_1920,AYT27_RS03235,56.906,181,78,0,8,188,6,186,1.06e-72,213
CC_1921,AYT27_RS03230,55.128,234,105,0,9,242,6,239,7.41e-96,276
CC_1922,AYT27_RS03225,59.532,299,116,2,4,301,3,297,1.78e-129,367
CC_1923,AYT27_RS03220,65.900,261,84,2,1,260,1,257,6.31e-130,364
CC_1926,AYT27_RS05025,49.652,1150,555,11,9,1141,18,1160,0.0,1053
CC_1929,AYT27_RS04510,55.556,216,96,0,5,220,4,219,2.93e-79,233
CC_1930,AYT27_RS04515,45.455,418,223,2,10,426,9,422,5.67e-122,357
CC_1931,AYT27_RS04520,66.287,439,147,1,1,438,1,439,0.0,611
CC_1934,AYT27_RS04525,43.316,561,310,5,1,558,1,556,1.89e-164,475
CC_1936,AYT27_RS04530,34.310,239,150,3,18,250,22,259,1.24e-40,137
CC_1937,AYT27_RS04535,43.724,478,257,5,9,478,11,484,7.96e-120,355
CC_1938,AYT27_RS04540,60.331,484,188,2,4,486,6,486,0.0,592
CC_1939,AYT27_RS04545,53.392,678,274,5,8,679,5,646,0.0,684
CC_1940,AYT27_RS04550,73.000,100,27,0,2,101,3,102,5.53e-46,139
CC_1941,AYT27_RS04555,56.477,193,79,2,14,203,16,206,2.67e-64,194
CC_1942,AYT27_RS04560,75.000,160,39,1,5,163,4,163,1.41e-86,247
CC_1945,AYT27_RS04565,62.037,324,90,5,38,348,37,340,8.05e-131,374
CC_1946,AYT27_RS04570,60.545,697,256,7,1,686,1,689,0.0,827
CC_1947,AYT27_RS04575,66.743,436,144,1,4,439,1,435,0.0,610
CC_1950,AYT27_RS04580,52.174,207,88,4,1,199,1,204,6.19e-67,202
CC_1952,AYT27_RS04585,76.010,396,93,1,5,398,1,396,0.0,630
CC_1954,AYT27_RS04590,59.799,199,78,2,1,197,1,199,2.59e-85,246
CC_1955,AYT27_RS04595,83.436,163,27,0,31,193,31,193,3.81e-105,296
CC_1956,AYT27_RS04600,64.000,125,41,1,1,125,1,121,3.07e-55,164
CC_1959,AYT27_RS03060,50.000,88,44,0,4,91,3,90,3.30e-27,91.3
CC_1960,AYT27_RS03055,67.439,777,250,1,9,785,18,791,0.0,1082
CC_1961,AYT27_RS03050,81.174,409,77,0,5,413,7,415,0.0,696
CC_1963,AYT27_RS03045,76.098,205,49,0,2,206,1,205,1.03e-122,342
CC_1964,AYT27_RS03075,38.876,445,268,2,1,445,1,441,1.67e-112,335
CC_1968,AYT27_RS05180,66.071,112,38,0,1,112,1,112,5.68e-52,155
CC_1969,AYT27_RS05185,65.245,469,163,0,1,469,1,469,0.0,664
CC_1974,AYT27_RS04030,59.012,688,270,7,13,695,5,685,0.0,801
CC_1975,AYT27_RS00175,24.291,247,174,6,6,245,39,279,4.45e-12,62.8
CC_1977,AYT27_RS05195,35.211,213,137,1,12,223,31,243,1.28e-43,144
CC_1980,AYT27_RS05205,42.249,329,180,5,1,321,1,327,6.70e-86,258
CC_1983,AYT27_RS05685,43.158,570,300,9,1,564,1,552,9.13e-126,376
CC_1984,AYT27_RS05690,39.344,244,144,1,22,261,34,277,2.29e-59,188
CC_1985,AYT27_RS05695,42.701,274,151,4,1,271,16,286,1.52e-68,210
CC_1987,AYT27_RS02935,28.926,242,155,5,9,237,10,247,8.62e-17,73.6
CC_1989,AYT27_RS02930,34.821,112,70,2,7,117,18,127,5.95e-13,57.0
CC_1990,AYT27_RS05520,40.968,310,174,6,7,310,531,837,4.79e-72,234
CC_1991,AYT27_RS05520,39.811,530,306,7,7,532,6,526,1.77e-117,362
CC_1992,AYT27_RS02925,38.000,100,60,1,5,102,15,114,6.08e-23,82.8
CC_1996,AYT27_RS02920,28.417,278,175,6,340,607,127,390,8.59e-26,105
CC_1997,AYT27_RS02915,33.493,209,133,3,15,220,12,217,1.38e-36,124
CC_1999,AYT27_RS02910,51.883,478,175,3,1,478,1,423,7.29e-167,473
CC_2001,AYT27_RS02905,42.500,280,135,2,10,288,5,259,8.98e-71,216
CC_2002,AYT27_RS02900,38.095,84,45,1,5,81,4,87,1.35e-10,53.1
CC_2003,AYT27_RS02895,73.077,26,7,0,22,47,22,47,1.47e-08,43.5
CC_2008,AYT27_RS05090,47.656,384,199,1,7,388,10,393,1.14e-126,367
CC_2009,AYT27_RS05085,52.381,105,50,0,6,110,3,107,1.37e-37,119
CC_2011,AYT27_RS05390,50.973,257,121,3,1,256,1,253,9.52e-94,273
CC_2013,AYT27_RS00110,29.651,172,116,3,13,180,10,180,3.12e-20,80.9
CC_2015,AYT27_RS06150,27.922,308,189,9,6,289,4,302,1.93e-18,79.7
CC_2016,AYT27_RS03835,39.450,109,62,2,149,255,161,267,8.71e-17,75.9
CC_2029,AYT27_RS02540,69.565,598,175,5,13,609,7,598,0.0,848
CC_2051,AYT27_RS07860,49.142,466,236,1,3,467,3,468,4.94e-153,440
CC_2055,AYT27_RS02045,58.678,605,246,3,1,601,1,605,0.0,710
CC_2056,AYT27_RS02040,34.562,217,135,3,20,231,20,234,9.28e-36,123
CC_2057,AYT27_RS02035,47.182,479,241,8,2,472,14,488,1.24e-148,429
CC_2068,AYT27_RS02265,64.583,624,220,1,5,627,6,629,0.0,824
CC_2069,AYT27_RS07935,45.076,264,142,2,33,294,38,300,2.44e-71,218
CC_2070,AYT27_RS02260,64.179,67,24,0,9,75,8,74,9.49e-25,84.7
CC_2084,AYT27_RS04155,42.365,203,104,2,3,192,9,211,2.60e-61,186
CC_2091,AYT27_RS08080,40.351,228,134,2,8,235,4,229,6.44e-50,169
CC_2092,AYT27_RS08085,27.317,205,141,3,64,264,69,269,5.33e-08,49.3
CC_2093,AYT27_RS02775,31.381,239,140,6,5,232,3,228,3.30e-22,89.0
CC_2095,AYT27_RS06280,44.225,355,192,3,1,353,2,352,4.48e-100,296
CC_2096,AYT27_RS02350,27.604,192,123,8,6,187,3,188,5.98e-10,53.1
CC_2098,AYT27_RS05580,46.403,278,146,2,10,286,6,281,2.75e-79,238
CC_2099,AYT27_RS03010,29.605,152,105,1,6,155,11,162,1.91e-10,52.4
CC_2100,AYT27_RS05575,62.735,585,214,2,1,582,16,599,0.0,780
CC_2102,AYT27_RS05635,37.778,180,86,4,8,162,3,181,8.04e-36,119
CC_2109,AYT27_RS06915,61.255,462,178,1,1,462,1,461,0.0,550
CC_2113,AYT27_RS02170,50.779,321,158,0,16,336,34,354,1.80e-108,317
CC_2114,AYT27_RS02175,31.602,231,148,4,24,245,29,258,1.57e-16,72.8
CC_2120,AYT27_RS05560,68.437,339,107,0,1,339,1,339,9.57e-180,497
CC_2124,AYT27_RS05605,66.920,263,86,1,18,279,2,264,4.61e-136,381
CC_2125,AYT27_RS03835,23.684,342,198,14,26,332,27,340,7.34e-11,58.2
CC_2126,AYT27_RS05600,47.368,171,88,2,1,171,1,169,1.24e-53,164
CC_2141,AYT27_RS05795,31.329,316,191,2,3,315,5,297,8.14e-44,149
CC_2148,AYT27_RS05800,63.489,556,195,4,1,555,1,549,0.0,707
CC_2150,AYT27_RS02630,43.154,241,130,3,13,250,10,246,7.71e-64,196
CC_2157,AYT27_RS00950,34.783,161,87,8,22,174,5,155,3.65e-12,60.1
CC_2158,AYT27_RS03210,50.000,134,63,3,3,134,22,153,2.18e-38,123
CC_2161,AYT27_RS03190,39.659,411,222,8,46,433,40,447,1.85e-87,270
CC_2165,AYT27_RS08695,28.502,207,109,8,1,175,1,200,6.29e-11,57.0
CC_2166,AYT27_RS02650,41.155,277,160,3,6,281,3,277,9.10e-71,216
CC_2168,AYT27_RS04115,46.563,451,231,5,1,449,1,443,5.86e-134,397
CC_2169,AYT27_RS04380,23.280,189,130,4,21,203,26,205,2.65e-08,49.7
CC_2173,AYT27_RS07560,37.162,148,84,3,5,147,2,145,1.38e-24,97.1
CC_2174,AYT27_RS00890,28.770,431,287,8,73,488,28,453,4.92e-52,179
CC_2176,AYT27_RS04035,58.447,219,86,1,8,221,25,243,1.75e-99,285
CC_2179,AYT27_RS04115,47.894,451,224,3,1,451,1,440,1.78e-141,417
CC_2185,AYT27_RS04950,44.068,177,95,3,12,186,8,182,1.87e-49,155
CC_2194,AYT27_RS02575,28.252,715,450,20,47,733,46,725,3.03e-69,237
CC_2195,AYT27_RS07590,36.207,174,104,3,1,169,2,173,1.11e-28,102
CC_2196,AYT27_RS07595,34.194,155,89,3,60,204,38,189,1.30e-21,84.0
CC_2198,AYT27_RS02505,21.723,267,179,8,228,477,190,443,5.30e-08,51.2
CC_2205,AYT27_RS03340,30.634,284,183,5,5,279,4,282,7.14e-26,101
CC_2210,AYT27_RS08460,28.481,158,109,2,56,209,73,230,6.83e-23,88.2
CC_2211,AYT27_RS04945,26.740,273,188,8,76,342,80,346,3.00e-14,69.7
CC_2213,AYT27_RS08450,48.941,425,209,4,1,421,1,421,1.98e-133,386
CC_2216,AYT27_RS08060,60.465,215,85,0,1,215,1,215,1.66e-96,276
CC_2217,AYT27_RS08065,28.467,274,192,2,15,284,18,291,3.82e-35,125
CC_2218,AYT27_RS08070,36.813,182,113,2,7,188,45,224,2.41e-37,125
CC_2219,AYT27_RS08515,37.391,230,142,2,4,231,8,237,8.33e-50,160
CC_2223,AYT27_RS05915,22.909,275,184,9,63,314,73,342,4.88e-11,58.9
CC_2224,AYT27_RS08475,55.298,302,132,1,6,307,4,302,2.54e-114,329
CC_2237,AYT27_RS01405,52.355,361,146,4,28,362,2,362,1.39e-128,369
CC_2241,AYT27_RS00535,39.677,310,162,5,12,299,22,328,7.51e-76,231
CC_2242,AYT27_RS04210,25.641,312,201,8,5,303,13,306,1.35e-17,77.4
CC_2243,AYT27_RS00540,50.129,389,192,2,7,395,2,388,7.00e-138,396
CC_2245,AYT27_RS00545,42.197,173,75,4,18,170,1,168,1.68e-33,114
CC_2246,AYT27_RS06210,43.011,465,238,3,9,472,12,450,6.48e-127,374
CC_2247,AYT27_RS01395,42.857,35,20,0,1,35,20,54,9.62e-08,39.7
CC_2248,AYT27_RS02920,33.333,93,62,0,163,255,294,386,2.43e-13,64.7
CC_2249,AYT27_RS05965,29.412,119,78,2,10,128,15,127,2.13e-09,50.4
CC_2250,AYT27_RS03830,30.798,263,175,2,39,295,46,307,8.29e-43,145
CC_2251,AYT27_RS01135,43.802,121,65,3,6,123,9,129,4.59e-29,99.0
CC_2252,AYT27_RS07800,31.193,218,139,5,36,247,22,234,2.58e-20,83.6
CC_2258,AYT27_RS03775,47.945,146,74,2,1,144,1,146,3.81e-48,149
CC_2261,AYT27_RS06315,42.254,213,101,1,3,215,4,194,4.24e-51,161
CC_2263,AYT27_RS00915,53.226,310,140,2,12,316,20,329,6.14e-107,311
CC_2264,AYT27_RS07655,27.299,348,211,13,48,373,28,355,2.63e-19,85.9
CC_2274,AYT27_RS01985,30.043,466,302,10,23,479,24,474,2.32e-52,180
CC_2275,AYT27_RS04935,28.477,151,103,2,17,163,20,169,2.97e-16,68.6
CC_2294,AYT27_RS05855,32.609,230,147,6,20,246,20,244,1.43e-27,102
CC_2300,AYT27_RS03330,64.018,453,161,2,1,453,1,451,0.0,631
CC_2302,AYT27_RS03325,47.300,463,234,4,1,462,1,454,1.48e-148,427
CC_2303,AYT27_RS03315,41.126,231,132,3,1,227,1,231,4.12e-46,149
CC_2304,AYT27_RS05070,47.216,449,236,1,9,457,1,448,8.81e-136,394
CC_2306,AYT27_RS02775,27.979,193,132,4,9,196,10,200,8.66e-10,53.1
CC_2314,AYT27_RS06105,35.338,266,156,3,7,263,8,266,6.33e-48,156
CC_2319,AYT27_RS06570,36.816,201,125,2,37,237,26,224,1.97e-38,134
CC_2324,AYT27_RS02500,27.615,239,162,4,209,442,538,770,2.82e-23,100
CC_2326,AYT27_RS04745,30.894,123,50,1,7,129,33,120,5.40e-10,54.3
CC_2330,AYT27_RS01135,43.411,129,60,3,12,133,10,132,5.55e-37,119
CC_2331,AYT27_RS03060,42.857,91,51,1,1,91,1,90,1.49e-19,72.0
CC_2333,AYT27_RS02510,28.571,224,141,4,255,474,66,274,4.00e-24,97.4
CC_2335,AYT27_RS07625,37.405,131,71,3,18,143,17,141,8.35e-26,92.8
CC_2336,AYT27_RS07720,40.991,222,123,2,80,300,15,229,1.74e-48,158
CC_2337,AYT27_RS02775,32.642,193,124,2,13,203,6,194,2.16e-21,86.3
CC_2340,AYT27_RS07240,51.429,35,17,0,5,39,45,79,1.50e-10,47.8
CC_2341,AYT27_RS04485,33.654,104,66,2,162,262,379,482,2.97e-10,57.0
CC_2342,AYT27_RS07245,47.980,198,90,2,7,191,24,221,9.01e-56,172
CC_2343,AYT27_RS07250,84.722,72,11,0,1,72,1,72,4.09e-44,132
CC_2350,AYT27_RS07395,56.047,430,179,3,1,421,1,429,4.87e-166,469
CC_2352,AYT27_RS05920,30.268,261,177,3,9,264,6,266,7.17e-33,119
CC_2353,AYT27_RS03835,26.647,334,188,12,28,322,26,341,5.45e-16,73.2
CC_2390,AYT27_RS00680,25.000,1044,724,20,19,1046,19,1019,4.47e-65,234
CC_2397,AYT27_RS01985,30.998,471,302,10,14,470,6,467,1.01e-65,215
CC_2400,AYT27_RS08055,23.664,524,327,15,27,487,104,617,1.03e-25,106
CC_2401,AYT27_RS04380,25.628,199,144,2,4,202,7,201,1.13e-12,62.8
CC_2402,AYT27_RS01985,33.122,474,288,10,2,461,17,475,1.31e-66,217
CC_2410,AYT27_RS04945,32.402,358,222,9,11,359,6,352,7.32e-32,120
CC_2412,AYT27_RS05615,27.928,222,125,9,66,263,74,284,6.41e-09,52.8
CC_2416,AYT27_RS02585,36.434,129,54,4,107,207,551,679,3.34e-13,63.5
CC_2419,AYT27_RS06775,38.363,782,466,8,14,786,3,777,0.0,540
CC_2421,AYT27_RS06800,32.051,234,136,5,21,234,28,258,5.18e-25,96.3
CC_2422,AYT27_RS06805,38.278,209,124,2,174,380,154,359,4.50e-48,164
CC_2423,AYT27_RS06810,37.423,326,187,5,11,320,20,344,2.55e-68,213
CC_2436,AYT27_RS03080,62.450,498,171,3,6,498,13,499,0.0,641
CC_2437,AYT27_RS04230,66.599,491,159,4,3,489,4,493,0.0,647
CC_2438,AYT27_RS04225,49.474,95,48,0,1,95,1,95,3.49e-28,94.0
CC_2439,AYT27_RS04220,41.667,156,89,2,1,156,1,154,8.32e-39,125
CC_2443,AYT27_RS04210,60.129,311,122,2,23,332,10,319,6.30e-134,380
CC_2444,AYT27_RS04205,44.159,428,235,2,5,430,3,428,1.17e-114,339
CC_2446,AYT27_RS04200,52.105,190,87,3,20,206,20,208,2.50e-61,187
CC_2447,AYT27_RS04195,46.821,346,163,4,6,330,13,358,1.42e-98,294
CC_2451,AYT27_RS04185,58.906,859,335,8,1,849,1,851,0.0,1027
CC_2453,AYT27_RS04180,42.387,729,409,9,5,726,6,730,0.0,602
CC_2455,AYT27_RS05915,27.089,395,261,11,3,375,9,398,3.46e-29,112
CC_2459,AYT27_RS04165,74.545,55,14,0,1,55,1,55,5.95e-26,85.5
CC_2462,AYT27_RS04010,35.514,107,69,0,1,107,1,107,5.01e-18,75.9
CC_2463,AYT27_RS04010,69.421,121,37,0,6,126,1,121,3.41e-60,177
CC_2467,AYT27_RS03195,54.286,105,48,0,13,117,18,122,5.18e-41,128
CC_2468,AYT27_RS03200,67.694,746,234,3,1,746,1,739,0.0,1029
CC_2470,AYT27_RS03205,52.899,138,63,2,7,144,5,140,1.60e-45,141
CC_2473,AYT27_RS04230,30.042,476,296,16,27,482,25,483,2.73e-27,110
CC_2481,AYT27_RS02505,46.605,869,444,9,11,863,11,875,0.0,795
CC_2482,AYT27_RS02500,39.583,576,305,15,278,831,219,773,3.15e-123,385
CC_2487,AYT27_RS04945,70.968,434,126,0,1,434,1,434,0.0,649
CC_2491,AYT27_RS04955,68.750,240,75,0,3,242,2,241,5.20e-129,361
CC_2492,AYT27_RS04960,46.154,78,42,0,1,78,1,78,3.63e-18,67.8
CC_2497,AYT27_RS04965,49.550,222,109,2,1,220,1,221,9.69e-81,236
CC_2500,AYT27_RS04970,57.182,724,305,3,14,734,12,733,0.0,835
CC_2501,AYT27_RS02500,35.510,245,149,5,243,483,524,763,2.55e-36,140
CC_2503,AYT27_RS04975,38.158,76,47,0,21,96,1,76,1.99e-17,66.6
CC_2505,AYT27_RS04980,54.000,100,46,0,11,110,6,105,1.99e-42,131
CC_2509,AYT27_RS08360,62.162,296,101,6,1,293,1,288,4.39e-117,337
CC_2511,AYT27_RS04315,71.078,204,59,0,1,204,1,204,1.05e-116,326
CC_2513,AYT27_RS03625,34.884,86,55,1,3,87,2,87,3.07e-11,50.4
CC_2516,AYT27_RS03835,30.612,98,63,4,29,124,27,121,4.24e-08,49.7
CC_2517,AYT27_RS05920,27.843,255,177,2,4,251,7,261,2.75e-25,98.2
CC_2520,AYT27_RS04305,46.552,232,123,1,1,231,17,248,1.65e-63,196
CC_2521,AYT27_RS02500,32.130,277,178,4,430,698,498,772,4.66e-35,138
CC_2522,AYT27_RS05130,83.127,403,68,0,1,403,1,403,0.0,716
CC_2529,AYT27_RS05215,59.414,887,353,4,1,880,1,887,0.0,1056
CC_2534,AYT27_RS05915,24.597,248,162,11,88,314,73,316,2.04e-09,54.3
CC_2535,AYT27_RS04150,43.137,153,86,1,41,193,1,152,4.16e-40,130
CC_2540,AYT27_RS05700,71.250,320,92,0,1,320,1,320,3.30e-126,376
CC_2541,AYT27_RS05705,38.158,380,227,2,6,379,17,394,2.92e-82,255
CC_2542,AYT27_RS05710,34.434,212,133,2,81,289,73,281,4.15e-31,114
CC_2543,AYT27_RS05715,51.634,306,142,2,11,314,1,302,3.92e-101,296
CC_2545,AYT27_RS05720,50.690,290,140,2,11,299,24,311,1.86e-90,268
CC_2546,AYT27_RS05725,56.277,462,200,2,8,468,3,463,2.35e-178,504
CC_2551,AYT27_RS05730,41.457,357,203,4,3,357,5,357,5.80e-84,256
CC_2552,AYT27_RS05735,45.109,368,201,1,9,376,2,368,5.00e-112,329
CC_2554,AYT27_RS07075,29.464,224,151,3,113,329,111,334,6.84e-29,110
CC_2556,AYT27_RS05740,43.469,467,254,4,1,461,1,463,7.68e-127,372
CC_2557,AYT27_RS05745,48.864,264,125,3,13,276,9,262,4.68e-78,240
CC_2558,AYT27_RS05750,40.086,464,262,8,4,453,3,464,6.28e-100,303
CC_2559,AYT27_RS05755,48.817,465,231,3,19,482,21,479,1.14e-148,429
CC_2560,AYT27_RS05760,37.313,536,301,13,53,568,37,557,7.44e-101,313
CC_2562,AYT27_RS05770,55.049,307,132,4,6,309,25,328,3.50e-101,296
CC_2564,AYT27_RS05920,27.203,261,164,5,11,247,10,268,6.36e-17,75.5
CC_2567,AYT27_RS06350,30.333,300,110,12,23,237,22,307,2.98e-26,100
CC_2575,AYT27_RS04380,28.405,257,156,9,8,259,15,248,3.69e-17,75.9
CC_2576,AYT27_RS07070,31.132,106,67,3,7,107,140,244,6.56e-10,50.8
CC_2578,AYT27_RS02325,24.101,278,199,6,57,331,7,275,1.35e-17,82.0
CC_2580,AYT27_RS04930,69.231,130,40,0,13,142,9,138,1.09e-66,194
CC_2587,AYT27_RS02865,28.463,527,319,14,16,524,3,489,4.16e-50,177
CC_2590,AYT27_RS05175,67.979,965,295,3,1,952,1,964,0.0,1355
CC_2598,AYT27_RS03065,63.270,471,159,4,4,473,3,460,0.0,608
CC_2613,AYT27_RS04230,30.818,477,284,13,13,452,16,483,1.24e-46,164
CC_2622,AYT27_RS03855,58.602,744,304,3,8,748,19,761,0.0,817
CC_2623,AYT27_RS05910,69.565,69,21,0,1,69,1,69,2.15e-33,105
CC_2625,AYT27_RS03020,31.579,133,82,3,2,131,3,129,1.89e-11,54.3
CC_2627,AYT27_RS03100,29.204,226,130,8,4,204,15,235,4.78e-22,86.7
CC_2631,AYT27_RS07890,42.347,588,318,8,7,577,3,586,3.21e-147,435
CC_2632,AYT27_RS02500,33.603,247,152,5,307,549,534,772,5.78e-35,137
CC_2634,AYT27_RS00955,34.450,209,128,2,5,204,3,211,9.79e-34,120
CC_2638,AYT27_RS02325,26.286,175,120,4,98,271,25,191,3.30e-10,58.9
CC_2644,AYT27_RS01155,51.196,209,101,1,40,247,138,346,1.89e-72,221
CC_2647,AYT27_RS06305,24.229,227,153,7,1,214,1,221,1.88e-11,57.4
CC_2655,AYT27_RS02775,29.921,254,157,8,8,257,6,242,1.19e-21,86.7
CC_2664,AYT27_RS06565,36.694,248,156,1,22,268,25,272,1.57e-43,145
CC_2668,AYT27_RS06575,39.070,215,131,0,10,224,3,217,8.35e-40,132
CC_2669,AYT27_RS06570,45.283,318,167,3,1,311,6,323,2.08e-87,262
CC_2670,AYT27_RS02500,34.241,257,158,4,298,550,524,773,9.55e-38,145
CC_2673,AYT27_RS01135,43.750,128,71,1,26,153,6,132,1.74e-36,119
CC_2674,AYT27_RS06355,31.111,135,89,1,7,137,368,502,4.70e-15,70.1
CC_2675,AYT27_RS04300,45.740,223,121,0,1,223,1,223,2.47e-77,229
CC_2677,AYT27_RS04295,60.784,255,100,0,15,269,15,269,5.51e-119,338
CC_2680,AYT27_RS04290,52.736,201,87,1,24,216,23,223,5.57e-73,218
CC_2685,AYT27_RS08225,28.729,181,119,4,235,410,209,384,3.58e-20,87.4
CC_2686,AYT27_RS08220,26.794,209,131,6,87,290,23,214,1.78e-17,76.6
CC_2722,AYT27_RS00675,25.249,301,197,9,107,398,72,353,3.77e-08,50.4
CC_2724,AYT27_RS00680,23.288,1095,730,27,5,1070,19,1032,8.66e-58,212
CC_2744,AYT27_RS04290,50.943,53,26,0,1,53,209,261,2.16e-16,65.9
CC_2751,AYT27_RS07060,29.932,147,95,4,32,175,16,157,3.40e-13,60.8
CC_2753,AYT27_RS02485,41.026,897,515,7,73,958,53,946,0.0,615
CC_2755,AYT27_RS02480,33.966,474,287,7,2,465,3,460,1.01e-72,233
CC_2757,AYT27_RS02475,58.824,221,91,0,1,221,1,221,5.58e-92,265
CC_2758,AYT27_RS02470,41.250,480,237,10,61,526,52,500,3.36e-112,338
CC_2759,AYT27_RS02465,50.000,112,55,1,7,118,11,121,3.32e-28,98.2
CC_2760,AYT27_RS02460,44.828,609,330,3,46,654,46,648,3.61e-177,515
CC_2761,AYT27_RS02455,39.416,137,83,0,8,144,18,154,2.01e-35,117
CC_2765,AYT27_RS02445,31.489,470,285,12,9,461,19,468,3.26e-69,224
CC_2766,AYT27_RS02440,61.261,222,85,1,1,222,1,221,4.32e-102,291
CC_2772,AYT27_RS02240,40.453,309,166,5,3,304,2,299,8.29e-69,213
CC_2791,AYT27_RS01985,25.203,246,158,7,12,247,3,232,2.44e-10,58.2
CC_2823,AYT27_RS02280,23.614,415,275,12,88,499,58,433,5.41e-15,72.8
CC_2826,AYT27_RS06070,51.290,310,149,2,15,324,32,339,1.29e-111,324
CC_2827,AYT27_RS06075,24.528,265,177,9,20,280,33,278,5.71e-13,63.5
CC_2834,AYT27_RS05895,59.843,381,151,2,10,388,17,397,2.17e-173,485
CC_2836,AYT27_RS02775,35.081,248,145,7,7,245,4,244,6.15e-38,129
CC_2837,AYT27_RS03835,25.360,347,232,13,1,335,1,332,5.78e-15,70.5
CC_2845,AYT27_RS07685,31.731,104,71,0,87,190,66,169,3.76e-11,55.1
CC_2848,AYT27_RS05940,62.420,157,59,0,1,157,1,157,3.89e-71,207
CC_2852,AYT27_RS02500,35.424,271,154,5,240,495,499,763,1.14e-40,154
CC_2861,AYT27_RS02775,29.353,201,125,6,5,200,7,195,3.54e-17,74.7
CC_2866,AYT27_RS08685,31.288,163,91,7,29,189,32,175,4.01e-14,66.2
CC_2867,AYT27_RS01775,43.182,88,50,0,15,102,7,94,2.39e-23,82.4
CC_2871,AYT27_RS05925,66.343,309,100,2,21,325,5,313,5.93e-148,416
CC_2872,AYT27_RS01280,30.256,195,104,7,142,317,49,230,2.95e-11,59.3
CC_2874,AYT27_RS04920,30.534,524,305,13,284,785,350,836,8.46e-61,216
CC_2881,AYT27_RS02880,56.757,629,250,5,22,637,39,658,0.0,748
CC_2883,AYT27_RS07060,43.333,180,99,1,4,180,3,182,4.11e-48,151
CC_2884,AYT27_RS02500,25.591,254,177,6,226,472,521,769,6.40e-18,82.4
CC_2887,AYT27_RS04150,29.371,143,97,2,28,167,1,142,3.99e-18,73.2
CC_2891,AYT27_RS02090,28.571,105,70,2,40,139,67,171,3.32e-08,48.5
CC_2900,AYT27_RS05905,63.776,1176,329,9,1,1096,1,1159,0.0,1470
CC_2903,AYT27_RS05910,75.758,66,16,0,1,66,1,66,9.50e-35,108
CC_2908,AYT27_RS02875,38.462,208,101,7,3,205,7,192,2.93e-20,80.5
CC_2909,AYT27_RS07075,28.218,202,134,5,355,545,128,329,2.65e-17,79.0
CC_2913,AYT27_RS08250,32.188,553,277,22,21,494,36,569,7.57e-53,184
CC_2919,AYT27_RS05925,30.990,313,200,6,213,515,7,313,4.29e-35,130
CC_2929,AYT27_RS05110,25.887,282,176,12,14,271,52,324,1.53e-16,74.7
CC_2931,AYT27_RS05965,45.291,223,117,2,10,231,14,232,1.57e-63,194
CC_2932,AYT27_RS05970,41.149,435,253,3,12,444,12,445,3.97e-116,343
CC_2933,AYT27_RS01210,53.405,279,126,2,1,275,1,279,9.34e-105,302
CC_2934,AYT27_RS01215,46.250,240,126,3,1,239,3,240,1.92e-67,204
CC_2935,AYT27_RS01220,32.540,126,82,2,63,188,60,182,7.95e-20,79.7
CC_2936,AYT27_RS01045,36.630,273,164,6,1,266,1,271,8.46e-59,185
CC_2937,AYT27_RS01050,43.973,448,234,7,24,461,14,454,4.69e-129,378
CC_2942,AYT27_RS06810,28.704,324,191,9,150,436,22,342,1.10e-33,126
CC_2966,AYT27_RS02775,31.068,206,134,5,10,214,5,203,2.02e-21,86.3
CC_2967,AYT27_RS01280,34.286,140,82,4,218,357,47,176,8.88e-14,67.0
CC_2971,AYT27_RS02500,31.250,256,166,4,318,569,524,773,2.22e-33,132
CC_2979,AYT27_RS02710,29.032,124,81,4,4,125,107,225,4.20e-09,49.3
CC_2981,AYT27_RS05950,71.532,692,189,3,28,718,27,711,0.0,1041
CC_2988,AYT27_RS02500,35.802,243,149,4,184,422,532,771,2.24e-39,149
CC_2993,AYT27_RS02500,32.530,249,147,9,221,455,511,752,5.59e-27,112
CC_2995,AYT27_RS08540,59.236,314,128,0,4,317,3,316,3.04e-125,357
CC_3000,AYT27_RS05510,30.116,259,171,7,15,268,534,787,4.44e-25,102
CC_3005,AYT27_RS06900,48.485,66,33,1,7,72,45,109,4.89e-14,57.8
CC_3006,AYT27_RS08545,43.709,302,156,3,9,300,8,305,1.64e-75,229
CC_3008,AYT27_RS08550,42.262,168,96,1,12,179,6,172,5.06e-50,157
CC_3009,AYT27_RS08555,47.043,372,191,3,3,369,4,374,5.72e-106,312
CC_3010,AYT27_RS08295,37.433,187,103,5,38,216,26,206,3.96e-34,117
CC_3011,AYT27_RS08290,41.667,84,45,1,4,83,4,87,5.04e-18,68.2
CC_3015,AYT27_RS07070,31.683,101,66,2,8,105,142,242,5.19e-08,45.4
CC_3017,AYT27_RS05535,29.237,236,160,3,158,391,284,514,2.57e-23,97.4
CC_3021,AYT27_RS08300,73.585,318,83,1,18,335,11,327,2.72e-178,493
CC_3034,AYT27_RS07050,44.199,181,99,1,250,430,479,657,3.21e-50,177
CC_3035,AYT27_RS06125,81.938,227,41,0,1,227,1,227,6.00e-138,382
CC_3037,AYT27_RS01555,36.538,104,66,0,4,107,3,106,5.82e-25,86.7
CC_3038,AYT27_RS01550,47.059,51,27,0,14,64,46,96,2.48e-15,60.5
CC_3040,AYT27_RS07990,29.006,362,224,9,95,436,135,483,1.19e-33,128
CC_3044,AYT27_RS00495,73.039,612,164,1,1,611,1,612,0.0,943
CC_3047,AYT27_RS05865,65.961,661,204,6,9,652,11,667,0.0,825
CC_3048,AYT27_RS07075,29.339,242,164,3,333,568,86,326,1.64e-25,103
CC_3049,AYT27_RS05870,36.600,653,375,13,1,634,1,633,6.75e-113,348
CC_3058,AYT27_RS07075,29.381,194,129,3,116,301,112,305,8.78e-21,89.0
CC_3066,AYT27_RS01035,47.739,398,205,1,6,403,16,410,1.55e-123,360
CC_3067,AYT27_RS01030,31.183,186,114,4,73,249,89,269,1.13e-21,89.4
CC_3068,AYT27_RS01025,56.865,925,367,10,4,922,7,905,0.0,1038
CC_3069,AYT27_RS06435,25.000,416,294,9,17,422,22,429,2.57e-21,92.0
CC_3075,AYT27_RS02500,38.000,250,145,5,448,693,530,773,2.98e-43,164
CC_3076,AYT27_RS02775,31.727,249,162,3,3,251,1,241,4.43e-33,116
CC_3078,AYT27_RS05135,28.010,407,287,2,28,428,24,430,9.55e-43,153
CC_3082,AYT27_RS03170,29.630,108,73,2,3,110,7,111,1.52e-08,45.4
CC_3085,AYT27_RS03835,27.410,332,211,7,60,390,26,328,7.31e-30,114
CC_3094,AYT27_RS02320,26.506,498,352,5,211,697,457,951,1.98e-59,213
CC_3098,AYT27_RS01975,64.505,293,100,4,6,296,4,294,1.40e-138,389
CC_3100,AYT27_RS08435,27.068,133,94,1,21,153,6,135,1.57e-08,49.7
CC_3102,AYT27_RS02500,34.766,256,158,3,159,410,523,773,6.73e-40,150
CC_3103,AYT27_RS01965,64.871,427,149,1,1,426,1,427,0.0,574
CC_3105,AYT27_RS05490,32.923,325,201,8,1,313,5,324,1.53e-38,137
CC_3108,AYT27_RS03180,53.648,466,205,4,4,462,4,465,2.10e-172,488
CC_3119,AYT27_RS00675,23.324,343,243,7,13,348,34,363,2.48e-09,53.5
CC_3120,AYT27_RS00680,25.362,1037,708,17,10,1016,24,1024,9.41e-87,297
CC_3129,AYT27_RS02030,38.995,418,248,4,17,429,12,427,1.24e-94,287
CC_3130,AYT27_RS02025,56.103,467,203,2,1,465,9,475,0.0,524
CC_3132,AYT27_RS00540,27.603,413,251,13,42,451,22,389,3.72e-35,131
CC_3134,AYT27_RS00955,50.427,234,115,1,14,246,3,236,1.84e-80,246
CC_3138,AYT27_RS02025,33.482,448,284,7,17,460,38,475,9.10e-75,238
CC_3139,AYT27_RS00540,22.857,315,213,10,76,378,22,318,1.08e-10,58.9
CC_3140,AYT27_RS01985,35.021,474,292,11,13,477,9,475,1.16e-86,270
CC_3141,AYT27_RS01985,33.913,460,289,7,38,492,25,474,9.41e-84,263
CC_3143,AYT27_RS00540,26.714,423,263,11,22,439,13,393,5.50e-41,146
CC_3148,AYT27_RS02320,28.571,231,144,9,55,272,720,942,1.39e-17,79.0
CC_3154,AYT27_RS02250,66.851,362,120,0,1,362,1,362,1.20e-169,474
CC_3155,AYT27_RS05965,28.696,115,76,2,8,122,15,123,3.79e-10,52.8
CC_3162,AYT27_RS02440,32.520,123,78,3,266,387,3,121,5.35e-10,54.7
CC_3164,AYT27_RS01135,42.105,133,67,2,21,150,6,131,4.81e-39,125
CC_3169,AYT27_RS04150,36.000,150,95,1,50,199,1,149,2.21e-29,103
CC_3170,AYT27_RS07075,32.020,203,128,5,273,468,135,334,2.02e-22,93.6
CC_3172,AYT27_RS00950,29.012,162,99,5,2,162,6,152,8.93e-11,56.6
CC_3173,AYT27_RS05935,28.729,181,121,3,156,329,151,330,8.33e-08,48.9
CC_3175,AYT27_RS02775,28.095,210,141,3,12,221,10,209,1.78e-19,81.3
CC_3177,AYT27_RS04150,37.908,153,94,1,63,215,1,152,2.50e-35,119
CC_3185,AYT27_RS01835,38.060,134,74,2,1,129,1,130,2.18e-24,87.0
CC_3188,AYT27_RS08055,24.911,562,342,21,16,514,78,622,2.45e-27,111
CC_3189,AYT27_RS04380,25.373,201,131,5,10,199,13,205,1.21e-11,62.4
CC_3191,AYT27_RS02500,35.146,239,143,3,252,486,533,763,2.47e-32,129
CC_3195,AYT27_RS08090,29.812,426,277,9,68,488,62,470,1.81e-40,148
CC_3197,AYT27_RS00680,30.171,1054,663,22,7,1017,2,1025,6.29e-128,411
CC_3198,AYT27_RS07055,26.087,276,182,10,55,318,193,458,3.04e-13,65.9
CC_3199,AYT27_RS05370,81.061,396,70,1,1,396,1,391,0.0,637
CC_3200,AYT27_RS05375,71.593,697,190,4,1,692,1,694,0.0,1004
CC_3201,AYT27_RS05380,71.975,157,43,1,1,157,1,156,2.51e-86,246
CC_3202,AYT27_RS05385,83.740,123,20,0,1,123,1,123,3.97e-72,207
CC_3205,AYT27_RS03135,66.474,173,58,0,12,184,4,176,3.34e-86,247
CC_3206,AYT27_RS03130,40.984,61,36,0,19,79,4,64,1.31e-12,53.5
CC_3208,AYT27_RS06475,53.282,259,113,3,7,265,26,276,3.49e-91,267
CC_3211,AYT27_RS05025,25.361,1108,705,33,4,1039,16,1073,4.93e-75,266
CC_3214,AYT27_RS04115,42.731,454,238,10,3,447,2,442,2.48e-104,331
CC_3216,AYT27_RS01960,62.468,389,141,2,5,393,4,387,0.0,507
CC_3219,AYT27_RS02500,35.231,281,169,5,223,495,491,766,6.96e-42,158
CC_3223,AYT27_RS08510,38.745,271,152,4,8,265,14,283,2.05e-52,168
CC_3225,AYT27_RS04920,38.442,398,232,6,342,730,452,845,1.24e-78,265
CC_3226,AYT27_RS07660,68.850,626,186,4,2,623,4,624,0.0,891
CC_3227,AYT27_RS07665,27.160,243,122,6,15,203,14,255,3.30e-15,72.8
CC_3229,AYT27_RS07685,56.198,121,53,0,68,188,53,173,6.13e-42,135
CC_3230,AYT27_RS07705,54.079,429,194,3,7,432,13,441,1.81e-158,451
CC_3232,AYT27_RS07715,42.958,142,76,3,8,144,4,145,5.12e-32,108
CC_3233,AYT27_RS07720,47.685,216,110,1,15,230,17,229,1.15e-64,197
CC_3234,AYT27_RS07725,39.535,129,74,1,14,138,16,144,9.41e-30,101
CC_3236,AYT27_RS07730,68.196,327,102,1,18,344,20,344,1.14e-159,447
CC_3237,AYT27_RS07735,41.546,207,113,5,1,204,1,202,1.88e-41,135
CC_3238,AYT27_RS07740,53.030,132,62,0,10,141,6,137,8.52e-47,146
CC_3243,AYT27_RS07695,58.800,250,99,1,1,250,1,246,1.53e-106,304
CC_3244,AYT27_RS07380,50.368,272,132,2,5,275,1,270,6.44e-97,282
CC_3245,AYT27_RS07375,37.063,143,87,2,66,207,60,200,1.69e-26,97.1
CC_3247,AYT27_RS07850,27.928,111,74,2,1,108,1,108,1.25e-13,58.5
CC_3248,AYT27_RS07835,69.369,333,102,0,1,333,1,333,5.69e-170,472
CC_3249,AYT27_RS07830,56.853,394,170,0,1,394,2,395,1.09e-163,461
CC_3264,AYT27_RS02520,24.684,158,115,4,34,188,24,180,2.14e-10,53.9
CC_3269,AYT27_RS07800,55.159,252,109,4,1,252,10,257,4.67e-90,263
CC_3274,AYT27_RS07805,47.285,571,297,2,46,614,28,596,2.26e-167,486
CC_3275,AYT27_RS07810,66.197,71,24,0,1,71,1,71,6.04e-33,104
CC_3276,AYT27_RS05860,47.059,153,80,1,1,152,1,153,2.00e-52,160
CC_3277,AYT27_RS02430,40.145,553,322,6,133,679,103,652,1.00e-124,384
CC_3280,AYT27_RS06570,29.515,227,137,5,5,214,7,227,4.48e-22,90.5
CC_3283,AYT27_RS07325,46.571,350,184,2,9,356,59,407,7.83e-112,328
CC_3284,AYT27_RS07320,63.399,153,56,0,8,160,8,160,5.20e-58,174
CC_3285,AYT27_RS02320,29.365,126,86,3,86,209,532,656,3.66e-10,55.1
CC_3286,AYT27_RS05965,31.356,118,79,1,4,119,15,132,2.70e-09,48.9
CC_3292,AYT27_RS07690,45.089,224,113,3,1,224,15,228,1.53e-64,196
CC_3293,AYT27_RS03835,26.524,328,191,7,30,320,27,341,3.81e-25,99.4
CC_3295,AYT27_RS07745,39.726,146,84,2,26,167,24,169,3.36e-25,91.7
CC_3297,AYT27_RS00655,82.609,69,12,0,12,80,1,69,1.16e-35,112
CC_3299,AYT27_RS00430,31.132,212,136,4,3,205,4,214,1.01e-26,102
CC_3301,AYT27_RS07050,37.931,116,72,0,17,132,503,618,4.32e-22,89.7
CC_3312,AYT27_RS00195,25.600,250,176,4,50,290,56,304,1.58e-13,67.8
CC_3315,AYT27_RS03030,33.196,485,285,9,1,480,1,451,2.21e-83,261
CC_3319,AYT27_RS07870,49.367,79,40,0,9,87,5,83,3.14e-12,53.1
CC_3321,AYT27_RS07340,60.976,41,16,0,1,41,1,41,1.11e-16,61.2
CC_3322,AYT27_RS00905,39.896,386,211,9,55,428,42,418,4.81e-88,270
CC_3325,AYT27_RS02440,32.143,224,144,3,1,224,1,216,7.81e-33,115
CC_3327,AYT27_RS04920,27.160,243,148,9,534,755,464,698,7.28e-13,67.8
CC_3352,AYT27_RS06510,42.131,413,214,5,75,481,460,853,4.36e-83,273
CC_3353,AYT27_RS06510,37.028,397,230,8,2,394,9,389,5.04e-70,234
CC_3354,AYT27_RS06515,53.846,117,54,0,3,119,6,122,5.18e-42,130
CC_3355,AYT27_RS06520,43.968,373,204,3,2,373,3,371,3.85e-93,280
CC_3359,AYT27_RS05095,23.519,591,371,22,39,600,46,584,9.58e-25,104
CC_3361,AYT27_RS02295,56.051,314,135,1,7,317,3,316,7.22e-122,349
CC_3364,AYT27_RS02300,48.208,307,158,1,1,307,1,306,3.08e-105,306
CC_3365,AYT27_RS02305,55.396,139,62,0,5,143,8,146,6.04e-55,166
CC_3373,AYT27_RS00085,31.336,217,128,5,16,220,33,240,9.34e-31,112
CC_3375,AYT27_RS05595,22.727,242,173,6,2,230,76,316,9.64e-10,54.7
CC_3376,AYT27_RS02675,26.786,112,80,2,7,118,8,117,4.12e-09,47.4
CC_3380,AYT27_RS02775,30.588,255,166,4,6,260,2,245,6.07e-28,103
CC_3384,AYT27_RS02775,33.074,257,155,2,5,261,2,241,4.59e-39,132
CC_3389,AYT27_RS02210,43.696,460,255,2,1,456,6,465,4.70e-132,385
CC_3390,AYT27_RS02205,43.871,310,166,3,19,321,7,315,9.46e-79,239
CC_3394,AYT27_RS06930,42.442,172,82,4,5,160,2,172,8.93e-40,128
CC_3395,AYT27_RS02315,43.299,194,98,5,10,195,5,194,5.90e-46,146
CC_3396,AYT27_RS02320,28.388,546,340,16,16,524,404,935,1.57e-54,194
CC_3398,AYT27_RS02325,35.941,409,262,0,1,409,1,409,2.78e-83,258
CC_3399,AYT27_RS02330,49.345,458,231,1,1,458,1,457,5.16e-159,454
CC_3402,AYT27_RS00615,26.214,206,131,4,95,284,18,218,2.80e-13,63.5
CC_3405,AYT27_RS02290,50.831,301,126,3,22,321,24,303,2.61e-94,279
CC_3406,AYT27_RS00610,41.002,539,294,9,23,552,52,575,1.37e-125,379
CC_3411,AYT27_RS02280,58.635,469,193,1,23,490,3,471,0.0,582
CC_3414,AYT27_RS02065,50.787,445,215,3,13,453,13,457,5.36e-156,446
CC_3415,AYT27_RS02060,38.559,236,144,1,3,237,9,244,1.92e-45,148
CC_3420,AYT27_RS02695,35.504,476,304,3,350,824,124,597,7.64e-85,279
CC_3421,AYT27_RS02225,38.838,327,179,4,10,320,3,324,2.59e-71,221
CC_3425,AYT27_RS00165,28.369,141,95,4,139,274,156,295,3.10e-09,52.8
CC_3430,AYT27_RS00830,53.995,413,189,1,1,413,7,418,1.01e-163,462
CC_3431,AYT27_RS00835,43.011,186,106,0,31,216,10,195,5.47e-51,160
CC_3432,AYT27_RS00840,57.292,96,41,0,7,102,36,131,1.42e-40,127
CC_3433,AYT27_RS00845,35.849,159,96,2,2,154,1,159,5.11e-29,100
CC_3434,AYT27_RS00850,25.776,322,202,4,65,349,96,417,1.55e-27,107
CC_3435,AYT27_RS00855,49.095,442,209,10,1,439,2,430,2.95e-131,382
CC_3440,AYT27_RS00860,43.210,162,82,5,9,161,12,172,9.96e-41,131
CC_3445,AYT27_RS07985,36.620,71,45,0,6,76,15,85,8.82e-12,53.1
CC_3447,AYT27_RS07990,70.489,532,150,5,8,538,3,528,0.0,761
CC_3448,AYT27_RS07995,52.805,303,131,2,1,291,1,303,4.80e-105,304
CC_3449,AYT27_RS08000,73.489,513,131,3,1,510,1,511,0.0,769
CC_3450,AYT27_RS08005,33.333,177,113,1,12,183,15,191,1.24e-27,99.0
CC_3455,AYT27_RS04045,54.822,197,88,1,9,205,19,214,3.67e-75,222
CC_3456,AYT27_RS04040,37.302,252,132,6,55,284,12,259,1.42e-47,157
CC_3464,AYT27_RS00030,54.725,963,412,5,28,967,7,968,0.0,1024
CC_3465,AYT27_RS05475,24.490,343,222,13,22,341,26,354,2.62e-16,77.4
CC_3469,AYT27_RS01370,29.388,245,160,7,18,260,15,248,1.44e-23,92.4
CC_3470,AYT27_RS06130,30.412,194,131,2,46,238,7,197,2.37e-22,87.8
CC_3471,AYT27_RS04010,29.630,108,70,2,2,106,3,107,7.41e-13,56.6
CC_3475,AYT27_RS07060,49.133,173,83,3,19,187,8,179,1.87e-54,167
CC_3477,AYT27_RS07070,52.612,268,122,4,1,266,1,265,7.25e-89,261
CC_3481,AYT27_RS00200,35.443,79,49,1,68,144,101,179,7.35e-09,50.1
CC_3484,AYT27_RS00155,31.135,652,411,13,131,759,181,817,5.39e-93,305
CC_3485,AYT27_RS06550,46.893,354,160,6,1,347,1,333,2.27e-100,296
CC_3492,AYT27_RS01000,26.168,642,333,24,43,594,117,707,3.94e-40,152
CC_3494,AYT27_RS07685,31.731,104,71,0,345,448,66,169,2.23e-11,58.2
CC_3495,AYT27_RS00200,35.577,104,63,3,49,150,76,177,1.20e-09,53.1
CC_3496,AYT27_RS05525,27.191,559,360,13,17,545,15,556,7.21e-43,158
CC_3498,AYT27_RS06585,32.812,128,68,3,27,148,26,141,1.26e-09,49.7
CC_3502,AYT27_RS00320,34.426,122,73,2,31,145,62,183,1.61e-20,79.3
CC_3503,AYT27_RS05660,46.104,154,81,1,34,187,29,180,6.18e-50,156
CC_3510,AYT27_RS05920,45.902,61,33,0,7,67,5,65,1.94e-08,50.1
CC_3513,AYT27_RS06955,53.689,488,219,4,13,495,7,492,1.82e-172,491
CC_3525,AYT27_RS03325,26.160,237,141,10,101,319,128,348,8.96e-10,55.8
CC_3526,AYT27_RS08245,69.380,258,78,1,1,258,1,257,1.33e-136,381
CC_3527,AYT27_RS08250,71.381,601,164,3,3,596,15,614,0.0,881
CC_3528,AYT27_RS08255,34.127,126,83,0,8,133,1,126,2.08e-24,87.4
CC_3529,AYT27_RS08260,30.827,133,90,2,1,132,1,132,1.15e-16,67.4
CC_3531,AYT27_RS08655,38.158,380,210,5,7,367,6,379,4.59e-92,278
CC_3534,AYT27_RS00150,40.602,133,78,1,6,137,7,139,1.52e-29,101
CC_3535,AYT27_RS00140,36.601,153,93,1,207,355,33,185,3.46e-29,107
CC_3537,AYT27_RS00135,31.262,1046,631,22,13,988,5,1032,4.70e-120,388
CC_3538,AYT27_RS00130,32.915,1194,713,28,53,1203,12,1160,6.93e-180,556
CC_3539,AYT27_RS00125,52.381,105,50,0,1,105,1,105,8.35e-41,127
CC_3541,AYT27_RS00170,43.165,417,228,6,19,428,17,431,5.27e-113,335
CC_3542,AYT27_RS00175,56.272,279,120,2,23,299,2,280,8.06e-111,320
CC_3549,AYT27_RS00510,59.463,745,302,0,13,757,16,760,0.0,908
CC_3550,AYT27_RS06310,45.725,269,128,4,5,257,1,267,5.29e-74,223
CC_3557,AYT27_RS02405,42.408,191,99,6,1,183,1,188,2.77e-48,152
CC_3560,AYT27_RS07075,32.127,221,137,5,259,467,115,334,2.10e-29,115
CC_3566,AYT27_RS06570,34.272,213,126,6,17,219,24,232,2.53e-26,102
CC_3567,AYT27_RS03790,29.348,184,128,2,28,211,5,186,4.74e-27,99.0
CC_3569,AYT27_RS08385,32.143,168,95,7,31,185,35,196,1.57e-19,79.3
CC_3570,AYT27_RS02430,27.255,499,322,11,85,556,135,619,1.92e-37,144
CC_3572,AYT27_RS08385,29.697,165,104,4,134,287,33,196,1.86e-15,69.7
CC_3573,AYT27_RS04150,36.667,150,94,1,8,157,1,149,3.37e-29,101
CC_3580,AYT27_RS01985,35.095,473,296,6,22,492,8,471,1.12e-80,255
CC_3581,AYT27_RS08055,60.342,643,250,2,6,644,4,645,0.0,834
CC_3584,AYT27_RS02325,23.364,321,242,2,514,834,8,324,4.04e-20,89.7
CC_3585,AYT27_RS02010,48.921,139,65,2,3,138,1,136,1.30e-40,128
CC_3586,AYT27_RS00070,62.637,91,34,0,1,91,1,91,7.38e-38,118
CC_3587,AYT27_RS00465,66.195,565,180,5,3,561,4,563,0.0,763
CC_3588,AYT27_RS00470,46.798,203,108,0,3,205,4,206,2.13e-60,184
CC_3589,AYT27_RS00475,51.264,435,198,6,14,441,15,442,2.92e-132,384
CC_3592,AYT27_RS00395,43.151,146,73,3,23,164,1,140,3.12e-37,121
CC_3596,AYT27_RS00095,38.312,154,95,0,27,180,1,154,4.28e-38,124
CC_3600,AYT27_RS00085,61.017,236,92,0,11,246,28,263,5.99e-107,306
CC_3601,AYT27_RS00080,31.053,190,110,6,3,174,10,196,3.15e-15,66.6
CC_3603,AYT27_RS01300,54.229,201,92,0,5,205,6,206,8.71e-72,213
CC_3604,AYT27_RS00165,40.938,320,177,5,4,314,13,329,7.73e-81,244
CC_3611,AYT27_RS06145,51.571,382,172,3,3,384,1,369,1.70e-131,378
CC_3612,AYT27_RS05510,26.168,214,144,5,34,239,536,743,7.89e-15,70.9
CC_3614,AYT27_RS08025,59.908,217,86,1,1,216,1,217,8.22e-96,275
CC_3619,AYT27_RS03335,29.787,235,142,4,16,250,6,217,9.28e-21,92.0
CC_3620,AYT27_RS07840,55.710,648,281,4,7,650,9,654,0.0,725
CC_3621,AYT27_RS00870,48.611,72,37,0,45,116,23,94,4.27e-19,72.0
CC_3622,AYT27_RS00875,39.024,82,50,0,3,84,6,87,2.10e-15,62.4
CC_3623,AYT27_RS02500,37.143,245,135,6,183,423,523,752,9.98e-36,138
CC_3630,AYT27_RS04890,26.702,191,130,2,81,265,2,188,4.04e-20,82.0
CC_3631,AYT27_RS00260,29.918,244,147,10,37,266,31,264,1.53e-13,67.0
CC_3634,AYT27_RS04275,29.851,134,76,4,67,193,8,130,1.23e-09,53.9
CC_3635,AYT27_RS05490,33.425,362,211,14,1,340,5,358,2.51e-40,144
CC_3637,AYT27_RS00910,54.483,290,132,0,1,290,1,290,1.63e-122,348
CC_3639,AYT27_RS06305,39.827,231,128,3,6,228,3,230,4.30e-52,164
CC_3641,AYT27_RS06100,27.241,290,210,1,9,297,2,291,6.44e-24,95.1
CC_3642,AYT27_RS03300,30.052,386,229,12,4,358,46,421,2.59e-45,156
CC_3643,AYT27_RS03300,31.633,196,112,4,201,374,222,417,1.09e-17,79.7
CC_3651,AYT27_RS08275,37.500,152,91,4,20,170,22,170,7.74e-27,97.1
CC_3652,AYT27_RS08370,65.686,102,34,1,2,103,3,103,1.69e-43,136
CC_3653,AYT27_RS08380,54.086,514,203,5,1,487,1,508,6.25e-166,476
CC_3655,AYT27_RS08650,70.476,315,93,0,1,315,1,315,3.52e-165,458
CC_3661,AYT27_RS00285,30.769,169,117,0,1,169,1,169,5.78e-23,86.3
CC_3663,AYT27_RS00040,43.462,260,134,3,32,281,1,257,2.50e-63,196
CC_3667,AYT27_RS00575,64.358,895,315,3,1,892,1,894,0.0,1172
CC_3668,AYT27_RS00570,34.921,189,119,1,8,196,6,190,6.66e-35,119
CC_3669,AYT27_RS00565,37.838,148,90,1,7,152,4,151,1.03e-19,80.1
CC_3672,AYT27_RS00560,44.980,249,133,2,2,247,3,250,2.50e-67,204
CC_3674,AYT27_RS00550,38.806,134,80,2,27,158,44,177,8.85e-29,102
CC_3678,AYT27_RS08680,36.478,159,94,4,19,171,59,216,6.74e-30,105
CC_3679,AYT27_RS08675,49.032,310,158,0,1,310,104,413,1.68e-103,305
CC_3684,AYT27_RS08670,55.819,421,174,3,32,441,2,421,2.13e-174,491
CC_3685,AYT27_RS02775,29.843,191,127,4,10,197,6,192,2.96e-16,72.0
CC_3686,AYT27_RS08665,40.893,291,155,7,1,288,1,277,9.47e-58,182
CC_3687,AYT27_RS02400,29.470,302,198,9,426,716,391,688,2.76e-26,110
CC_3688,AYT27_RS02400,31.348,319,205,8,393,700,375,690,1.05e-34,136
CC_3696,AYT27_RS03280,31.390,223,151,2,2,224,11,231,1.04e-42,142
CC_3702,AYT27_RS00895,41.704,669,385,5,5,671,9,674,1.22e-176,515
CC_3703,AYT27_RS04310,26.638,229,114,11,12,223,9,200,4.20e-11,57.8
CC_3704,AYT27_RS08105,50.064,783,359,9,42,814,45,805,0.0,710
CC_3705,AYT27_RS08100,28.646,192,121,5,4,195,9,184,7.74e-18,74.3
CC_3706,AYT27_RS08095,45.865,266,135,3,1,262,1,261,2.37e-81,242
CC_3707,AYT27_RS01290,47.333,300,134,6,29,314,1,290,3.42e-87,259
CC_3708,AYT27_RS00200,48.617,253,114,4,7,252,17,260,1.01e-78,234
CC_3709,AYT27_RS00195,44.516,465,248,4,1,459,1,461,2.76e-140,410
CC_3712,AYT27_RS00190,52.141,397,183,5,13,404,55,449,2.46e-129,377
CC_3713,AYT27_RS07610,50.000,154,70,2,8,154,29,182,7.16e-49,152
CC_3714,AYT27_RS07975,36.364,308,178,6,68,374,40,330,9.58e-53,174
CC_3715,AYT27_RS06435,45.238,504,269,2,32,531,23,523,4.03e-153,444
CC_3717,AYT27_RS00630,54.440,259,118,0,19,277,4,262,9.55e-104,299
CC_3719,AYT27_RS00635,68.642,405,123,3,1,402,1,404,0.0,570
CC_3720,AYT27_RS00640,66.871,163,54,0,2,164,4,166,2.83e-81,234
CC_3721,AYT27_RS00650,32.374,139,89,1,41,174,41,179,6.28e-29,102
CC_3726,AYT27_RS01240,49.793,241,115,2,13,247,8,248,1.18e-83,246
CC_3727,AYT27_RS01065,70.330,182,47,3,9,188,6,182,1.69e-89,256
CC_3728,AYT27_RS01070,68.129,433,131,4,4,430,5,436,0.0,588
CC_3729,AYT27_RS02495,35.526,152,89,3,151,294,19,169,7.89e-26,97.1
CC_3731,AYT27_RS00400,51.795,195,94,0,38,232,27,221,4.54e-72,216
CC_3739,AYT27_RS00530,32.979,188,116,3,7,187,12,196,7.02e-25,92.4
CC_3741,AYT27_RS00525,29.224,219,119,6,43,226,6,223,3.94e-22,87.0
CC_3742,AYT27_RS00515,45.775,142,77,0,17,158,11,152,1.59e-48,150
CC_3743,AYT27_RS08435,55.656,221,98,0,10,230,5,225,3.00e-92,266
CC_3745,AYT27_RS08040,47.907,215,109,1,3,214,13,227,1.99e-69,208
CC_3749,AYT27_RS08035,55.899,873,365,9,3,859,11,879,0.0,1009
CC_3751,AYT27_RS08480,30.303,198,133,2,1,198,1,193,1.02e-23,96.3
CC_3752,AYT27_RS08690,46.488,299,145,4,3,290,5,299,9.35e-91,268
CC_3753,AYT27_RS08695,64.504,262,92,1,6,266,4,265,4.27e-123,347
CC_3754,AYT27_RS08700,35.602,191,120,1,18,205,24,214,7.51e-43,139
CC_3755,AYT27_RS08705,55.719,612,271,0,27,638,4,615,0.0,706
CC_3756,AYT27_RS08710,41.834,447,244,7,3,446,2,435,8.59e-102,306
CC_3759,AYT27_RS03835,28.571,322,190,6,29,319,27,339,8.28e-29,109
CC_3760,AYT27_RS08715,77.435,421,95,0,61,481,1,421,0.0,692
CC_r02,AYT27_RS07030,44.414,367,167,7,71,416,73,423,1.25e-57,210
CC_r05,AYT27_RS07030,44.414,367,167,7,71,416,73,423,1.43e-57,209
CC_t02,AYT27_RS03355,87.500,24,3,0,1,24,1,24,2.11e-11,46.6
CC_t03,AYT27_RS00695,60.000,30,12,0,1,30,1,30,3.41e-09,41.6
CC_t04,AYT27_RS00670,76.000,25,6,0,1,25,1,25,5.77e-09,40.4
CC_t06,AYT27_RS03760,100.000,25,0,0,1,25,1,25,1.57e-11,47.0
CC_t10,AYT27_RS00715,93.333,30,2,0,1,30,1,30,2.27e-16,59.7
CC_t13,AYT27_RS04335,78.261,23,5,0,3,25,3,25,2.99e-08,38.9
CC_t16,AYT27_RS03115,91.667,24,2,0,1,24,1,24,1.42e-09,42.0
CC_t17,AYT27_RS05445,80.000,25,5,0,1,25,1,25,1.15e-08,39.7
CC_t18,AYT27_RS05445,80.000,25,5,0,1,25,1,25,1.15e-08,39.7
CC_t19,AYT27_RS03815,92.000,25,2,0,1,25,1,25,8.81e-11,45.1
CC_t22,AYT27_RS04870,76.000,25,6,0,1,25,1,25,9.27e-08,37.4
CC_t26,AYT27_RS04605,88.000,25,3,0,1,25,1,25,4.18e-11,45.8
CC_t27,AYT27_RS04605,88.000,25,3,0,1,25,1,25,4.18e-11,45.8
CC_t30,AYT27_RS03970,96.429,28,1,0,1,28,1,28,3.09e-13,51.6
CC_t31,AYT27_RS07585,89.286,28,3,0,1,28,1,28,8.12e-13,50.4
CC_t34,AYT27_RS03760,76.000,25,6,0,1,25,1,25,6.45e-08,38.1
CC_t41,AYT27_RS07035,80.000,25,5,0,1,25,1,25,5.40e-09,40.8
CC_t47,AYT27_RS07035,80.000,25,5,0,1,25,1,25,5.40e-09,40.8
CC_t49,AYT27_RS00485,84.000,25,4,0,1,25,1,25,1.21e-09,42.4
